"age","height_cm","weight_kg","release_clause_eur","club_joined","wage_eur"
34,170,72,144300000,1.6285536e+18,12.676079399771
32,185,81,197200000,1.4041728e+18,12.5061809416774
36,187,83,83300000,1.6300224e+18,12.5061809416774
29,175,68,238700000,1.5017184e+18,12.5061809416774
30,181,70,232200000,1.4408928e+18,12.7656912906044
28,188,87,2.38e+08,1.4054688e+18,11.7752974217158
22,182,73,373500000,1.5304032e+18,12.345838935722
35,193,93,22300000,1.3094784e+18,11.362114203075
29,187,85,210400000,1.4041728e+18,12.4292201968364
27,188,89,246100000,1.2802752e+18,12.3883983689821
30,168,70,1.85e+08,1.4686272e+18,12.345838935722
33,185,81,135300000,1.2470976e+18,12.7656912906044
29,199,96,181700000,1.5337728e+18,12.4292201968364
28,183,78,197600000,1.44072e+18,12.3013873707787
29,185,84,180400000,1.3735008e+18,12.6443308022626
29,193,92,159100000,1.5147648e+18,12.345838935722
29,175,69,186900000,1.4673312e+18,12.5061809416774
29,175,71,186900000,1.4988672e+18,12.5061809416774
27,188,86,1.81e+08,1.4988672e+18,12.2060776455177
26,177,75,186300000,1.4357088e+18,11.9829353441964
28,191,91,157900000,1.5319584e+18,12.1547846142867
22,196,90,2.3e+08,1.6263072e+18,11.6082447356423
35,184,82,44400000,1.6257024e+18,11.6526961029598
34,182,83,91200000,1.600992e+18,11.8130374648005
31,183,76,153800000,1.4055552e+18,12.6443308022626
28,191,94,1.73e+08,1.6287264e+18,12.4684407561441
34,185,80,28700000,1.5673824e+18,11.7752974217158
26,170,69,206900000,1.436832e+18,12.5776396502326
26,179,69,206900000,1.5803424e+18,12.4292201968364
20,194,94,244100000,1.5778368e+18,11.6082447356423
33,173,70,104600000,1.6250976e+18,12.4684407561441
34,188,82,25700000,1.3463712e+18,11.7360770162524
35,172,66,65600000,1.3437792e+18,12.1547846142867
33,180,69,91600000,1.4388192e+18,11.9829353441964
31,195,90,69300000,1.5004224e+18,11.5617251529038
31,185,76,108900000,1.2183264e+18,11.8494048444231
31,185,85,114800000,1.4695776e+18,11.7360770162524
28,191,84,147100000,1.4707008e+18,12.3013873707787
28,165,60,147100000,1.3425696e+18,11.9511868474935
27,183,75,174200000,1.374192e+18,11.8130374648005
26,189,82,160400000,1.5304032e+18,11.8494048444231
27,177,75,160400000,1.4357088e+18,11.9829353441964
27,178,64,160700000,1.5005952e+18,12.072546967175
24,180,74,253900000,1.5619392e+18,12.254867571593
22,180,69,219500000,1.444176e+18,11.9183972397228
21,180,76,224300000,1.6269984e+18,11.9183972397228
24,187,82,197300000,1.6013376e+18,12.043559598368
36,187,85,19800000,1.120176e+18,11.3851034570321
36,193,92,12800000,1.3411008e+18,11.2644769261024
32,191,96,74800000,1.5619392e+18,11.4616426968431
32,170,68,96400000,1.3411008e+18,12.2060776455177
30,174,70,120300000,1.6003872e+18,12.1007176854125
32,189,76,92300000,1.2202272e+18,12.2060776455177
32,182,74,112400000,1.5971904e+18,11.0666539872197
29,197,86,92300000,1.4217984e+18,11.3851034570321
30,163,59,111400000,1.2779424e+18,11.7360770162524
30,187,89,94400000,1.4041728e+18,11.5617251529038
28,191,81,131900000,1.627344e+18,12.1007176854125
30,179,67,121200000,1.5311808e+18,12.3013873707787
29,180,77,142800000,1.5304896e+18,11.1982284186668
34,179,74,62700000,1.3358304e+18,12.1007176854125
27,188,78,141500000,1.5304032e+18,12.0137068134704
27,182,74,137600000,1.565136e+18,12.1281165094513
27,191,85,148200000,1.5172704e+18,12.1281165094513
25,180,76,139700000,1.4408928e+18,11.6952553550628
26,173,64,1.54e+08,1.4988672e+18,12.2060776455177
26,184,74,1.87e+08,1.5619392e+18,11.4616426968431
25,191,82,155900000,1.5621984e+18,12.072546967175
26,188,80,131400000,1.4993856e+18,11.9183972397228
33,167,68,70400000,1.6116192e+18,10.8396005193574
34,189,89,17100000,1.3068864e+18,11.6526961029598
36,183,79,17600000,1.5985728e+18,11.5617251529038
35,173,67,46200000,1.5976224e+18,10.6919676399149
32,183,79,45100000,1.4041728e+18,10.5966597327836
34,185,77,48100000,1.601856e+18,12.1547846142867
30,175,74,106600000,1.5619392e+18,12.3883983689821
34,190,85,28900000,1.533168e+18,11.6082447356423
31,191,86,48500000,1.4357088e+18,11.3736748918235
30,180,80,95300000,1.4673312e+18,12.1281165094513
32,180,71,73100000,1.3411008e+18,11.4616426968431
31,183,83,72200000,1.4999904e+18,12.043559598368
32,187,80,82700000,1.5173568e+18,11.8844959179307
29,176,75,107600000,1.29384e+18,11.4075760603618
29,189,78,76500000,1.5304032e+18,11.8844959179307
29,181,76,99900000,1.4361408e+18,12.1281165094513
27,176,78,133900000,1.6250976e+18,12.3013873707787
29,173,73,97400000,1.3729824e+18,12.254867571593
29,180,68,97100000,1.5316992e+18,12.043559598368
25,176,77,111300000,1.4988672e+18,11.6082447356423
26,191,76,117200000,1.4388192e+18,11.5129354649202
24,183,74,131300000,1.4835744e+18,11.6952553550628
24,181,79,168600000,1.4041728e+18,10.9508240905224
23,174,72,138500000,1.5307488e+18,11.8844959179307
23,186,70,149200000,1.4041728e+18,11.9183972397228
22,181,73,133800000,1.6255296e+18,11.5129354649202
21,189,89,129400000,1.563408e+18,11.3022167792574
39,195,95,24700000,1.5779232e+18,10.8396005193574
35,172,60,27300000,1.5012e+18,10.3089859934221
34,194,85,27700000,1.2148704e+18,12.072546967175
34,169,61,34900000,1.3726368e+18,11.5617251529038
30,175,74,74900000,1.6250976e+18,11.6526961029598
31,182,80,54600000,1.3075776e+18,11.8494048444231
33,183,76,44100000,1.5628896e+18,10.6689786502192
30,173,69,74800000,1.5633216e+18,11.2118338856085
33,176,67,56700000,1.4357088e+18,10.7364184143654
30,192,82,51800000,1.3094784e+18,11.6952553550628
29,180,78,72800000,1.6250976e+18,12.1807599657379
28,183,74,72300000,1.4726016e+18,11.4616426968431
32,181,76,46900000,1.530576e+18,10.3735224312936
30,170,68,78900000,1.5657408e+18,11.3851034570321
27,178,74,7.7e+07,1.5330816e+18,11.6082447356423
33,190,79,45900000,1.4992128e+18,11.3385839825165
28,195,88,66200000,1.6002144e+18,11.3022167792574
28,194,100,81800000,1.5649632e+18,11.9511868474935
30,187,80,70700000,1.4373504e+18,11.2118338856085
27,178,76,82800000,1.6302816e+18,11.6082447356423
25,181,75,93400000,1.4038272e+18,11.8494048444231
25,180,81,97200000,1.6281216e+18,12.1007176854125
27,191,86,75400000,1.4991264e+18,10.7144399907278
32,190,84,56400000,1.5619392e+18,11.2118338856085
27,185,73,92300000,1.5995232e+18,11.3022167792574
28,184,82,72300000,1.5580512e+18,10.8590182281479
28,181,65,78600000,1.5935616e+18,12.043559598368
27,170,71,68900000,1.4673312e+18,11.2772157895969
27,175,70,7.7e+07,1.5285024e+18,11.7752974217158
25,180,76,108800000,1.5935616e+18,11.9511868474935
25,191,89,87900000,1.6250976e+18,10.7144399907278
28,181,68,62900000,1.4673312e+18,11.7752974217158
24,176,72,112600000,1.562544e+18,11.7360770162524
26,185,79,110500000,1.3726368e+18,11.2118338856085
27,173,75,94500000,1.56384e+18,10.6454487065059
25,183,80,96600000,1.5947712e+18,11.5617251529038
24,172,68,112700000,1.5989184e+18,11.6952553550628
29,172,69,77700000,1.6000416e+18,10.7144399907278
25,185,84,90500000,1.625184e+18,11.6082447356423
24,183,88,87900000,1.5619392e+18,10.8396005193574
23,184,81,118800000,1.5622848e+18,10.8396005193574
22,188,82,193700000,1.5991776e+18,11.7752974217158
21,171,69,193700000,1.4673312e+18,11.7360770162524
36,179,67,1.3e+07,1.3726368e+18,11.5129354649202
32,177,77,43500000,1.5147648e+18,9.74102744483773
32,186,81,40800000,1.534464e+18,11.1844352867906
32,189,87,37800000,1.4040864e+18,10.5187002182882
32,190,86,4e+07,1.5788736e+18,10.8967578438935
35,193,80,26400000,1.6288992e+18,11.5617251529038
32,190,94,44700000,1.6304544e+18,11.3022167792574
31,178,77,46300000,1.3457664e+18,11.7360770162524
32,183,80,48500000,1.626912e+18,11.0186455364637
28,170,66,76700000,1.2490848e+18,10.6919676399149
30,176,65,72500000,1.530576e+18,10.5453677541517
31,192,83,32300000,1.5304032e+18,10.9151066458675
30,180,80,5.2e+07,1.4401152e+18,11.4616426968431
29,190,83,55300000,1.5304032e+18,11.3736748918235
30,189,83,5.1e+07,1.5620256e+18,11.2897944135779
32,177,75,50200000,1.59624e+18,11.314486721294
33,179,72,31400000,1.4228352e+18,11.4616426968431
29,194,90,56400000,1.4673312e+18,11.7752974217158
30,196,92,6e+07,1.4858208e+18,9.95232533461943
33,192,88,29800000,1.5312672e+18,11.2252567257629
30,175,74,5.8e+07,1.599264e+18,11.5129354649202
28,179,85,70300000,1.5990048e+18,11.3266079348989
28,181,75,68500000,1.5915744e+18,11.6952553550628
28,186,75,56100000,1.5619392e+18,11.1844352867906
27,188,76,78900000,1.4707008e+18,11.8494048444231
29,199,76,47500000,1.4689728e+18,10.7144399907278
30,188,81,67500000,1.5619392e+18,11.6952553550628
27,185,77,65200000,1.4974848e+18,11.3266079348989
28,190,85,66400000,1.4995584e+18,11.7752974217158
26,188,84,8.3e+07,1.562112e+18,10.7364184143654
27,176,80,79900000,1.5619392e+18,11.8130374648005
28,185,77,69400000,1.601856e+18,11.6526961029598
26,172,66,94600000,1.3474944e+18,10.7789771230064
25,171,66,1.02e+08,1.5304032e+18,11.1704492404313
25,185,84,85900000,1.597104e+18,11.5617251529038
26,171,70,1.02e+08,1.4184288e+18,11.2897944135779
30,189,88,60400000,1.5792192e+18,11.2515736877645
30,177,73,60400000,1.4213664e+18,10.9853096718968
24,175,69,81700000,1.613088e+18,11.2515736877645
25,184,79,76800000,1.5619392e+18,11.3504183001091
25,182,76,1.02e+08,1.4357088e+18,12.1547846142867
28,197,84,62900000,1.5304032e+18,11.4616426968431
26,183,76,61200000,1.4988672e+18,11.0821579333748
25,189,83,108800000,1.5313536e+18,10.7579241570616
25,189,80,87600000,1.4357088e+18,11.4075760603618
26,180,73,92400000,1.5619392e+18,12.043559598368
23,183,72,93400000,1.5617664e+18,11.6526961029598
29,177,75,67500000,1.6257024e+18,10.7995959850478
24,171,73,81100000,1.5989184e+18,11.4075760603618
24,175,73,101100000,1.4701824e+18,11.9183972397228
24,178,67,116900000,1.5038784e+18,12.0137068134704
22,178,70,119900000,1.452384e+18,11.6952553550628
29,197,86,57800000,1.6009056e+18,11.5617251529038
22,182,78,130500000,1.4691456e+18,11.9829353441964
22,181,75,121900000,1.562112e+18,10.4042931430198
21,181,72,184500000,1.562112e+18,11.0186455364637
38,188,80,1.1e+07,1.5469056e+18,9.54688403461792
35,190,82,16800000,1.5621984e+18,10.3089859934221
36,190,83,6500000,1.5294528e+18,10.6689786502192
34,192,85,9e+06,1.6279488e+18,9.90353755128617
33,184,78,38900000,1.5989184e+18,10.5713425658087
31,185,82,51300000,1.3779936e+18,12.043559598368
33,190,84,1.7e+07,1.6261344e+18,10.8396005193574
33,174,75,25500000,1.5980544e+18,10.7364184143654
31,181,80,46200000,1.5304896e+18,10.463131911492
32,181,80,40800000,1.4357088e+18,10.6213517356329
29,179,70,46500000,1.4832288e+18,10.5453677541517
30,189,88,34900000,1.565136e+18,10.3417747410115
29,172,68,61500000,1.5151968e+18,12.0137068134704
29,181,76,50200000,1.5801696e+18,11.6952553550628
31,180,72,29400000,1.5317856e+18,10.043292972227
29,177,71,4.2e+07,1.6019424e+18,10.2750855911327
28,173,66,6.1e+07,1.4409792e+18,9.99884318585288
30,175,73,5.7e+07,1.4992128e+18,11.6082447356423
31,174,66,39800000,1.5644448e+18,11.3851034570321
30,187,80,42400000,1.3411008e+18,10.9508240905224
31,187,82,27200000,1.4041728e+18,10.5187002182882
31,190,84,32800000,1.5626304e+18,11.6526961029598
29,176,79,61500000,1.3728096e+18,12.072546967175
28,180,66,58900000,1.4228352e+18,11.3504183001091
30,179,79,5.1e+07,1.5619392e+18,11.1562648066437
30,184,81,45400000,1.3094784e+18,11.002116507732
28,179,70,64100000,1.4708736e+18,10.6689786502192
30,185,72,52500000,1.5030144e+18,10.6919676399149
28,177,67,52400000,1.5635808e+18,11.0974251724089
27,176,70,68300000,1.5952896e+18,10.6454487065059
28,175,71,51900000,1.5619392e+18,11.2252567257629
28,170,67,50900000,1.5356736e+18,11.4075760603618
29,167,66,6.3e+07,1.5624576e+18,10.8396005193574
27,178,76,62100000,1.6250976e+18,11.6526961029598
27,186,86,62100000,1.581984e+18,11.1844352867906
30,185,76,43400000,1.5024096e+18,10.9853096718968
30,192,78,43100000,1.5991776e+18,10.2750855911327
25,171,69,76800000,1.4518656e+18,9.7981825908907
26,185,75,55900000,1.4392512e+18,10.7995959850478
26,183,72,5.7e+07,1.3411008e+18,10.8396005193574
28,172,65,38500000,1.5151104e+18,10.0858507751287
25,195,99,69900000,1.4988672e+18,11.2644769261024
28,181,71,50900000,1.601856e+18,11.7752974217158
27,190,80,6.3e+07,1.6246656e+18,11.0186455364637
27,180,70,74400000,1.626048e+18,11.1272776899325
28,170,63,6.1e+07,1.4726016e+18,9.99884318585288
28,185,86,66300000,1.5619392e+18,10.5187002182882
27,185,78,55300000,1.5998688e+18,10.8967578438935
26,186,81,79700000,1.5313536e+18,11.8844959179307
24,175,73,8.2e+07,1.5294528e+18,11.5129354649202
23,185,75,72500000,1.6293312e+18,11.2118338856085
22,178,68,102900000,1.6294176e+18,11.3964028846062
24,180,80,90900000,1.499472e+18,11.3964028846062
24,178,73,88600000,1.6004736e+18,11.6952553550628
24,188,77,89200000,1.4347584e+18,11.5129354649202
25,189,70,74600000,1.5307488e+18,11.2515736877645
22,177,69,100500000,1.5463872e+18,11.6952553550628
25,190,82,85100000,1.4357088e+18,9.7981825908907
22,186,90,118400000,1.6254432e+18,11.1562648066437
26,185,76,75400000,1.563408e+18,11.0349057929294
23,178,77,8.2e+07,1.6280352e+18,11.2252567257629
24,178,77,7.8e+07,1.5984e+18,11.5129354649202
33,190,85,1.9e+07,1.6288128e+18,9.90353755128617
29,185,80,48500000,1.6257024e+18,10.6213517356329
24,190,89,7.5e+07,1.4404608e+18,10.0858507751287
24,181,71,91800000,1.5323904e+18,11.5129354649202
25,188,80,62100000,1.6289856e+18,11.5129354649202
24,176,68,90900000,1.6019424e+18,11.3964028846062
21,192,77,97900000,1.5619392e+18,10.5187002182882
22,185,80,84900000,1.4671584e+18,11.141876276228
20,183,75,105500000,1.5463008e+18,10.9853096718968
24,185,74,81700000,1.4988672e+18,10.4913019948302
24,188,78,95700000,1.5791328e+18,10.5187002182882
24,179,76,90900000,1.5620256e+18,11.4616426968431
26,192,86,71100000,1.595808e+18,11.3022167792574
23,186,78,127100000,1.5619392e+18,11.7752974217158
21,184,77,140400000,1.5964992e+18,11.6952553550628
24,191,80,1.3e+08,1.4673312e+18,10.463131911492
26,187,79,79600000,1.4409792e+18,6.90875477931522
23,179,72,81700000,1.5799104e+18,11.2644769261024
39,179,75,17900000,1.4410656e+18,10.043292972227
35,188,77,20900000,1.59624e+18,10.5713425658087
34,177,70,1.8e+07,1.5505344e+18,9.54688403461792
35,189,85,17600000,1.4345856e+18,10.8197982842103
31,185,78,43100000,1.562112e+18,11.0509058782636
34,189,82,7500000,1.4095296e+18,10.3735224312936
36,185,82,5500000,1.4997312e+18,10.0858507751287
33,186,89,24800000,1.6003872e+18,9.54688403461792
37,191,84,8700000,1.5316128e+18,10.3089859934221
34,189,86,1.7e+07,1.5973632e+18,9.7981825908907
34,179,78,15300000,1.500336e+18,11.0666539872197
34,190,86,8800000,1.597968e+18,9.54688403461792
32,186,80,34900000,1.4410656e+18,11.5617251529038
34,180,75,20400000,1.6007328e+18,11.5617251529038
33,180,76,29700000,1.596672e+18,10.7144399907278
32,192,83,35700000,1.6278624e+18,10.7789771230064
33,174,76,33600000,1.404432e+18,7.60140233458373
30,180,74,40900000,1.5633216e+18,10.6689786502192
33,183,76,2.5e+07,1.6013376e+18,9.7981825908907
29,182,79,46200000,1.6298496e+18,10.4341452149305
30,182,78,35700000,1.532304e+18,10.2399955028053
29,181,83,48500000,1.6301088e+18,10.7995959850478
30,178,66,41700000,1.5041376e+18,11.3266079348989
28,178,73,50400000,1.6280352e+18,11.4075760603618
31,177,72,4.2e+07,1.3751424e+18,9.85224688834253
31,171,67,34400000,1.6296768e+18,9.61587214452889
29,180,75,48500000,1.5994368e+18,11.5617251529038
29,184,78,37100000,1.565136e+18,11.3266079348989
29,178,68,46100000,1.3726368e+18,11.8494048444231
32,185,83,27300000,1.5619392e+18,10.4042931430198
29,182,75,35700000,1.6266528e+18,10.1658902778025
27,175,70,58800000,1.5803424e+18,10.7144399907278
31,180,76,35900000,1.2806208e+18,11.8494048444231
29,188,83,40700000,1.601856e+18,11.3504183001091
28,174,70,49400000,1.5173568e+18,11.5617251529038
33,188,84,1.7e+07,1.564704e+18,9.54688403461792
28,188,81,48400000,1.4542848e+18,10.7364184143654
32,188,85,27300000,1.6262208e+18,7.60140233458373
26,190,95,59300000,1.6301088e+18,11.2252567257629
30,182,77,44100000,1.5172704e+18,10.4042931430198
28,186,87,43500000,1.4357088e+18,11.2772157895969
26,173,66,66200000,1.3068864e+18,11.141876276228
27,184,78,41700000,1.4051232e+18,10.3735224312936
31,172,63,4.3e+07,1.3134528e+18,10.8197982842103
27,184,74,4.7e+07,1.3182048e+18,11.0974251724089
27,180,75,53900000,1.54872e+18,11.3022167792574
26,186,76,58800000,1.4998176e+18,10.7144399907278
29,177,76,43400000,1.4205888e+18,11.3736748918235
27,181,84,53300000,1.439856e+18,11.0186455364637
30,173,70,51300000,1.4357952e+18,12.043559598368
28,169,62,41600000,1.5295392e+18,11.6952553550628
26,192,80,51800000,1.5619392e+18,11.3736748918235
27,191,91,55500000,1.6250976e+18,10.0858507751287
27,180,75,52400000,1.4707008e+18,11.2118338856085
26,172,71,63300000,1.4095296e+18,9.85224688834253
28,174,74,54600000,1.564272e+18,10.4341452149305
25,184,76,66400000,1.4410656e+18,11.7752974217158
27,191,78,48800000,1.5304032e+18,9.54688403461792
25,185,83,63900000,1.5619392e+18,11.0666539872197
27,191,93,41700000,1.625184e+18,10.6919676399149
27,186,80,65300000,1.3437792e+18,10.5713425658087
27,171,67,46800000,1.625184e+18,11.2118338856085
33,180,70,34700000,1.3068864e+18,10.6213517356329
29,178,72,52200000,1.5008544e+18,10.4913019948302
27,185,72,42500000,1.4858208e+18,10.9151066458675
32,190,80,24700000,1.5285024e+18,10.5966597327836
24,184,74,74100000,1.5990048e+18,11.6082447356423
24,187,71,74100000,1.4726016e+18,11.4075760603618
25,175,70,5.5e+07,1.5665184e+18,11.2515736877645
28,192,85,44600000,1.5316992e+18,10.3089859934221
25,178,72,64200000,1.4041728e+18,11.314486721294
24,179,68,84800000,1.5355008e+18,10.5713425658087
24,180,72,59500000,1.4988672e+18,11.0821579333748
26,183,73,60200000,1.5646176e+18,11.4616426968431
23,187,84,61200000,1.5304032e+18,11.0821579333748
25,177,68,70100000,1.595808e+18,11.4616426968431
26,191,83,56600000,1.5619392e+18,10.3417747410115
26,182,79,60900000,1.4041728e+18,10.4042931430198
25,186,77,67500000,1.4988672e+18,11.0186455364637
25,181,82,4.5e+07,1.6254432e+18,10.6213517356329
29,172,68,42800000,1.6254432e+18,10.0858507751287
21,175,70,51300000,1.625616e+18,10.1658902778025
29,188,83,48500000,1.6254432e+18,10.2399955028053
21,178,69,49500000,1.6254432e+18,10.3417747410115
29,184,79,45900000,1.625616e+18,10.9331248267007
28,181,79,45100000,1.5632352e+18,11.1272776899325
23,179,72,69200000,1.563408e+18,11.1844352867906
23,180,72,7.6e+07,1.6015104e+18,11.0821579333748
24,180,76,118500000,1.4357088e+18,10.5713425658087
23,180,66,69100000,1.4668128e+18,11.4616426968431
23,175,70,7.6e+07,1.4673312e+18,11.0821579333748
27,174,67,42500000,1.5628896e+18,11.0666539872197
21,178,87,71200000,1.4884992e+18,11.2385017770766
22,172,66,87200000,1.630368e+18,11.0509058782636
23,173,65,113300000,1.5977088e+18,9.85224688834253
21,170,68,99800000,1.5619392e+18,10.8590182281479
24,178,68,64200000,1.6004736e+18,11.2772157895969
22,194,85,92200000,1.5804288e+18,10.7995959850478
21,186,75,107300000,1.563408e+18,11.1844352867906
23,173,70,77600000,1.5624576e+18,10.7995959850478
18,174,61,121500000,1.5964992e+18,10.8396005193574
43,192,92,4100000,1.6255296e+18,9.7981825908907
35,190,85,3900000,1.5650496e+18,10.2036291813376
35,186,78,3700000,1.0098432e+18,10.1658902778025
34,170,61,18100000,1.5323904e+18,11.3851034570321
33,188,77,1.9e+07,1.528416e+18,11.4616426968431
34,184,83,22100000,1.4409792e+18,10.4913019948302
33,183,73,2.6e+07,1.6250976e+18,10.463131911492
32,181,74,30500000,1.5311808e+18,10.5453677541517
33,193,87,9800000,1.5649632e+18,10.0858507751287
33,174,75,22600000,1.1676096e+18,11.8130374648005
34,175,77,1.9e+07,1.4857344e+18,10.8396005193574
34,189,94,1.4e+07,1.6276032e+18,9.85224688834253
35,180,77,13700000,1.5672096e+18,10.1658902778025
33,176,65,19500000,1.6288992e+18,10.2750855911327
35,187,78,9400000,1.6009056e+18,10.2036291813376
35,190,74,4600000,1.3130208e+18,10.3735224312936
33,191,86,1.9e+07,1.4364864e+18,11.1562648066437
32,168,62,28900000,1.5967584e+18,11.5617251529038
34,178,73,1.7e+07,1.601856e+18,11.0186455364637
30,183,76,3.3e+07,1.5619392e+18,11.3022167792574
30,185,75,29800000,1.4405472e+18,10.8396005193574
30,187,85,23800000,1.4357088e+18,10.7364184143654
30,176,74,4.2e+07,1.5971904e+18,10.5713425658087
34,190,80,6800000,1.5304032e+18,10.7789771230064
30,173,71,28700000,1.563408e+18,10.043292972227
30,182,77,3.6e+07,1.6012512e+18,10.043292972227
35,178,77,8400000,1.4988672e+18,9.61587214452889
32,170,69,24800000,1.4695776e+18,9.39274525863144
28,188,77,31100000,1.5304032e+18,11.0666539872197
29,181,78,4.1e+07,1.4357088e+18,9.85224688834253
30,184,73,36800000,1.5172704e+18,10.2399955028053
30,182,74,31800000,1.5161472e+18,10.3089859934221
32,171,68,23800000,1.439424e+18,10.8780660602808
29,184,73,35700000,1.4095296e+18,10.7364184143654
31,177,86,32600000,1.3608e+18,6.90875477931522
29,184,78,42400000,1.6250976e+18,10.5187002182882
28,174,71,38900000,1.601856e+18,11.362114203075
28,184,83,30600000,1.5646176e+18,10.4341452149305
29,180,80,34900000,1.453248e+18,10.9682155307592
27,187,77,47200000,1.4834016e+18,11.3266079348989
29,172,71,30600000,1.5787008e+18,11.0974251724089
29,181,76,37900000,1.4676768e+18,10.9331248267007
29,170,63,30800000,1.5528672e+18,9.47278155656217
28,183,70,44100000,1.4059008e+18,7.60140233458373
33,182,71,18900000,1.60056e+18,10.1658902778025
28,179,70,33600000,1.6250976e+18,11.0666539872197
27,182,75,4e+07,1.4682816e+18,11.7360770162524
29,172,69,4.1e+07,1.5620256e+18,10.463131911492
27,190,82,36100000,1.610064e+18,10.043292972227
31,192,84,2.9e+07,1.5977088e+18,9.74102744483773
30,194,83,26800000,1.6250976e+18,10.6689786502192
28,191,82,39500000,1.49904e+18,11.3385839825165
30,179,74,43100000,1.3094784e+18,10.5453677541517
28,170,69,32300000,1.4901408e+18,9.54688403461792
29,174,72,32800000,1.6141248e+18,11.1272776899325
27,181,78,48400000,1.630368e+18,10.9853096718968
29,186,81,39800000,1.4389056e+18,10.1266711030504
27,170,70,43500000,1.5488928e+18,11.3022167792574
25,188,80,52300000,1.4228352e+18,11.4075760603618
26,193,78,37300000,1.3444704e+18,10.7789771230064
27,177,77,32500000,1.5990048e+18,9.99884318585288
28,179,73,4.2e+07,1.6261344e+18,9.85224688834253
25,187,81,53900000,1.365552e+18,11.4616426968431
34,189,88,5e+06,1.5157152e+18,9.74102744483773
28,191,93,35600000,1.4673312e+18,10.3735224312936
29,189,84,30500000,1.5991776e+18,10.3417747410115
29,175,75,38900000,1.5304896e+18,10.3735224312936
27,183,83,34900000,1.5619392e+18,11.0509058782636
26,181,81,42300000,1.4988672e+18,11.2644769261024
29,173,68,43100000,1.5797376e+18,10.1658902778025
26,184,80,48400000,1.5348096e+18,11.0666539872197
26,172,64,52900000,1.5304032e+18,11.6082447356423
26,187,80,44300000,1.4988672e+18,11.5617251529038
25,187,88,4.7e+07,1.4086656e+18,11.1124628236349
25,174,72,58100000,1.5973632e+18,9.74102744483773
28,175,73,32300000,1.5619392e+18,10.4341452149305
27,177,79,39100000,1.5463008e+18,11.2772157895969
28,187,86,45200000,1.5657408e+18,10.4341452149305
26,183,74,53300000,1.5621984e+18,10.4042931430198
25,175,70,55300000,1.5304896e+18,10.6454487065059
25,175,73,54400000,1.6015968e+18,10.3735224312936
23,178,78,59300000,1.580256e+18,11.314486721294
24,178,70,65100000,1.5652224e+18,11.141876276228
23,175,70,53300000,1.5648768e+18,10.6213517356329
29,194,94,34800000,1.6253568e+18,10.1658902778025
24,175,64,56800000,1.4675904e+18,11.4616426968431
27,177,69,43500000,1.6008192e+18,11.3022167792574
25,187,91,44400000,1.5159744e+18,10.8967578438935
24,191,81,5.8e+07,1.4988672e+18,10.2399955028053
25,190,77,4.7e+07,1.5935616e+18,10.8590182281479
25,168,62,48800000,1.5989184e+18,11.4616426968431
24,184,72,59300000,1.625184e+18,10.6213517356329
25,177,75,39900000,1.625616e+18,10.4042931430198
25,182,74,30600000,1.625616e+18,10.4042931430198
21,171,63,47500000,1.625616e+18,10.043292972227
33,179,80,1.9e+07,1.6257024e+18,10.3735224312936
23,176,70,69300000,1.5665184e+18,10.5453677541517
22,179,78,58600000,1.627344e+18,10.9853096718968
25,185,82,49400000,1.5337728e+18,11.3851034570321
22,185,78,81700000,1.5989184e+18,11.0974251724089
23,174,76,48800000,1.5619392e+18,10.8780660602808
24,188,85,73800000,1.4404608e+18,11.1562648066437
23,183,62,43500000,1.4779584e+18,9.74102744483773
29,196,81,29300000,1.4988672e+18,9.54688403461792
21,184,68,65100000,1.4988672e+18,10.3089859934221
24,193,88,52900000,1.3726368e+18,11.4075760603618
22,190,75,84600000,1.5041376e+18,11.2515736877645
20,176,73,104600000,1.5313536e+18,11.6952553550628
24,186,84,69600000,1.5630624e+18,10.5966597327836
23,176,75,56800000,1.6015104e+18,10.9853096718968
24,186,81,58700000,1.4673312e+18,10.1658902778025
24,180,73,73700000,1.5627168e+18,9.68040649926888
23,178,79,70400000,1.630368e+18,11.0974251724089
23,178,72,80400000,1.4200704e+18,6.90875477931522
28,175,76,36100000,1.6015968e+18,11.1982284186668
19,178,65,95600000,1.5368832e+18,10.8197982842103
37,171,68,7200000,1.5316992e+18,9.21044036697652
35,175,70,1.3e+07,1.4357088e+18,11.2385017770766
38,170,72,10800000,1.6308864e+18,10.6213517356329
33,187,82,1.1e+07,1.4978304e+18,10.0858507751287
35,186,86,12800000,1.5349824e+18,10.5453677541517
33,185,85,17100000,1.5476832e+18,9.95232533461943
34,180,75,9e+06,1.5972768e+18,9.30574145673944
34,180,70,13600000,1.6250976e+18,10.1266711030504
32,183,80,14500000,1.5621984e+18,10.7789771230064
32,180,71,26600000,1.6114464e+18,10.9151066458675
35,193,94,3e+06,1.404432e+18,10.1658902778025
34,193,91,14500000,1.62648e+18,10.7789771230064
31,186,77,27600000,1.5028416e+18,11.3266079348989
33,181,72,17900000,1.5000768e+18,10.1658902778025
31,182,80,26300000,1.6000416e+18,7.60140233458373
32,181,78,18400000,1.5036192e+18,10.7995959850478
33,183,75,15400000,1.5485472e+18,10.0858507751287
33,190,80,17900000,1.5468192e+18,10.4341452149305
31,175,66,23800000,1.4043456e+18,11.0974251724089
31,180,82,22800000,1.3267584e+18,10.5713425658087
31,179,74,26300000,1.4405472e+18,10.4341452149305
31,178,82,28500000,1.4410656e+18,11.2772157895969
30,191,80,20700000,1.6267392e+18,9.68040649926888
28,178,73,29800000,1.6121376e+18,11.0666539872197
32,194,83,21300000,1.5014592e+18,11.5129354649202
31,182,71,26800000,1.5621984e+18,11.2644769261024
30,185,78,27200000,1.5778368e+18,10.3735224312936
29,191,92,33300000,1.5032736e+18,10.7789771230064
31,180,77,2.4e+07,1.5626304e+18,10.3735224312936
30,188,85,27800000,1.4726016e+18,11.4616426968431
30,180,77,31500000,1.2148704e+18,10.4341452149305
36,168,71,9e+06,1.6249248e+18,9.7981825908907
29,187,73,31500000,1.56384e+18,10.3089859934221
29,169,72,32300000,1.6297632e+18,11.2252567257629
34,182,84,17900000,1.5623712e+18,7.60140233458373
33,190,81,9900000,1.5935616e+18,10.043292972227
29,180,66,33300000,1.5994368e+18,10.8780660602808
34,187,82,11600000,1.49904e+18,10.1658902778025
30,182,77,32300000,1.5986592e+18,11.3266079348989
27,175,70,34200000,1.5041376e+18,11.5129354649202
32,180,75,19600000,1.62864e+18,11.3504183001091
32,180,73,29400000,1.630368e+18,10.2399955028053
28,185,82,29500000,1.4673312e+18,11.2897944135779
29,178,65,35700000,1.4988672e+18,10.3089859934221
28,188,76,35900000,1.6043616e+18,10.9682155307592
28,186,80,34600000,1.4358816e+18,11.2897944135779
27,190,90,34600000,1.4069376e+18,11.3022167792574
27,177,73,33300000,1.6119648e+18,9.99884318585288
27,180,71,43500000,1.5311808e+18,10.0858507751287
30,195,97,27600000,1.5285024e+18,11.2385017770766
31,184,81,24700000,1.3094784e+18,11.002116507732
31,182,75,22800000,1.5935616e+18,10.5966597327836
30,182,78,28900000,1.56384e+18,10.7364184143654
28,179,70,24500000,1.601856e+18,9.95232533461943
30,191,76,24700000,1.4673312e+18,10.3417747410115
29,180,70,29400000,1.5466464e+18,9.90353755128617
30,169,66,25500000,1.5304032e+18,9.47278155656217
26,185,85,36600000,1.5008544e+18,11.5617251529038
28,182,76,30400000,1.4060736e+18,11.3504183001091
31,181,80,26300000,1.2779424e+18,6.90875477931522
28,181,79,30600000,1.53144e+18,10.5453677541517
29,178,75,35700000,1.3094784e+18,10.5713425658087
26,186,88,36600000,1.5336864e+18,11.2385017770766
28,175,60,32400000,1.3094784e+18,11.6526961029598
28,190,84,31100000,1.4041728e+18,9.61587214452889
28,184,76,33300000,1.5995232e+18,11.3736748918235
28,190,83,31100000,1.4530752e+18,10.8396005193574
28,184,83,28800000,1.3411008e+18,10.3735224312936
26,180,79,5e+07,1.578528e+18,10.1658902778025
28,176,73,29800000,1.4516064e+18,10.463131911492
28,169,65,27100000,1.6094592e+18,9.74102744483773
26,184,83,37300000,1.5619392e+18,10.9853096718968
26,182,82,42500000,1.532304e+18,9.68040649926888
27,171,71,38900000,1.5347232e+18,10.4042931430198
29,170,65,32600000,1.5621984e+18,10.463131911492
27,183,73,31500000,1.5619392e+18,10.9151066458675
28,180,76,31500000,1.5673824e+18,10.463131911492
27,201,93,32300000,1.566432e+18,10.043292972227
27,185,77,30500000,1.5008544e+18,11.2515736877645
28,192,84,29600000,1.6263072e+18,11.0821579333748
26,173,63,43600000,1.5004224e+18,9.90353755128617
30,182,71,3.4e+07,1.5649632e+18,9.74102744483773
29,183,81,28400000,1.5306624e+18,10.7579241570616
29,182,75,26400000,1.6298496e+18,10.8396005193574
24,173,67,52300000,1.564704e+18,10.6213517356329
28,188,84,3.6e+07,1.612224e+18,9.85224688834253
25,178,68,40800000,1.4988672e+18,10.9331248267007
29,175,71,29500000,1.4988672e+18,10.7995959850478
25,175,69,45700000,1.5471648e+18,10.4042931430198
26,195,94,37500000,1.5337728e+18,11.2385017770766
25,185,80,47900000,1.5964992e+18,10.1266711030504
25,187,79,38500000,1.5037056e+18,11.2515736877645
24,189,81,39900000,1.4357088e+18,10.1658902778025
25,186,80,47700000,1.5779232e+18,9.68040649926888
25,180,80,42500000,1.5990912e+18,11.3385839825165
33,188,82,8300000,1.5310944e+18,9.7981825908907
32,185,79,29400000,1.5304896e+18,10.4913019948302
28,172,71,30400000,1.5650496e+18,10.8780660602808
28,185,85,27200000,1.4988672e+18,10.9853096718968
26,186,82,37300000,1.5657408e+18,10.3417747410115
24,180,78,43500000,1.5309216e+18,10.3735224312936
24,190,83,5.7e+07,1.5307488e+18,10.5966597327836
27,186,77,33700000,1.4673312e+18,11.5129354649202
25,180,69,48400000,1.5326496e+18,10.8780660602808
24,172,65,52300000,1.6232832e+18,11.0186455364637
27,180,71,40200000,1.4176512e+18,10.4341452149305
25,191,82,39400000,1.4090112e+18,10.043292972227
25,178,67,45400000,1.5619392e+18,11.141876276228
25,186,81,37100000,1.5619392e+18,11.0666539872197
23,192,88,52300000,1.5637536e+18,10.2750855911327
27,172,81,44600000,1.5619392e+18,10.4913019948302
23,187,84,50400000,1.5670368e+18,10.5187002182882
21,168,65,36100000,1.6288128e+18,9.39274525863144
29,175,70,29500000,1.6257024e+18,10.3735224312936
25,177,75,32300000,1.625616e+18,10.1658902778025
21,188,88,35200000,1.6288128e+18,9.61587214452889
29,186,80,22800000,1.6257024e+18,10.1658902778025
21,176,73,39900000,1.6257024e+18,10.2036291813376
23,182,85,57400000,1.5619392e+18,11.7752974217158
23,190,87,47400000,1.5989184e+18,11.0821579333748
25,175,74,51100000,1.5304032e+18,10.2750855911327
24,184,76,42600000,1.4988672e+18,10.2750855911327
23,185,79,47500000,1.6250976e+18,10.463131911492
24,181,73,52200000,1.4357088e+18,10.2750855911327
25,191,85,41700000,1.5995232e+18,10.9508240905224
23,175,73,49400000,1.5304896e+18,10.4913019948302
23,195,88,38200000,1.6250976e+18,10.4913019948302
25,188,77,47700000,1.6121376e+18,9.61587214452889
24,182,80,48400000,1.5317856e+18,10.8197982842103
24,183,78,42500000,1.5673824e+18,9.39274525863144
21,176,65,39400000,1.4673312e+18,9.21044036697652
24,176,66,36900000,1.4859072e+18,9.85224688834253
25,172,64,45700000,1.5002496e+18,10.3735224312936
23,175,78,59800000,1.6002144e+18,10.2750855911327
23,178,77,4e+07,1.5619392e+18,9.68040649926888
26,189,78,5e+07,1.5316992e+18,10.3089859934221
22,183,76,79900000,1.6298496e+18,10.7789771230064
23,183,77,43500000,1.6302816e+18,10.6213517356329
21,187,81,58800000,1.5803424e+18,10.6213517356329
28,187,83,3.6e+07,1.598832e+18,9.85224688834253
22,189,76,44800000,1.4678496e+18,9.85224688834253
20,174,64,86600000,1.5619392e+18,11.6526961029598
21,190,88,62700000,1.5983136e+18,10.6454487065059
22,181,79,49400000,1.630368e+18,11.1562648066437
23,182,78,48400000,1.5803424e+18,10.8590182281479
21,193,81,53600000,1.6009056e+18,10.2036291813376
18,186,75,70300000,1.5954624e+18,9.95232533461943
21,174,63,63200000,1.5935616e+18,9.74102744483773
38,188,92,2700000,1.5989184e+18,10.2036291813376
35,186,86,13200000,1.5964992e+18,10.2036291813376
35,175,65,8200000,1.6250976e+18,10.6454487065059
38,186,85,2700000,1.5937344e+18,8.98732181285012
38,180,79,8200000,1.4673312e+18,9.85224688834253
38,193,90,3e+06,1.5309216e+18,10.2036291813376
35,186,80,7400000,1.5650496e+18,9.85224688834253
35,177,72,13200000,1.6307136e+18,9.85224688834253
29,184,80,29400000,1.6272576e+18,10.3089859934221
34,169,67,10100000,1.4993856e+18,10.0858507751287
30,177,79,21600000,1.625184e+18,10.9331248267007
34,181,76,8500000,1.5619392e+18,10.6213517356329
34,185,86,11100000,1.6250976e+18,10.7364184143654
38,184,80,3400000,1.5987456e+18,9.47278155656217
32,183,82,20700000,1.6304544e+18,9.99884318585288
34,183,73,10400000,1.627776e+18,9.21044036697652
32,184,80,1.4e+07,1.5304032e+18,9.74102744483773
34,172,68,15400000,1.625184e+18,10.3417747410115
35,180,79,9400000,1.5635808e+18,9.99884318585288
33,170,63,16700000,1.390608e+18,11.5129354649202
32,190,80,23100000,1.6097184e+18,10.4042931430198
33,175,73,13500000,1.5795648e+18,9.39274525863144
35,179,77,6200000,1.6294176e+18,8.8538082749772
33,178,79,11900000,1.4095296e+18,10.2399955028053
32,177,77,18100000,1.2337056e+18,11.141876276228
34,191,85,8700000,1.5002496e+18,10.9151066458675
31,187,91,1.9e+07,1.6300224e+18,10.8396005193574
31,182,70,1.7e+07,1.6261344e+18,11.2515736877645
35,187,81,7300000,1.5995232e+18,10.9151066458675
30,173,72,2.7e+07,1.6219872e+18,10.3735224312936
31,189,83,18100000,1.5330816e+18,10.8396005193574
32,196,89,16200000,1.62432e+18,10.7579241570616
29,190,75,29400000,1.623024e+18,10.4341452149305
31,181,75,19600000,1.599696e+18,10.8590182281479
31,175,73,1.9e+07,1.4858208e+18,10.4913019948302
33,169,65,15300000,1.6293312e+18,11.0186455364637
33,181,85,11900000,1.4673312e+18,10.7364184143654
31,194,81,16200000,1.601856e+18,10.7579241570616
33,194,89,7800000,1.5304032e+18,10.5713425658087
32,187,78,23100000,1.6307136e+18,10.043292972227
30,177,76,19200000,1.4654304e+18,10.6919676399149
31,186,79,25200000,1.6250976e+18,10.4042931430198
31,176,72,2.1e+07,1.630368e+18,10.0858507751287
33,171,62,16500000,1.625616e+18,10.1658902778025
30,182,76,2.3e+07,1.5619392e+18,10.463131911492
29,189,85,2.8e+07,1.4988672e+18,9.7981825908907
32,185,78,18900000,1.598832e+18,10.0858507751287
31,185,80,20900000,1.4050368e+18,10.1266711030504
30,187,82,2.7e+07,1.6298496e+18,10.2750855911327
30,188,84,19600000,1.5619392e+18,10.6454487065059
28,170,70,2.5e+07,1.6258752e+18,9.95232533461943
27,176,70,22500000,1.5037056e+18,9.47278155656217
27,189,76,30800000,1.5151104e+18,11.4616426968431
32,184,76,17100000,1.5149376e+18,10.6454487065059
29,183,83,22800000,1.4393376e+18,10.8780660602808
29,192,88,25700000,1.2779424e+18,10.9331248267007
28,195,80,19600000,1.4357088e+18,10.2750855911327
28,185,88,22500000,1.4988672e+18,9.99884318585288
28,182,71,23800000,1.4680224e+18,10.7789771230064
29,182,87,23800000,1.5987456e+18,11.2515736877645
28,175,70,23800000,1.6263936e+18,10.9682155307592
28,199,96,26700000,1.6288128e+18,11.3266079348989
29,182,81,21300000,1.4357088e+18,10.463131911492
33,173,68,15800000,1.4363136e+18,10.2399955028053
28,193,78,2.4e+07,1.4988672e+18,10.9331248267007
30,170,67,20400000,1.5151968e+18,10.8967578438935
27,178,66,34800000,1.5619392e+18,10.1658902778025
27,185,71,28500000,1.5329952e+18,11.314486721294
27,176,73,31500000,1.563408e+18,10.4042931430198
32,178,72,23100000,1.3226976e+18,10.3089859934221
29,187,79,25200000,1.53144e+18,10.1266711030504
26,186,80,31100000,1.551312e+18,10.7579241570616
31,188,84,18100000,1.4725152e+18,11.141876276228
31,185,75,1.8e+07,1.330128e+18,10.2399955028053
28,180,73,17500000,1.5304032e+18,10.2036291813376
26,180,75,31800000,1.5965856e+18,11.4616426968431
29,170,67,2.8e+07,1.5312672e+18,10.3089859934221
28,188,88,21800000,1.5005952e+18,10.043292972227
29,182,70,26600000,1.6287264e+18,10.7579241570616
29,170,65,23800000,1.5155424e+18,11.0186455364637
29,188,87,20400000,1.4409792e+18,11.0666539872197
26,178,68,32600000,1.5336864e+18,10.9682155307592
28,170,66,2.1e+07,1.550016e+18,9.30574145673944
24,183,79,40500000,1.5356736e+18,10.9508240905224
28,170,63,29400000,1.5621984e+18,6.90875477931522
28,173,65,2.5e+07,1.6252704e+18,9.61587214452889
28,196,77,27700000,1.562544e+18,11.0186455364637
27,182,78,25100000,1.4673312e+18,10.8396005193574
25,195,98,31100000,1.4370048e+18,10.6689786502192
29,183,77,29400000,1.4988672e+18,10.2036291813376
29,177,75,22800000,1.562112e+18,10.9508240905224
30,196,92,21800000,1.5968448e+18,9.39274525863144
25,178,72,36500000,1.5336864e+18,11.2772157895969
30,174,86,16800000,1.4534208e+18,9.7981825908907
25,182,67,31100000,1.5991776e+18,10.7364184143654
27,178,68,31600000,1.4973984e+18,10.7579241570616
32,185,88,12600000,1.5307488e+18,9.7981825908907
28,184,78,24700000,1.5041376e+18,10.9331248267007
27,178,72,28500000,1.5621984e+18,11.4616426968431
31,180,81,24200000,1.5304896e+18,10.2750855911327
26,185,74,36300000,1.5977088e+18,10.3735224312936
26,178,65,29600000,1.5304032e+18,10.9151066458675
28,179,68,26300000,1.5663456e+18,10.1266711030504
30,184,79,2.4e+07,1.4988672e+18,9.68040649926888
27,187,83,26800000,1.5304032e+18,10.8396005193574
27,197,92,34200000,1.5304032e+18,10.2750855911327
26,183,73,30600000,1.6291584e+18,10.6689786502192
29,187,81,2.3e+07,1.501632e+18,11.3851034570321
25,174,70,33700000,1.6254432e+18,10.3735224312936
25,180,70,41500000,1.5996096e+18,11.1124628236349
26,175,70,25100000,1.6231968e+18,9.47278155656217
25,192,81,29100000,1.5622848e+18,10.2750855911327
26,184,80,29300000,1.4988672e+18,10.8396005193574
29,179,71,23800000,1.6237152e+18,10.9682155307592
33,168,71,15300000,1.5463008e+18,10.2399955028053
26,188,82,3.2e+07,1.5324768e+18,10.7789771230064
28,192,82,26100000,1.4998176e+18,10.0858507751287
28,185,74,26600000,1.5915744e+18,11.1272776899325
25,174,78,27300000,1.405296e+18,9.90353755128617
24,175,70,41500000,1.5804288e+18,10.9508240905224
24,192,89,37500000,1.5320448e+18,10.3417747410115
27,185,72,34800000,1.3754016e+18,10.2399955028053
26,185,80,32600000,1.57896e+18,10.0858507751287
25,187,79,33700000,1.5632352e+18,11.0349057929294
24,185,82,40500000,1.5017184e+18,11.3266079348989
25,165,58,36500000,1.5803424e+18,11.2772157895969
24,183,71,41500000,1.4993856e+18,10.043292972227
26,173,74,32600000,1.5619392e+18,10.8197982842103
23,179,74,39500000,1.5990912e+18,10.8197982842103
24,187,78,36200000,1.4988672e+18,11.0186455364637
23,183,77,4.2e+07,1.5628032e+18,10.8197982842103
26,176,73,34200000,1.597968e+18,9.74102744483773
25,187,77,32800000,1.4988672e+18,10.463131911492
24,192,83,26600000,1.5512256e+18,9.54688403461792
24,177,70,3.2e+07,1.4357088e+18,10.3417747410115
29,190,80,19500000,1.6258752e+18,10.5713425658087
21,186,73,28500000,1.6257024e+18,9.90353755128617
33,169,66,13500000,1.625616e+18,10.5187002182882
21,182,79,27600000,1.6257024e+18,9.90353755128617
25,190,88,24300000,1.625616e+18,10.463131911492
21,176,75,28500000,1.6288128e+18,9.47278155656217
29,175,72,26600000,1.6257024e+18,10.7144399907278
25,173,72,27900000,1.625616e+18,10.5453677541517
21,170,60,29700000,1.625616e+18,10.3089859934221
33,188,87,17100000,1.6257024e+18,10.6689786502192
21,187,85,32300000,1.6288128e+18,9.54688403461792
21,172,70,29700000,1.625616e+18,10.4042931430198
24,175,70,48300000,1.6288128e+18,10.043292972227
23,196,87,59900000,1.6292448e+18,10.7995959850478
21,171,59,59900000,1.6266528e+18,10.3089859934221
22,196,90,36300000,1.6196544e+18,9.7981825908907
24,185,74,40500000,1.5650496e+18,10.4913019948302
24,175,70,46200000,1.625184e+18,11.0974251724089
28,178,76,25300000,1.5935616e+18,10.2750855911327
24,187,81,41300000,1.4675904e+18,10.1658902778025
26,190,78,38100000,1.5630624e+18,10.0858507751287
23,185,76,65100000,1.5652224e+18,10.8780660602808
27,180,73,29600000,1.5619392e+18,10.4341452149305
24,187,80,49400000,1.4726016e+18,10.6919676399149
26,190,86,32800000,1.6255296e+18,10.4042931430198
22,194,95,60500000,1.6250976e+18,11.1982284186668
21,190,79,59900000,1.5304032e+18,10.5453677541517
23,175,72,37300000,1.5463008e+18,10.9682155307592
22,196,90,3.9e+07,1.4988672e+18,10.6454487065059
21,172,62,59900000,1.5649632e+18,11.0349057929294
22,179,69,45600000,1.6250976e+18,10.2036291813376
24,183,75,53200000,1.4993856e+18,10.6454487065059
22,188,82,56700000,1.625184e+18,11.1272776899325
24,167,65,35200000,1.5027552e+18,9.74102744483773
21,180,72,60900000,1.5935616e+18,10.2750855911327
24,184,78,36500000,1.6255296e+18,10.9853096718968
25,191,85,34200000,1.5610752e+18,9.90353755128617
21,180,73,42800000,1.5161472e+18,10.2036291813376
26,175,67,38100000,1.5964992e+18,10.0858507751287
34,176,74,14700000,1.52928e+18,6.90875477931522
24,176,71,50600000,1.5964992e+18,10.1658902778025
21,177,77,67200000,1.597104e+18,10.3417747410115
23,176,72,68200000,1.4357088e+18,9.61587214452889
23,193,81,64400000,1.5304032e+18,10.3417747410115
26,193,81,32600000,1.5165792e+18,6.80350525760834
23,177,69,64400000,1.4988672e+18,9.85224688834253
22,176,69,42500000,1.5803424e+18,10.6689786502192
19,190,79,52800000,1.5304032e+18,9.30574145673944
19,181,70,62500000,1.5384384e+18,10.9331248267007
21,190,75,55100000,1.5299712e+18,10.6689786502192
21,174,63,66200000,1.5447456e+18,10.6919676399149
25,174,64,41300000,1.4988672e+18,10.043292972227
18,182,68,66400000,1.6304544e+18,10.6919676399149
20,190,76,60900000,1.6015968e+18,10.9508240905224
18,176,70,56100000,1.5804288e+18,9.7981825908907
37,175,68,7100000,1.5994368e+18,9.21044036697652
39,183,74,2200000,1.5304032e+18,10.043292972227
39,196,89,2500000,1.4988672e+18,9.10509096125708
36,180,74,7600000,1.6250976e+18,10.043292972227
39,188,72,7600000,1.5982272e+18,9.85224688834253
35,178,63,6e+06,1.6002144e+18,9.30574145673944
34,183,79,5800000,1.1991456e+18,10.7789771230064
31,172,73,12800000,1.5012e+18,9.21044036697652
33,188,74,6800000,1.5323904e+18,10.2036291813376
35,178,73,6500000,1.357776e+18,8.8538082749772
33,186,82,10500000,1.6115328e+18,6.90875477931522
33,186,75,8e+06,1.6250976e+18,10.6689786502192
34,189,77,6800000,1.5628032e+18,9.47278155656217
31,192,80,19800000,1.5631488e+18,10.2036291813376
34,172,70,1e+07,1.6265664e+18,10.2036291813376
36,167,58,7100000,1.5619392e+18,6.90875477931522
32,180,76,1.7e+07,1.4357088e+18,9.61587214452889
33,184,83,9500000,1.6231968e+18,10.8396005193574
35,195,95,1900000,1.1876544e+18,9.99884318585288
34,182,78,7100000,1.51632e+18,6.90875477931522
37,180,72,3600000,1.4041728e+18,9.85224688834253
31,183,79,15300000,1.627344e+18,10.7579241570616
33,184,72,11600000,1.4991264e+18,9.99884318585288
32,163,63,17900000,1.6149888e+18,9.99884318585288
35,166,68,7100000,1.3068864e+18,9.85224688834253
32,190,80,13200000,1.6187904e+18,9.61587214452889
33,187,78,9500000,1.5673824e+18,10.6689786502192
31,186,83,11200000,1.5935616e+18,9.47278155656217
31,178,64,14400000,1.448928e+18,10.2036291813376
31,173,68,17100000,1.6285536e+18,10.7364184143654
30,182,76,2.1e+07,1.629504e+18,10.0858507751287
28,167,59,2e+07,1.4673312e+18,11.0666539872197
32,196,83,11900000,1.6094592e+18,10.2750855911327
31,186,86,17100000,1.630368e+18,11.2515736877645
32,186,77,14700000,1.5002496e+18,10.1658902778025
31,182,77,15800000,1.6254432e+18,10.1658902778025
32,182,78,15800000,1.2464064e+18,10.1266711030504
35,178,72,6300000,1.2202272e+18,9.85224688834253
33,168,68,9800000,1.4859936e+18,9.21044036697652
28,183,92,14700000,1.5805152e+18,9.85224688834253
30,190,82,17900000,1.5794784e+18,9.85224688834253
34,189,82,7e+06,1.4041728e+18,10.2750855911327
30,177,73,21500000,1.5821568e+18,11.6952553550628
30,186,81,17900000,1.6293312e+18,9.99884318585288
30,186,80,1.8e+07,1.3094784e+18,9.47278155656217
30,173,69,18900000,1.2464064e+18,9.99884318585288
31,188,77,13300000,1.6250976e+18,10.9331248267007
29,178,73,2e+07,1.6267392e+18,11.2118338856085
30,175,68,15500000,1.5985728e+18,10.1266711030504
29,180,71,16200000,1.5619392e+18,10.2036291813376
29,180,75,17100000,1.4373504e+18,10.8197982842103
35,192,83,7e+06,1.3411008e+18,9.61587214452889
33,182,80,11700000,1.5935616e+18,10.1658902778025
30,189,81,18700000,1.626912e+18,10.043292972227
30,188,77,15300000,1.4634432e+18,10.8197982842103
32,174,74,11200000,1.4673312e+18,10.6689786502192
30,186,78,16800000,1.4340672e+18,10.8396005193574
29,184,82,18500000,1.626048e+18,10.1266711030504
29,184,82,17900000,1.6246656e+18,10.6919676399149
28,191,85,18800000,1.528848e+18,10.8197982842103
29,190,88,17600000,1.5325632e+18,9.90353755128617
30,193,83,16600000,1.6280352e+18,9.68040649926888
30,179,71,15300000,1.5641856e+18,10.1658902778025
28,181,83,16200000,1.5619392e+18,10.7789771230064
30,188,86,13600000,1.6118784e+18,10.6689786502192
35,198,90,2e+06,1.5997824e+18,9.7981825908907
30,184,80,15300000,1.3911264e+18,10.8396005193574
31,183,81,14700000,1.4721696e+18,9.85224688834253
29,183,75,2e+07,1.5299712e+18,10.8967578438935
29,191,90,16200000,1.5935616e+18,10.7789771230064
31,177,70,15800000,1.6292448e+18,9.85224688834253
28,175,80,16200000,1.5335136e+18,10.8590182281479
29,190,84,15100000,1.5964992e+18,10.4341452149305
30,179,77,1.7e+07,1.5989184e+18,10.4042931430198
28,183,78,2e+07,1.630368e+18,10.3735224312936
27,188,83,23700000,1.4071104e+18,10.5187002182882
30,184,80,16800000,1.6019424e+18,10.8396005193574
33,185,73,1e+07,1.5619392e+18,9.47278155656217
29,182,69,2e+07,1.5619392e+18,10.2036291813376
29,196,90,13300000,1.6270848e+18,10.6689786502192
28,193,85,18800000,1.530576e+18,10.463131911492
33,190,83,1e+07,1.4985216e+18,10.1266711030504
27,196,90,18300000,1.599264e+18,10.7995959850478
26,172,67,24700000,1.5619392e+18,10.9151066458675
34,181,77,10500000,1.6261344e+18,10.1658902778025
27,192,84,22200000,1.372896e+18,11.1272776899325
25,181,73,24700000,1.6004736e+18,10.9508240905224
29,184,75,17100000,1.5959808e+18,10.8590182281479
28,181,78,2.1e+07,1.562112e+18,10.2750855911327
26,175,70,29400000,1.5631488e+18,10.2036291813376
30,174,69,1.7e+07,1.5337728e+18,10.5713425658087
31,178,72,1.5e+07,1.6250976e+18,10.1658902778025
26,182,67,19600000,1.534464e+18,10.6213517356329
27,182,70,19500000,1.62648e+18,10.7789771230064
26,190,84,19800000,1.423008e+18,11.002116507732
28,181,74,18100000,1.4527296e+18,11.1272776899325
27,188,84,20900000,1.5614208e+18,11.1704492404313
24,173,69,31600000,1.5649632e+18,10.8590182281479
32,187,82,8500000,1.5622848e+18,9.39274525863144
27,188,77,1.7e+07,1.5015456e+18,11.1982284186668
27,184,81,21300000,1.4673312e+18,10.9151066458675
27,179,70,21700000,1.4706144e+18,10.9331248267007
26,189,88,26700000,1.5619392e+18,11.1704492404313
27,186,76,21700000,1.6009056e+18,11.0821579333748
25,181,77,32600000,1.5630624e+18,10.1266711030504
27,170,60,17100000,1.6188768e+18,9.61587214452889
25,185,75,25700000,1.5652224e+18,11.1272776899325
30,180,82,17900000,1.5349824e+18,10.6454487065059
28,177,75,17800000,1.5671232e+18,10.5187002182882
25,186,83,24700000,1.564704e+18,11.0349057929294
28,178,67,16800000,1.5800832e+18,10.7144399907278
31,182,79,15800000,1.6250112e+18,9.90353755128617
33,170,69,7700000,1.4417568e+18,9.74102744483773
27,184,84,16200000,1.562112e+18,9.74102744483773
25,187,82,29600000,1.5984864e+18,10.7364184143654
23,188,74,21300000,1.4675904e+18,10.3089859934221
27,185,80,19600000,1.5619392e+18,10.5187002182882
26,170,64,2.4e+07,1.5790464e+18,10.9331248267007
27,183,79,22200000,1.6238016e+18,10.9853096718968
31,188,87,11900000,1.4993856e+18,10.6213517356329
25,177,73,20500000,1.5619392e+18,9.85224688834253
25,183,70,28600000,1.5619392e+18,10.8590182281479
27,193,83,21700000,1.5666048e+18,10.6689786502192
28,182,76,17800000,1.5989184e+18,10.8197982842103
28,186,83,21600000,1.5983136e+18,10.0858507751287
27,176,70,21700000,1.5304032e+18,10.4341452149305
25,181,74,27500000,1.6295904e+18,10.9508240905224
29,176,69,2e+07,1.4041728e+18,10.3089859934221
26,186,83,22200000,1.579824e+18,9.74102744483773
27,168,67,21700000,1.5935616e+18,10.3089859934221
26,177,63,24900000,1.6304544e+18,10.9508240905224
25,172,67,27700000,1.6118784e+18,10.9853096718968
28,179,69,23100000,1.5304032e+18,6.90875477931522
24,187,88,28400000,1.5619392e+18,10.2036291813376
25,170,69,3.3e+07,1.630368e+18,9.95232533461943
25,176,74,24700000,1.4064192e+18,11.0974251724089
24,179,68,30800000,1.4999904e+18,11.5129354649202
28,183,70,18900000,1.562112e+18,9.10509096125708
32,181,77,14500000,1.5304032e+18,10.5713425658087
27,189,80,22800000,1.5971904e+18,9.90353755128617
26,172,70,26700000,1.5674688e+18,10.5453677541517
24,190,78,2.7e+07,1.5935616e+18,9.61587214452889
25,192,90,24700000,1.6274304e+18,10.7144399907278
24,175,68,38700000,1.564704e+18,10.8197982842103
27,180,72,2.2e+07,1.4041728e+18,9.68040649926888
24,174,72,31400000,1.5321312e+18,10.3417747410115
25,169,63,24900000,1.5463008e+18,10.9331248267007
24,179,72,26600000,1.4041728e+18,10.6689786502192
24,184,75,26700000,1.439424e+18,10.9331248267007
26,185,73,21600000,1.5643584e+18,10.1658902778025
24,180,77,26600000,1.5644448e+18,10.6213517356329
23,183,79,46200000,1.601856e+18,10.9331248267007
27,179,70,24200000,1.5147648e+18,6.90875477931522
25,180,75,3.3e+07,1.4988672e+18,9.99884318585288
25,195,95,18400000,1.4859936e+18,9.47278155656217
30,187,82,22100000,1.6250112e+18,7.60140233458373
27,183,77,26100000,1.562112e+18,10.2399955028053
30,178,73,14700000,1.6257024e+18,9.90353755128617
30,183,83,17900000,1.6246656e+18,10.6454487065059
24,174,64,29600000,1.597104e+18,10.6213517356329
25,189,75,25700000,1.4691456e+18,11.0349057929294
25,184,73,31500000,1.4041728e+18,10.2036291813376
25,175,74,25700000,1.628208e+18,10.5187002182882
25,177,73,32200000,1.6250976e+18,10.5453677541517
24,184,77,25700000,1.5619392e+18,10.1266711030504
27,188,86,18400000,1.4853024e+18,10.7789771230064
23,190,86,28600000,1.5967584e+18,10.5187002182882
25,182,75,2.7e+07,1.5602112e+18,9.7981825908907
22,170,73,19900000,1.6304544e+18,9.95232533461943
21,183,77,18100000,1.6257024e+18,9.7981825908907
33,175,71,9900000,1.6254432e+18,10.3735224312936
29,165,62,18100000,1.6257024e+18,10.4913019948302
25,174,71,21900000,1.6257024e+18,10.4913019948302
37,177,77,4e+06,1.6257024e+18,10.1266711030504
33,175,68,10500000,1.625616e+18,10.043292972227
25,176,72,18900000,1.625616e+18,10.4042931430198
29,179,77,16200000,1.6288128e+18,10.4341452149305
25,178,75,2e+07,1.6288128e+18,10.4042931430198
33,189,84,9500000,1.6257024e+18,10.1658902778025
25,180,75,21600000,1.6288128e+18,10.5187002182882
21,178,78,23800000,1.6257024e+18,10.2399955028053
29,187,85,17100000,1.6257024e+18,10.2036291813376
25,183,71,27700000,1.579824e+18,10.9853096718968
25,172,70,27500000,1.5653088e+18,10.3417747410115
27,174,70,23700000,1.5488928e+18,10.5966597327836
23,180,70,36300000,1.5673824e+18,10.0858507751287
23,173,68,32600000,1.625184e+18,10.6213517356329
22,177,67,32300000,1.5778368e+18,10.6213517356329
23,183,80,32600000,1.56168e+18,11.0666539872197
24,191,87,49500000,1.6294176e+18,10.1658902778025
24,194,92,31500000,1.5294528e+18,10.7789771230064
23,171,76,31600000,1.630368e+18,11.0349057929294
23,193,89,27200000,1.5912288e+18,9.95232533461943
23,188,76,3.4e+07,1.4357088e+18,8.98732181285012
23,179,70,27700000,1.5985728e+18,10.5187002182882
28,176,66,15800000,1.5935616e+18,9.95232533461943
22,175,72,29500000,1.5463008e+18,10.7995959850478
24,158,55,28100000,1.6198272e+18,9.10509096125708
25,175,70,22100000,1.628208e+18,9.21044036697652
25,185,81,2.7e+07,1.5470784e+18,10.7364184143654
25,176,67,22800000,1.5989184e+18,9.21044036697652
22,181,71,37400000,1.4373504e+18,9.47278155656217
24,185,79,26600000,1.6097184e+18,10.463131911492
30,175,64,2.2e+07,1.4357088e+18,10.3089859934221
26,191,86,23100000,1.5619392e+18,11.1982284186668
23,190,88,24400000,1.6250976e+18,9.7981825908907
23,191,77,3.2e+07,1.6012512e+18,9.61587214452889
23,178,67,34700000,1.5985728e+18,10.7144399907278
23,187,73,24800000,1.5637536e+18,9.54688403461792
24,184,77,2.5e+07,1.6017696e+18,10.7995959850478
21,192,80,3.8e+07,1.5307488e+18,9.85224688834253
25,167,66,20500000,1.4673312e+18,9.54688403461792
23,175,64,34700000,1.5670368e+18,10.2399955028053
23,175,66,28600000,1.5640128e+18,10.7579241570616
24,191,83,4.1e+07,1.5986592e+18,10.9331248267007
22,187,68,45200000,1.6262208e+18,10.2399955028053
26,186,83,24700000,1.4988672e+18,10.3735224312936
20,186,74,43700000,1.6094592e+18,10.7364184143654
24,184,73,30600000,1.5939936e+18,10.6454487065059
24,182,75,34800000,1.5304032e+18,6.90875477931522
21,169,67,23600000,1.4490144e+18,8.98732181285012
22,183,84,27600000,1.6147296e+18,10.9508240905224
26,177,69,23900000,1.5480288e+18,9.47278155656217
24,175,66,33200000,1.6250976e+18,9.54688403461792
28,178,67,1.9e+07,1.5935616e+18,10.2750855911327
23,179,62,46200000,1.5650496e+18,9.54688403461792
23,200,90,3e+07,1.5622848e+18,10.2036291813376
26,168,68,22200000,1.5619392e+18,9.99884318585288
23,180,72,32300000,1.6250976e+18,10.7579241570616
25,191,79,29100000,1.6276896e+18,9.61587214452889
20,178,79,47200000,1.4992128e+18,11.1844352867906
24,174,70,32600000,1.4988672e+18,10.1266711030504
21,181,79,42800000,1.6258752e+18,10.1266711030504
22,183,71,45200000,1.6250976e+18,11.2644769261024
20,180,71,43700000,1.59624e+18,9.68040649926888
22,188,81,28400000,1.5646176e+18,10.4913019948302
32,185,80,1.7e+07,1.5347232e+18,10.3089859934221
21,196,74,43100000,1.5954624e+18,10.4341452149305
26,182,84,24900000,1.5780096e+18,10.8780660602808
21,183,70,35700000,1.5233184e+18,10.2036291813376
23,187,79,28100000,1.5304032e+18,10.043292972227
23,198,73,37800000,1.5627168e+18,10.2399955028053
27,192,83,21300000,1.5794784e+18,10.8396005193574
21,175,65,45200000,1.5304032e+18,10.463131911492
20,182,76,48400000,1.6250976e+18,11.1704492404313
20,177,70,36800000,1.5948576e+18,9.47278155656217
23,185,74,54100000,1.6015968e+18,10.043292972227
18,185,79,41800000,1.5756768e+18,9.7981825908907
22,172,70,54100000,1.5388704e+18,10.2036291813376
23,186,89,4e+07,1.5934752e+18,9.68040649926888
24,180,75,39100000,1.6261344e+18,10.3089859934221
19,171,60,48300000,1.601856e+18,10.2750855911327
27,172,66,26100000,1.5463008e+18,6.90875477931522
22,185,73,41800000,1.6250976e+18,10.5187002182882
28,180,73,21800000,1.5619392e+18,6.90875477931522
25,174,79,25100000,1.598832e+18,9.54688403461792
25,189,83,2.8e+07,1.5967584e+18,9.54688403461792
22,185,75,28100000,1.5671232e+18,9.21044036697652
22,192,91,49500000,1.5355008e+18,11.362114203075
24,189,84,34800000,1.5673824e+18,6.90875477931522
19,182,70,36800000,1.5768864e+18,9.30574145673944
38,197,92,1200000,1.5965856e+18,8.98732181285012
36,190,86,1400000,1.3885344e+18,9.85224688834253
38,187,83,2900000,1.3752288e+18,10.1658902778025
36,179,72,4600000,1.597968e+18,10.3735224312936
34,187,82,2100000,1.5985728e+18,9.21044036697652
37,188,82,1300000,1.6301952e+18,8.69968140098951
38,180,79,1800000,1.4985216e+18,9.30574145673944
36,173,70,4300000,1.5619392e+18,10.4913019948302
35,176,65,3300000,1.6068672e+18,9.47278155656217
37,180,76,4100000,1.5947712e+18,9.68040649926888
37,189,91,2500000,1.4719104e+18,9.90353755128617
34,179,76,6700000,1.5471648e+18,10.6919676399149
35,188,85,1500000,1.625184e+18,10.6454487065059
38,180,75,3e+06,1.5640128e+18,8.00670084544037
32,176,68,11400000,1.6250976e+18,10.7995959850478
34,188,81,2200000,1.5463872e+18,10.2036291813376
32,182,67,6500000,1.5038784e+18,9.90353755128617
31,179,85,10500000,1.6263072e+18,11.1562648066437
32,184,75,9500000,1.4997312e+18,10.3417747410115
33,186,84,6600000,1.6003008e+18,10.2399955028053
33,161,57,6600000,1.4689728e+18,9.54688403461792
34,179,65,7e+06,1.6250976e+18,10.2399955028053
34,199,101,2500000,1.6267392e+18,10.7995959850478
34,183,75,4300000,1.5304032e+18,9.68040649926888
33,172,72,6900000,1.5304032e+18,10.2036291813376
37,188,81,1200000,1.532304e+18,8.8538082749772
34,167,68,5700000,1.625184e+18,6.90875477931522
32,178,80,9e+06,1.597104e+18,9.7981825908907
31,186,82,10200000,1.5343776e+18,9.90353755128617
34,180,78,4100000,1.6304544e+18,10.2399955028053
33,175,70,9400000,1.597536e+18,9.85224688834253
31,175,74,11400000,1.4041728e+18,11.2385017770766
32,191,90,9900000,1.601856e+18,11.0509058782636
33,193,84,7200000,1.3726368e+18,9.95232533461943
32,175,69,10200000,1.6016832e+18,9.90353755128617
33,183,86,4100000,1.5308352e+18,9.7981825908907
29,185,72,12400000,1.4708736e+18,11.0509058782636
30,176,67,1.3e+07,1.6274304e+18,10.7144399907278
30,180,73,1.4e+07,1.609632e+18,9.74102744483773
34,186,76,5800000,1.5005952e+18,9.54688403461792
30,190,94,1.5e+07,1.625616e+18,9.90353755128617
31,186,83,10400000,1.5337728e+18,10.7579241570616
31,179,75,9600000,1.2122784e+18,10.5966597327836
31,178,80,9800000,1.5627168e+18,9.21044036697652
32,183,84,7800000,1.6295904e+18,9.30574145673944
31,180,74,10200000,1.6248384e+18,10.3735224312936
35,174,67,6800000,1.4543712e+18,6.90875477931522
31,180,80,1.3e+07,1.5304032e+18,10.5187002182882
30,181,78,13300000,1.4988672e+18,10.8396005193574
27,178,72,11100000,1.5304032e+18,9.99884318585288
29,188,87,13700000,1.5304896e+18,9.99884318585288
29,194,87,11100000,1.4673312e+18,10.3417747410115
34,195,85,2300000,1.5964128e+18,9.99884318585288
32,187,76,10500000,1.5964992e+18,9.95232533461943
30,190,88,10900000,1.4071104e+18,10.2399955028053
28,182,77,11900000,1.5977952e+18,10.5453677541517
30,178,66,1.3e+07,1.6302816e+18,9.7981825908907
29,181,75,12800000,1.5304896e+18,10.3735224312936
31,190,83,11400000,1.5312672e+18,10.9508240905224
30,176,82,1.5e+07,1.5317856e+18,10.4042931430198
31,195,90,8400000,1.5307488e+18,9.74102744483773
32,178,74,9e+06,1.4089248e+18,9.39274525863144
33,184,78,10100000,1.534032e+18,10.0858507751287
33,184,84,6100000,1.4516064e+18,9.74102744483773
27,173,69,15200000,1.4673312e+18,10.7995959850478
33,189,89,7200000,1.5012e+18,10.043292972227
34,175,73,7400000,1.5924384e+18,10.043292972227
32,180,76,5900000,1.5002496e+18,9.10509096125708
29,185,76,15200000,1.6274304e+18,9.7981825908907
32,181,78,9500000,1.4349312e+18,10.3417747410115
29,184,82,8500000,1.5304032e+18,10.1658902778025
28,186,82,10500000,1.6250976e+18,9.85224688834253
29,183,82,9800000,1.6272576e+18,9.30574145673944
28,192,90,12200000,1.3094784e+18,9.95232533461943
31,187,85,1.2e+07,1.599696e+18,10.463131911492
30,186,78,1.2e+07,1.500336e+18,10.043292972227
29,172,67,12400000,1.595808e+18,11.0509058782636
32,186,80,9e+06,1.6002144e+18,9.68040649926888
30,172,67,11900000,1.4371776e+18,10.5966597327836
28,185,78,11900000,1.5313536e+18,10.6919676399149
28,182,74,1.3e+07,1.4406336e+18,10.9853096718968
29,173,63,12800000,1.5619392e+18,10.3735224312936
30,196,85,9600000,1.5304032e+18,9.47278155656217
27,196,80,13800000,1.6013376e+18,10.3089859934221
31,179,80,9900000,1.5619392e+18,10.1266711030504
29,188,83,11700000,1.4522976e+18,10.043292972227
27,187,85,11900000,1.4988672e+18,10.1266711030504
28,170,65,12800000,1.625616e+18,10.5453677541517
30,186,78,12800000,1.5619392e+18,10.6689786502192
29,190,77,11700000,1.5964992e+18,10.2399955028053
29,180,70,1.3e+07,1.5355872e+18,9.85224688834253
26,188,83,19800000,1.5592608e+18,10.6919676399149
29,178,78,13700000,1.6121376e+18,6.90875477931522
30,175,75,13700000,1.4518656e+18,6.85751406254539
32,171,74,9600000,1.601856e+18,9.39274525863144
28,188,88,10200000,1.5646176e+18,9.7981825908907
31,170,66,9e+06,1.5644448e+18,9.10509096125708
27,185,70,15800000,1.4992992e+18,10.3417747410115
32,179,71,1.2e+07,1.6000416e+18,9.85224688834253
27,191,79,18500000,1.5304896e+18,9.95232533461943
28,181,74,13300000,1.5304032e+18,10.9151066458675
27,187,80,17600000,1.6269984e+18,9.54688403461792
29,182,75,12800000,1.4364864e+18,10.6213517356329
28,189,83,1.2e+07,1.5619392e+18,9.68040649926888
28,171,65,14700000,1.5626304e+18,10.2399955028053
28,182,78,11600000,1.5005088e+18,10.9682155307592
26,185,79,17800000,1.4681952e+18,10.4341452149305
30,179,74,14700000,1.5628896e+18,10.3417747410115
30,186,80,12400000,1.4859072e+18,10.6919676399149
29,173,73,1.3e+07,1.5619392e+18,10.0858507751287
26,185,74,17800000,1.6301088e+18,10.7995959850478
27,193,87,15800000,1.595808e+18,11.002116507732
27,178,75,12800000,1.5778368e+18,10.6689786502192
26,174,68,14200000,1.5619392e+18,10.7579241570616
27,177,80,1.2e+07,1.5628896e+18,9.7981825908907
27,175,73,15200000,1.601856e+18,10.6919676399149
27,187,83,17600000,1.535328e+18,9.54688403461792
29,176,73,16500000,1.4041728e+18,6.90875477931522
27,192,92,11800000,1.5622848e+18,9.39274525863144
29,183,78,12800000,1.5783552e+18,10.4913019948302
26,177,67,17600000,1.5356736e+18,10.043292972227
30,180,72,11200000,1.49904e+18,9.39274525863144
27,177,72,17600000,1.5304032e+18,10.043292972227
27,177,75,17600000,1.5484608e+18,6.90875477931522
26,188,82,15100000,1.5328224e+18,9.90353755128617
32,173,74,7500000,1.5336864e+18,9.74102744483773
29,188,84,13800000,1.5325632e+18,10.4913019948302
28,175,66,12600000,1.630368e+18,9.90353755128617
28,179,70,1.5e+07,1.5304032e+18,9.90353755128617
29,171,72,12800000,1.3094784e+18,10.5453677541517
29,187,82,14500000,1.6250976e+18,9.54688403461792
26,186,87,1.5e+07,1.5304032e+18,10.1266711030504
26,180,73,17800000,1.6116192e+18,10.9331248267007
28,174,65,1.2e+07,1.5778368e+18,10.0858507751287
26,173,70,13300000,1.5619392e+18,9.7981825908907
30,181,66,11900000,1.5650496e+18,10.1658902778025
28,190,79,10300000,1.351728e+18,10.0858507751287
26,182,81,17600000,1.5622848e+18,9.95232533461943
25,187,70,21800000,1.598832e+18,10.7364184143654
27,179,76,1e+07,1.5488928e+18,9.61587214452889
26,187,83,1.6e+07,1.629072e+18,10.6919676399149
28,185,82,1.5e+07,1.563408e+18,10.2750855911327
24,184,74,1.5e+07,1.5628896e+18,9.54688403461792
27,191,85,16800000,1.467936e+18,10.1658902778025
27,181,72,17400000,1.6289856e+18,10.043292972227
25,174,68,20700000,1.5657408e+18,7.60140233458373
29,163,69,16500000,1.6309728e+18,6.90875477931522
26,186,79,16800000,1.4546304e+18,11.1562648066437
26,190,88,15100000,1.4403744e+18,10.5187002182882
26,189,90,19300000,1.406592e+18,11.3851034570321
28,175,70,14300000,1.5626304e+18,10.6689786502192
30,178,66,11200000,1.4516064e+18,10.6689786502192
32,177,76,9e+06,1.5172704e+18,9.74102744483773
27,173,70,1.2e+07,1.59408e+18,9.85224688834253
31,193,80,7e+06,1.5778368e+18,9.68040649926888
31,188,88,11100000,1.6094592e+18,9.68040649926888
32,170,74,8e+06,1.6281216e+18,9.39274525863144
27,167,70,11800000,1.5650496e+18,9.54688403461792
29,172,70,11300000,1.5778368e+18,9.21044036697652
27,183,80,18500000,1.5619392e+18,10.0858507751287
26,193,88,20500000,1.5335136e+18,6.90875477931522
26,190,85,17800000,1.5803424e+18,10.9331248267007
28,173,67,14700000,1.6250976e+18,9.99884318585288
26,184,77,17800000,1.6304544e+18,10.4042931430198
29,192,87,8500000,1.3403232e+18,10.4042931430198
30,185,79,14300000,1.2779424e+18,6.80350525760834
26,188,90,17800000,1.5619392e+18,10.9331248267007
30,188,79,7500000,1.3898304e+18,8.8538082749772
33,188,83,9100000,1.6106688e+18,10.9508240905224
26,192,90,12600000,1.4357088e+18,9.47278155656217
23,183,62,25200000,1.5304032e+18,10.4042931430198
25,189,77,22100000,1.4988672e+18,10.6454487065059
25,180,69,19800000,1.5803424e+18,10.4042931430198
24,169,68,21600000,1.5995232e+18,6.90875477931522
25,178,69,23900000,1.5964992e+18,10.1266711030504
25,177,79,20600000,1.4988672e+18,10.8396005193574
24,172,69,25200000,1.6285536e+18,10.7364184143654
25,183,72,16800000,1.325376e+18,10.6454487065059
25,179,75,23100000,1.5486336e+18,10.3089859934221
26,169,69,19600000,1.5488064e+18,9.47278155656217
27,173,73,16600000,1.5021504e+18,10.043292972227
26,183,77,17800000,1.5803424e+18,10.6919676399149
27,184,76,14200000,1.4993856e+18,10.3735224312936
32,190,86,10200000,1.4041728e+18,10.5966597327836
28,190,82,14800000,1.562112e+18,6.90875477931522
31,190,82,10400000,1.630368e+18,9.47278155656217
28,177,80,12800000,1.5147648e+18,10.7789771230064
24,185,70,16900000,1.5804288e+18,10.4913019948302
29,187,92,1.1e+07,1.5814656e+18,9.10509096125708
24,172,65,21600000,1.5673824e+18,10.7364184143654
25,175,70,17100000,1.5506208e+18,9.74102744483773
25,188,77,20700000,1.5321312e+18,6.90875477931522
29,175,75,11700000,1.4688e+18,9.47278155656217
23,182,71,23900000,1.5935616e+18,9.99884318585288
25,190,85,16900000,1.5309216e+18,9.95232533461943
23,181,68,14800000,1.5633216e+18,9.54688403461792
26,180,70,18700000,1.5626304e+18,10.3089859934221
24,178,70,22700000,1.5619392e+18,10.7364184143654
24,186,76,19300000,1.5343776e+18,10.7995959850478
23,175,75,18600000,1.5304032e+18,10.9682155307592
28,172,75,12800000,1.5994368e+18,10.5453677541517
30,187,80,1.2e+07,1.601856e+18,10.0858507751287
24,184,74,17800000,1.565136e+18,9.85224688834253
24,185,83,18600000,1.5800832e+18,10.3417747410115
29,188,82,9400000,1.5825888e+18,9.10509096125708
23,195,96,23100000,1.5803424e+18,10.043292972227
25,197,90,21800000,1.484784e+18,6.90875477931522
24,183,79,16900000,1.6181856e+18,10.7364184143654
25,183,78,25700000,1.601856e+18,10.5966597327836
25,175,78,21800000,1.601856e+18,10.1658902778025
23,197,85,2e+07,1.4315616e+18,10.3417747410115
28,163,65,12800000,1.5330816e+18,10.1266711030504
26,172,63,15100000,1.4988672e+18,9.39274525863144
24,179,67,25200000,1.562976e+18,9.21044036697652
28,186,70,1.5e+07,1.6261344e+18,10.4913019948302
24,184,75,20400000,1.6250976e+18,10.463131911492
29,177,76,12400000,1.625616e+18,9.54688403461792
33,188,82,6500000,1.6288128e+18,10.3089859934221
29,192,90,9500000,1.625616e+18,9.47278155656217
21,190,88,15800000,1.625616e+18,8.8538082749772
37,190,82,1600000,1.6257024e+18,9.47278155656217
29,178,75,12400000,1.6288128e+18,10.043292972227
25,172,69,16200000,1.6257024e+18,10.4341452149305
33,179,77,8900000,1.6257024e+18,10.463131911492
25,176,76,13500000,1.6254432e+18,10.2750855911327
29,182,77,12400000,1.6254432e+18,9.74102744483773
33,178,71,8500000,1.6254432e+18,10.4042931430198
29,176,72,14300000,1.6257024e+18,10.2036291813376
23,183,75,1.6e+07,1.5619392e+18,10.463131911492
24,181,70,16600000,1.4988672e+18,9.39274525863144
24,189,83,16900000,1.5281568e+18,9.95232533461943
24,178,68,26400000,1.4988672e+18,9.39274525863144
23,185,77,32600000,1.6276032e+18,10.8590182281479
26,169,71,17600000,1.5797376e+18,9.90353755128617
23,172,70,19200000,1.5671232e+18,9.61587214452889
23,175,80,16900000,1.5304032e+18,10.4042931430198
24,183,73,22800000,1.5619392e+18,10.2036291813376
24,173,70,22800000,1.6250976e+18,9.99884318585288
25,179,71,14800000,1.532304e+18,9.68040649926888
23,178,82,21600000,1.4988672e+18,10.043292972227
24,183,76,18800000,1.5356736e+18,10.043292972227
22,184,75,23600000,1.5285024e+18,11.1272776899325
24,187,84,3.3e+07,1.601856e+18,9.47278155656217
24,175,70,2.7e+07,1.6015104e+18,9.30574145673944
24,185,74,18600000,1.5622848e+18,10.0858507751287
25,184,74,18100000,1.4988672e+18,9.61587214452889
25,175,70,1.6e+07,1.5658272e+18,10.2399955028053
22,168,65,39100000,1.5673824e+18,9.30574145673944
23,183,70,18800000,1.6297632e+18,10.2036291813376
24,187,76,27600000,1.4357088e+18,9.90353755128617
29,178,73,15800000,1.5637536e+18,10.2399955028053
26,175,74,16900000,1.6098912e+18,10.5713425658087
24,178,74,23900000,1.6293312e+18,10.2399955028053
23,167,63,2.5e+07,1.4673312e+18,9.74102744483773
22,176,70,28500000,1.5313536e+18,10.7789771230064
30,177,63,1.4e+07,1.5972768e+18,9.68040649926888
23,174,66,25300000,1.6008192e+18,9.61587214452889
25,180,73,1.5e+07,1.59408e+18,9.61587214452889
33,184,78,5300000,1.5174432e+18,6.74641212857337
23,195,90,26600000,1.4996448e+18,10.4913019948302
22,175,69,31500000,1.6112736e+18,10.5453677541517
24,188,82,20900000,1.5311808e+18,10.3417747410115
20,183,67,34700000,1.6280352e+18,10.4913019948302
20,182,64,34700000,1.5014592e+18,10.7995959850478
23,180,73,27600000,1.4988672e+18,10.1658902778025
23,184,78,36800000,1.5026688e+18,9.95232533461943
25,175,66,18800000,1.5317856e+18,10.1658902778025
21,185,79,36800000,1.6250112e+18,9.61587214452889
20,185,73,26400000,1.496016e+18,8.98732181285012
22,170,62,19300000,1.5304032e+18,10.7995959850478
22,187,79,30500000,1.5935616e+18,10.2036291813376
24,174,66,22800000,1.5469056e+18,10.5187002182882
24,178,66,25300000,1.600128e+18,9.10509096125708
20,194,75,32600000,1.5304032e+18,10.2750855911327
22,191,83,20900000,1.6263936e+18,10.5966597327836
22,180,72,20400000,1.5989184e+18,10.4341452149305
21,169,56,38300000,1.5304032e+18,11.2252567257629
28,179,76,15800000,1.5463008e+18,6.90875477931522
23,179,75,34700000,1.629936e+18,10.4913019948302
22,190,82,29900000,1.6291584e+18,9.54688403461792
28,175,68,16500000,1.2779424e+18,6.90875477931522
22,177,67,40800000,1.4364864e+18,6.80350525760834
22,180,71,34800000,1.4988672e+18,6.74641212857337
23,181,73,28500000,1.5803424e+18,10.5713425658087
25,188,76,18800000,1.5973632e+18,10.4913019948302
22,191,85,32600000,1.5971904e+18,10.5453677541517
24,174,65,3.3e+07,1.6255296e+18,9.39274525863144
21,190,88,32600000,1.6248384e+18,9.90353755128617
18,188,86,38400000,1.5463008e+18,6.21660610108486
27,184,76,16800000,1.5463008e+18,6.90875477931522
20,175,65,34700000,1.6272576e+18,10.8590182281479
21,170,67,39100000,1.5488064e+18,6.68586094706836
21,175,73,39100000,1.551312e+18,6.68586094706836
25,183,77,21600000,1.5610752e+18,6.90875477931522
24,182,74,31900000,1.5987456e+18,9.30574145673944
20,179,75,37800000,1.5620256e+18,10.7995959850478
20,175,62,34900000,1.6015104e+18,11.1124628236349
18,178,66,46800000,1.5304032e+18,10.6919676399149
22,187,80,37400000,1.5991776e+18,9.47278155656217
22,183,74,37400000,1.5488928e+18,9.39274525863144
23,181,70,20900000,1.6284672e+18,10.463131911492
19,186,77,3.3e+07,1.5619392e+18,8.8538082749772
37,183,75,2400000,1.5778368e+18,8.29429960885724
38,174,74,2900000,1.62432e+18,9.61587214452889
37,190,92,1300000,1.1676096e+18,6.21660610108486
28,191,84,11600000,1.4673312e+18,10.1266711030504
36,181,79,1900000,1.120176e+18,9.85224688834253
34,177,76,4900000,1.0913184e+18,10.9151066458675
30,184,69,7200000,1.5324768e+18,8.98732181285012
35,180,75,1300000,1.5304032e+18,9.47278155656217
40,184,84,1100000,1.2438144e+18,10.043292972227
34,185,85,5200000,1.5619392e+18,10.7579241570616
35,183,80,2e+06,1.5641856e+18,8.8538082749772
37,178,71,2400000,1.5038784e+18,9.68040649926888
35,176,76,3e+06,1.6288128e+18,8.5173931714189
36,185,75,4100000,1.6104096e+18,6.80350525760834
37,188,88,875000,1.6250976e+18,8.98732181285012
35,184,81,1100000,1.5929568e+18,9.21044036697652
35,175,70,3600000,1.6250976e+18,9.7981825908907
35,184,82,2600000,1.5632352e+18,9.39274525863144
30,174,76,9100000,1.6250976e+18,10.6454487065059
34,188,78,1800000,1.5790464e+18,10.5966597327836
36,176,71,2900000,1.59408e+18,9.47278155656217
32,181,72,7800000,1.6308864e+18,9.54688403461792
33,178,66,6700000,1.4095296e+18,10.7364184143654
36,179,74,4200000,1.5682464e+18,6.90875477931522
33,201,93,3400000,1.4075424e+18,10.4341452149305
33,180,79,6200000,1.4988672e+18,9.7981825908907
32,192,74,6800000,1.4676768e+18,10.6454487065059
32,185,79,6600000,1.5321312e+18,9.99884318585288
32,186,77,5400000,1.5619392e+18,9.85224688834253
36,180,76,2700000,1.6136928e+18,9.54688403461792
34,183,88,2900000,1.4702688e+18,9.21044036697652
34,184,74,3400000,1.6263072e+18,8.8538082749772
33,194,85,5400000,1.5489792e+18,9.85224688834253
33,182,73,4100000,1.5619392e+18,9.61587214452889
31,186,79,7400000,1.5935616e+18,10.1658902778025
33,176,79,7700000,1.4673312e+18,6.90875477931522
31,186,90,9600000,1.6310592e+18,10.4913019948302
34,173,65,4e+06,1.52928e+18,9.61587214452889
34,176,70,4400000,1.6275168e+18,9.21044036697652
38,193,87,4200000,1.4988672e+18,6.90875477931522
34,195,85,3100000,1.5000768e+18,10.5713425658087
31,175,72,7200000,1.6131744e+18,9.21044036697652
33,178,73,6700000,1.595808e+18,10.7995959850478
32,182,74,9900000,1.5507936e+18,6.90875477931522
31,185,88,7200000,1.4701824e+18,10.4042931430198
31,187,83,7600000,1.627344e+18,9.99884318585288
32,183,80,6300000,1.6009056e+18,10.3735224312936
31,174,78,7400000,1.5631488e+18,10.9682155307592
32,188,82,8300000,1.4357088e+18,10.2399955028053
33,192,83,5800000,1.6250976e+18,9.54688403461792
34,158,56,3900000,1.4871168e+18,9.10509096125708
30,190,83,10500000,1.4716512e+18,10.8197982842103
32,173,70,7100000,1.5818976e+18,9.68040649926888
33,180,72,5900000,1.5304032e+18,9.47278155656217
34,184,87,3600000,1.4357088e+18,9.90353755128617
31,176,75,9400000,1.5026688e+18,10.7579241570616
32,180,78,8100000,1.6023744e+18,6.74641212857337
31,178,76,7100000,1.5179616e+18,9.21044036697652
31,182,77,7800000,1.626912e+18,9.68040649926888
32,183,73,7800000,1.6123968e+18,10.4341452149305
29,184,82,10500000,1.6257888e+18,10.8590182281479
33,187,79,6100000,1.601856e+18,10.2036291813376
31,173,75,6600000,1.5004224e+18,10.5453677541517
31,188,78,7800000,1.6297632e+18,9.54688403461792
32,165,64,6600000,1.5316128e+18,9.95232533461943
32,192,87,4600000,1.6250976e+18,10.6213517356329
32,186,71,5800000,1.50336e+18,9.30574145673944
31,186,84,9100000,1.389312e+18,10.463131911492
32,186,80,7900000,1.5964992e+18,6.90875477931522
33,169,67,5300000,1.3736736e+18,9.7981825908907
30,188,79,6800000,1.5834528e+18,8.98732181285012
29,184,80,10500000,1.4525568e+18,10.5187002182882
29,170,72,10500000,1.4680224e+18,10.2750855911327
29,182,72,9900000,1.4988672e+18,10.7789771230064
34,187,75,4200000,1.6142976e+18,9.30574145673944
32,194,92,4800000,1.6252704e+18,10.2399955028053
31,193,79,5700000,1.4700096e+18,10.4341452149305
31,193,86,6500000,1.4673312e+18,10.2399955028053
29,188,73,8900000,1.407888e+18,11.002116507732
31,173,66,8e+06,1.4072832e+18,10.3735224312936
30,174,61,9100000,1.4988672e+18,10.6454487065059
30,187,84,7500000,1.5304032e+18,9.99884318585288
29,182,74,12100000,1.5964992e+18,6.90875477931522
32,196,92,5300000,1.6289856e+18,10.2399955028053
33,177,77,6100000,1.3726368e+18,9.99884318585288
30,188,84,8700000,1.4673312e+18,10.6454487065059
30,175,67,9100000,1.6026336e+18,10.6454487065059
29,182,80,10500000,1.5621984e+18,10.5966597327836
30,172,65,6900000,1.6257024e+18,8.69968140098951
31,194,80,4800000,1.5999552e+18,9.10509096125708
30,189,88,6700000,1.5995232e+18,9.47278155656217
30,179,77,10500000,1.4689728e+18,10.3735224312936
30,180,79,12100000,1.4538528e+18,10.0858507751287
31,179,74,8200000,1.6094592e+18,10.043292972227
30,184,83,9400000,1.6117056e+18,10.7789771230064
32,188,87,3500000,1.6284672e+18,8.8538082749772
31,184,75,6e+06,1.6176672e+18,8.8538082749772
32,172,67,7800000,1.4846112e+18,10.3089859934221
33,189,80,7400000,1.5639264e+18,10.1266711030504
34,178,76,5400000,1.342656e+18,10.3417747410115
31,183,82,8700000,1.498176e+18,11.0509058782636
34,187,79,2e+06,1.628208e+18,8.98732181285012
30,180,82,9900000,1.5036192e+18,9.74102744483773
33,187,89,3e+06,1.6302816e+18,9.61587214452889
29,185,79,7700000,1.6250976e+18,9.7981825908907
30,194,86,9200000,1.562544e+18,10.5453677541517
30,175,73,10100000,1.5983136e+18,9.90353755128617
30,191,102,5600000,1.5758496e+18,8.8538082749772
28,176,71,9900000,1.5477696e+18,10.2036291813376
30,186,84,10500000,1.4352768e+18,10.7995959850478
36,170,67,2500000,1.452384e+18,9.30574145673944
28,174,72,10200000,1.5989184e+18,10.6454487065059
29,182,81,10500000,1.5640128e+18,10.8590182281479
28,172,69,11600000,1.5619392e+18,10.043292972227
29,198,87,8900000,1.5337728e+18,10.7364184143654
30,174,68,8800000,1.563408e+18,9.47278155656217
33,178,71,7700000,1.5304896e+18,10.0858507751287
28,175,65,7700000,1.5304032e+18,9.68040649926888
38,186,80,1400000,1.5463008e+18,6.39859493453521
29,181,75,9400000,1.5471648e+18,9.95232533461943
29,167,73,9100000,1.467504e+18,11.1562648066437
29,187,81,9400000,1.5040512e+18,10.3417747410115
29,183,74,7700000,1.5325632e+18,9.30574145673944
28,182,72,12100000,1.502064e+18,10.2399955028053
31,187,77,4800000,1.4673312e+18,8.98732181285012
31,174,70,9700000,1.5306624e+18,9.30574145673944
31,175,68,6e+06,1.5316128e+18,9.10509096125708
34,178,76,2900000,1.4725152e+18,9.30574145673944
29,185,75,8200000,1.5639264e+18,10.2399955028053
27,175,76,9e+06,1.5619392e+18,9.68040649926888
29,185,72,9900000,1.6250976e+18,10.2036291813376
29,187,91,8900000,1.625184e+18,10.2399955028053
30,186,72,7400000,1.4993856e+18,9.39274525863144
29,175,77,9900000,1.2464064e+18,10.7789771230064
28,178,72,10500000,1.4842656e+18,10.7789771230064
29,184,73,9400000,1.5304896e+18,10.7364184143654
29,177,65,7200000,1.4673312e+18,9.95232533461943
31,185,85,6500000,1.4041728e+18,10.2399955028053
31,186,82,5300000,1.612224e+18,9.61587214452889
28,193,90,7500000,1.562112e+18,8.29429960885724
28,189,86,10500000,1.532304e+18,10.2750855911327
32,190,83,6800000,1.5337728e+18,10.4042931430198
30,190,80,8e+06,1.617408e+18,6.39859493453521
27,188,83,12800000,1.6305408e+18,10.6213517356329
29,174,74,9400000,1.6250976e+18,9.47278155656217
27,182,73,1.2e+07,1.6105824e+18,9.61587214452889
35,172,68,2400000,1.301616e+18,8.69968140098951
27,170,62,9600000,1.5935616e+18,9.47278155656217
26,178,70,11400000,1.5302304e+18,10.7364184143654
30,183,81,10500000,1.4386464e+18,11.0509058782636
29,185,88,1.1e+07,1.5304032e+18,10.1266711030504
28,189,87,9600000,1.4673312e+18,11.0186455364637
26,184,79,10700000,1.5990048e+18,10.043292972227
29,177,69,8100000,1.601856e+18,10.8780660602808
31,180,80,5700000,1.6276896e+18,9.61587214452889
30,183,78,12100000,1.5964128e+18,6.90875477931522
28,185,75,10900000,1.5319584e+18,10.1658902778025
32,173,73,8600000,1.5463008e+18,6.90875477931522
33,169,69,4600000,1.630368e+18,9.21044036697652
28,173,78,9100000,1.5654816e+18,10.2750855911327
28,180,70,9400000,1.598832e+18,10.7995959850478
27,178,73,12200000,1.535328e+18,10.043292972227
27,181,70,11500000,1.4858208e+18,9.85224688834253
32,188,85,7800000,1.5304032e+18,10.3735224312936
27,182,80,13200000,1.6136064e+18,6.90875477931522
30,175,73,6800000,1.6094592e+18,8.98732181285012
30,171,71,8300000,1.5804288e+18,9.10509096125708
29,180,72,10800000,1.612224e+18,6.80350525760834
26,182,82,12800000,1.4065056e+18,10.9682155307592
26,181,69,1.1e+07,1.6268256e+18,9.99884318585288
26,180,77,11900000,1.3726368e+18,10.6919676399149
27,173,61,10200000,1.6034976e+18,10.463131911492
32,187,82,7900000,1.6250976e+18,10.2750855911327
26,191,75,14800000,1.5647904e+18,10.6919676399149
28,189,75,10900000,1.5021504e+18,6.55250788703459
32,178,72,7400000,1.5993504e+18,10.9682155307592
26,184,84,11500000,1.597536e+18,10.2036291813376
27,163,70,11400000,1.5994368e+18,10.4913019948302
34,191,86,2e+06,1.5458688e+18,9.68040649926888
31,185,78,6200000,1.5304896e+18,10.5187002182882
28,183,82,9500000,1.4988672e+18,11.002116507732
31,185,78,5300000,1.6250976e+18,9.39274525863144
28,196,88,10300000,1.56168e+18,10.6919676399149
25,169,68,1.3e+07,1.627776e+18,9.10509096125708
28,181,73,1.2e+07,1.6263072e+18,9.95232533461943
34,181,73,5200000,1.4357088e+18,9.99884318585288
28,180,70,8500000,1.582848e+18,9.7981825908907
27,183,77,13700000,1.4997312e+18,6.80350525760834
39,184,74,2400000,1.5173568e+18,6.55250788703459
29,170,64,8300000,1.3411008e+18,10.4042931430198
27,178,71,10200000,1.623888e+18,9.61587214452889
25,191,77,11900000,1.5607296e+18,10.7364184143654
30,193,88,7800000,1.6250976e+18,10.3735224312936
27,175,71,9e+06,1.5814656e+18,9.10509096125708
28,174,74,9900000,1.2469248e+18,10.7789771230064
25,189,80,13100000,1.3411008e+18,9.61587214452889
33,178,76,5300000,1.5021504e+18,9.10509096125708
28,174,71,8300000,1.5786144e+18,9.74102744483773
27,188,84,13700000,1.5488928e+18,9.54688403461792
28,183,81,1.2e+07,1.5304896e+18,10.043292972227
26,182,73,14800000,1.4684544e+18,10.2399955028053
28,177,70,12100000,1.5621984e+18,10.043292972227
28,195,87,9e+06,1.5304032e+18,9.90353755128617
30,185,80,9900000,1.5304032e+18,10.1266711030504
30,187,86,9900000,1.5619392e+18,10.1266711030504
28,189,84,7600000,1.6250976e+18,9.47278155656217
27,191,87,8e+06,1.5679872e+18,9.54688403461792
29,189,75,6500000,1.5794784e+18,9.10509096125708
34,181,68,4600000,1.6030656e+18,6.90875477931522
27,184,85,11400000,1.6270848e+18,10.2750855911327
27,180,78,10700000,1.5991776e+18,10.043292972227
28,170,65,11400000,1.5640992e+18,9.7981825908907
26,189,80,11500000,1.55304e+18,10.043292972227
27,187,74,10700000,1.5653088e+18,10.5966597327836
25,183,73,1.5e+07,1.5488928e+18,10.6919676399149
25,191,88,14400000,1.3702176e+18,11.2118338856085
26,176,71,12800000,1.6118784e+18,10.3089859934221
27,171,75,10800000,1.631664e+18,10.7144399907278
28,181,84,8100000,1.5673824e+18,9.99884318585288
27,187,81,13500000,1.6250976e+18,9.39274525863144
26,186,76,9600000,1.6250976e+18,9.95232533461943
26,179,70,11900000,1.5336e+18,10.3089859934221
37,184,88,1e+06,1.6094592e+18,8.8538082749772
30,165,68,8300000,1.5779232e+18,9.10509096125708
31,184,78,6500000,1.530576e+18,9.95232533461943
32,180,72,5300000,1.530576e+18,8.00670084544037
29,180,72,7800000,1.4020128e+18,10.5966597327836
32,185,78,7600000,1.4686272e+18,10.043292972227
36,184,82,1500000,1.6130016e+18,9.10509096125708
35,169,72,3200000,1.547424e+18,9.30574145673944
34,181,74,2700000,1.51632e+18,9.74102744483773
27,184,79,9500000,1.33056e+18,9.54688403461792
26,169,67,9e+06,1.5645312e+18,9.68040649926888
31,192,93,5700000,1.6136064e+18,9.54688403461792
29,187,67,6800000,1.4524704e+18,9.39274525863144
25,185,81,13300000,1.5641856e+18,10.2750855911327
29,193,87,8500000,1.630368e+18,9.68040649926888
26,189,90,12800000,1.5329088e+18,10.8780660602808
24,179,69,13800000,1.6301952e+18,10.1266711030504
28,183,79,9e+06,1.6257888e+18,9.99884318585288
25,180,71,13800000,1.599696e+18,10.6454487065059
29,170,72,8800000,1.4988672e+18,9.99884318585288
25,179,67,11500000,1.5619392e+18,10.4913019948302
28,167,61,12100000,1.5349824e+18,9.90353755128617
26,184,79,11500000,1.5313536e+18,10.2399955028053
27,176,72,1.1e+07,1.6293312e+18,9.39274525863144
28,181,80,8800000,1.5463008e+18,10.7579241570616
27,188,77,9500000,1.6250976e+18,9.90353755128617
27,182,80,12800000,1.6253568e+18,10.5453677541517
25,168,69,13500000,1.5935616e+18,10.043292972227
28,169,62,9400000,1.6281216e+18,10.8967578438935
33,178,70,5700000,1.4988672e+18,9.21044036697652
31,178,68,10300000,1.5468192e+18,7.60140233458373
24,180,75,18900000,1.6250976e+18,10.4042931430198
26,174,64,12800000,1.6267392e+18,10.4913019948302
25,172,69,11500000,1.6294176e+18,10.3089859934221
26,172,75,12800000,1.566432e+18,10.5453677541517
27,180,89,11500000,1.5304896e+18,10.6919676399149
33,175,68,7700000,1.5585696e+18,6.90875477931522
31,177,74,9100000,1.5985728e+18,10.7144399907278
30,185,73,7800000,1.3799808e+18,9.99884318585288
25,183,75,14800000,1.626912e+18,11.0974251724089
24,173,70,18900000,1.6270848e+18,10.6454487065059
24,180,70,15600000,1.5935616e+18,9.68040649926888
30,189,80,10300000,1.3569984e+18,6.80350525760834
25,186,72,18500000,1.6114464e+18,10.2750855911327
29,184,76,11600000,1.5337728e+18,10.1658902778025
27,174,79,8300000,1.5780096e+18,9.47278155656217
25,179,79,12200000,1.6275168e+18,9.10509096125708
24,182,79,13800000,1.5008544e+18,10.4913019948302
28,180,75,11400000,1.5662592e+18,10.1658902778025
27,188,83,13700000,1.5488928e+18,6.90875477931522
27,182,80,10900000,1.5348096e+18,9.39274525863144
29,174,66,11600000,1.5486336e+18,9.90353755128617
27,161,59,9900000,1.6159392e+18,9.10509096125708
27,180,76,12300000,1.5355008e+18,11.6526961029598
28,180,70,9900000,1.6257024e+18,10.0858507751287
26,176,72,13500000,1.5484608e+18,10.0858507751287
28,185,86,8400000,1.4877216e+18,9.10509096125708
26,181,75,14100000,1.6002144e+18,10.1658902778025
25,166,60,13100000,1.594944e+18,8.8538082749772
26,188,83,8700000,1.4884992e+18,9.30574145673944
27,178,71,11900000,1.5646176e+18,10.7995959850478
27,165,62,12600000,1.6254432e+18,9.99884318585288
24,187,78,20700000,1.5971904e+18,10.0858507751287
24,185,73,16600000,1.5304032e+18,9.85224688834253
24,189,82,12400000,1.487376e+18,10.0858507751287
27,194,86,11500000,1.600128e+18,10.8396005193574
28,186,79,11600000,1.5304032e+18,6.90875477931522
23,167,58,14200000,1.601856e+18,10.1266711030504
26,167,63,10200000,1.4518656e+18,9.61587214452889
25,175,74,12600000,1.5976224e+18,10.6689786502192
23,196,94,25300000,1.6268256e+18,10.4042931430198
24,175,71,16800000,1.467936e+18,10.2399955028053
26,188,81,11500000,1.5304032e+18,10.6919676399149
27,177,68,12500000,1.5304032e+18,9.74102744483773
27,174,74,9e+06,1.4673312e+18,9.74102744483773
25,179,80,11800000,1.6124832e+18,9.39274525863144
28,186,77,11600000,1.5663456e+18,10.1658902778025
25,175,76,13800000,1.630368e+18,10.2399955028053
24,184,79,14900000,1.4383008e+18,11.314486721294
26,186,79,15600000,1.601856e+18,10.0858507751287
26,175,70,14100000,1.610064e+18,9.39274525863144
25,176,67,14800000,1.6120512e+18,10.5966597327836
25,184,82,11700000,1.6304544e+18,10.6689786502192
26,174,69,12600000,1.4988672e+18,9.30574145673944
31,177,74,5900000,1.4554944e+18,9.10509096125708
23,177,70,25300000,1.4598144e+18,10.2399955028053
23,177,71,16800000,1.4141088e+18,10.7995959850478
26,176,73,10100000,1.5304032e+18,10.5453677541517
26,180,71,12800000,1.5640128e+18,10.8780660602808
24,181,75,1.8e+07,1.6292448e+18,9.99884318585288
26,171,68,12100000,1.6121376e+18,10.0858507751287
35,187,87,906000,1.6262208e+18,8.8538082749772
29,186,79,9400000,1.502496e+18,10.043292972227
27,184,79,10900000,1.56384e+18,10.7144399907278
26,174,67,12500000,1.5778368e+18,11.3385839825165
26,188,90,12800000,1.5173568e+18,10.6213517356329
26,173,75,10200000,1.42128e+18,8.98732181285012
28,182,76,9900000,1.6024608e+18,9.85224688834253
29,178,80,9400000,1.5022368e+18,10.0858507751287
29,192,86,10400000,1.6301952e+18,9.74102744483773
24,193,90,11200000,1.6250976e+18,9.21044036697652
23,184,75,23100000,1.5657408e+18,10.6689786502192
24,179,72,18900000,1.3661568e+18,10.4042931430198
23,191,74,15600000,1.5619392e+18,10.043292972227
26,175,79,13300000,1.5984864e+18,9.7981825908907
23,182,78,19300000,1.6002144e+18,6.90875477931522
24,183,78,17600000,1.6245792e+18,9.30574145673944
24,189,84,13100000,1.5958944e+18,9.90353755128617
27,186,84,13700000,1.5619392e+18,10.1266711030504
24,183,73,13400000,1.39536e+18,9.54688403461792
26,193,70,14800000,1.6130016e+18,6.90875477931522
27,184,74,10200000,1.562544e+18,10.4042931430198
24,191,70,20700000,1.4357088e+18,10.4042931430198
23,180,70,15800000,1.4435712e+18,10.9151066458675
25,188,82,8700000,1.625616e+18,9.85224688834253
37,177,73,2300000,1.6257024e+18,9.7981825908907
29,177,74,7200000,1.6288128e+18,9.39274525863144
29,177,75,9300000,1.625616e+18,9.47278155656217
25,184,77,10500000,1.6257024e+18,10.2750855911327
25,176,73,9900000,1.625616e+18,10.2750855911327
21,192,91,11400000,1.6250112e+18,9.10509096125708
25,168,66,10500000,1.6257024e+18,10.2750855911327
29,177,78,9100000,1.6250112e+18,9.47278155656217
29,178,75,9100000,1.625616e+18,9.47278155656217
29,185,85,8900000,1.6288128e+18,9.61587214452889
25,190,88,8700000,1.625616e+18,9.68040649926888
33,169,68,5e+06,1.625616e+18,10.3089859934221
25,182,81,10500000,1.6257024e+18,9.99884318585288
29,177,73,9300000,1.6288128e+18,10.1658902778025
37,174,75,3400000,1.625616e+18,9.30574145673944
21,191,88,11400000,1.6250112e+18,9.10509096125708
25,187,82,10500000,1.625616e+18,9.47278155656217
29,177,84,9100000,1.6257024e+18,10.0858507751287
25,172,71,11400000,1.6257024e+18,10.3735224312936
37,180,71,3600000,1.625616e+18,9.39274525863144
29,178,72,9900000,1.6254432e+18,10.463131911492
21,188,84,11400000,1.6254432e+18,9.30574145673944
26,183,80,14500000,1.6250976e+18,9.39274525863144
27,167,67,10200000,1.5304032e+18,9.95232533461943
24,175,72,12600000,1.6250976e+18,10.5966597327836
27,175,72,9e+06,1.5787872e+18,9.10509096125708
23,178,76,1.5e+07,1.6257024e+18,9.7981825908907
26,184,76,14800000,1.5964992e+18,10.2036291813376
24,180,72,18900000,1.5482016e+18,10.5187002182882
26,172,70,14100000,1.6276896e+18,9.90353755128617
25,172,65,15600000,1.630368e+18,9.7981825908907
24,192,75,16200000,1.601856e+18,9.30574145673944
22,171,70,19600000,1.6012512e+18,9.30574145673944
25,191,84,16600000,1.6019424e+18,9.39274525863144
25,190,72,1.8e+07,1.5356736e+18,9.21044036697652
29,178,68,9100000,1.6265664e+18,9.99884318585288
33,185,83,5e+06,1.5778368e+18,9.54688403461792
22,188,84,25200000,1.630368e+18,10.7995959850478
30,177,68,8300000,1.562112e+18,9.54688403461792
27,191,88,7900000,1.4569632e+18,8.8538082749772
23,187,70,17900000,1.5634944e+18,9.90353755128617
22,172,60,19600000,1.5310944e+18,9.30574145673944
23,187,83,26300000,1.630368e+18,10.6919676399149
24,175,70,18500000,1.6278624e+18,6.90875477931522
24,188,78,12400000,1.376352e+18,10.6689786502192
21,185,75,2.5e+07,1.5984864e+18,10.4341452149305
25,182,76,16300000,1.627776e+18,9.85224688834253
23,182,76,27600000,1.563408e+18,9.74102744483773
24,176,74,15600000,1.6285536e+18,10.5187002182882
27,185,77,9e+06,1.4979168e+18,9.74102744483773
24,188,73,14800000,1.627344e+18,10.043292972227
24,176,66,19800000,1.465344e+18,10.4913019948302
26,168,65,1.1e+07,1.6007328e+18,9.10509096125708
26,185,77,13500000,1.5780096e+18,9.74102744483773
25,176,71,14500000,1.5304032e+18,9.95232533461943
21,178,71,25200000,1.5652224e+18,10.6919676399149
22,165,64,26500000,1.5330816e+18,9.85224688834253
25,181,70,10500000,1.6250112e+18,9.39274525863144
24,180,71,17900000,1.5196896e+18,8.8538082749772
24,183,77,15100000,1.4697504e+18,10.4042931430198
22,184,77,16600000,1.593648e+18,9.95232533461943
25,181,80,13500000,1.56168e+18,9.68040649926888
24,183,74,13400000,1.4357088e+18,9.61587214452889
24,195,85,14200000,1.5935616e+18,10.7144399907278
22,176,73,18900000,1.4988672e+18,10.6919676399149
23,187,69,26500000,1.6250976e+18,9.99884318585288
23,186,79,16800000,1.6305408e+18,10.5966597327836
21,186,76,26300000,1.6288128e+18,10.1658902778025
27,191,91,12500000,1.5619392e+18,10.6689786502192
24,180,63,16600000,1.6056576e+18,10.043292972227
23,179,73,23800000,1.5671232e+18,10.1266711030504
25,183,75,1.1e+07,1.5778368e+18,9.85224688834253
25,176,69,14500000,1.627776e+18,9.85224688834253
26,180,75,15200000,1.53144e+18,10.043292972227
22,179,68,2.5e+07,1.5619392e+18,9.90353755128617
24,175,72,19800000,1.6013376e+18,9.39274525863144
23,174,68,28800000,1.5986592e+18,9.95232533461943
23,183,70,17600000,1.6267392e+18,10.4042931430198
27,182,80,10800000,1.6282944e+18,9.74102744483773
22,174,72,24200000,1.5619392e+18,10.6454487065059
21,178,69,26400000,1.4988672e+18,9.95232533461943
24,188,78,12600000,1.560816e+18,10.4042931430198
25,183,71,15200000,1.5653088e+18,9.68040649926888
23,173,75,17100000,1.5829344e+18,10.6213517356329
20,178,70,24200000,1.5355008e+18,10.6919676399149
21,185,73,21600000,1.6015968e+18,8.98732181285012
28,186,80,9e+06,1.5336e+18,10.6919676399149
24,167,72,20700000,1.5494976e+18,10.2750855911327
25,178,69,17100000,1.4041728e+18,9.90353755128617
24,191,78,17600000,1.4542848e+18,9.21044036697652
25,175,69,12800000,1.5480288e+18,9.54688403461792
25,191,87,13300000,1.625616e+18,9.99884318585288
22,180,69,27500000,1.5935616e+18,9.68040649926888
21,180,73,17600000,1.5304032e+18,9.90353755128617
22,178,65,18900000,1.6250976e+18,10.5966597327836
23,184,76,18900000,1.6255296e+18,10.6454487065059
20,175,68,21300000,1.489968e+18,8.98732181285012
23,178,69,16600000,1.4516064e+18,10.043292972227
21,187,82,22800000,1.6250976e+18,10.4913019948302
27,196,84,13700000,1.3094784e+18,6.62140565176413
23,183,76,19600000,1.6098048e+18,6.68586094706836
22,189,79,2.5e+07,1.5656544e+18,9.99884318585288
25,192,84,13500000,1.5619392e+18,9.39274525863144
23,176,69,24200000,1.4988672e+18,9.54688403461792
21,170,71,2e+07,1.5355872e+18,9.54688403461792
23,191,84,13100000,1.5486336e+18,9.7981825908907
23,188,80,27600000,1.6250976e+18,6.74641212857337
20,176,71,28800000,1.5453504e+18,9.7981825908907
23,189,86,27600000,1.4988672e+18,9.90353755128617
24,181,67,14100000,1.5619392e+18,9.7981825908907
20,192,79,2e+07,1.5304032e+18,9.85224688834253
19,185,80,23800000,1.6250976e+18,10.2036291813376
20,179,77,18400000,1.5463008e+18,9.21044036697652
21,178,69,17900000,1.5634944e+18,9.90353755128617
24,184,78,20700000,1.6298496e+18,10.2750855911327
22,169,63,27500000,1.5304032e+18,9.30574145673944
22,175,76,27600000,1.5661728e+18,6.68586094706836
21,175,61,24200000,1.5673824e+18,9.95232533461943
23,192,83,24200000,1.6108416e+18,10.4042931430198
29,179,81,10500000,1.5147648e+18,6.85751406254539
23,175,71,23800000,1.6298496e+18,10.1266711030504
22,174,63,25300000,1.5654816e+18,6.68586094706836
23,172,65,20700000,1.6250976e+18,6.80350525760834
19,173,63,24200000,1.5619392e+18,9.85224688834253
18,180,68,29600000,1.5911424e+18,9.85224688834253
24,184,80,18500000,1.5964128e+18,6.85751406254539
22,184,77,2.7e+07,1.4988672e+18,11.2385017770766
26,178,64,13200000,1.5967584e+18,6.90875477931522
20,199,88,24200000,1.5147648e+18,9.54688403461792
36,188,78,594000,1.6250976e+18,8.8538082749772
37,184,75,2500000,1.4362272e+18,9.47278155656217
34,196,91,1300000,1.6279488e+18,10.3735224312936
38,184,84,665000,1.29384e+18,7.60140233458373
36,181,78,1400000,1.5310944e+18,9.95232533461943
35,193,88,2100000,1.6294176e+18,9.90353755128617
34,178,75,3200000,1.6112736e+18,9.74102744483773
36,178,72,1700000,1.5619392e+18,9.68040649926888
35,175,73,2e+06,1.2331008e+18,9.68040649926888
31,185,84,6800000,1.5626304e+18,10.4042931430198
34,198,90,1400000,1.6267392e+18,9.99884318585288
35,178,78,2500000,1.6250976e+18,9.10509096125708
33,185,83,4e+06,1.5155424e+18,9.90353755128617
34,183,79,3800000,1.435968e+18,9.95232533461943
33,183,75,3700000,1.6250976e+18,10.4341452149305
32,183,87,5500000,1.562544e+18,10.2036291813376
33,184,76,3400000,1.5647904e+18,9.30574145673944
34,185,82,4200000,1.5985728e+18,9.61587214452889
32,197,98,3400000,1.3094784e+18,9.10509096125708
35,173,74,2600000,1.5149376e+18,8.8538082749772
36,187,95,689000,1.6250976e+18,8.69968140098951
33,195,81,3400000,1.2753504e+18,11.002116507732
34,178,78,2400000,1.5304032e+18,10.6919676399149
33,183,90,5100000,1.6302816e+18,9.99884318585288
31,190,86,4600000,1.5804288e+18,9.39274525863144
34,176,69,3200000,1.5965856e+18,10.0858507751287
31,173,73,6300000,1.5977952e+18,9.61587214452889
31,191,77,5500000,1.4079744e+18,10.5713425658087
33,188,91,4100000,1.6301088e+18,9.61587214452889
32,190,80,5100000,1.4041728e+18,10.043292972227
30,175,69,7600000,1.5463008e+18,10.1658902778025
33,171,70,4400000,1.6250976e+18,9.99884318585288
31,188,83,5900000,1.3381632e+18,10.5713425658087
31,172,76,5900000,1.4673312e+18,10.3089859934221
31,185,78,6400000,1.5633216e+18,10.043292972227
31,192,85,4600000,1.4993856e+18,9.30574145673944
32,187,80,4900000,1.5488928e+18,9.54688403461792
31,185,77,4100000,1.5806016e+18,9.54688403461792
32,171,78,4800000,1.3411008e+18,9.61587214452889
33,190,88,3600000,1.5955488e+18,10.5713425658087
30,180,72,6300000,1.6279488e+18,10.5713425658087
31,177,74,7e+06,1.5641856e+18,10.2036291813376
35,173,73,2300000,1.599696e+18,8.29429960885724
30,183,78,7e+06,1.5173568e+18,10.7995959850478
35,186,83,760000,1.5017184e+18,8.5173931714189
32,188,81,3200000,1.5626304e+18,8.69968140098951
30,183,86,6700000,1.5488064e+18,10.463131911492
31,180,74,7400000,1.5619392e+18,9.7981825908907
33,175,68,3400000,1.5639264e+18,8.8538082749772
32,175,68,7300000,1.6117056e+18,6.90875477931522
30,187,77,6100000,1.5304032e+18,10.4913019948302
31,175,67,6700000,1.4988672e+18,10.6689786502192
31,176,70,6200000,1.2148704e+18,9.85224688834253
32,178,72,7300000,1.6262208e+18,6.74641212857337
31,187,77,6600000,1.6262208e+18,6.90875477931522
31,189,87,2800000,1.4200704e+18,8.69968140098951
35,191,88,713000,1.3866336e+18,8.29429960885724
30,171,66,7e+06,1.4188608e+18,10.5713425658087
34,177,73,2600000,1.3463712e+18,10.3735224312936
30,177,74,9e+06,1.5002496e+18,10.1266711030504
28,176,81,8400000,1.5942528e+18,10.043292972227
30,179,72,8e+06,1.6098048e+18,9.54688403461792
30,178,75,5800000,1.1991456e+18,10.4042931430198
34,176,74,2100000,1.5480288e+18,9.54688403461792
30,183,78,6800000,1.4988672e+18,10.043292972227
29,181,78,6300000,1.4041728e+18,10.4341452149305
30,183,78,7800000,1.5151104e+18,11.0509058782636
31,190,82,5200000,1.5014592e+18,9.54688403461792
30,188,82,4200000,1.5995232e+18,9.21044036697652
30,182,80,7400000,1.6304544e+18,9.74102744483773
31,183,77,5200000,1.630368e+18,9.90353755128617
29,179,74,7400000,1.5650496e+18,9.95232533461943
33,171,76,3600000,1.5670368e+18,10.1266711030504
31,179,75,7e+06,1.625184e+18,9.74102744483773
33,192,86,2600000,1.38888e+18,8.69968140098951
29,192,86,7100000,1.6296768e+18,10.5966597327836
34,190,80,1300000,1.5649632e+18,10.8780660602808
29,185,71,6500000,1.3094784e+18,11.1982284186668
36,180,76,1800000,1.4370048e+18,8.8538082749772
35,179,78,1600000,1.6062624e+18,8.00670084544037
33,178,74,4400000,1.5304896e+18,9.95232533461943
31,187,80,7900000,1.5983136e+18,6.90875477931522
29,188,87,6200000,1.6024608e+18,9.54688403461792
31,176,75,6800000,1.5308352e+18,9.85224688834253
30,179,71,7e+06,1.2779424e+18,10.0858507751287
29,180,71,8e+06,1.5336e+18,10.4341452149305
29,192,88,6300000,1.2779424e+18,9.95232533461943
29,183,78,7300000,1.5972768e+18,9.10509096125708
29,178,77,6300000,1.5336864e+18,10.6919676399149
33,183,77,4400000,1.6250112e+18,6.90875477931522
32,186,83,3800000,1.4357088e+18,9.68040649926888
30,170,64,6200000,1.5939936e+18,9.30574145673944
30,186,79,6e+06,1.626912e+18,10.2750855911327
31,182,74,4900000,1.5463008e+18,10.463131911492
30,198,103,4200000,1.6250976e+18,8.98732181285012
33,194,92,2400000,1.5304032e+18,10.4042931430198
30,174,70,6400000,1.6142976e+18,9.61587214452889
32,170,70,5600000,1.5970176e+18,9.54688403461792
29,185,79,7800000,1.5982272e+18,10.4341452149305
31,178,80,7400000,1.5673824e+18,6.85751406254539
31,188,80,6100000,1.6250976e+18,9.54688403461792
34,187,81,3600000,1.6266528e+18,10.043292972227
28,190,80,5400000,1.6267392e+18,9.90353755128617
32,194,93,4200000,1.6095456e+18,9.39274525863144
31,177,74,4700000,1.6136064e+18,9.30574145673944
32,186,88,7300000,1.6265664e+18,6.90875477931522
30,175,77,5300000,1.5736032e+18,8.98732181285012
27,185,75,8900000,1.3019616e+18,10.5713425658087
28,170,68,8e+06,1.579824e+18,10.7579241570616
27,173,75,8700000,1.5337728e+18,10.6213517356329
29,174,65,8100000,1.6262208e+18,9.74102744483773
30,185,75,7700000,1.601856e+18,6.85751406254539
28,182,77,6e+06,1.5172704e+18,9.61587214452889
34,168,71,3e+06,1.5480288e+18,9.54688403461792
31,174,71,5300000,1.5619392e+18,9.54688403461792
29,183,82,6700000,1.2779424e+18,10.3735224312936
30,175,76,7e+06,1.6296768e+18,10.5187002182882
31,179,69,5e+06,1.6279488e+18,9.21044036697652
27,174,60,11100000,1.5489792e+18,6.90875477931522
26,186,84,10700000,1.601856e+18,9.90353755128617
28,178,65,7700000,1.5964992e+18,10.7789771230064
28,188,83,6100000,1.629504e+18,10.5713425658087
31,184,78,5900000,1.5967584e+18,10.463131911492
30,190,78,8200000,1.6017696e+18,10.1266711030504
28,185,74,9500000,1.5964992e+18,10.2399955028053
32,182,76,6600000,1.6263936e+18,9.74102744483773
26,185,80,9300000,1.630368e+18,10.6213517356329
27,178,70,8600000,1.4984352e+18,9.68040649926888
26,175,72,10900000,1.598832e+18,10.6213517356329
28,184,72,7100000,1.4357088e+18,10.6213517356329
29,190,80,8e+06,1.625184e+18,10.6689786502192
27,190,89,8400000,1.5304032e+18,9.99884318585288
30,180,72,5900000,1.5008544e+18,9.7981825908907
30,186,83,7400000,1.2779424e+18,6.74641212857337
31,170,60,7500000,1.5973632e+18,6.90875477931522
28,192,84,7900000,1.562976e+18,10.6213517356329
29,190,86,7600000,1.600128e+18,10.2036291813376
27,184,84,8e+06,1.5656544e+18,9.30574145673944
31,188,87,5400000,1.5935616e+18,9.90353755128617
29,183,72,6300000,1.562112e+18,10.043292972227
28,191,88,5700000,1.5321312e+18,10.8780660602808
26,190,77,10900000,1.5964992e+18,9.95232533461943
27,183,77,8500000,1.6257024e+18,10.2399955028053
28,178,78,7100000,1.5989184e+18,10.6454487065059
28,181,76,7800000,1.6296768e+18,9.74102744483773
29,185,73,9200000,1.630368e+18,10.2399955028053
27,175,75,9900000,1.5810336e+18,6.90875477931522
29,182,78,5800000,1.6250976e+18,9.61587214452889
26,175,73,7600000,1.4836608e+18,8.98732181285012
29,187,79,6500000,1.4673312e+18,9.95232533461943
32,188,82,5600000,1.5999552e+18,9.68040649926888
29,187,75,6900000,1.6276896e+18,9.99884318585288
27,178,76,8700000,1.5005952e+18,10.3089859934221
29,183,83,6e+06,1.562976e+18,10.3417747410115
30,177,73,8200000,1.597104e+18,9.54688403461792
27,173,71,9700000,1.4988672e+18,10.5187002182882
26,182,76,9200000,1.4673312e+18,9.85224688834253
29,178,75,7e+06,1.5619392e+18,10.8197982842103
27,175,67,9e+06,1.601856e+18,9.95232533461943
26,176,73,8900000,1.5989184e+18,10.463131911492
28,181,76,7600000,1.5970176e+18,9.39274525863144
26,192,85,8200000,1.3726368e+18,10.1658902778025
27,188,84,8100000,1.6250976e+18,10.0858507751287
25,178,70,10900000,1.4201568e+18,10.0858507751287
27,192,88,8900000,1.5984e+18,8.98732181285012
28,191,89,6400000,1.5813792e+18,8.98732181285012
26,181,75,7900000,1.6118784e+18,10.5713425658087
29,179,73,8600000,1.5620256e+18,10.0858507751287
28,184,74,6500000,1.6093728e+18,9.85224688834253
26,178,71,10900000,1.630368e+18,10.3089859934221
28,185,73,8e+06,1.6283808e+18,9.74102744483773
30,187,80,6800000,1.6127424e+18,9.54688403461792
26,178,76,7200000,1.564704e+18,9.54688403461792
28,174,72,5900000,1.6276032e+18,9.68040649926888
27,178,78,6800000,1.6276032e+18,9.54688403461792
30,188,82,6200000,1.57896e+18,6.80350525760834
26,172,75,10100000,1.5804288e+18,6.90875477931522
30,181,76,4200000,1.5337728e+18,9.21044036697652
31,170,62,4700000,1.5326496e+18,9.47278155656217
30,176,73,5300000,1.5640128e+18,9.39274525863144
27,179,72,9600000,1.630368e+18,9.95232533461943
25,184,77,7200000,1.4988672e+18,9.74102744483773
28,177,75,8400000,1.625184e+18,10.3735224312936
32,186,78,4900000,1.518048e+18,9.10509096125708
35,190,90,713000,1.6130016e+18,8.98732181285012
31,178,78,4400000,1.5794784e+18,9.39274525863144
31,183,71,4400000,1.5480288e+18,9.61587214452889
26,194,86,7400000,1.5304032e+18,9.90353755128617
31,174,75,6600000,1.499472e+18,6.90875477931522
29,170,73,6800000,1.5313536e+18,10.6689786502192
28,196,83,8200000,1.5972768e+18,10.4341452149305
31,190,83,5800000,1.6267392e+18,9.47278155656217
30,179,68,7400000,1.6250976e+18,10.1658902778025
30,170,60,9e+06,1.5296256e+18,6.90875477931522
28,184,78,7100000,1.5619392e+18,10.3089859934221
30,176,70,7200000,1.5148512e+18,9.90353755128617
25,187,83,14400000,1.5619392e+18,9.85224688834253
26,184,76,5900000,1.6015104e+18,9.47278155656217
25,181,73,11500000,1.6120512e+18,10.4913019948302
29,191,86,8400000,1.5488928e+18,10.8197982842103
26,191,92,7400000,1.6233696e+18,9.68040649926888
25,197,80,11900000,1.5643584e+18,10.2750855911327
24,180,80,11700000,1.5619392e+18,10.6213517356329
27,188,92,10700000,1.5306624e+18,9.30574145673944
26,174,64,7400000,1.5342048e+18,9.68040649926888
25,183,75,9500000,1.5623712e+18,10.2036291813376
28,187,78,5300000,1.325376e+18,8.69968140098951
27,174,72,7400000,1.5619392e+18,9.47278155656217
30,162,65,6200000,1.610496e+18,8.98732181285012
28,175,67,6300000,1.5622848e+18,9.54688403461792
31,187,80,5800000,1.4988672e+18,9.39274525863144
25,183,79,14100000,1.6250112e+18,9.85224688834253
23,196,78,17900000,1.601856e+18,10.463131911492
24,190,83,14700000,1.3957056e+18,9.90353755128617
26,180,73,7100000,1.5792192e+18,9.47278155656217
32,187,93,4600000,1.5147648e+18,10.4341452149305
29,182,75,6300000,1.5973632e+18,9.68040649926888
24,186,81,11900000,1.56384e+18,10.3735224312936
26,187,80,8400000,1.598832e+18,9.47278155656217
31,181,72,5600000,1.5008544e+18,9.39274525863144
26,194,96,7900000,1.4949792e+18,9.68040649926888
24,176,67,9500000,1.4056416e+18,10.7364184143654
32,183,76,3200000,1.532304e+18,9.21044036697652
23,170,66,12500000,1.4726016e+18,10.3417747410115
24,184,82,9800000,1.5619392e+18,10.2036291813376
26,190,83,11400000,1.5996096e+18,9.85224688834253
27,192,84,7300000,1.601856e+18,9.39274525863144
29,174,68,6100000,1.6094592e+18,9.54688403461792
27,191,87,8700000,1.5304896e+18,10.5713425658087
28,176,75,8400000,1.5311808e+18,6.90875477931522
28,180,70,8e+06,1.4404608e+18,9.95232533461943
30,174,73,7900000,1.625184e+18,6.90875477931522
32,186,70,3500000,1.6009056e+18,9.39274525863144
26,177,68,10600000,1.626048e+18,9.21044036697652
31,191,79,3300000,1.5792192e+18,8.69968140098951
28,175,62,7600000,1.5650496e+18,10.1658902778025
25,168,64,10300000,1.6253568e+18,9.74102744483773
26,179,74,6700000,1.5982272e+18,8.98732181285012
28,184,72,9e+06,1.5619392e+18,9.90353755128617
26,183,84,6900000,1.4533344e+18,8.98732181285012
26,188,82,8900000,1.562976e+18,9.95232533461943
30,173,74,7700000,1.5796512e+18,6.90875477931522
26,173,73,6700000,1.5760224e+18,8.98732181285012
28,191,87,7100000,1.5304032e+18,9.74102744483773
22,182,72,1.9e+07,1.5946848e+18,10.6213517356329
25,180,74,1.2e+07,1.6294176e+18,9.99884318585288
22,195,85,18100000,1.4858208e+18,10.1658902778025
28,179,74,6400000,1.6258752e+18,9.61587214452889
34,170,70,3200000,1.5646176e+18,9.74102744483773
30,187,77,8200000,1.5602112e+18,10.2036291813376
26,179,69,8900000,1.599264e+18,9.85224688834253
28,183,80,6900000,1.6094592e+18,10.6454487065059
24,180,71,10700000,1.423008e+18,10.2399955028053
28,174,78,9e+06,1.5619392e+18,6.90875477931522
25,183,81,8900000,1.5488928e+18,9.95232533461943
28,180,84,7100000,1.4658624e+18,10.4913019948302
32,175,74,6100000,1.5619392e+18,9.95232533461943
25,180,68,11400000,1.5627168e+18,10.5187002182882
30,183,81,6400000,1.5332544e+18,9.30574145673944
26,165,65,11400000,1.550016e+18,6.90875477931522
25,184,80,1.2e+07,1.5628032e+18,9.74102744483773
22,185,80,16200000,1.6263936e+18,10.6689786502192
37,190,89,903000,1.6257024e+18,9.61587214452889
29,191,80,5200000,1.625616e+18,10.0858507751287
21,180,82,9900000,1.6250112e+18,9.10509096125708
29,179,73,7e+06,1.625616e+18,9.90353755128617
29,172,71,7e+06,1.6257024e+18,10.3089859934221
21,185,85,8400000,1.6250112e+18,9.10509096125708
29,179,80,6700000,1.6257024e+18,10.3089859934221
29,188,78,6300000,1.6254432e+18,10.2399955028053
29,181,78,6800000,1.6250112e+18,9.39274525863144
25,177,72,7800000,1.6257024e+18,10.2036291813376
25,178,80,8e+06,1.6257024e+18,9.54688403461792
33,174,74,4e+06,1.625616e+18,10.2399955028053
29,183,71,6800000,1.6250112e+18,9.39274525863144
29,178,75,7800000,1.625616e+18,9.61587214452889
29,182,79,6700000,1.625616e+18,10.0858507751287
21,188,85,7e+06,1.6250112e+18,8.69968140098951
29,193,88,5500000,1.6257024e+18,9.85224688834253
29,183,77,6700000,1.6257024e+18,10.3089859934221
29,182,80,6300000,1.625616e+18,10.3089859934221
29,182,82,7e+06,1.6250112e+18,9.39274525863144
25,170,68,8e+06,1.6257024e+18,10.2036291813376
25,172,64,8e+06,1.6250112e+18,9.30574145673944
29,167,63,7800000,1.6257024e+18,10.3735224312936
25,188,77,7800000,1.625616e+18,9.7981825908907
29,176,75,7800000,1.6257024e+18,10.3735224312936
21,179,76,8400000,1.6257024e+18,9.68040649926888
25,186,74,7800000,1.6257024e+18,9.90353755128617
29,185,80,7600000,1.625616e+18,10.463131911492
29,175,72,7800000,1.625616e+18,9.54688403461792
25,180,74,8900000,1.6257024e+18,10.0858507751287
29,180,76,8e+06,1.625616e+18,9.68040649926888
29,187,81,8e+06,1.625616e+18,10.043292972227
25,180,75,8e+06,1.625616e+18,9.39274525863144
24,175,75,15200000,1.4350176e+18,9.21044036697652
24,170,72,8100000,1.6300224e+18,9.10509096125708
23,183,85,12200000,1.6267392e+18,10.1266711030504
29,177,72,9e+06,1.5548544e+18,6.90875477931522
29,178,73,5600000,1.6024608e+18,9.54688403461792
23,183,80,10200000,1.5989184e+18,9.39274525863144
25,180,77,10100000,1.3726368e+18,10.6213517356329
23,187,84,14500000,1.5320448e+18,9.39274525863144
24,178,74,12500000,1.4988672e+18,9.85224688834253
24,172,65,10700000,1.4991264e+18,10.6919676399149
24,182,89,13100000,1.5324768e+18,9.74102744483773
23,180,73,2e+07,1.5991776e+18,10.463131911492
25,180,72,9200000,1.613088e+18,8.98732181285012
26,189,82,10700000,1.6250976e+18,8.98732181285012
23,185,81,14100000,1.6226784e+18,9.68040649926888
22,168,70,18700000,1.4373504e+18,9.99884318585288
26,192,86,10300000,1.6297632e+18,9.90353755128617
23,189,82,10200000,1.5656544e+18,9.85224688834253
25,179,68,10600000,1.5970176e+18,11.0349057929294
24,168,70,10700000,1.5778368e+18,10.2399955028053
30,180,79,6e+06,1.5619392e+18,9.54688403461792
24,180,67,12500000,1.5644448e+18,9.7981825908907
23,180,73,14100000,1.6258752e+18,9.90353755128617
24,186,81,12500000,1.5786144e+18,9.85224688834253
24,184,80,10100000,1.5304032e+18,10.4042931430198
23,187,82,12600000,1.4200704e+18,10.1658902778025
23,188,77,9900000,1.6294176e+18,10.4913019948302
24,175,67,9500000,1.5619392e+18,9.74102744483773
33,190,88,3e+06,1.5481152e+18,9.39274525863144
23,179,72,12800000,1.5475104e+18,9.95232533461943
24,171,66,8700000,1.5304032e+18,9.61587214452889
22,177,71,11900000,1.5964992e+18,9.95232533461943
28,186,82,5400000,1.5257376e+18,9.54688403461792
26,171,80,7400000,1.6296768e+18,9.10509096125708
23,174,74,16700000,1.6250976e+18,10.5966597327836
23,180,77,11700000,1.4357088e+18,10.4341452149305
33,181,77,5200000,1.3726368e+18,9.95232533461943
27,164,63,6500000,1.6223328e+18,9.10509096125708
22,182,75,10600000,1.5984864e+18,10.9331248267007
25,178,75,10700000,1.6250976e+18,10.1658902778025
23,177,76,10700000,1.596672e+18,10.2399955028053
25,184,76,13500000,1.6250976e+18,9.54688403461792
26,181,74,6900000,1.5037056e+18,9.68040649926888
22,165,65,11900000,1.5179616e+18,8.8538082749772
25,186,85,7400000,1.625616e+18,10.2036291813376
24,178,68,10300000,1.541376e+18,9.74102744483773
25,180,73,9800000,1.5952896e+18,10.1658902778025
25,178,71,11400000,1.6250976e+18,10.1658902778025
24,178,65,12500000,1.6281216e+18,6.85751406254539
22,180,73,18900000,1.4988672e+18,10.7995959850478
24,186,74,13200000,1.5304032e+18,9.68040649926888
22,175,72,17900000,1.4738112e+18,10.9331248267007
24,190,81,16800000,1.6288128e+18,10.3089859934221
25,186,78,8700000,1.562112e+18,9.68040649926888
23,177,78,13500000,1.5335136e+18,9.85224688834253
27,189,77,9e+06,1.6019424e+18,10.1266711030504
23,171,60,9800000,1.6292448e+18,9.7981825908907
23,177,65,13700000,1.5619392e+18,10.5187002182882
24,183,77,13600000,1.61784e+18,8.69968140098951
22,187,73,20900000,1.4988672e+18,9.95232533461943
21,168,58,21900000,1.5470784e+18,9.61587214452889
23,174,59,12400000,1.5778368e+18,10.4341452149305
23,174,72,15300000,1.5985728e+18,10.3417747410115
23,176,74,10700000,1.6284672e+18,10.3417747410115
25,191,79,10300000,1.5628032e+18,9.54688403461792
28,194,79,8300000,1.5620256e+18,10.5187002182882
23,185,80,1.7e+07,1.5964992e+18,10.043292972227
23,175,66,12800000,1.6250976e+18,10.6213517356329
27,167,68,9e+06,1.4976576e+18,9.61587214452889
21,182,73,20900000,1.5935616e+18,9.30574145673944
21,190,79,18900000,1.5172704e+18,10.5453677541517
21,185,85,15200000,1.626048e+18,10.1266711030504
26,185,84,10300000,1.630368e+18,10.7579241570616
22,183,82,1.9e+07,1.6118784e+18,10.1658902778025
27,179,73,9100000,1.5610752e+18,6.74641212857337
25,165,60,1.2e+07,1.6250976e+18,6.80350525760834
25,180,79,10400000,1.5472512e+18,9.85224688834253
23,172,68,10700000,1.5304032e+18,10.5966597327836
22,179,82,13500000,1.5943392e+18,10.0858507751287
21,183,66,17900000,1.5617664e+18,10.0858507751287
22,171,62,11200000,1.498176e+18,9.54688403461792
23,182,76,12800000,1.5619392e+18,9.39274525863144
35,189,86,1e+06,1.5488928e+18,6.21660610108486
21,191,79,14400000,1.5147648e+18,9.10509096125708
25,176,75,1.2e+07,1.4516064e+18,9.85224688834253
28,166,61,7100000,1.6250976e+18,9.99884318585288
20,163,62,18900000,1.5804288e+18,10.2750855911327
22,187,76,18900000,1.6252704e+18,10.0858507751287
21,171,75,20900000,1.5649632e+18,10.3735224312936
22,178,72,16700000,1.5619392e+18,10.6454487065059
25,176,69,8700000,1.5304032e+18,9.47278155656217
20,173,68,22800000,1.6302816e+18,9.7981825908907
22,192,87,1.8e+07,1.5304896e+18,10.9853096718968
29,178,72,6600000,1.6250976e+18,9.30574145673944
23,194,89,8400000,1.6287264e+18,9.21044036697652
26,187,80,11400000,1.3726368e+18,6.74641212857337
20,178,69,18900000,1.5994368e+18,9.74102744483773
23,176,71,20400000,1.5310944e+18,6.80350525760834
26,181,75,11400000,1.4988672e+18,6.90875477931522
29,172,67,6200000,1.5659136e+18,9.68040649926888
21,183,68,12800000,1.4695776e+18,9.21044036697652
24,190,82,11500000,1.629936e+18,10.5453677541517
20,171,62,1.7e+07,1.532304e+18,9.21044036697652
20,177,71,1.7e+07,1.5368832e+18,9.47278155656217
19,175,74,20700000,1.5453504e+18,9.74102744483773
23,175,68,18400000,1.4988672e+18,9.90353755128617
29,172,71,8100000,1.5486336e+18,10.0858507751287
20,192,81,17900000,1.5623712e+18,9.7981825908907
22,176,69,1.5e+07,1.5673824e+18,9.99884318585288
25,177,76,8900000,1.5619392e+18,10.6454487065059
22,181,74,21900000,1.5304032e+18,10.043292972227
25,170,70,10700000,1.5667776e+18,10.4913019948302
23,181,78,13700000,1.6279488e+18,10.4341452149305
29,183,82,9e+06,1.5619392e+18,6.90875477931522
22,190,86,19200000,1.5620256e+18,6.68586094706836
21,190,82,18900000,1.5646176e+18,9.85224688834253
20,173,68,2.3e+07,1.5619392e+18,9.39274525863144
21,172,69,24400000,1.5588288e+18,9.99884318585288
18,181,72,19800000,1.5952032e+18,9.10509096125708
21,180,77,17100000,1.5791328e+18,10.1266711030504
23,180,88,16200000,1.5670368e+18,10.4913019948302
29,178,79,6900000,1.6097184e+18,9.39274525863144
23,185,78,18700000,1.5619392e+18,10.6454487065059
22,188,82,20900000,1.6015104e+18,9.74102744483773
21,191,89,18900000,1.6254432e+18,10.0858507751287
20,190,80,14300000,1.6304544e+18,10.043292972227
19,181,74,18900000,1.600992e+18,9.90353755128617
19,179,73,26300000,1.6287264e+18,9.74102744483773
19,183,73,19800000,1.5619392e+18,8.98732181285012
27,185,79,9300000,1.603152e+18,6.55250788703459
29,188,85,7e+06,1.626048e+18,6.62140565176413
27,185,73,9700000,1.6250976e+18,6.90875477931522
35,176,74,1700000,1.5304032e+18,9.30574145673944
36,179,75,1500000,1.5624576e+18,8.98732181285012
37,187,82,473000,1.628208e+18,8.29429960885724
36,189,76,665000,1.5619392e+18,9.68040649926888
36,183,88,1400000,1.6257024e+18,8.69968140098951
34,165,63,2700000,1.6298496e+18,10.2399955028053
34,178,73,1300000,1.5934752e+18,8.8538082749772
36,188,87,825000,1.6136064e+18,8.98732181285012
33,182,82,3600000,1.610064e+18,10.5187002182882
36,191,84,595000,1.5619392e+18,9.47278155656217
34,190,78,1900000,1.6302816e+18,9.95232533461943
35,176,75,2400000,1.601856e+18,9.10509096125708
34,186,75,1500000,1.4041728e+18,9.47278155656217
35,174,64,2e+06,1.5463008e+18,8.8538082749772
34,187,80,2100000,1.5977952e+18,9.39274525863144
36,185,82,1100000,1.5779232e+18,9.10509096125708
32,186,83,2300000,1.5984864e+18,9.54688403461792
35,191,82,630000,1.6250976e+18,8.8538082749772
36,185,80,990000,1.6254432e+18,8.00670084544037
35,187,87,1300000,1.630368e+18,8.5173931714189
34,177,70,2400000,1.5619392e+18,9.61587214452889
37,185,75,990000,1.6304544e+18,9.68040649926888
30,190,83,6400000,1.5356736e+18,9.68040649926888
33,177,75,2700000,1.465344e+18,10.5966597327836
36,174,70,9e+05,1.6298496e+18,9.10509096125708
33,177,78,3700000,1.5996096e+18,9.54688403461792
35,184,82,1400000,1.580256e+18,9.10509096125708
34,183,76,2300000,1.628208e+18,9.61587214452889
32,180,73,4e+06,1.5977952e+18,9.54688403461792
34,183,81,1600000,1.2779424e+18,10.3417747410115
35,185,86,1100000,1.613088e+18,9.10509096125708
36,186,81,770000,1.4992992e+18,9.21044036697652
37,194,86,525000,1.4694048e+18,8.69968140098951
33,176,73,2900000,1.5935616e+18,9.7981825908907
34,184,80,1100000,1.4988672e+18,8.5173931714189
34,192,78,1800000,1.5915744e+18,8.98732181285012
33,177,70,2600000,1.151712e+18,10.5966597327836
33,183,80,1700000,1.4357088e+18,9.68040649926888
35,172,73,2e+06,1.6037568e+18,6.62140565176413
33,184,79,1900000,1.5323904e+18,10.3417747410115
34,188,78,1500000,1.6275168e+18,9.30574145673944
35,192,80,1600000,1.6297632e+18,8.98732181285012
32,179,80,4300000,1.5304032e+18,10.5713425658087
32,179,73,3600000,1.4338944e+18,9.54688403461792
32,189,75,3e+06,1.5952896e+18,8.69968140098951
38,185,82,7e+05,1.5355008e+18,9.10509096125708
33,183,74,3600000,1.5323904e+18,10.1266711030504
33,181,76,2900000,1.6187904e+18,9.10509096125708
34,190,90,1800000,1.5619392e+18,9.47278155656217
32,185,78,3800000,1.6009056e+18,10.1266711030504
33,183,80,1600000,1.2148704e+18,8.8538082749772
33,178,68,3e+06,1.1379744e+18,10.1658902778025
31,188,83,3600000,1.4988672e+18,10.0858507751287
32,179,73,3600000,1.5155424e+18,9.47278155656217
34,175,71,2e+06,1.500336e+18,9.61587214452889
35,190,81,665000,1.5991776e+18,9.47278155656217
31,169,61,4400000,1.4409792e+18,8.8538082749772
33,186,77,2600000,1.5463008e+18,10.3735224312936
35,192,96,560000,1.5985728e+18,8.5173931714189
33,181,78,3800000,1.5964992e+18,9.39274525863144
29,180,73,4500000,1.6250976e+18,9.95232533461943
32,185,78,2400000,1.4988672e+18,8.98732181285012
30,185,73,5700000,1.6029792e+18,10.7144399907278
32,188,81,2400000,1.5619392e+18,9.74102744483773
36,165,68,1500000,1.5989184e+18,9.30574145673944
32,174,73,3400000,1.3094784e+18,10.3417747410115
30,194,84,4800000,1.4080608e+18,10.1266711030504
33,185,79,3800000,1.598832e+18,9.54688403461792
30,185,74,6400000,1.5036192e+18,6.90875477931522
32,180,69,4200000,1.5643584e+18,9.39274525863144
30,183,75,5500000,1.4677632e+18,10.5187002182882
28,188,70,5100000,1.5984e+18,10.2036291813376
31,189,90,3600000,1.5672096e+18,10.0858507751287
33,181,74,4200000,1.3094784e+18,6.90875477931522
31,180,74,4e+06,1.4848704e+18,10.3417747410115
29,185,82,6600000,1.6257888e+18,6.90875477931522
31,179,76,4e+06,1.6250976e+18,9.30574145673944
31,183,76,4800000,1.4041728e+18,10.3089859934221
29,185,75,5800000,1.5935616e+18,10.0858507751287
31,189,84,2100000,1.5628896e+18,9.47278155656217
29,178,78,4200000,1.6250976e+18,9.21044036697652
32,192,80,3100000,1.5805152e+18,8.98732181285012
31,177,76,3600000,1.2464064e+18,9.90353755128617
33,190,80,2700000,1.5989184e+18,9.54688403461792
28,187,80,3400000,1.6011648e+18,8.8538082749772
33,166,66,2800000,1.5736032e+18,8.98732181285012
31,192,81,2900000,1.6250976e+18,9.90353755128617
30,184,80,4500000,1.4673312e+18,9.90353755128617
30,180,77,4500000,1.6003872e+18,9.47278155656217
32,190,98,2300000,1.4815008e+18,8.69968140098951
32,187,82,4200000,1.6250976e+18,8.69968140098951
31,183,86,4600000,1.5308352e+18,6.55250788703459
34,185,72,1700000,1.630368e+18,9.68040649926888
30,180,78,4900000,1.3908672e+18,10.1266711030504
33,177,78,3200000,1.5151104e+18,10.3735224312936
32,185,74,4400000,1.5040512e+18,9.54688403461792
34,178,73,2100000,1.4701824e+18,8.98732181285012
30,175,67,5200000,1.6021152e+18,9.85224688834253
31,181,64,4300000,1.2148704e+18,10.3089859934221
32,189,79,3400000,1.5990912e+18,9.61587214452889
33,189,82,3200000,1.5787008e+18,6.47850964220857
29,184,83,5300000,1.6305408e+18,9.95232533461943
31,168,62,4e+06,1.4349312e+18,10.4341452149305
30,190,85,5100000,1.5304032e+18,10.7144399907278
33,182,78,2700000,1.5619392e+18,9.47278155656217
32,188,80,4500000,1.6279488e+18,8.8538082749772
33,194,93,3400000,1.3094784e+18,9.99884318585288
32,182,78,2600000,1.4827968e+18,10.1658902778025
30,177,83,4500000,1.5778368e+18,8.98732181285012
30,185,82,4800000,1.3255488e+18,10.1266711030504
31,177,69,4400000,1.4055552e+18,9.61587214452889
31,193,84,2900000,1.600992e+18,10.0858507751287
30,187,82,4400000,1.5304032e+18,6.55250788703459
30,188,80,4800000,1.4673312e+18,9.39274525863144
29,188,80,3600000,1.6276032e+18,9.90353755128617
23,184,87,13800000,1.4357088e+18,9.90353755128617
31,180,77,4500000,1.5304032e+18,9.99884318585288
34,170,68,1400000,1.6314912e+18,9.10509096125708
32,190,83,3400000,1.5804288e+18,9.90353755128617
33,186,85,1600000,1.5619392e+18,8.98732181285012
30,175,72,4600000,1.6306272e+18,9.30574145673944
28,188,82,5e+06,1.6285536e+18,9.30574145673944
29,190,88,5e+06,1.6280352e+18,9.39274525863144
33,184,76,2300000,1.5636672e+18,9.61587214452889
32,184,80,4500000,1.4042592e+18,9.99884318585288
27,188,79,5300000,1.6298496e+18,9.39274525863144
32,183,89,4100000,1.5304032e+18,10.3089859934221
32,193,82,4e+06,1.56384e+18,9.39274525863144
30,180,82,5e+06,1.6272576e+18,9.54688403461792
31,188,90,3400000,1.5490656e+18,9.39274525863144
30,179,71,5200000,1.5933888e+18,8.8538082749772
27,188,72,5500000,1.56168e+18,9.95232533461943
32,178,73,4e+06,1.630368e+18,9.30574145673944
30,176,75,3900000,1.5179616e+18,8.8538082749772
31,182,72,4400000,1.4832288e+18,9.74102744483773
29,186,85,5400000,1.5989184e+18,10.2399955028053
30,180,75,3800000,1.4842656e+18,8.8538082749772
29,185,80,6600000,1.5304896e+18,9.99884318585288
30,179,77,5800000,1.6292448e+18,9.47278155656217
28,183,77,4800000,1.483488e+18,9.61587214452889
31,185,81,4400000,1.5670368e+18,9.90353755128617
30,190,83,6e+06,1.6270848e+18,9.54688403461792
28,179,76,5e+06,1.5619392e+18,9.54688403461792
35,183,93,525000,1.4192928e+18,8.29429960885724
30,178,73,5800000,1.5788736e+18,10.2399955028053
31,178,75,3300000,1.5804288e+18,9.21044036697652
30,185,83,4300000,1.6292448e+18,10.5453677541517
28,175,67,5300000,1.4988672e+18,9.99884318585288
32,177,73,5300000,1.610928e+18,9.47278155656217
31,183,75,3800000,1.6300224e+18,10.3735224312936
30,178,78,5800000,1.6302816e+18,9.68040649926888
29,180,76,5100000,1.5041376e+18,9.7981825908907
31,184,80,4700000,1.6214688e+18,8.69968140098951
28,179,68,6800000,1.5964992e+18,6.90875477931522
31,185,77,4200000,1.5968448e+18,8.5173931714189
29,183,70,6e+06,1.5165792e+18,10.2750855911327
30,183,74,4600000,1.5356736e+18,9.30574145673944
28,193,91,6200000,1.6285536e+18,10.0858507751287
28,179,76,5600000,1.5304032e+18,9.99884318585288
35,173,70,1600000,1.485216e+18,9.10509096125708
30,179,70,5400000,1.5463008e+18,9.99884318585288
31,186,84,4300000,1.4041728e+18,9.99884318585288
28,174,75,4100000,1.6236288e+18,8.8538082749772
28,196,95,4700000,1.6029792e+18,10.3417747410115
31,181,75,5200000,1.630368e+18,9.99884318585288
26,185,73,4100000,1.552176e+18,9.54688403461792
28,182,78,5900000,1.5983136e+18,9.99884318585288
30,185,90,3600000,1.625184e+18,8.29429960885724
26,176,70,6e+06,1.6289856e+18,9.30574145673944
28,180,74,4700000,1.4988672e+18,9.54688403461792
28,193,84,4500000,1.5619392e+18,9.39274525863144
27,175,74,5800000,1.6020288e+18,9.90353755128617
28,171,64,5900000,1.5984864e+18,9.90353755128617
27,186,79,5900000,1.5652224e+18,10.2399955028053
30,187,82,4100000,1.5008544e+18,9.99884318585288
28,179,79,5800000,1.5778368e+18,6.85751406254539
27,175,69,7100000,1.5674688e+18,9.85224688834253
31,185,85,2600000,1.4992128e+18,8.98732181285012
31,182,74,3500000,1.6250976e+18,9.68040649926888
31,186,83,3600000,1.4073696e+18,10.043292972227
30,174,78,5700000,1.4673312e+18,10.4042931430198
27,173,69,5100000,1.6013376e+18,9.10509096125708
27,196,88,5600000,1.6287264e+18,9.61587214452889
32,189,78,3e+06,1.4986944e+18,9.10509096125708
31,184,75,3600000,1.5673824e+18,10.043292972227
27,177,87,5200000,1.6298496e+18,9.7981825908907
29,172,63,4600000,1.6274304e+18,10.2399955028053
34,178,69,2e+06,1.4988672e+18,9.30574145673944
27,188,82,6600000,1.56384e+18,9.39274525863144
28,180,79,5900000,1.5987456e+18,9.95232533461943
31,186,72,5500000,1.1676096e+18,6.74641212857337
25,170,65,6300000,1.5619392e+18,10.043292972227
26,178,75,7900000,1.5996096e+18,10.5187002182882
30,185,82,4400000,1.5483744e+18,9.7981825908907
29,188,74,4400000,1.59408e+18,9.39274525863144
28,167,66,4700000,1.6213824e+18,8.98732181285012
26,177,86,5600000,1.6237152e+18,10.5966597327836
26,177,69,6800000,1.6267392e+18,9.61587214452889
26,184,83,6500000,1.5652224e+18,10.2399955028053
29,179,73,4700000,1.5161472e+18,9.39274525863144
27,183,77,5300000,1.630368e+18,9.7981825908907
29,178,72,5400000,1.6242336e+18,10.2036291813376
27,196,93,4100000,1.4224032e+18,8.5173931714189
27,193,83,6100000,1.5635808e+18,10.3417747410115
29,180,75,5100000,1.5304032e+18,9.99884318585288
30,178,70,6600000,1.6257024e+18,6.90875477931522
28,193,87,4700000,1.537056e+18,9.10509096125708
28,178,75,5300000,1.3411008e+18,9.99884318585288
32,192,80,3100000,1.582848e+18,9.39274525863144
28,188,79,6e+06,1.5972768e+18,9.61587214452889
28,190,81,5200000,1.5304032e+18,10.3417747410115
28,167,66,4e+06,1.54656e+18,9.39274525863144
33,179,69,3e+06,1.5304032e+18,9.61587214452889
27,183,72,5800000,1.5632352e+18,10.1266711030504
28,185,76,5600000,1.565136e+18,9.99884318585288
26,181,74,8200000,1.6019424e+18,6.90875477931522
31,189,84,4400000,1.6255296e+18,9.90353755128617
29,184,70,5200000,1.5639264e+18,9.61587214452889
28,188,80,3900000,1.6300224e+18,9.74102744483773
29,180,72,3800000,1.5634944e+18,8.5173931714189
27,181,71,5500000,1.5304032e+18,9.54688403461792
29,178,69,4400000,1.574208e+18,9.10509096125708
29,187,74,5200000,1.6304544e+18,6.39859493453521
29,175,70,4800000,1.625184e+18,10.4913019948302
26,177,70,7500000,1.5304032e+18,9.99884318585288
27,182,68,6400000,1.5650496e+18,9.85224688834253
27,193,80,6300000,1.5650496e+18,10.1266711030504
27,187,77,6800000,1.5602112e+18,10.4042931430198
27,185,78,6e+06,1.5628032e+18,9.7981825908907
26,194,83,5200000,1.6250976e+18,9.68040649926888
28,186,80,5200000,1.625616e+18,9.21044036697652
26,180,70,6400000,1.3094784e+18,10.5966597327836
27,183,77,5800000,1.6302816e+18,10.0858507751287
26,183,79,5500000,1.5619392e+18,9.47278155656217
27,186,78,6600000,1.4673312e+18,9.99884318585288
27,173,72,4e+06,1.6219872e+18,8.69968140098951
25,173,68,7900000,1.6305408e+18,10.4341452149305
32,175,67,3400000,1.4992992e+18,9.10509096125708
29,176,70,6300000,1.61136e+18,9.85224688834253
28,192,79,6300000,1.6250976e+18,9.68040649926888
26,180,75,6200000,1.6250976e+18,9.90353755128617
27,175,73,6300000,1.5783552e+18,10.7144399907278
31,196,94,3800000,1.6304544e+18,8.69968140098951
34,172,67,2400000,1.625184e+18,9.68040649926888
27,178,71,5300000,1.5814656e+18,8.98732181285012
29,188,80,4500000,1.5179616e+18,9.10509096125708
27,172,75,5800000,1.6121376e+18,10.5187002182882
32,186,81,4200000,1.5646176e+18,9.90353755128617
27,188,77,5400000,1.5481152e+18,10.3417747410115
26,182,74,8700000,1.5673824e+18,9.90353755128617
28,182,89,4500000,1.5778368e+18,9.10509096125708
25,178,75,5700000,1.4200704e+18,8.98732181285012
27,191,82,6300000,1.6013376e+18,10.4913019948302
27,180,88,4600000,1.550016e+18,8.69968140098951
30,183,81,4300000,1.625184e+18,9.30574145673944
27,179,75,6200000,1.5463008e+18,9.7981825908907
27,175,72,5e+06,1.610928e+18,8.98732181285012
27,180,69,6100000,1.5307488e+18,10.6689786502192
26,177,71,7300000,1.625184e+18,10.4341452149305
26,185,76,6800000,1.5935616e+18,9.85224688834253
25,194,85,6900000,1.6239744e+18,9.95232533461943
34,176,75,2400000,1.5585696e+18,6.90875477931522
27,189,78,5500000,1.5784416e+18,9.7981825908907
30,179,85,4900000,1.5463872e+18,9.7981825908907
27,180,70,4400000,1.5640128e+18,9.39274525863144
32,177,71,3200000,1.5784416e+18,7.60140233458373
27,187,82,5700000,1.602288e+18,10.0858507751287
28,178,83,4700000,1.5990912e+18,9.54688403461792
25,182,80,9100000,1.6307136e+18,9.30574145673944
29,182,75,4500000,1.513728e+18,8.98732181285012
26,182,73,5900000,1.6250976e+18,10.043292972227
28,186,79,5400000,1.5619392e+18,9.39274525863144
29,168,61,5e+06,1.6115328e+18,10.1266711030504
33,178,73,2700000,1.6033248e+18,9.54688403461792
26,185,80,5500000,1.6250976e+18,9.39274525863144
32,180,73,3200000,1.6262208e+18,8.8538082749772
31,176,74,3600000,1.6250976e+18,9.30574145673944
30,188,78,3600000,1.6129152e+18,9.30574145673944
28,172,75,6500000,1.57896e+18,6.90875477931522
30,188,78,3e+06,1.562112e+18,9.10509096125708
27,179,70,5700000,1.619568e+18,8.98732181285012
30,180,72,4500000,1.5633216e+18,9.54688403461792
29,180,77,4800000,1.6250976e+18,9.39274525863144
26,181,74,7300000,1.4041728e+18,9.61587214452889
31,186,80,4e+06,1.551312e+18,9.54688403461792
26,178,65,6900000,1.5619392e+18,10.1266711030504
26,188,80,6200000,1.4672448e+18,9.47278155656217
27,180,78,4800000,1.62648e+18,9.21044036697652
25,186,79,6e+06,1.6270848e+18,10.3417747410115
31,180,75,4e+06,1.630368e+18,10.2750855911327
31,173,63,4e+06,1.499472e+18,9.54688403461792
28,186,80,5900000,1.6250976e+18,6.74641212857337
28,190,78,4900000,1.600128e+18,10.4341452149305
27,175,68,4800000,1.5935616e+18,9.21044036697652
26,173,71,7900000,1.3885344e+18,10.2399955028053
26,199,85,6900000,1.5012e+18,9.39274525863144
28,179,70,6200000,1.5619392e+18,9.99884318585288
41,183,84,525000,1.366848e+18,8.69968140098951
34,185,77,1400000,1.5778368e+18,7.60140233458373
29,196,98,6600000,1.5484608e+18,6.90875477931522
31,179,75,3600000,1.6024608e+18,10.2036291813376
29,192,95,4400000,1.5355008e+18,9.74102744483773
26,168,66,5700000,1.5023232e+18,8.98732181285012
26,175,72,6e+06,1.6250976e+18,9.7981825908907
29,180,75,6e+06,1.5974496e+18,9.74102744483773
25,171,67,9100000,1.5326496e+18,9.68040649926888
26,177,70,8e+06,1.5308352e+18,9.10509096125708
28,181,76,5900000,1.6123968e+18,9.68040649926888
25,191,80,6900000,1.5996096e+18,10.3089859934221
31,187,78,5500000,1.5804288e+18,9.85224688834253
31,182,80,3600000,1.5012e+18,9.7981825908907
25,181,83,6500000,1.6015104e+18,9.10509096125708
28,174,70,6200000,1.5619392e+18,9.99884318585288
28,183,76,5900000,1.6272576e+18,10.043292972227
25,177,80,6e+06,1.5002496e+18,9.30574145673944
26,178,68,5900000,1.5355872e+18,9.54688403461792
31,201,96,3500000,1.5463008e+18,6.55250788703459
25,176,72,7100000,1.6015968e+18,8.8538082749772
25,188,85,6e+06,1.4542848e+18,9.21044036697652
28,188,86,3700000,1.502928e+18,9.21044036697652
30,188,81,4400000,1.3921632e+18,6.55250788703459
26,186,79,6900000,1.5571872e+18,9.90353755128617
25,191,84,9100000,1.609632e+18,6.47850964220857
26,182,80,5500000,1.5628032e+18,9.10509096125708
29,180,64,4200000,1.5952032e+18,9.21044036697652
23,180,76,9400000,1.3939776e+18,8.5173931714189
24,190,83,9400000,1.4522976e+18,9.21044036697652
25,189,79,7800000,1.5619392e+18,9.61587214452889
29,181,80,3900000,1.578096e+18,9.21044036697652
27,189,83,5e+06,1.595376e+18,9.30574145673944
26,188,75,6400000,1.565568e+18,9.47278155656217
24,194,81,10500000,1.3623552e+18,10.1266711030504
26,173,72,7700000,1.560816e+18,9.61587214452889
30,178,73,3900000,1.2779424e+18,9.39274525863144
32,186,76,4800000,1.3578624e+18,9.61587214452889
32,190,89,3e+06,1.599264e+18,9.10509096125708
24,174,68,7900000,1.5342912e+18,8.98732181285012
25,180,75,8500000,1.6275168e+18,9.85224688834253
24,175,75,7200000,1.5304032e+18,9.39274525863144
24,178,66,8300000,1.5935616e+18,9.68040649926888
31,177,76,4600000,1.4357088e+18,6.90875477931522
24,171,67,10800000,1.6252704e+18,10.2399955028053
24,184,78,10700000,1.5479424e+18,6.90875477931522
27,175,68,7e+06,1.5619392e+18,9.85224688834253
25,173,70,5800000,1.5952896e+18,9.47278155656217
26,182,70,6400000,1.6097184e+18,9.7981825908907
27,173,72,5400000,1.5147648e+18,10.6919676399149
29,188,83,4100000,1.5939936e+18,9.90353755128617
26,174,64,8700000,1.623024e+18,8.98732181285012
30,191,83,3100000,1.3627008e+18,9.54688403461792
26,180,71,7500000,1.5673824e+18,10.5187002182882
29,189,82,5e+06,1.4700096e+18,10.0858507751287
26,178,70,8300000,1.5997824e+18,9.47278155656217
25,171,73,5100000,1.562544e+18,7.60140233458373
24,178,69,1.1e+07,1.4065056e+18,9.85224688834253
24,177,74,13800000,1.60056e+18,9.54688403461792
32,186,80,3400000,1.6309728e+18,9.54688403461792
28,171,70,3900000,1.5304032e+18,8.98732181285012
23,187,80,9300000,1.54656e+18,10.2036291813376
25,189,78,8200000,1.6015968e+18,6.55250788703459
23,179,70,9600000,1.5778368e+18,9.39274525863144
25,190,78,6e+06,1.595808e+18,9.68040649926888
24,175,62,13200000,1.5619392e+18,9.30574145673944
31,176,93,3900000,1.502064e+18,8.98732181285012
25,184,78,7900000,1.563408e+18,9.90353755128617
24,182,78,7700000,1.6105824e+18,9.30574145673944
27,178,74,6400000,1.5481152e+18,9.47278155656217
27,180,70,4800000,1.5619392e+18,8.98732181285012
24,181,76,6600000,1.5304032e+18,9.30574145673944
26,179,75,7500000,1.56384e+18,9.85224688834253
26,180,75,7800000,1.6106688e+18,9.10509096125708
26,176,75,5400000,1.5935616e+18,8.98732181285012
22,183,77,11400000,1.5804288e+18,10.043292972227
25,180,76,8900000,1.4988672e+18,6.62140565176413
27,169,67,7e+06,1.5779232e+18,6.90875477931522
23,175,72,10100000,1.6117056e+18,10.3417747410115
26,180,88,5900000,1.4846976e+18,9.39274525863144
30,187,83,3900000,1.6111872e+18,9.39274525863144
30,184,77,4700000,1.5809472e+18,9.95232533461943
28,181,82,4700000,1.5632352e+18,8.98732181285012
23,178,64,7900000,1.42776e+18,10.7789771230064
26,187,78,6600000,1.5984864e+18,10.2750855911327
23,180,77,7300000,1.6257024e+18,9.54688403461792
25,171,66,8700000,1.5313536e+18,8.98732181285012
29,187,80,5500000,1.4673312e+18,9.90353755128617
22,180,75,12600000,1.5173568e+18,10.7579241570616
29,166,60,5100000,1.6250976e+18,10.7364184143654
22,185,77,11400000,1.5307488e+18,9.99884318585288
24,186,82,7200000,1.5619392e+18,9.39274525863144
29,188,86,5400000,1.451952e+18,9.99884318585288
27,166,60,7e+06,1.4854752e+18,6.85751406254539
22,186,82,10200000,1.6257888e+18,9.10509096125708
26,171,67,6600000,1.4988672e+18,10.5453677541517
23,183,70,12600000,1.5978816e+18,10.4042931430198
27,183,77,6400000,1.6293312e+18,9.47278155656217
25,181,76,12700000,1.4357088e+18,6.62140565176413
26,182,74,7800000,1.6108416e+18,8.8538082749772
24,168,64,9100000,1.6250112e+18,9.68040649926888
25,178,71,6700000,1.5935616e+18,9.21044036697652
26,188,75,6700000,1.5804288e+18,10.1266711030504
31,175,68,5300000,1.5147648e+18,9.68040649926888
23,191,72,11600000,1.4131584e+18,9.7981825908907
30,185,78,6e+06,1.6250976e+18,9.39274525863144
25,183,77,7700000,1.6280352e+18,10.2399955028053
26,179,68,8e+06,1.4537664e+18,9.10509096125708
29,188,81,4e+06,1.625616e+18,9.30574145673944
29,188,83,3800000,1.6254432e+18,9.95232533461943
29,190,88,4800000,1.625616e+18,9.30574145673944
21,185,81,5900000,1.6254432e+18,9.10509096125708
29,169,69,5700000,1.6257024e+18,10.3089859934221
33,173,74,3e+06,1.6288128e+18,10.1658902778025
25,177,76,5900000,1.625616e+18,9.90353755128617
25,183,80,5700000,1.6257024e+18,9.90353755128617
21,183,77,6800000,1.6257024e+18,9.68040649926888
33,179,77,2900000,1.6257024e+18,10.1658902778025
29,185,82,4700000,1.625616e+18,10.2036291813376
25,177,69,5900000,1.625616e+18,9.30574145673944
29,179,77,5100000,1.6254432e+18,9.54688403461792
25,175,71,5900000,1.625616e+18,9.30574145673944
21,170,70,6800000,1.625616e+18,9.74102744483773
25,177,73,5900000,1.6257024e+18,9.85224688834253
37,181,79,1e+06,1.6257024e+18,9.61587214452889
29,177,72,5700000,1.6288128e+18,9.99884318585288
29,181,72,5700000,1.6257024e+18,9.61587214452889
29,183,78,4900000,1.6257024e+18,9.90353755128617
25,178,75,6500000,1.6257024e+18,10.3089859934221
21,177,72,6100000,1.625616e+18,9.10509096125708
21,190,88,6800000,1.625616e+18,9.85224688834253
21,179,77,6800000,1.6257024e+18,9.39274525863144
21,182,73,6100000,1.6250112e+18,8.98732181285012
33,175,75,3600000,1.6257024e+18,10.3417747410115
25,169,67,6500000,1.6257024e+18,9.61587214452889
25,169,66,6500000,1.6257024e+18,9.99884318585288
25,175,75,6500000,1.6257024e+18,9.85224688834253
25,183,79,6500000,1.6250112e+18,9.30574145673944
29,175,73,5400000,1.625616e+18,10.3735224312936
24,189,78,10100000,1.5304896e+18,9.90353755128617
28,178,77,4100000,1.5169248e+18,9.47278155656217
27,189,85,4500000,1.5312672e+18,9.7981825908907
21,191,84,11300000,1.4671584e+18,10.6689786502192
24,183,76,8600000,1.5619392e+18,10.4341452149305
32,178,75,4200000,1.4524704e+18,9.54688403461792
23,180,78,7300000,1.626912e+18,9.39274525863144
23,178,70,12600000,1.5995232e+18,10.0858507751287
22,184,75,15400000,1.5347232e+18,10.3417747410115
21,170,62,10800000,1.6302816e+18,9.74102744483773
23,171,64,10400000,1.4357088e+18,9.90353755128617
33,197,85,2200000,1.5304032e+18,6.47850964220857
23,185,80,11400000,1.610496e+18,10.2399955028053
26,178,73,5200000,1.5657408e+18,9.7981825908907
26,173,71,5900000,1.6250976e+18,9.90353755128617
24,170,69,10200000,1.6129152e+18,8.69968140098951
26,186,76,5500000,1.625184e+18,9.90353755128617
23,175,70,1.3e+07,1.5990048e+18,9.30574145673944
33,177,72,2500000,1.262304e+18,9.39274525863144
23,173,77,13300000,1.5463008e+18,10.4341452149305
27,178,76,6900000,1.5488928e+18,10.463131911492
22,178,70,16100000,1.5641856e+18,8.69968140098951
28,183,75,3300000,1.4837472e+18,8.69968140098951
22,175,66,9100000,1.6268256e+18,9.39274525863144
21,175,70,6300000,1.625616e+18,9.10509096125708
21,183,77,5900000,1.6250112e+18,8.98732181285012
24,171,70,6200000,1.6297632e+18,8.69968140098951
22,166,71,1.5e+07,1.5173568e+18,6.47850964220857
25,181,70,5400000,1.5179616e+18,8.8538082749772
21,187,81,14300000,1.4673312e+18,8.5173931714189
23,175,76,1.1e+07,1.5304032e+18,6.62140565176413
23,181,72,7600000,1.4673312e+18,9.85224688834253
24,169,61,12600000,1.5937344e+18,9.74102744483773
26,180,72,6200000,1.5788736e+18,9.54688403461792
22,175,74,10800000,1.5356736e+18,10.2750855911327
31,166,56,5e+06,1.3740192e+18,9.47278155656217
31,180,77,4500000,1.596672e+18,9.10509096125708
22,186,79,8400000,1.5041376e+18,10.2399955028053
23,187,82,12100000,1.5804288e+18,9.68040649926888
28,180,76,4200000,1.5671232e+18,10.043292972227
26,174,70,6200000,1.5964992e+18,9.10509096125708
23,184,79,12100000,1.6016832e+18,10.2399955028053
31,177,73,3800000,1.4685408e+18,9.39274525863144
25,187,85,7100000,1.6288992e+18,9.99884318585288
23,180,74,1.2e+07,1.4673312e+18,9.85224688834253
23,172,70,14300000,1.5620256e+18,9.74102744483773
25,171,61,1e+07,1.5628896e+18,9.90353755128617
23,173,67,11400000,1.4673312e+18,10.043292972227
22,185,78,14300000,1.62864e+18,10.3735224312936
24,184,75,10600000,1.4673312e+18,9.47278155656217
23,185,76,9100000,1.565568e+18,9.61587214452889
25,187,76,5900000,1.6257024e+18,9.85224688834253
29,180,75,5100000,1.625616e+18,9.30574145673944
29,180,74,4800000,1.6257024e+18,10.2036291813376
25,191,90,5400000,1.6254432e+18,10.043292972227
25,187,83,5500000,1.625616e+18,9.39274525863144
23,188,74,12600000,1.5985728e+18,9.90353755128617
26,186,75,8700000,1.5804288e+18,9.90353755128617
24,175,64,8900000,1.5941664e+18,9.61587214452889
23,170,69,9500000,1.4797728e+18,9.95232533461943
22,192,84,9800000,1.5486336e+18,8.69968140098951
22,174,65,10200000,1.5965856e+18,9.30574145673944
23,189,82,9100000,1.4769216e+18,9.85224688834253
30,190,93,3800000,1.5634944e+18,9.74102744483773
23,180,75,11400000,1.6250976e+18,9.90353755128617
22,181,72,13700000,1.630368e+18,9.95232533461943
22,179,69,9300000,1.6119648e+18,9.85224688834253
23,191,80,12400000,1.4819328e+18,10.1266711030504
23,180,75,1.5e+07,1.5996096e+18,9.21044036697652
29,175,71,6600000,1.5619392e+18,6.80350525760834
25,173,70,5800000,1.5619392e+18,9.30574145673944
25,171,61,8200000,1.4988672e+18,9.74102744483773
27,185,84,4800000,1.5795648e+18,8.98732181285012
28,186,80,4e+06,1.6257024e+18,8.69968140098951
22,178,69,6700000,1.6094592e+18,8.8538082749772
23,186,80,6600000,1.4673312e+18,8.98732181285012
28,176,73,6200000,1.5619392e+18,6.90875477931522
23,187,82,7e+06,1.559088e+18,9.10509096125708
22,190,87,9700000,1.6284672e+18,9.7981825908907
26,179,64,8700000,1.4041728e+18,10.0858507751287
25,180,88,6500000,1.4916096e+18,9.68040649926888
27,185,72,6300000,1.6004736e+18,10.3735224312936
27,185,81,7600000,1.4673312e+18,8.8538082749772
25,180,65,6100000,1.563408e+18,9.95232533461943
22,187,73,15400000,1.4969664e+18,9.61587214452889
26,174,68,6600000,1.5971904e+18,10.5966597327836
24,186,81,5800000,1.6255296e+18,8.98732181285012
23,173,72,12100000,1.630368e+18,9.68040649926888
22,179,68,12600000,1.6017696e+18,10.3417747410115
24,182,78,6e+06,1.5494112e+18,8.69968140098951
25,177,62,7500000,1.6250976e+18,9.85224688834253
21,181,74,1.3e+07,1.566e+18,10.463131911492
24,178,72,9100000,1.4673312e+18,6.62140565176413
20,177,77,12400000,1.5304032e+18,10.1658902778025
25,192,84,8300000,1.5463872e+18,6.90875477931522
25,180,79,8700000,1.6245792e+18,6.90875477931522
26,187,86,9100000,1.3726368e+18,6.90875477931522
24,185,82,8300000,1.6304544e+18,9.54688403461792
24,190,84,9e+06,1.5015456e+18,10.8590182281479
25,181,70,6600000,1.4988672e+18,9.30574145673944
25,185,80,6700000,1.53144e+18,9.10509096125708
20,185,75,12600000,1.6265664e+18,10.1658902778025
21,184,74,13300000,1.5639264e+18,10.3417747410115
25,184,76,8700000,1.4673312e+18,10.043292972227
29,192,80,4700000,1.6009056e+18,9.21044036697652
23,188,76,13200000,1.5304032e+18,9.61587214452889
23,178,69,9600000,1.6266528e+18,9.85224688834253
21,183,73,14700000,1.6266528e+18,10.5966597327836
27,177,69,6600000,1.6019424e+18,9.21044036697652
26,177,72,7800000,1.6099776e+18,8.69968140098951
22,177,75,10200000,1.5120864e+18,9.21044036697652
20,185,75,15400000,1.5174432e+18,10.7995959850478
20,179,70,13700000,1.6257888e+18,10.463131911492
25,192,83,6300000,1.4551488e+18,8.8538082749772
23,178,76,10600000,1.6270848e+18,10.463131911492
22,178,69,11300000,1.5964992e+18,9.95232533461943
22,171,59,13200000,1.5995232e+18,9.54688403461792
25,191,82,5800000,1.5477696e+18,9.85224688834253
26,194,82,8e+06,1.5489792e+18,9.61587214452889
34,190,79,2400000,1.6298496e+18,9.21044036697652
24,178,72,8800000,1.6250976e+18,10.5453677541517
23,173,70,16800000,1.4673312e+18,6.62140565176413
21,188,72,16100000,1.4988672e+18,9.74102744483773
31,189,95,4300000,1.60272e+18,9.99884318585288
22,170,68,9800000,1.5935616e+18,8.69968140098951
27,185,81,4900000,1.562112e+18,9.39274525863144
22,187,77,15600000,1.4988672e+18,6.47850964220857
22,186,81,1.4e+07,1.6250976e+18,9.85224688834253
26,176,70,7100000,1.5304032e+18,9.85224688834253
26,170,63,7500000,1.6263936e+18,10.6689786502192
25,185,73,10300000,1.5304032e+18,9.7981825908907
21,193,85,11700000,1.5619392e+18,9.95232533461943
32,186,80,5e+06,1.5463008e+18,6.74641212857337
18,170,64,17300000,1.564272e+18,10.2750855911327
21,178,62,1.5e+07,1.5304032e+18,9.74102744483773
19,172,63,11100000,1.5002496e+18,9.21044036697652
21,177,66,11900000,1.536624e+18,9.30574145673944
21,173,67,11900000,1.5619392e+18,9.7981825908907
21,169,65,11100000,1.5619392e+18,9.54688403461792
25,175,74,6600000,1.5463008e+18,9.30574145673944
20,191,79,11400000,1.626912e+18,10.043292972227
25,176,75,5600000,1.5475968e+18,9.39274525863144
24,192,78,9700000,1.5983136e+18,9.39274525863144
29,170,67,6600000,1.536192e+18,6.90875477931522
20,180,77,10400000,1.5463008e+18,9.21044036697652
22,175,74,10400000,1.6136928e+18,9.30574145673944
21,168,57,17300000,1.5505344e+18,6.47850964220857
24,179,74,6800000,1.6131744e+18,9.39274525863144
21,191,86,1.3e+07,1.5520896e+18,9.54688403461792
19,184,68,14700000,1.6257024e+18,9.99884318585288
21,173,67,12400000,1.5619392e+18,10.1266711030504
23,187,76,8300000,1.6098912e+18,9.74102744483773
28,171,70,5900000,1.6278624e+18,6.90875477931522
17,176,71,17700000,1.5624576e+18,9.10509096125708
21,196,89,14300000,1.5619392e+18,8.98732181285012
27,184,71,7600000,1.5619392e+18,9.10509096125708
23,189,75,16800000,1.6274304e+18,9.68040649926888
19,180,78,14300000,1.6250976e+18,10.3417747410115
26,178,71,4800000,1.5619392e+18,9.90353755128617
23,180,77,7500000,1.473984e+18,9.21044036697652
20,188,80,12600000,1.5935616e+18,9.68040649926888
27,178,72,7e+06,1.5964992e+18,9.90353755128617
18,167,63,11900000,1.5304032e+18,8.29429960885724
22,166,66,12600000,1.561248e+18,10.3089859934221
20,171,63,12400000,1.6117056e+18,10.043292972227
22,174,68,16800000,1.5304032e+18,6.90875477931522
22,171,60,14400000,1.5147648e+18,6.74641212857337
25,192,89,6500000,1.5800832e+18,10.1266711030504
22,176,74,10100000,1.5804288e+18,9.85224688834253
21,183,80,15400000,1.5997824e+18,9.10509096125708
24,176,68,8200000,1.6279488e+18,10.1658902778025
22,183,72,11300000,1.4673312e+18,9.7981825908907
18,179,68,11200000,1.5538176e+18,8.00670084544037
18,185,73,13300000,1.630368e+18,9.74102744483773
18,172,60,1.5e+07,1.59624e+18,8.98732181285012
27,172,64,5400000,1.6107552e+18,10.3089859934221
28,174,63,6800000,1.6250976e+18,6.90875477931522
30,171,69,4800000,1.6279488e+18,9.7981825908907
25,181,76,8900000,1.6297632e+18,6.90875477931522
31,183,75,3400000,1.5968448e+18,10.043292972227
35,181,84,2e+06,1.5338592e+18,9.61587214452889
37,172,71,850000,1.5935616e+18,9.10509096125708
39,189,87,350000,1.4678496e+18,8.69968140098951
36,175,75,1100000,1.6263936e+18,8.8538082749772
29,180,72,4600000,1.6307136e+18,9.47278155656217
35,181,82,906000,1.6263072e+18,8.00670084544037
38,188,83,425000,1.6250976e+18,10.1266711030504
37,177,70,1200000,1.5480288e+18,9.30574145673944
33,194,86,1400000,1.5800832e+18,9.10509096125708
33,188,79,1800000,1.389312e+18,8.69968140098951
43,182,74,375000,1.3431744e+18,8.29429960885724
35,189,81,1400000,1.6250976e+18,9.10509096125708
35,175,70,1900000,1.4377824e+18,9.74102744483773
36,178,70,938000,1.5316128e+18,8.5173931714189
34,179,80,1500000,1.630368e+18,9.54688403461792
34,183,76,680000,1.5805152e+18,9.21044036697652
33,182,76,1900000,1.6094592e+18,9.54688403461792
35,195,90,5e+05,1.5978816e+18,8.69968140098951
32,178,70,3600000,1.5784416e+18,10.0858507751287
34,178,70,2100000,1.4079744e+18,10.5453677541517
34,188,80,1800000,1.5488928e+18,9.47278155656217
34,177,74,1800000,1.5304896e+18,9.74102744483773
32,195,89,1600000,1.6121376e+18,9.61587214452889
34,185,78,1700000,1.4673312e+18,6.85751406254539
32,190,87,2900000,1.2806208e+18,10.5453677541517
35,186,78,1400000,1.5781824e+18,8.00670084544037
34,182,82,720000,1.4357088e+18,8.29429960885724
35,184,83,550000,1.518048e+18,6.21660610108486
34,184,77,1e+06,1.626912e+18,8.29429960885724
32,187,78,3600000,1.6254432e+18,9.95232533461943
32,188,82,2900000,1.6276032e+18,8.29429960885724
33,183,83,2400000,1.4690592e+18,6.85751406254539
31,172,67,3400000,1.5995232e+18,9.47278155656217
33,180,80,2400000,1.4993856e+18,9.85224688834253
31,184,81,3e+06,1.5652224e+18,8.8538082749772
31,175,76,4e+06,1.62864e+18,9.39274525863144
32,190,83,2900000,1.403568e+18,10.3735224312936
32,180,75,3800000,1.5653088e+18,9.30574145673944
33,189,84,1700000,1.4996448e+18,8.69968140098951
34,189,80,1500000,1.4050368e+18,10.043292972227
33,187,84,2700000,1.5501024e+18,9.95232533461943
33,175,67,2800000,1.5977088e+18,9.30574145673944
36,168,65,968000,1.5008544e+18,6.39859493453521
36,186,85,595000,1.627344e+18,8.98732181285012
35,190,90,1300000,1.6298496e+18,9.10509096125708
32,183,80,2400000,1.5147648e+18,9.21044036697652
31,191,85,3200000,1.6311456e+18,10.2750855911327
34,182,78,1400000,1.5298848e+18,9.68040649926888
31,188,78,3e+06,1.6028064e+18,9.85224688834253
32,173,73,3e+06,1.5356736e+18,9.95232533461943
31,174,74,2900000,1.6094592e+18,9.54688403461792
32,175,68,2900000,1.5304032e+18,9.47278155656217
32,196,89,2700000,1.5812928e+18,9.10509096125708
31,189,88,2300000,1.530144e+18,9.7981825908907
35,185,82,938000,1.6297632e+18,8.69968140098951
31,183,79,3600000,1.6120512e+18,10.463131911492
32,184,73,3e+06,1.5984e+18,8.29429960885724
31,190,79,2200000,1.628208e+18,9.95232533461943
31,179,70,2600000,1.6250976e+18,8.69968140098951
29,185,77,5100000,1.5359328e+18,6.62140565176413
30,194,94,3600000,1.5316992e+18,10.2036291813376
31,178,75,3200000,1.59624e+18,9.10509096125708
32,193,88,2900000,1.5945984e+18,9.39274525863144
33,185,79,2500000,1.627344e+18,8.5173931714189
30,182,78,4200000,1.6270848e+18,9.54688403461792
34,172,67,1400000,1.5984e+18,10.2399955028053
31,184,79,2700000,1.5463008e+18,9.54688403461792
32,192,83,2400000,1.29384e+18,10.1658902778025
29,180,79,4600000,1.6268256e+18,9.54688403461792
28,175,79,4800000,1.562112e+18,10.2399955028053
32,188,84,2700000,1.5634944e+18,8.29429960885724
32,178,70,2900000,1.4043456e+18,9.68040649926888
31,187,78,2200000,1.4673312e+18,9.47278155656217
32,185,84,3800000,1.6300224e+18,9.30574145673944
31,194,85,2e+06,1.4041728e+18,10.3735224312936
31,188,79,2600000,1.5464736e+18,8.69968140098951
31,173,70,3600000,1.6293312e+18,9.95232533461943
33,177,78,3e+06,1.6225056e+18,9.30574145673944
34,175,75,1700000,1.6159392e+18,8.8538082749772
30,186,86,4600000,1.6244928e+18,9.90353755128617
28,181,68,5200000,1.6254432e+18,9.7981825908907
30,172,74,4e+06,1.531872e+18,9.74102744483773
31,177,72,3300000,1.5935616e+18,8.8538082749772
33,186,78,1800000,1.6263072e+18,8.98732181285012
32,182,68,2900000,1.6265664e+18,8.98732181285012
30,182,75,4600000,1.5670368e+18,10.1266711030504
30,186,82,3200000,1.6250976e+18,9.10509096125708
27,187,82,4500000,1.5640992e+18,9.85224688834253
33,185,83,2e+06,1.596672e+18,9.74102744483773
33,175,74,2300000,1.614816e+18,8.8538082749772
35,180,70,975000,1.550016e+18,8.29429960885724
34,177,69,1200000,1.3099968e+18,9.39274525863144
31,190,78,2500000,1.5471648e+18,9.47278155656217
31,173,63,2700000,1.5985728e+18,9.7981825908907
31,177,69,3600000,1.6262208e+18,8.8538082749772
30,176,79,2500000,1.2517632e+18,8.8538082749772
28,188,80,3800000,1.3726368e+18,10.3417747410115
32,187,92,2900000,1.6261344e+18,9.54688403461792
29,178,68,3500000,1.5324768e+18,9.54688403461792
29,179,72,4600000,1.6120512e+18,9.90353755128617
30,184,73,4e+06,1.5989184e+18,9.47278155656217
29,193,76,3800000,1.4721696e+18,10.463131911492
31,185,78,3200000,1.6300224e+18,9.61587214452889
30,186,82,4100000,1.5799104e+18,9.47278155656217
30,189,75,3800000,1.6250976e+18,9.30574145673944
31,191,85,2300000,1.5997824e+18,9.39274525863144
31,183,81,1800000,1.4988672e+18,9.39274525863144
30,177,72,4e+06,1.6268256e+18,10.2399955028053
31,170,68,3800000,1.5488928e+18,9.47278155656217
31,170,70,4100000,1.5619392e+18,6.39859493453521
32,187,80,2900000,1.601424e+18,9.61587214452889
31,169,60,3e+06,1.626912e+18,9.10509096125708
31,180,73,2900000,1.5619392e+18,9.95232533461943
33,192,84,1600000,1.5977088e+18,8.5173931714189
30,188,74,4200000,1.5337728e+18,9.95232533461943
29,182,78,3800000,1.5308352e+18,10.3089859934221
30,196,91,2900000,1.6252704e+18,9.30574145673944
30,189,79,3e+06,1.550016e+18,8.69968140098951
31,178,71,3700000,1.6278624e+18,6.80350525760834
33,165,62,3200000,1.5468192e+18,6.85751406254539
31,193,88,2400000,1.5488928e+18,8.8538082749772
33,195,93,1700000,1.582848e+18,9.21044036697652
33,169,70,2e+06,1.560816e+18,8.00670084544037
31,188,84,3800000,1.6250976e+18,9.61587214452889
32,186,80,3e+06,1.5619392e+18,9.74102744483773
30,188,76,3800000,1.5652224e+18,9.99884318585288
28,180,75,4400000,1.3391136e+18,10.3089859934221
28,183,80,4e+06,1.5620256e+18,9.90353755128617
30,179,75,4e+06,1.5022368e+18,9.90353755128617
31,178,76,2700000,1.5989184e+18,8.29429960885724
31,184,76,3600000,1.5673824e+18,10.2750855911327
30,186,86,3600000,1.6257024e+18,8.98732181285012
30,177,72,4900000,1.5626304e+18,6.85751406254539
29,180,76,5100000,1.6263936e+18,6.90875477931522
32,180,74,2600000,1.5964992e+18,8.98732181285012
35,188,86,375000,1.534464e+18,8.00670084544037
31,182,75,2100000,1.5826752e+18,8.29429960885724
31,175,75,3100000,1.566864e+18,9.68040649926888
29,177,72,2700000,1.6291584e+18,8.69968140098951
30,188,83,2900000,1.4834016e+18,8.69968140098951
29,183,76,2900000,1.5977952e+18,9.30574145673944
27,180,67,4700000,1.5795648e+18,9.85224688834253
31,176,72,2500000,1.5781824e+18,9.10509096125708
31,177,72,2200000,1.4228352e+18,8.98732181285012
31,189,85,3500000,1.3420512e+18,6.62140565176413
31,182,75,3600000,1.5640992e+18,9.54688403461792
35,185,80,1200000,1.4041728e+18,9.39274525863144
33,185,80,2400000,1.6012512e+18,8.98732181285012
29,182,73,3900000,1.5475104e+18,10.1266711030504
31,172,70,3300000,1.6003872e+18,8.69968140098951
30,169,66,3300000,1.5637536e+18,8.98732181285012
27,193,91,4500000,1.4992128e+18,9.85224688834253
29,178,84,2300000,1.6250976e+18,8.8538082749772
30,180,78,3900000,1.6274304e+18,9.39274525863144
31,177,73,2800000,1.4701824e+18,8.8538082749772
28,190,84,3700000,1.4988672e+18,9.74102744483773
31,178,72,2600000,1.550016e+18,8.69968140098951
27,174,73,3300000,1.5489792e+18,8.98732181285012
31,181,79,2900000,1.2779424e+18,9.7981825908907
29,186,75,2700000,1.4720832e+18,9.61587214452889
33,198,97,1400000,1.6250976e+18,9.47278155656217
28,185,78,4600000,1.6250976e+18,10.043292972227
26,172,67,4900000,1.6263072e+18,9.7981825908907
31,188,77,2600000,1.6250976e+18,9.10509096125708
27,181,74,5100000,1.6254432e+18,10.463131911492
30,174,72,3900000,1.6225056e+18,8.69968140098951
27,183,65,5300000,1.5619392e+18,9.95232533461943
28,184,86,4300000,1.5619392e+18,10.043292972227
29,179,70,3300000,1.6255296e+18,9.39274525863144
28,178,75,3500000,1.4310432e+18,8.8538082749772
28,171,66,4800000,1.626912e+18,9.39274525863144
29,181,73,4600000,1.6269984e+18,9.39274525863144
28,174,67,4600000,1.4219712e+18,10.1658902778025
28,179,79,3800000,1.6118784e+18,9.7981825908907
31,183,77,2400000,1.6177536e+18,8.69968140098951
28,181,80,4100000,1.5494112e+18,9.47278155656217
30,190,90,2600000,1.4357088e+18,9.47278155656217
31,182,73,2500000,1.38888e+18,9.10509096125708
34,173,71,1e+06,1.6296768e+18,8.29429960885724
28,177,78,3e+06,1.6101504e+18,9.10509096125708
28,183,73,4e+06,1.532736e+18,10.2750855911327
30,175,64,3100000,1.616112e+18,9.21044036697652
34,179,75,2200000,1.5304032e+18,9.61587214452889
27,173,70,5200000,1.6287264e+18,9.21044036697652
30,193,88,2700000,1.5304032e+18,8.5173931714189
28,181,72,3900000,1.6300224e+18,9.85224688834253
24,173,66,6200000,1.3825728e+18,10.8396005193574
29,190,88,2600000,1.5619392e+18,9.54688403461792
30,183,73,3500000,1.6298496e+18,9.21044036697652
30,169,62,4200000,1.6111872e+18,8.8538082749772
28,192,88,4700000,1.5619392e+18,10.043292972227
28,186,85,3700000,1.5933888e+18,8.5173931714189
28,181,69,3700000,1.6302816e+18,9.21044036697652
28,174,67,3800000,1.5619392e+18,9.10509096125708
31,173,68,3200000,1.5463008e+18,10.5713425658087
33,188,82,2100000,1.5801696e+18,9.30574145673944
31,173,66,3200000,1.3877568e+18,10.5713425658087
26,180,69,5500000,1.6225056e+18,9.54688403461792
31,179,80,2500000,1.5440544e+18,9.21044036697652
33,170,63,2400000,1.4673312e+18,9.21044036697652
32,189,80,2500000,1.484352e+18,9.30574145673944
31,180,80,4200000,1.4357088e+18,6.80350525760834
28,174,74,3100000,1.6134336e+18,9.10509096125708
28,190,85,5e+06,1.5803424e+18,6.74641212857337
28,175,78,3400000,1.5304896e+18,8.8538082749772
28,170,69,3200000,1.5179616e+18,8.69968140098951
29,188,83,3800000,1.6266528e+18,9.68040649926888
29,165,65,3800000,1.62648e+18,9.74102744483773
26,180,74,4800000,1.4988672e+18,9.47278155656217
29,189,82,3500000,1.5041376e+18,9.7981825908907
26,179,74,5500000,1.5004224e+18,10.2036291813376
32,180,72,2400000,1.5788736e+18,8.69968140098951
30,181,78,4e+06,1.625616e+18,9.47278155656217
25,176,70,5800000,1.629072e+18,9.74102744483773
30,174,71,4400000,1.601856e+18,9.54688403461792
27,180,77,5500000,1.5649632e+18,6.80350525760834
28,195,89,3700000,1.5619392e+18,9.47278155656217
31,193,84,2400000,1.325376e+18,8.69968140098951
28,179,75,3e+06,1.6267392e+18,8.69968140098951
34,183,83,1400000,1.4668992e+18,9.10509096125708
28,177,75,3400000,1.6097184e+18,8.8538082749772
29,185,81,3200000,1.6250976e+18,9.10509096125708
28,189,88,4300000,1.3576896e+18,10.4913019948302
27,173,72,4e+06,1.5619392e+18,8.98732181285012
26,175,79,4500000,1.4658624e+18,10.3417747410115
26,190,86,3900000,1.6250976e+18,9.74102744483773
27,181,74,5700000,1.4832288e+18,6.39859493453521
31,183,67,2400000,1.6292448e+18,8.00670084544037
28,182,74,3800000,1.4357088e+18,9.7981825908907
28,194,90,3600000,1.5304032e+18,9.95232533461943
29,188,77,4e+06,1.6250976e+18,9.30574145673944
28,186,84,3700000,1.4673312e+18,9.7981825908907
24,180,67,5400000,1.6106688e+18,9.30574145673944
28,188,73,3800000,1.5994368e+18,8.98732181285012
31,178,74,3600000,1.4988672e+18,9.61587214452889
28,194,90,3200000,1.4357088e+18,9.68040649926888
26,173,71,4400000,1.5778368e+18,8.8538082749772
26,174,70,7100000,1.601856e+18,6.90875477931522
26,188,70,4400000,1.4219712e+18,9.90353755128617
28,177,69,3600000,1.5991776e+18,9.10509096125708
26,185,72,4700000,1.601856e+18,9.7981825908907
27,188,84,4500000,1.630368e+18,9.39274525863144
28,183,83,2700000,1.6101504e+18,9.10509096125708
27,175,68,4300000,1.6250976e+18,9.54688403461792
33,180,69,2600000,1.4713056e+18,9.85224688834253
26,176,75,4900000,1.5640992e+18,9.85224688834253
27,188,76,5300000,1.3385088e+18,10.2036291813376
31,178,69,3600000,1.5990048e+18,9.54688403461792
26,184,80,4800000,1.5022368e+18,10.4042931430198
27,168,67,3900000,1.5278112e+18,10.3735224312936
29,174,72,3100000,1.6266528e+18,8.98732181285012
31,187,86,2900000,1.5304032e+18,9.7981825908907
29,178,81,4100000,1.6250976e+18,9.99884318585288
30,188,82,3300000,1.5794784e+18,8.8538082749772
28,173,71,4600000,1.5729984e+18,9.7981825908907
26,184,80,6100000,1.6250976e+18,6.62140565176413
34,191,86,2200000,1.6120512e+18,9.39274525863144
26,171,64,3900000,1.5994368e+18,9.95232533461943
26,178,74,4400000,1.5304032e+18,9.30574145673944
33,174,74,1900000,1.5795648e+18,9.39274525863144
26,175,66,5200000,1.5964128e+18,9.30574145673944
26,186,76,4200000,1.6250976e+18,9.21044036697652
31,186,84,2400000,1.4686272e+18,8.69968140098951
29,188,87,3800000,1.6250976e+18,8.98732181285012
29,188,81,2500000,1.6263072e+18,8.5173931714189
28,175,70,4100000,1.6291584e+18,9.21044036697652
25,184,79,5300000,1.6250976e+18,9.90353755128617
27,170,64,3800000,1.5179616e+18,8.8538082749772
29,175,73,3500000,1.3618368e+18,8.8538082749772
27,180,79,3200000,1.5607296e+18,9.30574145673944
26,187,83,3600000,1.5619392e+18,9.10509096125708
27,183,77,3600000,1.6043616e+18,9.10509096125708
26,183,72,6100000,1.5299712e+18,9.85224688834253
28,170,80,3900000,1.6094592e+18,9.30574145673944
27,190,85,3500000,1.4809824e+18,10.1658902778025
31,180,70,3900000,1.6094592e+18,8.69968140098951
27,180,74,3600000,1.5316128e+18,8.69968140098951
26,188,86,3800000,1.5304032e+18,9.47278155656217
34,179,75,1e+06,1.6136928e+18,8.29429960885724
27,186,73,3700000,1.6172352e+18,9.30574145673944
26,182,72,4900000,1.4726016e+18,9.39274525863144
29,172,67,3100000,1.5323904e+18,7.60140233458373
34,182,75,1700000,1.5790464e+18,6.74641212857337
27,171,64,4800000,1.6094592e+18,9.54688403461792
31,178,70,2700000,1.5469056e+18,8.00670084544037
36,175,79,735000,1.4980032e+18,7.60140233458373
26,180,75,3900000,1.6130016e+18,9.21044036697652
29,171,65,5100000,1.596672e+18,6.55250788703459
34,190,88,580000,1.6118784e+18,9.10509096125708
31,176,79,2900000,1.5647904e+18,9.47278155656217
34,186,79,1100000,1.6250976e+18,9.39274525863144
33,186,75,2500000,1.5792192e+18,9.74102744483773
35,179,75,1400000,1.58112e+18,9.10509096125708
34,184,86,1200000,1.6231968e+18,9.21044036697652
34,192,86,1100000,1.5780096e+18,9.21044036697652
30,183,80,3e+06,1.6272576e+18,9.21044036697652
27,175,70,4900000,1.6118784e+18,9.85224688834253
28,186,81,4800000,1.3094784e+18,9.7981825908907
27,180,75,4100000,1.5304032e+18,9.68040649926888
30,178,70,4200000,1.626048e+18,9.21044036697652
25,182,80,6700000,1.6250976e+18,6.47850964220857
25,187,90,5300000,1.5671232e+18,9.68040649926888
34,182,80,1700000,1.6180128e+18,6.74641212857337
35,182,75,1700000,1.5341184e+18,8.5173931714189
27,172,68,3200000,1.6250976e+18,9.39274525863144
25,196,77,5400000,1.6244064e+18,9.74102744483773
26,180,72,4600000,1.5971904e+18,9.61587214452889
30,180,73,3600000,1.610928e+18,9.68040649926888
26,170,70,4600000,1.6121376e+18,9.10509096125708
30,170,65,5100000,1.6006464e+18,6.74641212857337
27,173,63,5e+06,1.6288128e+18,9.39274525863144
27,176,74,4400000,1.5778368e+18,9.21044036697652
27,188,85,3300000,1.6250976e+18,9.61587214452889
28,185,79,2900000,1.5786144e+18,7.60140233458373
26,188,76,5500000,1.5958944e+18,9.85224688834253
26,178,78,4400000,1.6278624e+18,8.8538082749772
25,175,73,7100000,1.6097184e+18,6.90875477931522
32,189,86,2500000,1.6034976e+18,9.54688403461792
28,171,75,3400000,1.630368e+18,9.7981825908907
27,183,77,5900000,1.4988672e+18,9.68040649926888
26,189,82,4500000,1.6271712e+18,8.8538082749772
27,195,81,5200000,1.5622848e+18,9.47278155656217
30,190,84,4200000,1.4998176e+18,9.85224688834253
26,191,88,4800000,1.5978816e+18,8.69968140098951
25,189,88,4e+06,1.597104e+18,8.8538082749772
26,180,69,5300000,1.5631488e+18,9.61587214452889
25,193,77,5500000,1.630368e+18,6.47850964220857
24,177,76,6800000,1.4369184e+18,9.95232533461943
27,170,66,6e+06,1.6261344e+18,6.74641212857337
26,180,76,5200000,1.5991776e+18,9.10509096125708
25,184,83,6400000,1.5658272e+18,9.30574145673944
26,188,75,4400000,1.5935616e+18,8.8538082749772
28,173,71,3200000,1.6137792e+18,9.30574145673944
25,178,62,6300000,1.562544e+18,9.95232533461943
28,173,61,3600000,1.4041728e+18,10.1266711030504
30,185,82,3e+06,1.3865472e+18,8.69968140098951
24,176,70,6700000,1.5671232e+18,8.8538082749772
27,185,75,4e+06,1.4370912e+18,9.68040649926888
26,175,71,4700000,1.5162336e+18,9.85224688834253
26,173,71,5300000,1.5620256e+18,9.68040649926888
27,182,78,4900000,1.3911264e+18,9.85224688834253
24,178,75,5400000,1.5804288e+18,8.69968140098951
26,185,78,2900000,1.3885344e+18,8.5173931714189
26,176,71,4600000,1.4357088e+18,9.85224688834253
27,176,72,3900000,1.503792e+18,9.39274525863144
31,173,70,2900000,1.2965184e+18,9.39274525863144
25,187,86,4e+06,1.6288992e+18,8.5173931714189
26,180,65,6400000,1.5637536e+18,9.30574145673944
24,184,75,7200000,1.5004224e+18,9.21044036697652
28,193,92,3200000,1.5619392e+18,9.74102744483773
27,185,78,3400000,1.4988672e+18,9.10509096125708
30,189,85,3600000,1.630368e+18,9.68040649926888
27,176,62,3300000,1.3885344e+18,8.69968140098951
23,175,69,6300000,1.5265152e+18,9.85224688834253
24,184,78,4500000,1.6244064e+18,8.00670084544037
30,173,72,2600000,1.5466464e+18,8.8538082749772
29,175,70,4600000,1.6116192e+18,10.1658902778025
24,182,78,6e+06,1.5005088e+18,9.61587214452889
30,180,83,4200000,1.6102368e+18,6.74641212857337
24,170,69,4900000,1.5971904e+18,9.10509096125708
28,171,68,4800000,1.562976e+18,9.39274525863144
26,185,79,4900000,1.4041728e+18,8.69968140098951
25,195,74,6100000,1.5989184e+18,9.39274525863144
28,169,70,4100000,1.6258752e+18,9.7981825908907
26,185,71,3600000,1.4706144e+18,9.54688403461792
32,170,73,2700000,1.625616e+18,9.10509096125708
32,182,77,2700000,1.5619392e+18,8.69968140098951
27,183,75,5200000,1.6263072e+18,8.98732181285012
26,179,68,4900000,1.6250976e+18,9.90353755128617
32,175,70,3400000,1.6019424e+18,6.80350525760834
26,186,80,4900000,1.4996448e+18,9.30574145673944
25,183,75,6300000,1.56384e+18,10.1658902778025
29,188,81,2900000,1.518048e+18,8.5173931714189
24,175,66,7100000,1.4858208e+18,10.3089859934221
31,177,71,2600000,1.579824e+18,9.39274525863144
28,181,69,3600000,1.4988672e+18,9.99884318585288
26,173,68,5200000,1.5304032e+18,9.7981825908907
24,191,77,5400000,1.5778368e+18,8.69968140098951
29,182,77,4100000,1.562976e+18,10.463131911492
24,179,74,6200000,1.603152e+18,8.5173931714189
23,194,78,10300000,1.564704e+18,9.10509096125708
24,182,84,4300000,1.6254432e+18,9.39274525863144
31,180,79,3400000,1.5794784e+18,9.39274525863144
27,184,84,6100000,1.6294176e+18,9.7981825908907
26,182,80,4200000,1.4988672e+18,9.68040649926888
26,188,70,3900000,1.59408e+18,9.30574145673944
27,178,70,5900000,1.5967584e+18,9.10509096125708
27,189,85,3900000,1.579824e+18,8.98732181285012
28,176,83,4200000,1.6103232e+18,9.47278155656217
23,173,67,6700000,1.5325632e+18,10.1266711030504
23,182,70,7800000,1.60272e+18,10.2750855911327
26,189,78,5300000,1.5619392e+18,9.7981825908907
25,173,72,5900000,1.6028064e+18,9.7981825908907
29,187,74,3700000,1.5976224e+18,9.30574145673944
25,196,92,3900000,1.5304032e+18,9.99884318585288
25,183,72,5800000,1.630368e+18,9.39274525863144
32,170,65,2700000,1.6098048e+18,8.00670084544037
25,181,75,4400000,1.6250976e+18,9.30574145673944
29,187,86,2700000,1.562544e+18,7.60140233458373
30,185,80,2900000,1.6261344e+18,9.21044036697652
33,170,70,2300000,1.6250976e+18,9.47278155656217
28,183,80,3e+06,1.532304e+18,9.47278155656217
30,201,90,3300000,1.5985728e+18,8.98732181285012
30,185,83,4200000,1.5619392e+18,6.74641212857337
25,190,87,5200000,1.6250976e+18,9.47278155656217
25,178,74,4900000,1.5666048e+18,9.47278155656217
25,175,70,4400000,1.601856e+18,9.54688403461792
26,178,75,3700000,1.6268256e+18,8.98732181285012
32,184,89,2600000,1.5585696e+18,6.62140565176413
27,185,82,5200000,1.562544e+18,9.47278155656217
23,194,82,7e+06,1.5610752e+18,10.0858507751287
24,182,81,7400000,1.4292288e+18,9.10509096125708
26,184,81,5400000,1.4988672e+18,9.95232533461943
26,185,77,5300000,1.5982272e+18,9.7981825908907
23,180,85,5800000,1.4988672e+18,9.30574145673944
27,186,80,4100000,1.562544e+18,9.10509096125708
24,190,83,7100000,1.5996096e+18,10.2036291813376
23,178,70,10500000,1.4357088e+18,10.0858507751287
28,173,72,4400000,1.3094784e+18,9.68040649926888
28,178,72,3100000,1.6282944e+18,9.10509096125708
27,178,65,3700000,1.5619392e+18,10.2750855911327
24,173,68,5700000,1.6269984e+18,8.98732181285012
30,187,82,3e+06,1.610928e+18,9.21044036697652
31,177,74,3800000,1.5463872e+18,9.54688403461792
27,174,75,4100000,1.5304032e+18,8.8538082749772
28,177,74,4e+06,1.6008192e+18,9.47278155656217
28,186,84,3700000,1.6285536e+18,9.21044036697652
23,193,76,10300000,1.6028064e+18,10.5966597327836
31,172,66,3800000,1.5626304e+18,9.47278155656217
26,196,85,3800000,1.5147648e+18,6.90875477931522
27,196,87,4400000,1.5929568e+18,9.21044036697652
26,186,80,4400000,1.4357088e+18,8.98732181285012
27,172,69,3600000,1.5792192e+18,8.8538082749772
24,177,73,8900000,1.5488928e+18,10.2036291813376
23,193,91,7300000,1.6262208e+18,9.30574145673944
24,181,84,6200000,1.5619392e+18,9.54688403461792
37,188,77,450000,1.6254432e+18,9.30574145673944
25,178,69,4300000,1.6254432e+18,9.95232533461943
25,180,79,3600000,1.6257024e+18,9.7981825908907
29,178,78,4e+06,1.6257024e+18,9.85224688834253
29,181,82,3800000,1.625616e+18,9.68040649926888
29,186,79,3800000,1.6288128e+18,10.0858507751287
29,170,68,3800000,1.625616e+18,10.0858507751287
21,178,70,5300000,1.625616e+18,9.10509096125708
25,177,70,4900000,1.6250112e+18,9.21044036697652
21,180,76,5300000,1.6257024e+18,9.54688403461792
25,187,82,4700000,1.6254432e+18,10.1266711030504
25,172,67,4900000,1.6250112e+18,9.30574145673944
25,188,85,3600000,1.6288128e+18,9.7981825908907
21,188,79,4600000,1.6257024e+18,8.98732181285012
25,180,75,4100000,1.6254432e+18,9.95232533461943
29,175,69,4e+06,1.6257024e+18,9.7981825908907
25,183,80,4600000,1.6250112e+18,9.10509096125708
29,177,76,4400000,1.6257024e+18,9.47278155656217
37,174,74,1400000,1.625616e+18,9.85224688834253
29,183,79,3800000,1.6254432e+18,9.39274525863144
21,180,77,4600000,1.6257024e+18,9.39274525863144
25,174,70,4900000,1.6257024e+18,10.0858507751287
25,173,64,4900000,1.6250112e+18,9.21044036697652
25,176,76,4400000,1.625616e+18,9.7981825908907
37,175,75,1500000,1.625616e+18,9.74102744483773
21,178,75,4800000,1.6257024e+18,9.30574145673944
29,180,79,3800000,1.6250112e+18,9.21044036697652
25,182,78,4400000,1.625616e+18,9.10509096125708
21,180,69,5300000,1.6257024e+18,9.54688403461792
29,183,74,4400000,1.6257024e+18,9.90353755128617
25,170,67,4900000,1.625616e+18,9.68040649926888
29,176,70,4400000,1.6257024e+18,10.2399955028053
25,181,74,4900000,1.6257024e+18,9.74102744483773
29,180,92,4400000,1.6257024e+18,9.95232533461943
29,178,76,4400000,1.6257024e+18,10.2399955028053
29,175,70,4400000,1.6257024e+18,10.043292972227
25,172,67,4900000,1.6254432e+18,9.47278155656217
21,174,69,5300000,1.6254432e+18,9.30574145673944
33,188,83,1400000,1.625616e+18,9.10509096125708
25,175,75,4400000,1.625616e+18,9.61587214452889
26,175,67,5100000,1.5964992e+18,10.043292972227
28,181,77,5e+06,1.5482016e+18,9.47278155656217
24,187,83,10300000,1.6298496e+18,10.2036291813376
24,190,90,7100000,1.4357088e+18,10.1658902778025
26,178,77,5100000,1.484784e+18,6.62140565176413
25,177,70,6600000,1.6266528e+18,6.68586094706836
27,184,79,6100000,1.6030656e+18,6.55250788703459
28,186,81,4800000,1.5652224e+18,9.7981825908907
28,174,70,3200000,1.562112e+18,9.30574145673944
23,193,90,8100000,1.5304032e+18,9.61587214452889
25,173,72,4600000,1.6142976e+18,9.39274525863144
24,175,68,6400000,1.5797376e+18,8.69968140098951
24,174,75,8400000,1.4357088e+18,9.54688403461792
25,173,71,5200000,1.6258752e+18,9.10509096125708
24,172,65,5500000,1.5619392e+18,8.8538082749772
24,186,77,5800000,1.4988672e+18,9.61587214452889
24,180,74,5200000,1.5639264e+18,8.69968140098951
28,178,79,4100000,1.6302816e+18,10.3089859934221
23,193,87,6800000,1.6250976e+18,9.74102744483773
29,183,78,3800000,1.6258752e+18,9.39274525863144
27,170,62,4400000,1.5278112e+18,10.0858507751287
29,172,64,3500000,1.562112e+18,9.47278155656217
27,187,79,3800000,1.6250976e+18,9.39274525863144
23,190,83,7500000,1.5306624e+18,9.21044036697652
30,180,77,3500000,1.5967584e+18,9.39274525863144
28,182,76,2900000,1.580688e+18,9.10509096125708
25,181,73,4100000,1.4525568e+18,8.8538082749772
31,185,80,3500000,1.4690592e+18,9.85224688834253
24,167,64,5700000,1.5935616e+18,9.61587214452889
27,178,72,3e+06,1.578096e+18,9.10509096125708
23,191,75,10300000,1.5481152e+18,9.85224688834253
29,183,75,2600000,1.3885344e+18,9.10509096125708
25,182,75,5e+06,1.5632352e+18,9.39274525863144
26,178,72,4400000,1.5024096e+18,8.69968140098951
28,192,77,5200000,1.598832e+18,8.5173931714189
25,179,71,6400000,1.6103232e+18,6.80350525760834
28,182,74,3600000,1.6121376e+18,9.7981825908907
25,185,82,6500000,1.4697504e+18,9.99884318585288
22,177,74,5100000,1.4594688e+18,8.29429960885724
22,182,80,8300000,1.5620256e+18,9.21044036697652
26,178,69,3700000,1.6257888e+18,9.30574145673944
29,170,67,4e+06,1.6288128e+18,9.74102744483773
21,183,79,4600000,1.6250112e+18,8.8538082749772
25,170,67,4900000,1.625616e+18,9.21044036697652
29,185,78,3400000,1.5778368e+18,6.21660610108486
23,175,70,11500000,1.566e+18,8.69968140098951
23,183,63,10300000,1.464048e+18,10.0858507751287
23,193,79,9900000,1.5994368e+18,8.8538082749772
25,178,74,6400000,1.6266528e+18,9.39274525863144
23,183,75,6300000,1.6281216e+18,9.61587214452889
30,180,72,3800000,1.5622848e+18,9.47278155656217
27,184,81,3500000,1.594944e+18,9.39274525863144
23,184,79,5700000,1.4673312e+18,9.30574145673944
26,190,79,5300000,1.6267392e+18,10.043292972227
26,191,83,4900000,1.5298848e+18,9.61587214452889
23,188,75,6800000,1.4673312e+18,9.54688403461792
25,176,68,4700000,1.59408e+18,9.10509096125708
22,181,77,8400000,1.5484608e+18,9.74102744483773
28,170,65,4900000,1.61136e+18,9.10509096125708
25,181,81,4900000,1.530576e+18,9.39274525863144
25,188,83,7300000,1.5602112e+18,9.68040649926888
28,188,85,4600000,1.56168e+18,9.47278155656217
27,193,82,5500000,1.6250976e+18,6.90875477931522
24,182,71,6200000,1.5619392e+18,9.39274525863144
25,170,61,5100000,1.600992e+18,8.5173931714189
24,186,80,10400000,1.4673312e+18,9.39274525863144
23,177,68,5800000,1.5205536e+18,8.5173931714189
25,178,70,4700000,1.6280352e+18,8.8538082749772
23,180,78,8800000,1.4673312e+18,8.8538082749772
26,186,79,5900000,1.6250976e+18,9.21044036697652
23,188,68,6800000,1.5662592e+18,8.5173931714189
24,182,70,5500000,1.6266528e+18,9.90353755128617
27,171,67,5600000,1.6292448e+18,9.74102744483773
23,180,65,9900000,1.4356224e+18,10.043292972227
22,178,72,10500000,1.5597792e+18,9.30574145673944
26,188,82,5300000,1.5673824e+18,9.85224688834253
27,180,74,6100000,1.6263072e+18,6.74641212857337
24,175,70,7700000,1.4859936e+18,9.10509096125708
22,176,72,6800000,1.4872896e+18,9.10509096125708
23,182,74,8500000,1.4357088e+18,10.1266711030504
23,173,65,9900000,1.5947712e+18,9.61587214452889
23,182,72,7500000,1.5015456e+18,9.39274525863144
23,182,72,5e+06,1.5619392e+18,9.47278155656217
24,182,75,6700000,1.5994368e+18,8.8538082749772
26,185,74,5200000,1.5997824e+18,9.21044036697652
28,185,81,5500000,1.5041376e+18,6.68586094706836
27,181,74,3900000,1.4673312e+18,9.7981825908907
27,190,83,4e+06,1.5784416e+18,9.54688403461792
24,178,71,5900000,1.4331168e+18,10.1266711030504
22,178,72,10800000,1.4988672e+18,9.54688403461792
31,177,71,4400000,1.5801696e+18,6.62140565176413
27,195,91,4300000,1.5960672e+18,10.1658902778025
26,193,90,4700000,1.4721696e+18,9.21044036697652
22,185,84,6300000,1.5984864e+18,9.10509096125708
28,187,83,3500000,1.6136064e+18,9.30574145673944
24,184,78,8500000,1.6002144e+18,9.47278155656217
26,175,62,5800000,1.6244928e+18,9.39274525863144
23,172,72,8900000,1.4401152e+18,6.74641212857337
31,174,62,3600000,1.6000416e+18,8.69968140098951
21,188,75,10500000,1.5639264e+18,9.68040649926888
29,185,88,4400000,1.4988672e+18,6.68586094706836
26,175,70,5400000,1.5640992e+18,10.2750855911327
26,180,70,4400000,1.5989184e+18,9.47278155656217
31,197,92,2600000,1.502064e+18,6.62140565176413
23,187,74,6800000,1.6250976e+18,9.61587214452889
28,181,82,3600000,1.5989184e+18,9.39274525863144
22,182,78,10500000,1.6281216e+18,9.7981825908907
25,185,79,4900000,1.562112e+18,9.10509096125708
21,188,82,7500000,1.4988672e+18,8.8538082749772
24,185,75,8400000,1.4491008e+18,9.95232533461943
25,172,70,5500000,1.6293312e+18,8.98732181285012
31,185,85,4400000,1.6105824e+18,6.90875477931522
32,167,68,4200000,1.3889664e+18,6.85751406254539
22,190,82,7200000,1.4673312e+18,9.61587214452889
23,178,68,8500000,1.5091488e+18,9.30574145673944
27,175,66,4700000,1.5602976e+18,9.30574145673944
23,173,67,6300000,1.6094592e+18,10.0858507751287
26,185,78,5600000,1.4672448e+18,8.98732181285012
25,176,72,4e+06,1.515888e+18,8.29429960885724
33,184,74,2e+06,1.5787008e+18,9.10509096125708
20,184,81,8100000,1.5985728e+18,8.98732181285012
24,184,73,5e+06,1.6147296e+18,9.21044036697652
22,189,84,8200000,1.5780096e+18,9.30574145673944
29,174,75,2900000,1.6115328e+18,8.5173931714189
21,179,67,8500000,1.5778368e+18,8.69968140098951
29,169,64,5100000,1.5286752e+18,6.74641212857337
29,185,81,3100000,1.630368e+18,8.98732181285012
24,189,84,5600000,1.5304032e+18,9.61587214452889
24,184,73,8e+06,1.4364864e+18,6.47850964220857
24,194,86,11300000,1.6257024e+18,8.8538082749772
21,188,77,7500000,1.5304032e+18,9.61587214452889
25,180,79,5100000,1.6244928e+18,9.61587214452889
23,180,78,1.2e+07,1.5463008e+18,6.80350525760834
20,180,68,9500000,1.5925248e+18,9.39274525863144
25,173,65,5200000,1.5329952e+18,9.61587214452889
29,177,73,3600000,1.5791328e+18,9.21044036697652
22,179,73,8500000,1.532304e+18,9.21044036697652
24,188,79,8800000,1.5935616e+18,8.8538082749772
21,174,67,1e+07,1.5304032e+18,9.47278155656217
20,195,88,9200000,1.5304032e+18,9.54688403461792
21,169,69,9100000,1.5820704e+18,8.5173931714189
23,176,65,7500000,1.4357088e+18,6.47850964220857
23,173,70,11500000,1.5994368e+18,9.30574145673944
21,168,61,9400000,1.543536e+18,9.10509096125708
21,167,69,1.2e+07,1.6250976e+18,9.21044036697652
24,172,67,7e+06,1.6227648e+18,10.2036291813376
20,183,80,11500000,1.6250976e+18,6.47850964220857
21,185,81,9300000,1.5488928e+18,9.47278155656217
24,193,78,10100000,1.5308352e+18,9.47278155656217
24,177,70,8500000,1.5650496e+18,8.98732181285012
20,175,66,10300000,1.5554592e+18,10.4042931430198
21,188,81,10300000,1.5304032e+18,9.54688403461792
19,198,91,6700000,1.5278112e+18,6.21660610108486
24,182,73,4700000,1.5778368e+18,7.60140233458373
29,173,72,3200000,1.5995232e+18,9.39274525863144
32,175,70,2600000,1.6237152e+18,9.30574145673944
26,172,70,5800000,1.560384e+18,9.54688403461792
25,179,74,5400000,1.5619392e+18,9.61587214452889
29,187,80,5100000,1.5620256e+18,6.74641212857337
27,181,78,3800000,1.6141248e+18,8.69968140098951
29,192,86,3400000,1.5961536e+18,8.98732181285012
32,194,87,2600000,1.5619392e+18,6.62140565176413
24,174,68,7500000,1.5619392e+18,6.80350525760834
20,167,65,11500000,1.5619392e+18,8.5173931714189
24,181,72,4700000,1.5619392e+18,9.10509096125708
24,179,78,8900000,1.4357088e+18,9.68040649926888
21,187,76,10600000,1.5601248e+18,8.69968140098951
22,172,64,9400000,1.625616e+18,9.30574145673944
28,170,62,3200000,1.5679872e+18,9.39274525863144
29,187,76,3100000,1.6158528e+18,7.60140233458373
20,182,77,12100000,1.6284672e+18,8.8538082749772
29,185,78,4900000,1.5165792e+18,6.74641212857337
24,190,84,6500000,1.5674688e+18,6.39859493453521
24,174,69,6e+06,1.62648e+18,9.30574145673944
20,173,65,10300000,1.6276896e+18,9.54688403461792
19,174,69,11600000,1.6263936e+18,9.85224688834253
21,171,69,12900000,1.5778368e+18,6.62140565176413
18,173,73,9400000,1.5829344e+18,8.5173931714189
20,184,79,14400000,1.5473376e+18,8.98732181285012
21,170,63,15800000,1.5619392e+18,8.8538082749772
19,170,63,10500000,1.6250976e+18,9.68040649926888
20,184,74,10100000,1.5673824e+18,10.1266711030504
25,175,68,5400000,1.629504e+18,10.3089859934221
22,175,70,1.1e+07,1.596672e+18,6.47850964220857
24,180,67,8400000,1.4364864e+18,6.39859493453521
22,190,85,8800000,1.5983136e+18,10.043292972227
21,187,78,7800000,1.5989184e+18,9.10509096125708
22,175,76,11500000,1.5619392e+18,9.68040649926888
20,187,75,9500000,1.6287264e+18,9.54688403461792
18,186,81,1.1e+07,1.5619392e+18,6.21660610108486
24,185,76,5600000,1.6285536e+18,10.1266711030504
21,188,78,9300000,1.6276896e+18,9.90353755128617
20,190,78,9700000,1.5619392e+18,9.30574145673944
26,189,79,6300000,1.5633216e+18,6.55250788703459
24,197,82,10800000,1.6255296e+18,9.30574145673944
38,186,78,1e+06,1.4844384e+18,8.5173931714189
40,185,78,420000,1.6261344e+18,8.8538082749772
39,189,80,1400000,1.4661216e+18,6.55250788703459
37,187,72,336000,1.5995232e+18,8.29429960885724
35,187,82,998000,1.626048e+18,9.74102744483773
36,175,80,656000,1.6250976e+18,8.29429960885724
37,183,79,878000,1.6276032e+18,7.60140233458373
35,180,80,761000,1.6094592e+18,8.98732181285012
38,187,78,715000,1.5585696e+18,6.39859493453521
39,174,71,525000,1.325376e+18,8.8538082749772
37,182,74,357000,1.6274304e+18,8.5173931714189
36,180,79,471000,1.6134336e+18,8.5173931714189
37,179,77,9e+05,1.5002496e+18,8.98732181285012
37,173,78,9e+05,1.6129152e+18,8.98732181285012
39,192,86,305000,1.532304e+18,8.29429960885724
34,177,76,1800000,1.5965856e+18,10.3417747410115
35,175,65,1600000,1.5337728e+18,8.69968140098951
32,180,70,2e+06,1.58328e+18,8.98732181285012
38,186,80,520000,1.4688864e+18,8.29429960885724
35,196,100,357000,1.5644448e+18,9.7981825908907
35,189,77,1e+06,1.5827616e+18,8.69968140098951
36,180,79,808000,1.5009408e+18,9.54688403461792
36,173,75,975000,1.6094592e+18,8.5173931714189
34,192,94,423000,1.5000768e+18,8.5173931714189
34,181,81,715000,1.08864e+18,6.21660610108486
35,190,80,8e+05,1.5729984e+18,7.60140233458373
36,173,75,9e+05,1.5935616e+18,8.29429960885724
34,179,73,1e+06,1.596672e+18,9.39274525863144
35,191,88,347000,1.51632e+18,9.10509096125708
35,178,67,978000,1.6269984e+18,8.5173931714189
35,185,88,420000,1.6267392e+18,8.69968140098951
35,183,77,650000,1.6263072e+18,8.29429960885724
33,180,78,1900000,1.5989184e+18,8.29429960885724
34,175,68,943000,1.5735168e+18,8.5173931714189
31,183,79,2400000,1.4213664e+18,8.69968140098951
32,176,70,1800000,1.3094784e+18,9.10509096125708
34,189,78,875000,1.5983136e+18,8.69968140098951
30,170,68,2300000,1.6284672e+18,8.8538082749772
35,181,77,1100000,1.6136064e+18,8.8538082749772
32,184,80,1600000,1.6250976e+18,8.69968140098951
33,180,78,1600000,1.629504e+18,8.8538082749772
33,196,86,1200000,1.498176e+18,9.10509096125708
33,178,75,2300000,1.519776e+18,10.1266711030504
34,182,78,455000,1.5978816e+18,8.98732181285012
40,185,78,441000,1.5304032e+18,8.5173931714189
34,177,70,1200000,1.5942528e+18,10.3735224312936
34,191,87,1100000,1.5311808e+18,8.8538082749772
32,183,82,2900000,1.3148352e+18,6.47850964220857
36,187,85,406000,1.4621472e+18,8.5173931714189
34,181,81,1400000,1.626912e+18,9.30574145673944
34,192,80,504000,1.6172352e+18,8.98732181285012
32,185,75,1400000,1.3886208e+18,9.10509096125708
37,180,81,462000,1.499904e+18,6.21660610108486
34,181,71,1e+06,1.6274304e+18,8.98732181285012
34,179,70,1400000,1.5950304e+18,9.21044036697652
32,185,75,2100000,1.4046912e+18,9.54688403461792
35,193,88,462000,1.4988672e+18,6.21660610108486
32,176,73,2200000,1.375056e+18,8.8538082749772
34,183,80,1100000,1.4357088e+18,9.54688403461792
33,172,65,2200000,1.6304544e+18,8.5173931714189
34,173,70,1400000,1.4688864e+18,9.30574145673944
33,170,65,1500000,1.1045376e+18,8.5173931714189
33,178,80,1300000,1.6287264e+18,8.69968140098951
30,185,79,2400000,1.6266528e+18,9.10509096125708
33,193,93,2200000,1.566864e+18,9.74102744483773
33,181,78,1200000,1.6252704e+18,8.8538082749772
32,187,79,2300000,1.6257024e+18,8.69968140098951
30,192,90,2300000,1.6291584e+18,9.68040649926888
32,180,79,2300000,1.5970176e+18,9.74102744483773
31,181,79,2200000,1.6288992e+18,8.98732181285012
32,176,75,3200000,1.3094784e+18,6.62140565176413
32,180,73,2500000,1.4218848e+18,9.74102744483773
33,195,92,960000,1.532304e+18,8.5173931714189
32,182,76,2300000,1.4988672e+18,9.74102744483773
32,176,77,2e+06,1.4370912e+18,9.61587214452889
30,176,72,2900000,1.6291584e+18,9.68040649926888
35,186,84,1600000,1.5639264e+18,9.21044036697652
30,171,66,2800000,1.6183584e+18,8.98732181285012
32,192,86,1900000,1.4050368e+18,9.68040649926888
34,178,73,1600000,1.6283808e+18,9.85224688834253
33,188,76,1700000,1.5634944e+18,9.74102744483773
33,180,74,1700000,1.2148704e+18,10.2036291813376
31,174,63,3400000,1.6190496e+18,6.31173480915291
32,185,85,2300000,1.6302816e+18,9.74102744483773
32,189,89,2400000,1.5973632e+18,9.21044036697652
32,196,93,1900000,1.6279488e+18,8.5173931714189
31,175,67,2600000,1.5630624e+18,9.10509096125708
32,188,81,1800000,1.5778368e+18,8.5173931714189
30,177,76,3600000,1.6010784e+18,9.21044036697652
34,170,73,1400000,1.5981408e+18,8.8538082749772
31,178,74,2500000,1.630368e+18,8.29429960885724
30,185,81,2300000,1.6121376e+18,8.69968140098951
35,165,72,1300000,1.6250976e+18,8.69968140098951
30,187,82,1900000,1.6099776e+18,8.29429960885724
30,189,80,2700000,1.6276032e+18,10.043292972227
34,190,85,1200000,1.5983136e+18,9.10509096125708
29,176,70,3400000,1.6003872e+18,10.2399955028053
29,191,75,3e+06,1.5040512e+18,9.54688403461792
30,168,68,2100000,1.230768e+18,8.98732181285012
29,178,69,2400000,1.5631488e+18,9.21044036697652
30,178,80,3e+06,1.5971904e+18,10.043292972227
32,179,76,1800000,1.4988672e+18,9.30574145673944
31,182,71,2100000,1.6283808e+18,8.98732181285012
27,185,81,3600000,1.5621984e+18,10.1266711030504
33,193,85,840000,1.6151616e+18,8.98732181285012
31,186,83,1900000,1.5650496e+18,9.54688403461792
30,190,86,2900000,1.6291584e+18,9.30574145673944
29,177,76,2600000,1.5316992e+18,9.61587214452889
32,176,73,2600000,1.6254432e+18,8.8538082749772
34,186,82,1400000,1.630368e+18,9.68040649926888
29,173,69,4e+06,1.6121376e+18,6.47850964220857
28,179,78,2600000,1.623888e+18,9.21044036697652
29,185,72,3800000,1.6276032e+18,9.30574145673944
32,185,79,1900000,1.5985728e+18,8.69968140098951
29,174,71,3400000,1.5162336e+18,10.6919676399149
30,190,82,2900000,1.2643776e+18,9.90353755128617
28,180,74,2900000,1.6281216e+18,8.69968140098951
30,181,82,2300000,1.6250976e+18,9.21044036697652
32,193,88,1900000,1.6285536e+18,8.8538082749772
28,180,82,2600000,1.6269984e+18,8.98732181285012
37,172,69,810000,1.325376e+18,6.90875477931522
31,192,83,1800000,1.4041728e+18,8.29429960885724
29,175,65,3600000,1.625184e+18,9.39274525863144
32,173,75,2800000,1.5687648e+18,6.68586094706836
31,171,66,3500000,1.6224192e+18,6.74641212857337
32,182,76,1900000,1.5644448e+18,8.8538082749772
31,183,77,2700000,1.5619392e+18,9.7981825908907
29,185,83,3500000,1.5671232e+18,6.39859493453521
30,179,78,4e+06,1.600992e+18,6.68586094706836
32,180,77,2300000,1.59408e+18,8.69968140098951
29,172,73,3800000,1.5935616e+18,9.74102744483773
30,181,82,3800000,1.485216e+18,6.62140565176413
30,181,69,3200000,1.6118784e+18,6.68586094706836
31,182,71,2600000,1.6268256e+18,9.10509096125708
31,193,85,2300000,1.5304896e+18,10.1266711030504
30,178,68,2600000,1.625616e+18,8.5173931714189
29,186,81,3600000,1.6266528e+18,9.21044036697652
29,179,68,3200000,1.5619392e+18,9.61587214452889
30,177,71,2100000,1.5935616e+18,8.8538082749772
32,184,77,2300000,1.4993856e+18,9.21044036697652
30,172,72,2400000,1.2779424e+18,9.10509096125708
29,185,76,2400000,1.6254432e+18,8.8538082749772
31,168,67,2400000,1.2779424e+18,10.1266711030504
35,177,74,1100000,1.484352e+18,8.98732181285012
29,185,80,2400000,1.5935616e+18,8.69968140098951
30,186,78,2400000,1.6278624e+18,8.00670084544037
29,195,94,2400000,1.5355872e+18,9.21044036697652
28,193,82,3600000,1.5780096e+18,10.3417747410115
29,175,72,3e+06,1.5619392e+18,9.21044036697652
28,197,95,2800000,1.5650496e+18,9.39274525863144
31,168,63,2e+06,1.4357088e+18,9.10509096125708
31,186,77,1700000,1.5788736e+18,8.8538082749772
32,189,82,1800000,1.5790464e+18,9.21044036697652
32,185,80,2100000,1.290384e+18,9.54688403461792
30,188,88,1800000,1.6250976e+18,8.29429960885724
28,185,80,3200000,1.5619392e+18,9.54688403461792
28,185,86,3e+06,1.4716512e+18,9.7981825908907
28,188,78,3200000,1.5173568e+18,10.3417747410115
26,183,78,4200000,1.5984864e+18,9.30574145673944
34,190,86,650000,1.5619392e+18,8.8538082749772
28,183,74,3800000,1.5619392e+18,9.95232533461943
28,178,67,2800000,1.6282944e+18,9.47278155656217
32,183,73,2400000,1.53144e+18,9.30574145673944
30,182,78,3200000,1.6276896e+18,9.10509096125708
28,175,71,3600000,1.6282944e+18,9.30574145673944
27,179,70,3800000,1.4832288e+18,9.99884318585288
29,177,71,2400000,1.6128288e+18,9.30574145673944
30,187,84,3100000,1.5304032e+18,9.95232533461943
31,178,68,3100000,1.599696e+18,6.31173480915291
27,188,75,3e+06,1.5531264e+18,8.69968140098951
26,172,70,3900000,1.6215552e+18,9.10509096125708
30,170,65,2700000,1.6281216e+18,8.69968140098951
27,181,81,2900000,1.5649632e+18,8.98732181285012
29,179,72,3e+06,1.6250976e+18,9.61587214452889
33,177,67,1600000,1.3569984e+18,8.98732181285012
31,197,83,2500000,1.5634944e+18,9.90353755128617
27,175,67,3400000,1.6272576e+18,8.98732181285012
28,178,80,3e+06,1.6121376e+18,8.98732181285012
28,167,70,2100000,1.5639264e+18,7.60140233458373
28,181,81,4200000,1.4991264e+18,9.7981825908907
29,172,70,3e+06,1.599696e+18,9.21044036697652
27,186,89,3900000,1.623456e+18,10.2750855911327
29,170,65,3400000,1.4721696e+18,10.4341452149305
30,184,83,3200000,1.5984e+18,9.30574145673944
28,193,90,2600000,1.5619392e+18,9.74102744483773
29,190,78,3400000,1.6250976e+18,9.85224688834253
29,183,78,3200000,1.6250976e+18,9.85224688834253
30,193,84,2400000,1.6250976e+18,8.98732181285012
31,182,76,2900000,1.6266528e+18,6.68586094706836
27,173,70,3e+06,1.6250976e+18,8.98732181285012
29,173,66,3200000,1.5304032e+18,9.10509096125708
29,186,84,3e+06,1.5631488e+18,9.7981825908907
28,184,71,3200000,1.5619392e+18,10.0858507751287
29,172,69,3400000,1.5941664e+18,10.4341452149305
27,181,73,3e+06,1.6276032e+18,9.54688403461792
28,185,73,3200000,1.6278624e+18,10.1266711030504
29,194,82,3100000,1.6274304e+18,10.5966597327836
28,191,87,3700000,1.6254432e+18,9.21044036697652
27,185,87,4300000,1.5164064e+18,10.463131911492
29,177,66,3600000,1.6275168e+18,9.21044036697652
28,182,73,3600000,1.625184e+18,9.30574145673944
27,178,70,4100000,1.3174272e+18,9.99884318585288
27,187,87,2700000,1.59408e+18,9.30574145673944
29,187,81,2600000,1.5974496e+18,9.10509096125708
31,185,72,2900000,1.578528e+18,8.5173931714189
29,166,62,3800000,1.5974496e+18,8.69968140098951
30,190,87,2200000,1.6306272e+18,9.10509096125708
30,170,59,4e+06,1.5977088e+18,6.85751406254539
29,181,76,2100000,1.5467328e+18,8.98732181285012
33,182,75,2e+06,1.626912e+18,9.54688403461792
27,178,69,3300000,1.4992128e+18,9.21044036697652
28,184,83,1800000,1.5304896e+18,8.98732181285012
31,193,78,1700000,1.5624576e+18,9.99884318585288
26,184,74,4600000,1.5463008e+18,10.2750855911327
31,190,86,2600000,1.6115328e+18,9.10509096125708
25,183,71,4400000,1.5792192e+18,8.8538082749772
32,176,80,2200000,1.6115328e+18,9.21044036697652
28,176,70,3100000,1.6285536e+18,9.30574145673944
28,192,90,2400000,1.4673312e+18,9.21044036697652
28,185,75,4100000,1.6250976e+18,9.74102744483773
28,185,81,2700000,1.5952032e+18,8.98732181285012
27,187,80,3400000,1.59624e+18,8.98732181285012
28,185,70,2900000,1.5971904e+18,8.69968140098951
30,176,74,2100000,1.5657408e+18,8.69968140098951
28,188,80,3800000,1.6261344e+18,9.47278155656217
28,177,60,2500000,1.5952032e+18,8.98732181285012
26,168,58,3600000,1.627344e+18,9.61587214452889
31,181,76,3200000,1.62648e+18,9.39274525863144
32,190,90,2500000,1.6285536e+18,9.90353755128617
27,181,74,4200000,1.5619392e+18,9.30574145673944
30,172,74,2500000,1.4360544e+18,9.21044036697652
34,190,78,520000,1.5985728e+18,8.5173931714189
30,179,75,2100000,1.6010784e+18,9.39274525863144
30,183,83,3200000,1.5619392e+18,9.61587214452889
27,180,75,3800000,1.5615936e+18,9.90353755128617
31,184,83,2500000,1.560816e+18,8.5173931714189
28,173,66,2400000,1.5471648e+18,9.39274525863144
28,191,79,2800000,1.6094592e+18,8.69968140098951
26,184,75,4700000,1.626048e+18,8.69968140098951
27,179,81,4800000,1.6266528e+18,8.69968140098951
28,188,85,2800000,1.5619392e+18,8.98732181285012
28,172,70,3200000,1.631664e+18,9.61587214452889
31,172,66,2100000,1.4859072e+18,8.69968140098951
30,180,70,2900000,1.6238016e+18,8.8538082749772
27,192,84,3200000,1.3411008e+18,10.2399955028053
26,182,75,4300000,1.6252704e+18,9.99884318585288
28,176,68,2700000,1.3605408e+18,9.99884318585288
33,166,65,1900000,1.6106688e+18,8.69968140098951
29,176,70,3400000,1.6292448e+18,9.10509096125708
28,172,70,3300000,1.4357088e+18,8.8538082749772
26,183,75,3e+06,1.3437792e+18,8.5173931714189
31,171,68,2400000,1.6115328e+18,9.10509096125708
27,180,75,3800000,1.5027552e+18,9.21044036697652
29,186,76,2700000,1.4854752e+18,8.69968140098951
27,186,80,3600000,1.5989184e+18,9.30574145673944
29,177,72,3e+06,1.6250976e+18,9.61587214452889
32,184,75,3200000,1.5995232e+18,8.5173931714189
26,187,80,3400000,1.5640992e+18,8.69968140098951
29,184,82,2300000,1.628208e+18,8.29429960885724
33,176,74,1900000,1.5935616e+18,9.21044036697652
29,187,85,2900000,1.5619392e+18,8.98732181285012
25,174,70,3900000,1.579824e+18,9.30574145673944
25,184,78,5e+06,1.5610752e+18,6.47850964220857
26,175,70,4600000,1.6281216e+18,9.7981825908907
26,173,70,4100000,1.5291936e+18,9.61587214452889
28,188,81,2100000,1.5619392e+18,8.98732181285012
27,189,83,4300000,1.62648e+18,10.2036291813376
27,180,75,3200000,1.3467168e+18,8.5173931714189
28,170,62,4e+06,1.6282944e+18,8.98732181285012
33,187,68,1700000,1.6294176e+18,8.69968140098951
26,194,84,4300000,1.4988672e+18,10.2399955028053
32,191,91,2300000,1.56384e+18,9.68040649926888
27,164,64,4e+06,1.6010784e+18,9.61587214452889
26,171,79,3100000,1.5018048e+18,8.5173931714189
31,186,80,2900000,1.6296768e+18,6.68586094706836
25,178,68,3900000,1.532304e+18,8.5173931714189
26,174,73,3800000,1.6094592e+18,8.69968140098951
26,165,65,4e+06,1.6271712e+18,9.30574145673944
25,186,81,5900000,1.6004736e+18,6.85751406254539
27,181,74,2800000,1.4521248e+18,8.69968140098951
26,185,80,3600000,1.5304032e+18,9.30574145673944
24,180,73,3600000,1.5659136e+18,9.10509096125708
27,174,69,3200000,1.627344e+18,8.98732181285012
28,187,75,3400000,1.6009056e+18,9.61587214452889
31,187,87,1800000,1.5626304e+18,7.60140233458373
29,178,73,2400000,1.6136928e+18,9.10509096125708
31,186,76,2e+06,1.610064e+18,9.10509096125708
37,190,92,347000,1.6094592e+18,8.00670084544037
32,181,80,2e+06,1.6103232e+18,7.60140233458373
31,185,79,1900000,1.608336e+18,7.60140233458373
34,172,70,1400000,1.5485472e+18,9.21044036697652
32,183,80,3300000,1.5147648e+18,6.62140565176413
27,186,80,3400000,1.5619392e+18,9.10509096125708
32,183,76,1800000,1.5803424e+18,9.10509096125708
28,183,76,2800000,1.626048e+18,8.8538082749772
31,178,78,2e+06,1.6262208e+18,9.21044036697652
32,175,71,2300000,1.6262208e+18,8.98732181285012
29,178,71,2400000,1.5480288e+18,9.10509096125708
33,184,86,1800000,1.597536e+18,9.21044036697652
30,191,87,3800000,1.601856e+18,9.54688403461792
26,173,72,4200000,1.564704e+18,9.21044036697652
25,179,76,4300000,1.3726368e+18,9.54688403461792
31,176,73,2400000,1.626048e+18,9.21044036697652
26,191,85,4100000,1.601424e+18,9.10509096125708
25,176,72,5100000,1.5238368e+18,8.5173931714189
25,172,67,5e+06,1.5804288e+18,10.2750855911327
34,191,86,1900000,1.6105824e+18,6.47850964220857
29,188,84,1600000,1.531008e+18,8.98732181285012
29,174,70,3400000,1.5157152e+18,6.68586094706836
23,182,65,4300000,1.625184e+18,8.8538082749772
28,185,79,3800000,1.6297632e+18,9.30574145673944
31,183,82,1900000,1.5778368e+18,8.5173931714189
26,187,73,3600000,1.6250976e+18,9.54688403461792
27,190,80,3800000,1.5990912e+18,8.5173931714189
27,173,72,4e+06,1.6254432e+18,10.3089859934221
25,180,80,5300000,1.6304544e+18,9.7981825908907
27,182,70,3e+06,1.6043616e+18,8.98732181285012
27,190,82,3500000,1.627344e+18,8.8538082749772
32,174,69,2100000,1.5304896e+18,8.8538082749772
26,180,78,3900000,1.56384e+18,9.10509096125708
27,183,80,3300000,1.6026336e+18,8.5173931714189
28,179,72,4e+06,1.565568e+18,9.74102744483773
26,183,71,5200000,1.5619392e+18,9.54688403461792
26,195,83,4e+06,1.6261344e+18,9.99884318585288
29,189,80,3700000,1.5803424e+18,9.68040649926888
30,181,75,4e+06,1.534896e+18,6.47850964220857
26,180,68,5e+06,1.6288992e+18,9.39274525863144
25,191,77,5100000,1.564704e+18,9.85224688834253
26,188,89,3800000,1.6028064e+18,9.68040649926888
28,189,74,2900000,1.5998688e+18,10.0858507751287
29,177,72,3200000,1.5983136e+18,9.21044036697652
28,178,73,2600000,1.6206912e+18,8.69968140098951
28,184,76,3400000,1.5041376e+18,8.5173931714189
25,184,70,3900000,1.6237152e+18,10.1266711030504
26,183,70,3500000,1.5311808e+18,8.00670084544037
26,176,66,4100000,1.3411008e+18,10.2036291813376
25,173,69,4800000,1.5324768e+18,10.3417747410115
25,175,70,4200000,1.630368e+18,8.8538082749772
26,183,73,4200000,1.600992e+18,9.10509096125708
26,183,80,2500000,1.6110144e+18,8.69968140098951
26,192,88,3600000,1.5967584e+18,9.47278155656217
27,185,74,3500000,1.6296768e+18,8.5173931714189
29,186,80,2200000,1.608768e+18,7.60140233458373
29,184,87,3200000,1.6250976e+18,9.54688403461792
27,173,75,3600000,1.625616e+18,9.68040649926888
27,189,84,4600000,1.5640128e+18,6.74641212857337
27,178,74,3900000,1.6266528e+18,9.61587214452889
24,186,75,4900000,1.5691104e+18,9.61587214452889
23,186,78,6e+06,1.5304032e+18,9.47278155656217
26,182,73,4600000,1.6261344e+18,9.39274525863144
28,178,72,3600000,1.5173568e+18,10.3417747410115
30,185,82,2300000,1.3898304e+18,8.5173931714189
31,183,73,3100000,1.5304032e+18,9.21044036697652
30,191,77,2800000,1.5312672e+18,9.30574145673944
29,180,73,2500000,1.610496e+18,9.39274525863144
28,185,80,3800000,1.6250976e+18,10.043292972227
29,188,84,2700000,1.562112e+18,8.98732181285012
24,183,78,5400000,1.5972768e+18,10.2750855911327
29,167,65,2200000,1.5469056e+18,7.60140233458373
27,174,70,3100000,1.5989184e+18,8.8538082749772
25,178,69,4400000,1.6094592e+18,9.61587214452889
26,178,82,3e+06,1.5814656e+18,8.69968140098951
35,185,80,1200000,1.5637536e+18,8.98732181285012
34,183,79,750000,1.262304e+18,8.8538082749772
25,183,82,3800000,1.5293664e+18,9.21044036697652
25,188,78,5e+06,1.5971904e+18,10.3089859934221
25,178,76,4100000,1.6284672e+18,8.8538082749772
25,173,70,5400000,1.5619392e+18,8.29429960885724
30,186,73,2e+06,1.5619392e+18,8.69968140098951
28,179,75,3e+06,1.563408e+18,10.3735224312936
29,190,87,3800000,1.6250976e+18,9.30574145673944
24,180,77,6e+06,1.6136928e+18,9.10509096125708
31,176,73,3100000,1.6272576e+18,6.68586094706836
27,193,82,3400000,1.5012864e+18,9.7981825908907
29,185,83,2600000,1.6161984e+18,8.00670084544037
26,183,79,3500000,1.6309728e+18,9.10509096125708
23,180,75,6800000,1.562112e+18,8.8538082749772
26,174,70,3800000,1.5983136e+18,9.85224688834253
31,185,84,3400000,1.5619392e+18,6.85751406254539
26,188,83,3800000,1.6250976e+18,9.47278155656217
30,179,70,2400000,1.5489792e+18,8.98732181285012
28,187,81,3600000,1.5619392e+18,9.39274525863144
25,175,73,5300000,1.5984864e+18,9.10509096125708
29,169,64,2700000,1.6106688e+18,9.21044036697652
27,188,81,3600000,1.6121376e+18,9.21044036697652
26,195,87,4e+06,1.6003872e+18,10.1266711030504
24,196,92,4800000,1.499904e+18,9.10509096125708
28,175,67,3700000,1.623888e+18,6.74641212857337
27,165,64,3200000,1.5345504e+18,8.98732181285012
31,190,68,2e+06,1.6292448e+18,8.5173931714189
26,169,64,3800000,1.465776e+18,9.85224688834253
25,165,66,4400000,1.5794784e+18,9.21044036697652
24,180,77,4900000,1.5943392e+18,8.69968140098951
29,168,63,3100000,1.6121376e+18,9.61587214452889
25,178,71,4e+06,1.6008192e+18,9.39274525863144
28,183,69,3500000,1.6117056e+18,6.68586094706836
28,170,83,3700000,1.4543712e+18,6.68586094706836
25,178,75,4600000,1.5670368e+18,9.54688403461792
30,175,67,3500000,1.4015808e+18,6.68586094706836
24,179,70,4e+06,1.628208e+18,8.8538082749772
30,189,88,2700000,1.5959808e+18,9.21044036697652
23,185,70,5800000,1.5960672e+18,9.85224688834253
26,180,77,3500000,1.5499296e+18,8.69968140098951
30,190,88,1900000,1.5976224e+18,8.69968140098951
23,180,68,5100000,1.5039648e+18,10.1658902778025
25,185,87,3500000,1.4357088e+18,8.8538082749772
28,187,79,2700000,1.6268256e+18,8.8538082749772
25,182,75,4400000,1.5989184e+18,9.85224688834253
25,178,75,3e+06,1.610496e+18,8.69968140098951
27,175,75,3500000,1.5976224e+18,9.30574145673944
27,188,80,4400000,1.54656e+18,8.5173931714189
24,174,70,4600000,1.5619392e+18,8.69968140098951
28,177,70,4100000,1.5470784e+18,6.68586094706836
24,175,72,5100000,1.4280192e+18,9.54688403461792
24,185,82,4100000,1.601856e+18,9.30574145673944
26,175,68,5200000,1.6276032e+18,8.69968140098951
26,169,77,3400000,1.6134336e+18,8.5173931714189
27,177,74,3100000,1.6302816e+18,8.98732181285012
25,185,77,5200000,1.5915744e+18,9.30574145673944
29,190,82,3e+06,1.5986592e+18,9.30574145673944
24,181,74,4600000,1.4041728e+18,8.69968140098951
25,190,83,4600000,1.5967584e+18,8.5173931714189
27,180,77,2900000,1.626048e+18,9.68040649926888
28,184,79,2400000,1.6101504e+18,8.29429960885724
27,192,87,3700000,1.5463008e+18,9.21044036697652
31,186,80,2700000,1.4357088e+18,8.8538082749772
25,185,77,3900000,1.6257024e+18,9.10509096125708
24,183,73,4100000,1.601856e+18,8.98732181285012
27,177,75,3100000,1.6000416e+18,8.69968140098951
29,172,68,2300000,1.5477696e+18,8.98732181285012
23,184,71,5400000,1.5673824e+18,9.21044036697652
22,200,79,8200000,1.4751936e+18,9.54688403461792
27,167,67,3600000,1.5304032e+18,9.30574145673944
21,166,64,3800000,1.6257024e+18,8.8538082749772
21,172,76,3800000,1.625616e+18,8.8538082749772
21,174,71,3800000,1.6257024e+18,9.61587214452889
25,172,69,4e+06,1.625616e+18,9.30574145673944
29,175,69,3400000,1.625616e+18,9.68040649926888
29,176,75,3400000,1.6254432e+18,9.39274525863144
29,182,71,3600000,1.6254432e+18,9.47278155656217
29,179,70,3600000,1.6250112e+18,9.30574145673944
29,177,71,3600000,1.6257024e+18,9.74102744483773
21,193,84,3e+06,1.6257024e+18,8.98732181285012
33,190,84,1700000,1.625616e+18,9.68040649926888
25,195,91,3800000,1.625616e+18,9.21044036697652
21,176,69,3800000,1.625616e+18,9.21044036697652
21,174,78,3800000,1.6250112e+18,8.69968140098951
25,178,77,3600000,1.6250112e+18,8.98732181285012
33,168,72,2300000,1.625616e+18,9.7981825908907
25,185,81,3600000,1.6257024e+18,9.61587214452889
29,179,74,3e+06,1.6250112e+18,9.10509096125708
21,192,85,3600000,1.6250112e+18,8.69968140098951
25,167,66,4e+06,1.625616e+18,9.85224688834253
29,174,74,3400000,1.625616e+18,9.90353755128617
21,175,70,4200000,1.6250112e+18,8.98732181285012
21,169,62,4200000,1.6250112e+18,8.8538082749772
21,174,73,4200000,1.6254432e+18,8.98732181285012
21,184,78,4200000,1.6257024e+18,9.47278155656217
25,175,73,4e+06,1.6257024e+18,9.74102744483773
21,193,96,4200000,1.6257024e+18,9.61587214452889
33,180,71,2300000,1.6288128e+18,10.0858507751287
27,186,84,2800000,1.578096e+18,8.98732181285012
22,186,73,9200000,1.4041728e+18,9.47278155656217
28,176,73,2900000,1.6121376e+18,9.39274525863144
27,182,65,3400000,1.5661728e+18,9.21044036697652
26,187,80,3300000,1.6261344e+18,9.68040649926888
27,193,88,3600000,1.4421024e+18,9.54688403461792
24,183,79,5700000,1.4988672e+18,9.90353755128617
25,175,69,3900000,1.6129152e+18,9.10509096125708
24,172,67,6300000,1.5304032e+18,10.1658902778025
24,175,75,4100000,1.6250976e+18,8.98732181285012
26,178,75,3100000,1.6136064e+18,8.00670084544037
25,170,67,5200000,1.6226784e+18,9.30574145673944
25,179,71,3800000,1.6285536e+18,8.8538082749772
27,173,73,2700000,1.550016e+18,8.5173931714189
32,177,79,3300000,1.5463008e+18,6.68586094706836
26,175,70,3300000,1.5531264e+18,8.5173931714189
24,185,68,3800000,1.4526432e+18,8.69968140098951
23,190,88,8600000,1.5628032e+18,10.2036291813376
26,175,70,3100000,1.6094592e+18,8.5173931714189
27,169,72,3e+06,1.5143328e+18,9.30574145673944
25,177,73,5700000,1.6013376e+18,8.5173931714189
28,170,71,2300000,1.5723072e+18,8.69968140098951
25,176,74,3900000,1.5804288e+18,9.21044036697652
35,184,78,263000,1.3885344e+18,8.29429960885724
26,183,84,4800000,1.5645312e+18,9.90353755128617
31,176,70,1600000,1.420848e+18,8.8538082749772
23,188,83,4900000,1.5304032e+18,9.61587214452889
28,185,85,3400000,1.6274304e+18,9.10509096125708
32,185,84,2300000,1.5640128e+18,8.98732181285012
23,170,64,7600000,1.5615072e+18,9.74102744483773
26,167,69,2500000,1.5467328e+18,8.5173931714189
24,175,67,3800000,1.4516064e+18,8.98732181285012
22,185,73,6500000,1.6297632e+18,9.21044036697652
24,179,70,7700000,1.4542848e+18,9.10509096125708
28,168,64,2500000,1.29384e+18,9.10509096125708
23,175,72,6800000,1.4516064e+18,8.8538082749772
23,182,71,8e+06,1.5990048e+18,9.39274525863144
24,170,65,4100000,1.6154208e+18,8.5173931714189
24,172,63,5700000,1.5779232e+18,10.0858507751287
22,188,75,8800000,1.54656e+18,10.1266711030504
23,180,79,4900000,1.6250976e+18,9.39274525863144
23,183,80,6600000,1.4578272e+18,8.98732181285012
22,178,70,7600000,1.5330816e+18,9.21044036697652
25,188,83,2900000,1.6288128e+18,9.39274525863144
21,191,87,3e+06,1.625616e+18,9.10509096125708
29,176,74,3e+06,1.625616e+18,9.10509096125708
21,181,78,4200000,1.6288128e+18,9.7981825908907
24,182,79,4900000,1.6292448e+18,8.69968140098951
21,170,60,8200000,1.5335136e+18,9.74102744483773
29,170,73,3900000,1.6099776e+18,6.74641212857337
25,180,66,3600000,1.5935616e+18,9.10509096125708
23,178,72,6300000,1.6250976e+18,9.10509096125708
22,182,78,5100000,1.630368e+18,9.99884318585288
31,183,74,2e+06,1.5971904e+18,8.5173931714189
27,158,56,2500000,1.5477696e+18,8.5173931714189
24,190,82,4500000,1.6250976e+18,9.47278155656217
31,191,80,2100000,1.5971904e+18,8.8538082749772
22,177,74,6100000,1.5494112e+18,9.47278155656217
26,184,83,4100000,1.5147648e+18,9.7981825908907
23,183,78,5300000,1.5304032e+18,9.54688403461792
30,189,80,4e+06,1.6004736e+18,6.74641212857337
25,188,90,4500000,1.6094592e+18,6.21660610108486
28,190,82,4100000,1.5619392e+18,9.10509096125708
23,179,74,5100000,1.5634944e+18,8.69968140098951
21,174,68,8800000,1.5315264e+18,9.90353755128617
22,188,74,7400000,1.4673312e+18,9.95232533461943
21,193,78,6700000,1.580256e+18,9.47278155656217
23,178,72,9e+06,1.5964992e+18,9.85224688834253
24,174,73,4400000,1.6250976e+18,9.10509096125708
22,174,68,9600000,1.6250976e+18,9.54688403461792
26,178,80,3900000,1.6250976e+18,9.47278155656217
26,183,80,4900000,1.6262208e+18,8.8538082749772
22,180,85,8400000,1.4700096e+18,10.0858507751287
23,184,69,5100000,1.4673312e+18,9.21044036697652
29,181,80,2700000,1.6266528e+18,8.98732181285012
24,182,76,6700000,1.6015104e+18,8.69968140098951
24,175,62,7200000,1.4719968e+18,6.39859493453521
21,182,81,6600000,1.5622848e+18,9.54688403461792
24,182,71,5900000,1.5909696e+18,6.55250788703459
24,177,70,7400000,1.5488928e+18,8.5173931714189
24,160,64,4300000,1.5130368e+18,8.5173931714189
27,187,85,3100000,1.5320448e+18,9.54688403461792
24,180,77,3800000,1.6296768e+18,8.69968140098951
24,183,79,6300000,1.628208e+18,8.69968140098951
24,178,74,4100000,1.4842656e+18,8.5173931714189
22,177,70,8800000,1.4673312e+18,10.6454487065059
22,185,75,6e+06,1.4988672e+18,9.30574145673944
25,182,76,5800000,1.5355872e+18,9.68040649926888
30,178,73,2100000,1.230768e+18,8.69968140098951
24,177,80,5100000,1.5342048e+18,8.8538082749772
25,196,82,3500000,1.4878944e+18,8.5173931714189
23,171,64,6300000,1.4859072e+18,9.30574145673944
23,173,69,6600000,1.6231968e+18,9.30574145673944
26,186,77,3800000,1.6276032e+18,8.69968140098951
22,181,71,6800000,1.6250976e+18,9.30574145673944
28,194,92,3200000,1.4988672e+18,9.95232533461943
23,184,75,4900000,1.5671232e+18,8.8538082749772
22,176,68,8400000,1.6284672e+18,9.54688403461792
22,183,74,10100000,1.6003008e+18,9.54688403461792
24,179,70,6900000,1.5619392e+18,8.8538082749772
25,176,72,3900000,1.4930784e+18,9.21044036697652
29,185,79,2900000,1.6280352e+18,9.30574145673944
23,181,68,7400000,1.6098048e+18,9.30574145673944
22,174,66,7100000,1.6007328e+18,9.10509096125708
27,173,73,3e+06,1.550016e+18,8.69968140098951
20,179,74,7700000,1.5482016e+18,8.98732181285012
28,192,92,2600000,1.6255296e+18,9.47278155656217
26,190,76,4400000,1.6278624e+18,10.3417747410115
29,178,71,3100000,1.6244928e+18,9.21044036697652
22,173,77,7600000,1.5989184e+18,9.47278155656217
26,174,78,3900000,1.6248384e+18,8.29429960885724
21,175,70,6900000,1.6129152e+18,8.5173931714189
20,168,56,8600000,1.5964992e+18,9.61587214452889
20,175,67,7800000,1.5794784e+18,9.54688403461792
21,178,78,7600000,1.6250976e+18,8.8538082749772
34,181,72,1100000,1.4681088e+18,9.10509096125708
21,177,68,10700000,1.629504e+18,9.54688403461792
26,174,73,4300000,1.596672e+18,10.2399955028053
21,180,70,8400000,1.4988672e+18,9.90353755128617
23,170,63,6800000,1.4986944e+18,9.10509096125708
27,174,70,3e+06,1.5179616e+18,8.5173931714189
25,189,81,6500000,1.6237152e+18,10.2036291813376
24,177,72,6400000,1.610064e+18,6.62140565176413
24,178,83,6e+06,1.6172352e+18,6.21660610108486
23,168,66,6500000,1.5304032e+18,9.21044036697652
22,185,79,6200000,1.4988672e+18,9.10509096125708
22,172,71,9200000,1.6298496e+18,10.2036291813376
28,182,70,4200000,1.6103232e+18,6.74641212857337
24,177,73,5400000,1.6287264e+18,8.5173931714189
22,183,77,6e+06,1.5126912e+18,8.98732181285012
25,179,70,4400000,1.562112e+18,9.10509096125708
23,182,72,6300000,1.6231104e+18,9.39274525863144
21,185,79,9200000,1.6284672e+18,9.7981825908907
21,173,65,7100000,1.5778368e+18,8.69968140098951
21,181,75,8200000,1.5304032e+18,8.5173931714189
26,174,65,5200000,1.6183584e+18,6.68586094706836
24,191,91,8100000,1.5965856e+18,8.69968140098951
29,192,80,2e+06,1.5155424e+18,8.5173931714189
21,185,85,7100000,1.5804288e+18,9.47278155656217
21,175,68,6600000,1.5175296e+18,8.29429960885724
20,187,86,7e+06,1.52064e+18,8.8538082749772
21,197,82,8200000,1.5803424e+18,9.7981825908907
20,178,70,5700000,1.5183072e+18,8.8538082749772
19,190,79,9100000,1.520208e+18,8.00670084544037
28,178,65,2300000,1.405296e+18,9.21044036697652
22,173,63,9700000,1.5989184e+18,9.47278155656217
22,188,80,8400000,1.5488928e+18,10.1266711030504
24,173,65,4500000,1.6121376e+18,8.98732181285012
25,175,74,3800000,1.5304032e+18,9.10509096125708
21,188,85,7400000,1.5475104e+18,9.47278155656217
22,188,74,7600000,1.5662592e+18,9.61587214452889
21,183,81,6600000,1.6250976e+18,8.8538082749772
26,177,72,5e+06,1.5619392e+18,9.39274525863144
32,185,80,2500000,1.4988672e+18,9.39274525863144
29,184,76,3500000,1.6250976e+18,6.55250788703459
25,175,74,4400000,1.5970176e+18,8.69968140098951
25,179,73,4600000,1.5959808e+18,9.39274525863144
24,166,67,4300000,1.5621984e+18,8.8538082749772
22,190,85,7200000,1.5304032e+18,9.90353755128617
20,181,76,8200000,1.5304032e+18,9.47278155656217
25,174,71,5200000,1.5304896e+18,6.31173480915291
23,194,91,5700000,1.5337728e+18,10.5453677541517
22,183,78,8700000,1.4751936e+18,6.68586094706836
24,180,74,3800000,1.530576e+18,7.60140233458373
25,185,76,5900000,1.4832288e+18,6.55250788703459
23,191,81,6600000,1.5308352e+18,9.10509096125708
24,179,74,3900000,1.5964128e+18,9.30574145673944
23,176,72,7400000,1.5994368e+18,8.69968140098951
30,184,84,3200000,1.6250976e+18,9.90353755128617
26,183,77,4600000,1.499904e+18,6.47850964220857
25,193,83,5400000,1.6294176e+18,8.29429960885724
20,182,69,10500000,1.5304032e+18,10.2750855911327
26,185,78,5200000,1.5310944e+18,9.61587214452889
26,175,72,2700000,1.5755904e+18,7.60140233458373
21,182,75,10100000,1.5338592e+18,6.31173480915291
23,180,73,4400000,1.4357088e+18,10.0858507751287
21,182,63,10700000,1.6259616e+18,9.47278155656217
21,170,58,9200000,1.5420672e+18,9.10509096125708
22,189,80,9e+06,1.593648e+18,8.5173931714189
23,190,85,4100000,1.5494112e+18,9.21044036697652
25,168,69,3800000,1.5782688e+18,8.98732181285012
19,190,87,10200000,1.5502752e+18,8.98732181285012
21,176,70,9700000,1.4673312e+18,8.69968140098951
26,173,73,5100000,1.5149376e+18,6.62140565176413
28,187,82,2800000,1.5619392e+18,9.30574145673944
21,179,72,6300000,1.6267392e+18,8.69968140098951
20,178,70,8600000,1.6272576e+18,9.95232533461943
33,192,87,1200000,1.6029792e+18,7.60140233458373
20,193,81,8e+06,1.6244928e+18,9.54688403461792
21,183,83,9e+06,1.5619392e+18,9.30574145673944
24,197,77,8100000,1.5304032e+18,8.69968140098951
31,187,80,2200000,1.5778368e+18,6.31173480915291
26,177,75,4200000,1.5943392e+18,8.69968140098951
30,189,79,1600000,1.5619392e+18,8.5173931714189
21,181,75,7100000,1.6281216e+18,8.5173931714189
27,178,70,3100000,1.3411008e+18,9.10509096125708
24,192,85,3500000,1.5619392e+18,9.21044036697652
25,185,78,5100000,1.5619392e+18,8.69968140098951
23,173,67,5100000,1.5816384e+18,9.30574145673944
24,173,65,5e+06,1.6274304e+18,9.7981825908907
19,177,69,9600000,1.5304032e+18,9.30574145673944
26,193,86,5200000,1.5619392e+18,8.69968140098951
21,191,83,6600000,1.6121376e+18,9.30574145673944
19,182,70,11400000,1.5778368e+18,9.90353755128617
22,186,76,7200000,1.5619392e+18,9.99884318585288
21,184,75,8800000,1.626048e+18,9.95232533461943
22,176,65,7100000,1.5647904e+18,9.10509096125708
24,192,83,4600000,1.5656544e+18,9.21044036697652
19,187,83,9600000,1.5935616e+18,9.7981825908907
19,170,65,9700000,1.5428448e+18,9.10509096125708
24,193,75,4100000,1.6250976e+18,9.30574145673944
18,178,73,9200000,1.5619392e+18,8.8538082749772
21,165,63,10100000,1.5147648e+18,6.55250788703459
36,167,66,1300000,1.4834016e+18,6.31173480915291
22,185,77,11700000,1.5619392e+18,8.29429960885724
32,182,80,3200000,1.5778368e+18,6.31173480915291
20,177,68,8200000,1.4962752e+18,10.3735224312936
19,178,72,8e+06,1.5619392e+18,9.21044036697652
26,176,69,3500000,1.5778368e+18,8.5173931714189
22,173,70,6100000,1.5788736e+18,8.5173931714189
21,174,60,8700000,1.629936e+18,10.043292972227
23,173,76,5400000,1.5796512e+18,10.0858507751287
21,172,62,7100000,1.610496e+18,8.29429960885724
22,175,74,7100000,1.5830208e+18,8.98732181285012
22,178,77,6300000,1.5304032e+18,9.10509096125708
17,185,74,12100000,1.5882912e+18,6.21660610108486
21,198,94,5900000,1.5947712e+18,8.29429960885724
21,178,66,9700000,1.5304032e+18,8.69968140098951
24,189,81,6400000,1.5973632e+18,6.31173480915291
20,182,73,9800000,1.5813792e+18,6.31173480915291
22,173,71,6e+06,1.5990048e+18,10.2036291813376
20,180,75,10600000,1.5989184e+18,6.55250788703459
22,175,70,9200000,1.4689728e+18,6.21660610108486
31,184,77,2600000,1.6003872e+18,9.90353755128617
24,193,81,4400000,1.5174432e+18,8.69968140098951
26,188,76,3200000,1.6304544e+18,8.8538082749772
20,176,68,10100000,1.5935616e+18,10.8396005193574
24,183,78,5500000,1.6308864e+18,10.0858507751287
28,183,77,3700000,1.62432e+18,6.39859493453521
21,185,76,10100000,1.6258752e+18,9.61587214452889
24,187,74,9400000,1.6263936e+18,6.31173480915291
38,180,87,523000,1.6291584e+18,8.69968140098951
41,193,88,252000,1.59624e+18,8.00670084544037
40,183,76,306000,1.37808e+18,8.8538082749772
35,187,80,270000,1.151712e+18,8.29429960885724
36,181,71,520000,1.3726368e+18,8.29429960885724
39,169,67,508000,1.4988672e+18,8.29429960885724
36,185,78,360000,1.612224e+18,8.29429960885724
30,179,69,2800000,1.5663456e+18,9.21044036697652
37,193,90,288000,1.3121568e+18,9.47278155656217
38,180,71,315000,1.2148704e+18,7.60140233458373
35,180,68,563000,1.6207776e+18,8.00670084544037
35,177,71,1100000,1.499904e+18,8.69968140098951
33,198,85,919000,1.4659488e+18,8.29429960885724
37,193,85,798000,1.6003872e+18,9.39274525863144
35,189,85,680000,1.5304032e+18,8.69968140098951
37,183,80,650000,1.601424e+18,8.8538082749772
35,188,91,531000,1.614816e+18,7.60140233458373
37,186,82,1200000,1.6274304e+18,6.21660610108486
36,180,78,750000,1.6233696e+18,8.69968140098951
35,188,73,675000,1.4832288e+18,8.98732181285012
37,186,81,488000,1.59408e+18,8.69968140098951
34,193,97,523000,1.4996448e+18,10.2036291813376
36,188,76,523000,1.4967936e+18,8.69968140098951
34,180,73,969000,1.534464e+18,8.8538082749772
34,186,76,1500000,1.5973632e+18,9.74102744483773
36,188,90,225000,1.5960672e+18,7.60140233458373
35,175,67,878000,1.549584e+18,8.29429960885724
34,184,77,840000,1.2596256e+18,9.90353755128617
37,193,96,297000,1.6274304e+18,8.69968140098951
29,172,73,3e+06,1.562112e+18,9.74102744483773
37,176,74,560000,1.4673312e+18,9.7981825908907
36,190,86,523000,1.6285536e+18,9.21044036697652
33,183,78,1900000,1.5308352e+18,10.2399955028053
34,178,72,1200000,1.6254432e+18,8.8538082749772
32,185,78,1300000,1.6265664e+18,8.69968140098951
32,181,78,2200000,1.6120512e+18,9.10509096125708
32,183,79,2e+06,1.5803424e+18,9.21044036697652
35,187,86,1300000,1.6305408e+18,8.8538082749772
32,188,80,1500000,1.6301952e+18,8.98732181285012
36,183,80,1e+06,1.5168384e+18,8.98732181285012
33,189,86,1100000,1.485648e+18,8.69968140098951
34,180,73,945000,1.4859072e+18,9.61587214452889
34,176,77,825000,1.5285024e+18,8.69968140098951
37,188,82,468000,1.404432e+18,9.30574145673944
34,182,76,853000,1.6003872e+18,8.5173931714189
33,189,77,998000,1.5998688e+18,9.7981825908907
33,179,82,1300000,1.6250976e+18,8.29429960885724
32,180,79,1600000,1.6133472e+18,8.8538082749772
35,181,76,585000,1.4837472e+18,8.29429960885724
32,193,78,1e+06,1.515888e+18,8.00670084544037
35,189,84,616000,1.6257888e+18,8.00670084544037
36,188,84,825000,1.6250976e+18,8.8538082749772
33,180,77,1900000,1.4993856e+18,9.68040649926888
31,181,73,2700000,1.630368e+18,8.5173931714189
33,181,73,1200000,1.6136064e+18,8.8538082749772
31,180,76,2e+06,1.5955488e+18,9.39274525863144
31,184,76,2500000,1.6284672e+18,9.10509096125708
31,180,75,1800000,1.625184e+18,8.5173931714189
31,175,68,1800000,1.610496e+18,8.5173931714189
31,168,62,2500000,1.4694912e+18,9.68040649926888
33,189,80,1500000,1.5976224e+18,9.10509096125708
33,178,72,1600000,1.4684544e+18,10.1658902778025
37,184,82,591000,1.5790464e+18,6.21660610108486
35,180,75,1400000,1.6095456e+18,6.21660610108486
32,181,78,2700000,1.5935616e+18,8.29429960885724
33,177,65,1700000,1.6255296e+18,9.21044036697652
35,191,84,616000,1.620864e+18,8.00670084544037
34,178,82,1100000,1.4205024e+18,8.5173931714189
30,185,81,2e+06,1.600992e+18,8.98732181285012
31,170,67,2100000,1.6094592e+18,8.8538082749772
35,185,80,914000,1.51632e+18,6.21660610108486
32,176,83,1900000,1.2753504e+18,9.99884318585288
32,181,69,2e+06,1.183248e+18,9.47278155656217
31,173,71,1700000,1.4993856e+18,8.8538082749772
33,169,65,1800000,1.5637536e+18,9.30574145673944
34,184,73,840000,1.5640128e+18,8.69968140098951
35,178,84,1e+06,1.600128e+18,8.29429960885724
29,174,66,2e+06,1.6250976e+18,8.69968140098951
33,183,75,709000,1.4832288e+18,7.60140233458373
30,189,82,2500000,1.5012e+18,9.74102744483773
30,188,83,2e+06,1.5628032e+18,9.47278155656217
31,184,75,1800000,1.6250976e+18,8.8538082749772
31,180,78,1900000,1.4841792e+18,8.5173931714189
32,187,84,1600000,1.630368e+18,8.29429960885724
31,166,64,2800000,1.6190496e+18,6.21660610108486
31,178,70,2400000,1.6268256e+18,9.47278155656217
31,177,74,2e+06,1.6015104e+18,9.21044036697652
30,191,86,2500000,1.6263072e+18,9.39274525863144
32,187,82,1300000,1.6282944e+18,8.5173931714189
29,182,79,2300000,1.578528e+18,8.5173931714189
30,180,73,2300000,1.4678496e+18,9.39274525863144
31,187,80,1400000,1.562976e+18,7.60140233458373
32,182,73,1400000,1.6101504e+18,8.00670084544037
31,180,76,2200000,1.6094592e+18,9.39274525863144
28,186,85,2500000,1.3411872e+18,9.85224688834253
37,181,77,520000,1.4726016e+18,8.00670084544037
31,185,86,1700000,1.5336864e+18,8.5173931714189
33,182,72,1600000,1.5998688e+18,8.8538082749772
29,184,78,2300000,1.5935616e+18,8.8538082749772
31,180,71,2100000,1.6250976e+18,8.8538082749772
31,180,77,2100000,1.5990048e+18,9.54688403461792
32,187,77,1700000,1.6123968e+18,9.21044036697652
30,186,75,2700000,1.5306624e+18,9.7981825908907
35,178,82,750000,1.2806208e+18,8.8538082749772
30,185,75,2100000,1.595808e+18,9.39274525863144
29,173,73,2800000,1.5356736e+18,10.1658902778025
35,178,77,680000,1.6110144e+18,7.60140233458373
30,185,78,2e+06,1.4858208e+18,8.5173931714189
30,175,71,2300000,1.6231104e+18,9.21044036697652
32,183,75,1600000,1.566e+18,8.8538082749772
29,178,76,3e+06,1.530576e+18,9.95232533461943
30,188,86,3e+06,1.6250976e+18,9.90353755128617
32,184,76,2e+06,1.5792192e+18,9.21044036697652
30,177,67,3e+06,1.625616e+18,9.10509096125708
36,185,79,1100000,1.5312672e+18,8.8538082749772
29,183,84,3200000,1.6308864e+18,9.30574145673944
31,177,71,2100000,1.6250976e+18,9.39274525863144
30,190,84,2500000,1.600128e+18,9.95232533461943
35,174,70,1100000,1.630368e+18,8.29429960885724
30,191,90,2600000,1.6250976e+18,10.0858507751287
31,186,75,1800000,1.6304544e+18,8.00670084544037
34,180,80,1200000,1.6103232e+18,6.21660610108486
31,177,73,2100000,1.5976224e+18,8.5173931714189
31,179,72,1300000,1.4358816e+18,8.5173931714189
30,191,90,2500000,1.54872e+18,9.61587214452889
29,183,64,2400000,1.5673824e+18,9.10509096125708
34,192,85,413000,1.5778368e+18,8.8538082749772
32,184,74,1400000,1.5304032e+18,8.00670084544037
29,181,75,2500000,1.599264e+18,9.21044036697652
29,176,72,1800000,1.5147648e+18,8.5173931714189
29,192,83,2600000,1.595808e+18,9.68040649926888
30,183,70,2700000,1.6125696e+18,9.74102744483773
29,184,83,1900000,1.5935616e+18,8.8538082749772
29,181,72,3500000,1.6132608e+18,6.55250788703459
33,183,75,1400000,1.5796512e+18,7.60140233458373
30,180,81,2900000,1.5619392e+18,9.7981825908907
31,173,72,2200000,1.6263936e+18,10.3089859934221
35,184,77,844000,1.6293312e+18,7.60140233458373
33,186,84,1200000,1.6266528e+18,8.69968140098951
32,174,72,1900000,1.5673824e+18,8.5173931714189
28,170,69,2100000,1.6185312e+18,8.5173931714189
31,173,68,2100000,1.603584e+18,9.21044036697652
30,180,70,3e+06,1.5935616e+18,9.30574145673944
29,187,78,2e+06,1.6121376e+18,8.5173931714189
29,184,75,2800000,1.5634944e+18,9.21044036697652
31,172,74,1600000,1.6244064e+18,8.8538082749772
30,188,85,1900000,1.5947712e+18,8.00670084544037
32,174,78,1700000,1.6261344e+18,8.8538082749772
32,183,75,1600000,1.6248384e+18,8.8538082749772
32,188,79,1600000,1.626912e+18,8.5173931714189
33,180,74,1300000,1.5304032e+18,8.29429960885724
32,168,73,1800000,1.629072e+18,6.90875477931522
30,182,79,2900000,1.5935616e+18,6.21660610108486
30,174,68,2100000,1.6250976e+18,8.69968140098951
32,182,76,2300000,1.5805152e+18,8.5173931714189
30,169,67,3e+06,1.6250976e+18,9.10509096125708
29,175,68,3e+06,1.628208e+18,9.74102744483773
27,196,86,3500000,1.5673824e+18,8.98732181285012
32,191,88,1400000,1.5797376e+18,7.60140233458373
31,177,70,1700000,1.6258752e+18,8.69968140098951
33,189,82,1300000,1.5463008e+18,8.8538082749772
34,180,76,748000,1.4836608e+18,8.69968140098951
29,185,82,2700000,1.5463008e+18,9.10509096125708
29,185,85,3200000,1.6121376e+18,9.90353755128617
29,181,70,2400000,1.5290208e+18,9.74102744483773
31,168,65,1800000,1.536192e+18,8.69968140098951
32,171,69,2100000,1.5793056e+18,9.61587214452889
28,188,88,2e+06,1.5742944e+18,8.29429960885724
29,180,67,2e+06,1.5173568e+18,9.21044036697652
31,186,74,1400000,1.5485472e+18,8.8538082749772
27,175,75,2500000,1.57896e+18,8.29429960885724
33,192,82,683000,1.230768e+18,8.29429960885724
30,187,74,2100000,1.5985728e+18,8.5173931714189
29,180,76,2e+06,1.5821568e+18,8.29429960885724
32,185,84,1900000,1.6129152e+18,8.69968140098951
33,182,73,1700000,1.2832992e+18,9.21044036697652
31,188,86,2400000,1.5156288e+18,6.39859493453521
31,183,78,2800000,1.5985728e+18,6.68586094706836
28,183,69,2100000,1.6101504e+18,8.69968140098951
31,170,69,2500000,1.5803424e+18,9.90353755128617
28,185,83,2e+06,1.5513984e+18,7.60140233458373
29,194,85,2200000,1.5304032e+18,8.29429960885724
28,185,82,2e+06,1.5472512e+18,8.5173931714189
32,177,72,1400000,1.6104096e+18,8.5173931714189
29,180,72,2400000,1.5531264e+18,8.69968140098951
28,177,79,3200000,1.6252704e+18,9.39274525863144
31,183,75,2700000,1.629936e+18,9.54688403461792
27,188,70,3600000,1.6028064e+18,10.1658902778025
30,184,71,2500000,1.5973632e+18,8.98732181285012
29,196,90,2400000,1.5304032e+18,8.98732181285012
32,193,85,1300000,1.6107552e+18,8.29429960885724
34,178,67,1100000,1.6250976e+18,8.8538082749772
28,180,80,2400000,1.6142112e+18,8.69968140098951
30,175,68,2600000,1.5920928e+18,8.29429960885724
27,171,70,3400000,1.6250976e+18,9.10509096125708
27,180,82,3e+06,1.630368e+18,8.5173931714189
29,177,70,2200000,1.6250976e+18,9.47278155656217
29,170,70,2100000,1.6101504e+18,8.98732181285012
32,190,79,1600000,1.5972768e+18,8.98732181285012
33,185,80,1200000,1.5354144e+18,8.00670084544037
31,184,76,2400000,1.5627168e+18,8.98732181285012
28,180,77,2400000,1.5499296e+18,8.69968140098951
28,196,88,2300000,1.3094784e+18,8.98732181285012
27,187,74,2500000,1.6121376e+18,8.69968140098951
29,185,78,2600000,1.6106688e+18,8.98732181285012
28,175,72,2900000,1.5619392e+18,9.61587214452889
28,182,74,2e+06,1.6203456e+18,8.29429960885724
29,178,75,2200000,1.5062976e+18,9.10509096125708
26,187,86,2700000,1.6297632e+18,9.54688403461792
31,192,78,1400000,1.5483744e+18,8.69968140098951
27,173,70,3400000,1.6250976e+18,9.39274525863144
28,173,72,3e+06,1.6271712e+18,8.98732181285012
29,178,68,2900000,1.612224e+18,9.39274525863144
29,197,87,3200000,1.5030144e+18,9.68040649926888
27,192,84,2800000,1.5965856e+18,9.30574145673944
26,179,71,3600000,1.5804288e+18,8.29429960885724
29,184,91,2600000,1.6291584e+18,8.98732181285012
27,175,74,3500000,1.3908672e+18,9.10509096125708
27,190,78,3100000,1.6250976e+18,8.69968140098951
26,182,73,2600000,1.5519168e+18,8.69968140098951
27,189,90,3600000,1.533168e+18,10.1658902778025
24,176,70,4600000,1.610064e+18,9.21044036697652
28,180,71,2200000,1.5622848e+18,8.8538082749772
28,188,95,1600000,1.5304032e+18,8.00670084544037
31,185,79,1700000,1.6252704e+18,8.5173931714189
30,175,70,2600000,1.5673824e+18,8.69968140098951
29,184,66,2600000,1.4673312e+18,9.21044036697652
32,180,75,2200000,1.4357088e+18,6.47850964220857
34,177,76,761000,1.5623712e+18,8.69968140098951
30,173,64,1900000,1.61352e+18,8.5173931714189
28,180,70,2300000,1.629072e+18,9.39274525863144
26,191,81,3200000,1.4988672e+18,9.90353755128617
33,166,64,1700000,1.6094592e+18,9.39274525863144
29,183,73,2500000,1.5002496e+18,8.5173931714189
27,181,74,2600000,1.5304032e+18,9.68040649926888
28,185,84,2800000,1.5329088e+18,10.043292972227
32,177,75,2400000,1.6254432e+18,6.39859493453521
34,186,75,1200000,1.6136064e+18,9.10509096125708
31,182,76,1600000,1.6250976e+18,9.47278155656217
29,180,70,2200000,1.6250976e+18,8.98732181285012
26,185,74,2500000,1.6308e+18,8.98732181285012
27,179,73,3100000,1.5304032e+18,9.21044036697652
29,187,79,1900000,1.5011136e+18,9.68040649926888
27,170,70,2800000,1.57896e+18,8.5173931714189
28,181,86,2500000,1.5312672e+18,9.21044036697652
29,179,74,2200000,1.5306624e+18,8.8538082749772
28,173,70,2500000,1.627776e+18,8.5173931714189
28,183,75,2400000,1.6158528e+18,8.5173931714189
28,169,67,2900000,1.5488928e+18,9.39274525863144
25,170,70,4200000,1.5935616e+18,9.68040649926888
32,179,78,1700000,1.532304e+18,8.8538082749772
31,171,70,2800000,1.5147648e+18,6.47850964220857
26,183,75,3400000,1.630368e+18,9.90353755128617
26,182,72,3900000,1.3411008e+18,10.6213517356329
30,187,91,1700000,1.5619392e+18,8.5173931714189
34,183,79,1100000,1.4832288e+18,6.47850964220857
27,176,67,2600000,1.6250976e+18,8.69968140098951
25,189,82,3700000,1.5933888e+18,8.98732181285012
27,190,82,3e+06,1.5650496e+18,8.69968140098951
27,184,76,3e+06,1.6250976e+18,9.61587214452889
26,175,71,3500000,1.6263936e+18,8.8538082749772
27,172,65,3600000,1.5619392e+18,9.30574145673944
28,173,69,2400000,1.6098912e+18,8.5173931714189
26,180,75,3800000,1.4684544e+18,9.85224688834253
27,175,73,2900000,1.6101504e+18,10.0858507751287
25,183,74,3400000,1.5619392e+18,8.98732181285012
30,179,79,2600000,1.4673312e+18,9.30574145673944
26,190,76,2200000,1.6266528e+18,8.69968140098951
28,180,77,2e+06,1.5568416e+18,8.5173931714189
30,184,75,2e+06,1.3726368e+18,8.98732181285012
24,168,60,3500000,1.6302816e+18,9.47278155656217
28,182,74,2400000,1.550016e+18,8.5173931714189
24,182,70,4700000,1.6250976e+18,9.68040649926888
32,180,73,2900000,1.5796512e+18,6.47850964220857
28,177,69,3400000,1.5786144e+18,8.5173931714189
25,181,76,4300000,1.5619392e+18,9.30574145673944
26,171,72,3e+06,1.6008192e+18,8.8538082749772
26,173,63,4200000,1.6265664e+18,8.98732181285012
25,189,80,2900000,1.3623552e+18,7.60140233458373
30,177,67,1600000,1.610064e+18,8.5173931714189
26,190,86,3800000,1.5942528e+18,8.5173931714189
32,182,73,1400000,1.5477696e+18,7.60140233458373
37,183,78,243000,1.4503968e+18,6.90875477931522
27,175,60,3100000,1.6250976e+18,8.69968140098951
31,180,76,2200000,1.6094592e+18,9.39274525863144
28,176,71,3400000,1.625184e+18,8.8538082749772
28,173,76,3400000,1.6267392e+18,6.47850964220857
30,168,70,1900000,1.5000768e+18,6.90875477931522
27,185,77,2500000,1.5470784e+18,8.8538082749772
29,189,75,1900000,1.6098048e+18,7.60140233458373
28,180,70,2200000,1.6091136e+18,7.60140233458373
27,169,68,2300000,1.601856e+18,8.98732181285012
28,178,78,3200000,1.6250976e+18,9.10509096125708
29,183,83,1800000,1.5304032e+18,8.69968140098951
31,180,74,1700000,1.5647904e+18,8.8538082749772
30,181,76,2200000,1.6094592e+18,8.98732181285012
26,187,77,4600000,1.630368e+18,9.21044036697652
28,172,70,2400000,1.6094592e+18,9.21044036697652
36,171,68,471000,1.6121376e+18,8.5173931714189
34,170,67,1100000,1.578528e+18,8.98732181285012
32,168,65,1700000,1.6043616e+18,8.69968140098951
29,170,65,2400000,1.5035328e+18,8.98732181285012
25,191,85,4600000,1.6304544e+18,8.98732181285012
34,180,76,1100000,1.6245792e+18,8.98732181285012
33,185,83,1500000,1.6248384e+18,8.98732181285012
31,195,87,1700000,1.5619392e+18,8.98732181285012
29,190,89,1800000,1.5304032e+18,8.69968140098951
28,181,74,2900000,1.597536e+18,8.29429960885724
30,185,76,2300000,1.5619392e+18,8.29429960885724
29,185,80,2400000,1.5814656e+18,8.5173931714189
26,181,75,3400000,1.562112e+18,10.0858507751287
32,186,82,1600000,1.5324768e+18,8.69968140098951
24,180,72,3500000,1.5972768e+18,8.69968140098951
27,183,84,2700000,1.5468192e+18,9.7981825908907
25,169,69,4300000,1.6300224e+18,9.61587214452889
26,184,77,3e+06,1.5619392e+18,8.98732181285012
29,181,71,3500000,1.6263936e+18,6.62140565176413
30,172,65,2e+06,1.561248e+18,6.90875477931522
29,174,75,2100000,1.6026336e+18,8.8538082749772
26,191,83,4400000,1.6304544e+18,9.47278155656217
26,169,71,4800000,1.6124832e+18,6.68586094706836
28,188,84,3300000,1.6310592e+18,8.98732181285012
27,178,71,2800000,1.6003008e+18,8.69968140098951
27,189,84,3e+06,1.594512e+18,9.10509096125708
31,173,70,2e+06,1.610064e+18,8.5173931714189
31,175,74,2600000,1.5981408e+18,6.21660610108486
26,193,78,3700000,1.5488928e+18,8.29429960885724
28,162,76,3500000,1.5619392e+18,6.47850964220857
29,179,78,2e+06,1.6098912e+18,7.60140233458373
29,179,75,2400000,1.562112e+18,9.10509096125708
26,195,86,3e+06,1.5319584e+18,9.10509096125708
26,189,79,4100000,1.5619392e+18,6.39859493453521
31,184,78,2100000,1.6272576e+18,8.98732181285012
28,180,76,3500000,1.6111872e+18,6.74641212857337
27,190,85,3300000,1.5028416e+18,9.30574145673944
27,181,64,2800000,1.5804288e+18,8.5173931714189
26,181,73,3500000,1.626048e+18,8.69968140098951
27,191,80,3200000,1.5619392e+18,9.21044036697652
31,188,88,2400000,1.6006464e+18,6.31173480915291
26,191,67,3700000,1.4992992e+18,9.90353755128617
24,177,76,5e+06,1.6281216e+18,8.98732181285012
31,193,78,1300000,1.6250976e+18,8.5173931714189
25,185,71,4100000,1.4995584e+18,9.10509096125708
28,198,98,2100000,1.5619392e+18,8.8538082749772
27,181,73,3600000,1.6272576e+18,8.98732181285012
25,174,74,3500000,1.5626304e+18,8.98732181285012
30,181,79,3400000,1.4656032e+18,6.31173480915291
31,187,80,1600000,1.599696e+18,8.29429960885724
25,184,80,4300000,1.5636672e+18,9.74102744483773
25,176,80,4200000,1.6304544e+18,8.8538082749772
26,182,82,3400000,1.6250976e+18,9.10509096125708
26,177,73,2800000,1.59408e+18,9.30574145673944
25,166,67,3400000,1.5925248e+18,9.39274525863144
30,182,80,2100000,1.6301088e+18,8.5173931714189
30,177,75,2200000,1.29384e+18,8.98732181285012
28,186,76,3400000,1.6117056e+18,6.21660610108486
25,182,90,4500000,1.629936e+18,9.21044036697652
25,188,90,3200000,1.5665184e+18,9.30574145673944
24,169,68,3800000,1.5673824e+18,9.30574145673944
26,172,72,3100000,1.5935616e+18,8.29429960885724
29,179,73,2800000,1.5304032e+18,9.21044036697652
27,184,77,3300000,1.601856e+18,9.21044036697652
28,193,97,2500000,1.6123104e+18,8.98732181285012
31,171,71,2400000,1.623456e+18,9.7981825908907
36,169,68,1100000,1.4832288e+18,6.39859493453521
25,173,72,3e+06,1.6257024e+18,7.60140233458373
26,184,76,3100000,1.5963264e+18,9.21044036697652
30,185,80,1600000,1.4343264e+18,8.98732181285012
26,183,76,4800000,1.5935616e+18,6.62140565176413
26,180,75,3600000,1.5619392e+18,9.7981825908907
26,165,60,4400000,1.6263936e+18,9.10509096125708
31,188,84,2300000,1.5619392e+18,8.29429960885724
36,189,82,387000,1.5780096e+18,6.21660610108486
25,180,77,4100000,1.6110144e+18,9.68040649926888
23,183,82,4600000,1.6278624e+18,9.99884318585288
28,185,85,2e+06,1.4673312e+18,8.98732181285012
26,189,95,3600000,1.6250976e+18,9.21044036697652
27,178,76,2800000,1.6015104e+18,9.30574145673944
25,172,66,3300000,1.6250976e+18,8.98732181285012
24,185,80,6300000,1.5978816e+18,9.61587214452889
35,184,84,595000,1.4344128e+18,8.5173931714189
26,191,83,3700000,1.5935616e+18,8.5173931714189
25,179,71,3900000,1.4041728e+18,9.39274525863144
29,190,80,2500000,1.5619392e+18,8.8538082749772
26,186,75,3900000,1.6314912e+18,8.29429960885724
26,188,80,3400000,1.6274304e+18,8.5173931714189
24,202,90,3400000,1.4988672e+18,9.47278155656217
26,170,70,4100000,1.5620256e+18,8.29429960885724
25,170,65,3e+06,1.5804288e+18,8.98732181285012
26,173,60,2800000,1.6253568e+18,7.60140233458373
25,185,68,4100000,1.6105824e+18,9.68040649926888
27,181,69,3e+06,1.5976224e+18,9.21044036697652
27,169,67,3300000,1.6245792e+18,8.5173931714189
25,168,58,3500000,1.6291584e+18,8.8538082749772
27,179,70,3200000,1.5977952e+18,10.1658902778025
26,186,86,2900000,1.626048e+18,8.8538082749772
24,181,73,5900000,1.6254432e+18,8.69968140098951
26,190,83,3200000,1.5324768e+18,9.68040649926888
23,185,78,5e+06,1.564272e+18,9.47278155656217
23,185,64,6900000,1.6250976e+18,9.21044036697652
23,178,67,6700000,1.601856e+18,9.21044036697652
22,193,86,6e+06,1.564704e+18,9.30574145673944
25,178,69,4400000,1.627344e+18,9.30574145673944
24,189,80,6300000,1.6008192e+18,9.90353755128617
24,182,80,4100000,1.59624e+18,9.61587214452889
23,175,70,6100000,1.625616e+18,8.5173931714189
23,175,68,4800000,1.5673824e+18,9.95232533461943
23,178,74,6400000,1.6293312e+18,10.043292972227
26,178,68,4100000,1.600128e+18,8.98732181285012
33,178,73,1700000,1.5308352e+18,8.98732181285012
26,185,83,4600000,1.6022016e+18,9.21044036697652
32,178,65,1600000,1.4521248e+18,8.98732181285012
24,178,68,2900000,1.5304896e+18,9.39274525863144
28,184,75,2700000,1.5778368e+18,9.10509096125708
22,179,72,5800000,1.5304032e+18,9.10509096125708
24,169,66,3700000,1.5778368e+18,8.5173931714189
23,174,67,4400000,1.4988672e+18,8.98732181285012
23,170,74,4300000,1.4296608e+18,9.99884318585288
28,179,74,2500000,1.4988672e+18,9.21044036697652
27,177,73,3900000,1.5996096e+18,9.47278155656217
22,195,80,4700000,1.6252704e+18,8.8538082749772
25,176,73,4100000,1.5304032e+18,8.29429960885724
24,182,76,7400000,1.4988672e+18,8.69968140098951
24,185,80,4600000,1.5971904e+18,8.29429960885724
23,173,70,4300000,1.6012512e+18,8.5173931714189
24,182,77,5400000,1.5304896e+18,8.69968140098951
30,193,81,2500000,1.4988672e+18,9.39274525863144
25,184,77,2600000,1.5804288e+18,9.47278155656217
26,174,72,3400000,1.5673824e+18,9.10509096125708
25,178,68,4400000,1.4357088e+18,9.10509096125708
27,186,80,3500000,1.6250976e+18,8.00670084544037
24,188,84,5300000,1.558656e+18,9.39274525863144
26,178,72,3200000,1.6276032e+18,8.8538082749772
25,184,76,3600000,1.5304032e+18,9.85224688834253
25,183,74,3600000,1.5935616e+18,9.47278155656217
27,183,80,2300000,1.5619392e+18,8.8538082749772
25,182,74,3200000,1.5991776e+18,8.69968140098951
24,186,73,3800000,1.5304032e+18,9.10509096125708
24,188,87,5100000,1.579824e+18,8.29429960885724
23,175,68,5500000,1.5015456e+18,9.61587214452889
25,182,77,2500000,1.6250112e+18,8.69968140098951
33,185,79,998000,1.6257024e+18,8.8538082749772
25,178,76,3e+06,1.6257024e+18,9.39274525863144
25,178,75,3e+06,1.6257024e+18,9.47278155656217
21,168,60,3200000,1.6257024e+18,9.10509096125708
25,184,72,3e+06,1.6257024e+18,9.47278155656217
21,169,69,3100000,1.6254432e+18,9.39274525863144
25,176,78,3e+06,1.625616e+18,8.8538082749772
25,189,84,3e+06,1.6250112e+18,8.8538082749772
29,175,70,3e+06,1.6250112e+18,9.10509096125708
25,174,68,3400000,1.625616e+18,9.10509096125708
25,165,62,3400000,1.6250112e+18,9.10509096125708
29,172,66,3e+06,1.6257024e+18,9.61587214452889
25,178,78,3400000,1.6257024e+18,9.61587214452889
21,179,74,3200000,1.6250112e+18,8.5173931714189
33,168,67,1900000,1.6257024e+18,9.85224688834253
21,177,74,3600000,1.625616e+18,9.39274525863144
29,182,84,2500000,1.625616e+18,8.98732181285012
25,191,90,2900000,1.6257024e+18,9.39274525863144
25,187,79,2900000,1.6250112e+18,8.8538082749772
25,179,79,3400000,1.625616e+18,9.61587214452889
29,188,88,2500000,1.6257024e+18,9.54688403461792
21,194,85,3e+06,1.625616e+18,8.69968140098951
29,170,70,3e+06,1.6257024e+18,9.90353755128617
21,188,85,3e+06,1.6250112e+18,8.5173931714189
21,184,82,3200000,1.6250112e+18,8.5173931714189
25,173,70,3400000,1.6257024e+18,9.21044036697652
21,179,73,3400000,1.625616e+18,9.68040649926888
21,173,65,3400000,1.6254432e+18,9.47278155656217
25,181,80,3400000,1.6250112e+18,8.98732181285012
21,170,66,3600000,1.625616e+18,8.69968140098951
21,182,77,3200000,1.625616e+18,8.69968140098951
24,190,83,5200000,1.5778368e+18,8.29429960885724
23,177,75,7e+06,1.601856e+18,9.10509096125708
30,168,62,2200000,1.4410656e+18,9.30574145673944
29,180,74,2800000,1.5356736e+18,9.47278155656217
23,195,87,3e+06,1.629072e+18,8.29429960885724
25,177,67,4600000,1.5935616e+18,6.31173480915291
22,191,76,7100000,1.5581376e+18,9.61587214452889
26,174,70,3200000,1.5341184e+18,8.8538082749772
27,187,80,3900000,1.5803424e+18,8.29429960885724
24,174,75,5500000,1.593648e+18,9.10509096125708
25,185,70,4800000,1.6268256e+18,8.5173931714189
27,177,79,3400000,1.6106688e+18,10.0858507751287
26,185,73,3300000,1.5814656e+18,8.69968140098951
24,188,78,4400000,1.5622848e+18,8.98732181285012
28,165,71,2100000,1.4529024e+18,9.10509096125708
23,181,68,4900000,1.602288e+18,9.7981825908907
26,168,84,3400000,1.6103232e+18,9.21044036697652
25,190,85,4800000,1.562544e+18,6.21660610108486
24,183,72,4300000,1.565136e+18,9.47278155656217
27,185,74,2500000,1.5977088e+18,8.98732181285012
24,181,75,5900000,1.5925248e+18,8.5173931714189
29,175,67,2100000,1.6245792e+18,8.98732181285012
28,161,57,2100000,1.4200704e+18,8.98732181285012
26,170,64,2500000,1.3569984e+18,8.8538082749772
33,178,74,1100000,1.6101504e+18,8.8538082749772
29,174,68,2600000,1.5991776e+18,8.98732181285012
29,172,63,2100000,1.29384e+18,8.8538082749772
25,184,78,3700000,1.6094592e+18,9.30574145673944
22,185,81,6e+06,1.6250976e+18,9.47278155656217
27,176,70,2800000,1.5973632e+18,9.54688403461792
23,176,70,6700000,1.6002144e+18,8.98732181285012
31,182,78,2600000,1.6257888e+18,6.31173480915291
22,175,74,6600000,1.6250976e+18,8.8538082749772
22,178,72,6700000,1.601856e+18,9.30574145673944
29,181,78,3100000,1.5637536e+18,8.98732181285012
29,178,75,3400000,1.6250976e+18,6.55250788703459
30,175,78,2800000,1.4661216e+18,6.21660610108486
27,170,65,2800000,1.5977952e+18,8.98732181285012
24,184,81,5e+06,1.5965856e+18,6.21660610108486
29,192,86,2100000,1.5935616e+18,9.39274525863144
23,184,77,5300000,1.595808e+18,9.61587214452889
24,184,76,5300000,1.6297632e+18,8.5173931714189
29,184,72,2400000,1.4673312e+18,9.10509096125708
24,176,69,3700000,1.5779232e+18,9.85224688834253
25,178,71,2900000,1.6254432e+18,9.68040649926888
21,179,76,2700000,1.6257024e+18,8.8538082749772
31,193,90,2e+06,1.562112e+18,8.98732181285012
30,169,72,3200000,1.5801696e+18,6.21660610108486
24,176,70,4100000,1.5619392e+18,8.69968140098951
23,185,78,4900000,1.6250976e+18,8.29429960885724
23,171,66,5e+06,1.5939936e+18,8.69968140098951
23,175,77,3700000,1.5960672e+18,9.10509096125708
29,178,79,3400000,1.5628896e+18,9.47278155656217
25,183,75,3300000,1.5778368e+18,9.68040649926888
31,186,78,2900000,1.6250976e+18,6.47850964220857
25,179,70,3200000,1.4357088e+18,8.69968140098951
27,186,76,2300000,1.582848e+18,8.98732181285012
25,195,86,5200000,1.5304032e+18,8.69968140098951
26,175,71,4300000,1.6284672e+18,9.68040649926888
23,190,77,6900000,1.4673312e+18,9.90353755128617
28,193,88,2600000,1.6278624e+18,8.98732181285012
25,188,75,4800000,1.6250976e+18,8.98732181285012
23,186,75,4600000,1.6287264e+18,8.00670084544037
24,172,68,4500000,1.562112e+18,9.61587214452889
28,180,78,3400000,1.5778368e+18,6.62140565176413
25,186,82,3500000,1.6239744e+18,9.21044036697652
29,171,65,2500000,1.6254432e+18,9.74102744483773
29,181,78,2700000,1.6257024e+18,9.54688403461792
29,181,73,3e+06,1.6257024e+18,9.90353755128617
25,181,76,3400000,1.6257024e+18,9.54688403461792
29,175,70,3e+06,1.6254432e+18,9.21044036697652
25,186,82,3400000,1.625616e+18,9.21044036697652
26,182,80,4600000,1.4543712e+18,6.55250788703459
23,194,88,5600000,1.5619392e+18,8.98732181285012
22,180,75,7600000,1.5014592e+18,10.0858507751287
22,173,63,7400000,1.4751936e+18,8.69968140098951
26,180,72,4100000,1.601424e+18,8.98732181285012
24,183,73,4500000,1.5935616e+18,8.5173931714189
24,178,68,3500000,1.5623712e+18,8.8538082749772
30,170,66,2100000,1.562544e+18,7.60140233458373
22,190,82,5900000,1.629936e+18,9.54688403461792
24,184,74,4500000,1.5619392e+18,8.69968140098951
24,181,84,5300000,1.6104096e+18,8.00670084544037
26,180,75,2800000,1.6177536e+18,9.10509096125708
22,177,70,7700000,1.5334272e+18,10.6919676399149
24,175,70,3900000,1.5427584e+18,8.29429960885724
24,188,84,5100000,1.4844384e+18,8.29429960885724
21,175,73,6900000,1.4988672e+18,10.043292972227
26,175,71,3200000,1.6257888e+18,8.69968140098951
26,183,77,2400000,1.4836608e+18,8.8538082749772
27,179,77,2700000,1.5463872e+18,8.69968140098951
25,180,75,4e+06,1.6267392e+18,8.5173931714189
22,177,70,7600000,1.4757984e+18,9.54688403461792
23,185,75,4300000,1.5984e+18,9.30574145673944
23,180,76,4100000,1.48392e+18,8.8538082749772
25,186,82,3300000,1.4950656e+18,8.98732181285012
24,183,74,3900000,1.6012512e+18,9.47278155656217
23,177,70,3200000,1.5752448e+18,8.29429960885724
23,179,72,5200000,1.6261344e+18,8.69968140098951
22,178,74,6100000,1.5463008e+18,8.5173931714189
24,173,70,2900000,1.6101504e+18,8.00670084544037
26,185,78,2800000,1.6003008e+18,8.98732181285012
23,175,75,4500000,1.6250976e+18,9.39274525863144
31,185,79,2e+06,1.5961536e+18,8.69968140098951
27,173,72,3100000,1.6250976e+18,9.47278155656217
24,191,76,3600000,1.5619392e+18,9.39274525863144
21,179,69,7200000,1.5619392e+18,9.30574145673944
27,182,75,3600000,1.5488928e+18,8.69968140098951
26,176,70,3200000,1.6103232e+18,8.69968140098951
22,180,64,5300000,1.4888448e+18,8.8538082749772
23,195,85,4400000,1.5619392e+18,9.10509096125708
24,188,82,4800000,1.5941664e+18,9.21044036697652
24,195,94,4600000,1.630368e+18,9.21044036697652
25,185,75,2800000,1.5806016e+18,8.5173931714189
21,174,73,6500000,1.5464736e+18,8.69968140098951
23,186,79,4300000,1.5619392e+18,9.54688403461792
23,188,87,6400000,1.4988672e+18,9.47278155656217
22,188,78,7800000,1.601856e+18,9.99884318585288
21,193,88,5300000,1.611792e+18,8.8538082749772
22,174,66,5800000,1.5041376e+18,9.10509096125708
24,177,68,7e+06,1.6248384e+18,9.10509096125708
23,163,64,5700000,1.4357088e+18,9.85224688834253
21,179,64,6100000,1.6262208e+18,8.98732181285012
25,182,76,4800000,1.5615072e+18,6.31173480915291
24,184,75,3800000,1.4988672e+18,9.30574145673944
28,186,84,3600000,1.5780096e+18,6.55250788703459
26,169,72,3700000,1.5011136e+18,6.39859493453521
23,183,78,7400000,1.601856e+18,8.8538082749772
24,177,70,5800000,1.6270848e+18,8.00670084544037
21,183,75,8200000,1.4988672e+18,9.47278155656217
25,184,78,4300000,1.5778368e+18,9.47278155656217
30,195,90,1700000,1.5619392e+18,8.5173931714189
23,165,63,7300000,1.5488064e+18,9.30574145673944
26,183,73,2600000,1.504656e+18,9.10509096125708
23,178,74,4900000,1.4988672e+18,8.29429960885724
22,168,55,7e+06,1.560816e+18,9.54688403461792
26,181,72,2900000,1.5322176e+18,9.39274525863144
22,177,66,5200000,1.5614208e+18,9.10509096125708
20,173,64,6500000,1.4793408e+18,8.29429960885724
24,180,74,3500000,1.6250976e+18,9.30574145673944
21,175,69,6100000,1.5092352e+18,8.69968140098951
23,180,78,8400000,1.625184e+18,9.30574145673944
23,178,70,6500000,1.5619392e+18,9.47278155656217
21,173,68,8300000,1.6263936e+18,9.10509096125708
22,184,83,3700000,1.6270848e+18,9.30574145673944
21,170,66,6100000,1.5147648e+18,9.21044036697652
24,178,70,4300000,1.51632e+18,8.5173931714189
23,183,75,5900000,1.5157152e+18,9.74102744483773
27,184,77,3100000,1.6279488e+18,9.39274525863144
28,185,77,2100000,1.4859936e+18,8.00670084544037
22,184,84,6300000,1.6099776e+18,8.8538082749772
20,180,73,5600000,1.4988672e+18,8.00670084544037
21,192,81,5600000,1.5964128e+18,9.21044036697652
23,173,73,5600000,1.5169248e+18,8.8538082749772
25,175,70,3900000,1.5483744e+18,8.8538082749772
26,180,75,2800000,1.5935616e+18,8.8538082749772
25,191,85,2900000,1.5355872e+18,9.21044036697652
21,168,69,5900000,1.6129152e+18,8.29429960885724
25,190,85,4300000,1.6263936e+18,8.8538082749772
23,182,71,5100000,1.5499296e+18,8.29429960885724
21,187,80,6500000,1.518912e+18,9.21044036697652
26,172,64,2600000,1.6267392e+18,8.69968140098951
23,187,82,6200000,1.5200352e+18,8.98732181285012
24,176,69,5700000,1.6257888e+18,9.21044036697652
27,185,75,3600000,1.6257888e+18,6.21660610108486
22,188,80,6e+06,1.6250976e+18,9.47278155656217
22,173,70,6500000,1.5181344e+18,9.47278155656217
21,188,75,6800000,1.6300224e+18,9.68040649926888
24,181,66,5800000,1.6250976e+18,8.69968140098951
21,179,69,8500000,1.5935616e+18,8.5173931714189
22,176,67,8300000,1.6250976e+18,8.69968140098951
24,201,96,2800000,1.5304032e+18,8.98732181285012
22,186,80,3800000,1.600992e+18,7.60140233458373
24,184,74,3500000,1.6141248e+18,8.5173931714189
29,174,71,2200000,1.6263072e+18,8.69968140098951
32,180,75,2500000,1.5971904e+18,9.10509096125708
29,175,75,2400000,1.59408e+18,9.21044036697652
26,187,79,3700000,1.6252704e+18,8.5173931714189
21,180,75,5900000,1.6250976e+18,8.29429960885724
24,194,80,5500000,1.5287616e+18,6.21660610108486
23,172,75,6800000,1.5621984e+18,8.98732181285012
24,184,75,4e+06,1.5640992e+18,9.21044036697652
26,197,84,3600000,1.4993856e+18,6.21660610108486
22,176,69,8300000,1.5304032e+18,6.31173480915291
28,188,85,2600000,1.6250976e+18,9.10509096125708
23,182,75,6100000,1.6012512e+18,8.69968140098951
27,180,70,2100000,1.610928e+18,8.29429960885724
29,188,82,2800000,1.5304032e+18,6.21660610108486
25,176,74,4400000,1.6250976e+18,6.39859493453521
21,179,66,5800000,1.6300224e+18,9.30574145673944
20,175,66,7700000,1.6263936e+18,8.98732181285012
22,185,76,4800000,1.6304544e+18,9.74102744483773
22,180,75,6500000,1.5622848e+18,9.21044036697652
32,185,86,1200000,1.532304e+18,8.69968140098951
25,185,74,4e+06,1.629936e+18,9.47278155656217
23,175,68,5300000,1.5329952e+18,8.69968140098951
21,169,65,5800000,1.565136e+18,8.00670084544037
27,176,70,2400000,1.6267392e+18,8.5173931714189
24,195,80,6900000,1.5337728e+18,10.2750855911327
22,179,71,5800000,1.6133472e+18,8.98732181285012
24,178,73,4200000,1.6250976e+18,8.29429960885724
21,184,77,8200000,1.5997824e+18,6.21660610108486
23,183,82,7200000,1.534464e+18,6.39859493453521
25,180,79,3700000,1.5989184e+18,9.54688403461792
23,195,91,3700000,1.5958944e+18,8.8538082749772
22,175,70,8300000,1.4988672e+18,9.61587214452889
25,184,80,2600000,1.5342048e+18,8.8538082749772
23,170,68,5900000,1.630368e+18,8.29429960885724
22,179,78,5800000,1.6131744e+18,8.29429960885724
20,180,73,8700000,1.6008192e+18,8.5173931714189
22,180,71,5800000,1.537488e+18,8.8538082749772
22,188,80,4100000,1.6010784e+18,9.47278155656217
21,179,70,6300000,1.6250976e+18,8.00670084544037
20,184,80,5400000,1.5399072e+18,8.5173931714189
23,178,66,5900000,1.4568768e+18,9.85224688834253
21,175,72,5400000,1.5278112e+18,8.69968140098951
24,182,68,4300000,1.4673312e+18,8.5173931714189
24,165,66,3e+06,1.5339456e+18,8.29429960885724
23,173,68,3300000,1.6101504e+18,8.8538082749772
25,185,80,4700000,1.575936e+18,6.21660610108486
29,180,70,3e+06,1.5788736e+18,6.47850964220857
25,183,70,3900000,1.5653088e+18,10.3417747410115
22,180,75,7400000,1.5304032e+18,10.0858507751287
24,178,75,3e+06,1.6101504e+18,8.69968140098951
23,176,72,3e+06,1.5304032e+18,8.00670084544037
20,178,73,7400000,1.5436224e+18,9.21044036697652
30,181,83,2200000,1.5939936e+18,8.69968140098951
26,189,84,2700000,1.5955488e+18,8.8538082749772
23,179,72,5900000,1.6257024e+18,8.5173931714189
22,176,75,6800000,1.5463008e+18,9.39274525863144
25,172,72,3300000,1.5469056e+18,8.98732181285012
22,177,73,5400000,1.6250976e+18,9.47278155656217
23,182,68,7600000,1.5348096e+18,9.21044036697652
31,179,73,1800000,1.3885344e+18,6.31173480915291
20,169,65,6300000,1.5710112e+18,8.69968140098951
32,185,89,1700000,1.6094592e+18,8.5173931714189
25,188,75,4300000,1.5977952e+18,9.30574145673944
20,176,66,6e+06,1.6097184e+18,9.30574145673944
22,178,75,4600000,1.4988672e+18,8.29429960885724
30,170,60,3e+06,1.476576e+18,6.55250788703459
22,178,64,6500000,1.4253408e+18,9.95232533461943
21,182,73,6100000,1.5463008e+18,9.7981825908907
23,177,71,5100000,1.5778368e+18,9.10509096125708
26,184,77,2500000,1.5510528e+18,9.10509096125708
23,172,72,8200000,1.6257024e+18,9.39274525863144
21,177,61,5200000,1.601856e+18,9.54688403461792
29,185,75,1500000,1.6250976e+18,8.8538082749772
32,188,82,1500000,1.6033248e+18,7.60140233458373
22,184,76,7600000,1.4988672e+18,6.21660610108486
27,181,73,3500000,1.4041728e+18,8.29429960885724
27,185,71,4100000,1.6274304e+18,9.21044036697652
21,187,81,6100000,1.5304032e+18,8.29429960885724
31,186,82,2400000,1.611792e+18,6.21660610108486
21,178,72,6500000,1.5619392e+18,8.69968140098951
20,175,72,7e+06,1.5620256e+18,9.30574145673944
23,191,76,4600000,1.5619392e+18,9.30574145673944
30,190,90,2100000,1.6125696e+18,9.10509096125708
21,183,75,7100000,1.6258752e+18,10.0858507751287
21,173,62,5800000,1.562112e+18,8.8538082749772
20,185,72,5800000,1.5984e+18,7.60140233458373
18,185,75,9300000,1.599264e+18,9.68040649926888
22,180,73,8300000,1.5639264e+18,8.8538082749772
24,174,70,6900000,1.6252704e+18,9.30574145673944
20,174,60,6900000,1.5619392e+18,9.54688403461792
21,169,68,6100000,1.4700096e+18,8.69968140098951
19,179,70,7500000,1.5653952e+18,8.98732181285012
27,180,73,3100000,1.6272576e+18,8.29429960885724
23,175,69,4600000,1.566432e+18,8.00670084544037
30,178,83,3e+06,1.5463008e+18,6.39859493453521
23,184,80,5600000,1.4516064e+18,8.98732181285012
27,176,82,3600000,1.5463008e+18,6.47850964220857
23,183,77,5600000,1.5147648e+18,8.8538082749772
25,176,82,4300000,1.5646176e+18,6.47850964220857
28,185,80,3400000,1.578528e+18,6.55250788703459
28,178,72,3100000,1.6105824e+18,6.55250788703459
21,186,68,5600000,1.4988672e+18,8.69968140098951
22,180,73,8500000,1.4700096e+18,6.39859493453521
24,179,76,7e+06,1.4516064e+18,9.68040649926888
30,181,83,3100000,1.5783552e+18,6.55250788703459
23,179,73,4700000,1.5639264e+18,6.21660610108486
29,182,80,2900000,1.5177888e+18,6.55250788703459
31,184,74,2600000,1.485216e+18,6.39859493453521
26,185,89,2700000,1.6115328e+18,8.5173931714189
24,180,77,3900000,1.628208e+18,8.98732181285012
24,170,63,3200000,1.5782688e+18,8.5173931714189
21,188,80,8200000,1.5350688e+18,6.21660610108486
21,180,74,8300000,1.4988672e+18,9.30574145673944
27,173,66,2800000,1.6094592e+18,8.5173931714189
28,181,72,2600000,1.580256e+18,9.74102744483773
26,188,85,2700000,1.6101504e+18,8.8538082749772
26,174,68,4500000,1.5778368e+18,6.47850964220857
19,183,66,6100000,1.629072e+18,9.39274525863144
23,185,72,6300000,1.5935616e+18,9.47278155656217
20,178,69,8100000,1.6253568e+18,9.21044036697652
21,177,73,7800000,1.5964128e+18,8.69968140098951
17,185,78,8900000,1.5935616e+18,6.55250788703459
22,188,80,7800000,1.5475968e+18,8.29429960885724
26,188,80,3500000,1.597104e+18,8.29429960885724
22,175,72,4100000,1.5935616e+18,8.69968140098951
28,180,67,3100000,1.5964128e+18,6.39859493453521
27,190,77,3900000,1.5964128e+18,6.39859493453521
27,172,73,4100000,1.5964128e+18,6.47850964220857
19,174,67,6700000,1.5619392e+18,9.39274525863144
23,185,75,4500000,1.5983136e+18,9.85224688834253
21,180,77,6100000,1.5995232e+18,8.98732181285012
24,179,72,6600000,1.6003872e+18,8.8538082749772
18,180,66,7500000,1.6000416e+18,8.29429960885724
21,179,73,5800000,1.5679008e+18,6.21660610108486
25,174,63,4100000,1.6030656e+18,9.39274525863144
23,183,75,7700000,1.6275168e+18,10.0858507751287
21,168,62,9e+06,1.5619392e+18,9.10509096125708
21,182,75,5600000,1.6041024e+18,8.5173931714189
25,175,64,3800000,1.626048e+18,8.98732181285012
21,182,73,7800000,1.5783552e+18,6.21660610108486
18,184,74,7500000,1.6071264e+18,8.69968140098951
18,170,64,10500000,1.6106688e+18,8.00670084544037
19,178,70,7700000,1.6082496e+18,8.5173931714189
23,179,67,5300000,1.6147296e+18,8.5173931714189
21,184,75,8300000,1.5619392e+18,9.30574145673944
25,171,65,4600000,1.5619392e+18,8.29429960885724
27,178,73,3600000,1.5311808e+18,8.5173931714189
19,168,62,6800000,1.6262208e+18,9.61587214452889
17,184,80,7600000,1.6094592e+18,6.21660610108486
35,187,81,769000,1.5619392e+18,8.29429960885724
39,184,83,363000,1.6250976e+18,8.29429960885724
38,187,85,713000,1.5304032e+18,8.69968140098951
35,183,80,544000,1.6142112e+18,8.29429960885724
39,185,77,210000,1.4985216e+18,8.29429960885724
38,188,83,270000,1.5304896e+18,8.29429960885724
36,190,82,285000,1.597968e+18,8.29429960885724
38,194,92,218000,1.6121376e+18,8.00670084544037
36,185,80,338000,1.5971904e+18,8.5173931714189
37,182,82,540000,1.5790464e+18,8.8538082749772
38,195,88,255000,1.612224e+18,9.21044036697652
34,175,70,903000,1.5622848e+18,9.7981825908907
36,188,85,594000,1.6094592e+18,8.29429960885724
35,174,72,723000,1.625184e+18,8.5173931714189
35,173,67,688000,1.6300224e+18,6.90875477931522
33,173,73,1300000,1.5935616e+18,8.29429960885724
36,185,84,426000,1.2779424e+18,8.00670084544037
35,188,84,930000,1.6121376e+18,8.5173931714189
36,193,95,225000,1.4988672e+18,7.60140233458373
38,183,74,689000,1.230768e+18,8.29429960885724
39,193,87,188000,1.6281216e+18,6.90875477931522
35,190,94,285000,1.611792e+18,9.30574145673944
36,184,73,233000,1.6261344e+18,7.60140233458373
34,173,65,1100000,1.2490848e+18,8.5173931714189
33,175,66,1400000,1.6098048e+18,8.00670084544037
33,179,73,906000,1.607472e+18,7.60140233458373
34,185,85,855000,1.5619392e+18,9.21044036697652
35,185,77,825000,1.5760224e+18,8.00670084544037
36,191,91,195000,1.4516064e+18,8.00670084544037
36,173,70,665000,1.5778368e+18,6.90875477931522
32,185,77,2100000,1.4834016e+18,9.39274525863144
35,184,80,640000,1.29384e+18,8.98732181285012
33,173,71,1100000,1.579392e+18,8.00670084544037
34,186,81,653000,1.5794784e+18,8.8538082749772
31,180,76,1600000,1.625184e+18,8.5173931714189
34,170,64,625000,1.6171488e+18,8.29429960885724
32,184,80,1200000,1.5466464e+18,8.8538082749772
31,188,84,1100000,1.5304032e+18,8.5173931714189
33,192,88,1400000,1.6269984e+18,8.8538082749772
33,181,72,1100000,1.3416192e+18,9.21044036697652
31,171,68,1500000,1.5639264e+18,8.69968140098951
37,173,73,645000,1.612224e+18,6.21660610108486
31,180,78,2e+06,1.3411008e+18,9.30574145673944
30,186,81,1700000,1.5519168e+18,8.5173931714189
34,180,79,788000,1.4041728e+18,8.5173931714189
32,190,78,1600000,1.5313536e+18,8.00670084544037
32,193,88,1e+06,1.5965856e+18,8.29429960885724
34,186,86,698000,1.5619392e+18,8.5173931714189
31,178,83,2300000,1.625184e+18,9.39274525863144
33,182,88,765000,1.6257888e+18,9.10509096125708
32,179,70,1600000,1.5628032e+18,8.29429960885724
32,188,81,1400000,1.594512e+18,8.8538082749772
31,186,79,1100000,1.5960672e+18,8.69968140098951
31,184,80,1500000,1.5640128e+18,7.60140233458373
31,185,71,2200000,1.6250976e+18,8.69968140098951
33,187,80,9e+05,1.5646176e+18,9.10509096125708
35,169,65,1200000,1.5686784e+18,6.21660610108486
33,175,67,1200000,1.6105824e+18,8.29429960885724
35,188,80,1200000,1.610496e+18,8.69968140098951
36,194,87,203000,1.48608e+18,7.60140233458373
29,181,86,2300000,1.6250976e+18,9.61587214452889
30,178,74,2400000,1.6099776e+18,8.8538082749772
32,185,82,1600000,1.6094592e+18,8.5173931714189
35,178,75,638000,1.6159392e+18,8.5173931714189
30,188,92,2600000,1.5652224e+18,8.98732181285012
33,185,74,1700000,1.601856e+18,9.10509096125708
32,174,75,1400000,1.626048e+18,8.29429960885724
29,180,74,2700000,1.5650496e+18,9.39274525863144
32,189,79,2200000,1.6007328e+18,9.21044036697652
33,188,83,810000,1.5935616e+18,9.74102744483773
33,188,83,1300000,1.5974496e+18,9.21044036697652
32,175,73,1900000,1.6280352e+18,8.29429960885724
31,193,93,1700000,1.6255296e+18,9.21044036697652
30,190,85,1600000,1.5619392e+18,8.98732181285012
33,179,72,1200000,1.6085088e+18,9.10509096125708
36,179,77,399000,1.5909696e+18,8.98732181285012
30,190,86,1400000,1.6004736e+18,8.29429960885724
34,178,75,875000,1.5933024e+18,8.29429960885724
32,180,69,2200000,1.6280352e+18,8.8538082749772
31,183,75,1700000,1.6257024e+18,8.00670084544037
31,176,72,2400000,1.625616e+18,8.8538082749772
35,170,67,638000,1.4382144e+18,8.00670084544037
33,176,68,1500000,1.599264e+18,8.5173931714189
30,175,70,2500000,1.5973632e+18,9.54688403461792
34,185,79,720000,1.5368832e+18,8.5173931714189
31,186,78,1700000,1.6270848e+18,8.98732181285012
31,185,79,1600000,1.601856e+18,8.98732181285012
31,188,79,2300000,1.597536e+18,10.0858507751287
34,178,70,750000,1.230768e+18,8.29429960885724
31,187,86,1500000,1.625616e+18,8.98732181285012
34,183,79,653000,1.6098912e+18,8.29429960885724
28,176,69,1800000,1.48824e+18,8.29429960885724
31,183,80,1600000,1.4988672e+18,9.10509096125708
30,187,84,1200000,1.5786144e+18,8.29429960885724
30,173,65,2100000,1.6118784e+18,8.00670084544037
29,186,82,2700000,1.5596928e+18,9.30574145673944
33,176,70,1300000,1.6261344e+18,8.8538082749772
30,192,92,2500000,1.6288128e+18,9.39274525863144
30,190,80,1800000,1.4678496e+18,8.69968140098951
32,168,62,2400000,1.610928e+18,6.39859493453521
29,168,64,1800000,1.5796512e+18,8.5173931714189
31,188,82,1700000,1.6250976e+18,8.69968140098951
30,171,60,2300000,1.5643584e+18,9.74102744483773
31,178,70,1500000,1.6164576e+18,8.29429960885724
30,185,75,2e+06,1.627776e+18,8.5173931714189
32,180,82,1400000,1.4064192e+18,8.98732181285012
31,180,76,2100000,1.3727232e+18,8.5173931714189
30,175,71,2100000,1.626912e+18,8.29429960885724
30,180,72,2300000,1.2464064e+18,9.74102744483773
30,188,86,1800000,1.6278624e+18,9.39274525863144
36,184,75,641000,1.4548896e+18,8.29429960885724
34,182,77,585000,1.460592e+18,8.69968140098951
30,179,70,1500000,1.2490848e+18,8.8538082749772
31,172,72,1500000,1.562112e+18,8.69968140098951
34,178,73,1400000,1.4041728e+18,8.69968140098951
30,184,80,1800000,1.6278624e+18,8.5173931714189
32,184,81,1500000,1.5674688e+18,6.90875477931522
30,175,72,2600000,1.6094592e+18,6.21660610108486
30,184,81,2300000,1.6116192e+18,8.29429960885724
30,178,73,1400000,1.610928e+18,8.69968140098951
32,188,85,2100000,1.5995232e+18,8.98732181285012
30,182,76,1800000,1.6261344e+18,8.00670084544037
30,177,67,2e+06,1.4673312e+18,8.5173931714189
34,195,90,3e+05,1.4832288e+18,8.29429960885724
29,173,75,2100000,1.630368e+18,8.8538082749772
28,182,81,1600000,1.5666048e+18,8.5173931714189
31,182,83,1400000,1.62864e+18,7.60140233458373
30,181,76,2200000,1.6287264e+18,8.5173931714189
33,186,80,1300000,1.4400288e+18,9.99884318585288
28,178,71,2700000,1.5463008e+18,9.10509096125708
32,180,70,1900000,1.6291584e+18,8.00670084544037
29,191,85,1500000,1.6263072e+18,8.00670084544037
29,183,84,1700000,1.5304032e+18,9.7981825908907
29,169,64,2300000,1.6250976e+18,8.8538082749772
28,173,65,1800000,1.6166304e+18,8.8538082749772
27,194,96,2900000,1.5634944e+18,9.95232533461943
28,181,71,2800000,1.6266528e+18,9.21044036697652
30,178,72,1700000,1.6093728e+18,8.29429960885724
33,180,82,1400000,1.5304032e+18,8.5173931714189
33,188,82,1400000,1.6302816e+18,8.29429960885724
30,188,80,1400000,1.5800832e+18,8.00670084544037
31,175,65,1200000,1.5639264e+18,8.5173931714189
30,188,82,1800000,1.625616e+18,8.29429960885724
31,175,70,1500000,1.5997824e+18,8.69968140098951
32,180,76,1600000,1.5355008e+18,8.98732181285012
30,193,93,1900000,1.6011648e+18,9.95232533461943
30,189,75,1700000,1.5632352e+18,8.69968140098951
28,187,82,1700000,1.5632352e+18,8.29429960885724
29,192,84,1900000,1.6250976e+18,8.69968140098951
31,185,86,1500000,1.630368e+18,8.69968140098951
31,182,67,1600000,1.5990048e+18,8.8538082749772
29,191,73,1700000,1.6110144e+18,8.5173931714189
30,192,86,2200000,1.6302816e+18,9.54688403461792
28,174,70,2200000,1.6254432e+18,9.47278155656217
30,188,86,2500000,1.534464e+18,9.10509096125708
30,190,81,2500000,1.5989184e+18,9.99884318585288
28,180,74,2e+06,1.6110144e+18,8.8538082749772
29,192,88,2e+06,1.565136e+18,8.98732181285012
29,177,65,1800000,1.6123968e+18,8.00670084544037
26,173,64,2700000,1.6098048e+18,8.29429960885724
26,177,72,3e+06,1.5349824e+18,9.39274525863144
28,181,76,1800000,1.613952e+18,8.00670084544037
33,187,86,1100000,1.6279488e+18,8.00670084544037
28,182,65,2300000,1.567296e+18,9.61587214452889
33,186,83,1400000,1.6269984e+18,8.8538082749772
27,177,72,2500000,1.627776e+18,8.98732181285012
30,170,63,2300000,1.629936e+18,8.8538082749772
32,188,91,1400000,1.4998176e+18,8.29429960885724
28,176,77,1800000,1.599696e+18,8.5173931714189
29,178,73,2e+06,1.6274304e+18,9.10509096125708
31,183,77,2500000,1.6250976e+18,8.5173931714189
30,181,78,1900000,1.610064e+18,9.10509096125708
27,192,80,3200000,1.6269984e+18,9.54688403461792
28,185,71,2500000,1.5619392e+18,8.5173931714189
31,188,78,1500000,1.6017696e+18,8.69968140098951
26,182,73,3200000,1.6250976e+18,9.30574145673944
29,169,65,2400000,1.6269984e+18,8.8538082749772
30,191,86,1200000,1.610064e+18,7.60140233458373
29,184,77,1500000,1.262304e+18,8.00670084544037
31,188,80,1200000,1.5826752e+18,8.5173931714189
29,195,90,1500000,1.4068512e+18,8.00670084544037
30,188,81,1700000,1.5673824e+18,9.39274525863144
29,185,87,1800000,1.5523488e+18,8.29429960885724
28,183,76,2400000,1.4352768e+18,8.5173931714189
28,187,85,1500000,1.5372288e+18,8.69968140098951
28,185,75,2e+06,1.6149888e+18,8.29429960885724
29,191,91,1200000,1.5963264e+18,8.69968140098951
32,175,67,1500000,1.5619392e+18,8.98732181285012
32,180,76,1900000,1.5995232e+18,8.29429960885724
28,183,80,2300000,1.5989184e+18,9.7981825908907
31,180,79,1400000,1.6250976e+18,8.29429960885724
30,184,82,2400000,1.630368e+18,6.21660610108486
33,184,78,1200000,1.4673312e+18,8.29429960885724
27,174,70,3600000,1.5796512e+18,6.21660610108486
34,186,80,844000,1.6259616e+18,8.69968140098951
28,182,76,1800000,1.5179616e+18,8.29429960885724
29,191,71,2300000,1.59624e+18,9.47278155656217
28,181,71,1900000,1.5023232e+18,7.60140233458373
27,199,93,2200000,1.631232e+18,8.00670084544037
27,180,70,3e+06,1.630368e+18,9.21044036697652
27,187,92,2100000,1.47312e+18,9.10509096125708
29,181,76,3100000,1.5316992e+18,6.39859493453521
27,181,76,2400000,1.5619392e+18,8.00670084544037
28,171,68,1600000,1.4206752e+18,8.29429960885724
30,191,85,2200000,1.563408e+18,9.30574145673944
28,176,76,2400000,1.5652224e+18,8.29429960885724
28,171,62,2500000,1.6257888e+18,8.8538082749772
27,198,88,2100000,1.5946848e+18,8.5173931714189
29,173,74,2800000,1.6015104e+18,8.98732181285012
28,185,80,2100000,1.4988672e+18,8.69968140098951
29,183,72,1900000,1.6250976e+18,8.29429960885724
26,180,76,2500000,1.6020288e+18,8.8538082749772
31,170,74,1500000,1.61352e+18,8.29429960885724
27,196,89,2400000,1.5791328e+18,9.21044036697652
31,190,76,2100000,1.3411008e+18,6.21660610108486
28,191,81,2500000,1.5634944e+18,8.69968140098951
27,181,75,3e+06,1.5673824e+18,9.30574145673944
28,175,75,1900000,1.6250976e+18,8.5173931714189
33,186,88,630000,1.5946848e+18,8.69968140098951
29,194,84,2200000,1.3778208e+18,9.99884318585288
30,185,79,1600000,1.5220224e+18,8.29429960885724
28,188,75,2100000,1.562976e+18,8.00670084544037
29,193,90,1800000,1.5476832e+18,8.29429960885724
26,180,80,2500000,1.6250976e+18,8.98732181285012
29,187,85,1700000,1.6094592e+18,8.29429960885724
31,185,78,2500000,1.630368e+18,8.29429960885724
28,188,75,2300000,1.5294528e+18,8.8538082749772
27,180,76,2400000,1.5628896e+18,8.8538082749772
29,181,75,2e+06,1.5615936e+18,8.8538082749772
31,180,79,1500000,1.597968e+18,8.5173931714189
29,183,73,1500000,1.4832288e+18,8.00670084544037
27,180,72,2600000,1.5552864e+18,8.8538082749772
27,185,78,3e+06,1.5967584e+18,9.39274525863144
25,188,78,2400000,1.5634944e+18,8.5173931714189
29,173,70,2200000,1.6188768e+18,8.98732181285012
30,185,74,1700000,1.579824e+18,8.5173931714189
27,179,78,1900000,1.6250976e+18,8.00670084544037
29,189,84,2e+06,1.601856e+18,8.00670084544037
28,172,63,2600000,1.6270848e+18,8.8538082749772
29,190,87,1500000,1.566432e+18,8.8538082749772
28,184,77,2e+06,1.628208e+18,8.29429960885724
32,183,81,1500000,1.5958944e+18,8.98732181285012
28,185,79,2800000,1.563408e+18,8.5173931714189
28,187,85,1800000,1.62216e+18,9.47278155656217
28,183,83,3100000,1.596672e+18,6.39859493453521
29,183,87,2700000,1.6292448e+18,8.98732181285012
34,182,72,725000,1.630368e+18,8.8538082749772
26,175,74,2500000,1.5968448e+18,9.21044036697652
30,185,80,2800000,1.5997824e+18,9.21044036697652
25,173,73,2900000,1.5994368e+18,9.10509096125708
27,186,78,1900000,1.613952e+18,8.00670084544037
26,183,78,3700000,1.5971904e+18,9.39274525863144
29,182,75,2200000,1.5947712e+18,9.47278155656217
26,187,76,3100000,1.601424e+18,8.29429960885724
27,182,76,2400000,1.5621984e+18,8.98732181285012
29,173,68,2500000,1.4985216e+18,8.5173931714189
30,187,80,2400000,1.5640992e+18,9.10509096125708
29,196,90,1800000,1.3904352e+18,8.69968140098951
26,185,76,3e+06,1.6120512e+18,8.5173931714189
28,180,83,2500000,1.6250976e+18,9.85224688834253
26,185,72,3300000,1.5989184e+18,8.8538082749772
27,191,87,2900000,1.5952032e+18,8.8538082749772
26,184,76,3200000,1.6121376e+18,8.8538082749772
31,175,68,1500000,1.4357088e+18,8.5173931714189
29,181,82,1900000,1.5619392e+18,9.10509096125708
26,184,82,2300000,1.3885344e+18,8.00670084544037
30,184,78,1900000,1.6233696e+18,8.8538082749772
26,177,68,2400000,1.5619392e+18,8.69968140098951
32,176,73,1500000,1.5793056e+18,9.10509096125708
27,188,84,2800000,1.5304032e+18,9.90353755128617
30,188,82,1400000,1.5781824e+18,8.29429960885724
29,180,75,1800000,1.3583808e+18,8.29429960885724
26,173,71,3500000,1.6250976e+18,9.54688403461792
26,187,75,2900000,1.5943392e+18,8.29429960885724
26,171,61,2500000,1.612224e+18,8.98732181285012
28,180,68,2500000,1.5304032e+18,8.69968140098951
25,179,65,2300000,1.4380416e+18,9.47278155656217
28,182,83,1700000,1.6242336e+18,9.10509096125708
30,174,66,1900000,1.6267392e+18,8.29429960885724
29,177,73,2500000,1.3608e+18,8.00670084544037
29,174,71,1800000,1.6120512e+18,8.5173931714189
31,183,79,1500000,1.5808608e+18,8.29429960885724
27,163,64,2300000,1.626048e+18,8.69968140098951
31,187,81,2100000,1.618272e+18,6.31173480915291
31,186,80,1400000,1.6038432e+18,8.69968140098951
26,183,77,3600000,1.5296256e+18,9.90353755128617
26,178,73,3500000,1.626912e+18,8.98732181285012
25,188,78,4e+06,1.6250976e+18,10.0858507751287
25,193,75,3600000,1.562976e+18,9.90353755128617
26,168,65,2800000,1.6115328e+18,8.69968140098951
27,185,77,2300000,1.5147648e+18,6.90875477931522
29,182,72,1600000,1.5783552e+18,7.60140233458373
27,175,75,2100000,1.4846112e+18,6.90875477931522
29,177,77,1600000,1.6103232e+18,7.60140233458373
28,178,73,1600000,1.5985728e+18,6.90875477931522
37,181,78,338000,1.547424e+18,6.90875477931522
29,181,77,1700000,1.5778368e+18,7.60140233458373
28,177,76,1900000,1.5637536e+18,6.90875477931522
35,179,74,540000,1.5471648e+18,6.68586094706836
36,180,78,1e+06,1.5463008e+18,6.21660610108486
37,170,70,645000,1.5778368e+18,6.21660610108486
28,175,69,2900000,1.60056e+18,8.98732181285012
26,182,81,2400000,1.6115328e+18,8.5173931714189
26,170,68,2900000,1.6269984e+18,8.8538082749772
27,178,78,2800000,1.325376e+18,9.99884318585288
31,187,80,1e+06,1.5778368e+18,7.60140233458373
29,190,81,2300000,1.5295392e+18,9.61587214452889
29,180,72,1700000,1.6026336e+18,8.69968140098951
27,183,83,2200000,1.578096e+18,7.60140233458373
33,177,74,1800000,1.6094592e+18,6.21660610108486
33,179,75,1200000,1.623024e+18,8.69968140098951
28,185,72,2e+06,1.6306272e+18,8.8538082749772
29,178,70,2100000,1.4859072e+18,9.10509096125708
27,183,70,2400000,1.3726368e+18,9.47278155656217
29,180,64,2700000,1.6002144e+18,9.39274525863144
26,180,67,3100000,1.5652224e+18,8.8538082749772
25,183,79,2700000,1.5619392e+18,8.98732181285012
25,184,85,3200000,1.5304032e+18,8.98732181285012
26,184,73,3100000,1.4673312e+18,8.8538082749772
28,169,66,3e+06,1.5794784e+18,6.47850964220857
32,179,77,2400000,1.6257024e+18,6.47850964220857
29,186,73,2800000,1.578528e+18,9.47278155656217
30,181,75,1500000,1.5969312e+18,8.8538082749772
28,177,70,2300000,1.4971392e+18,8.00670084544037
30,174,70,2800000,1.5480288e+18,6.31173480915291
25,182,72,2700000,1.59408e+18,8.8538082749772
26,180,84,3100000,1.5021504e+18,8.98732181285012
28,181,72,2200000,1.6250976e+18,9.10509096125708
29,179,66,2200000,1.5619392e+18,8.69968140098951
27,184,77,3300000,1.600128e+18,8.5173931714189
32,192,89,1500000,1.59408e+18,6.21660610108486
29,183,94,2900000,1.611792e+18,6.21660610108486
31,180,76,2600000,1.5794784e+18,6.39859493453521
31,177,73,1400000,1.51632e+18,8.29429960885724
35,183,81,195000,1.38888e+18,8.00670084544037
27,170,70,2500000,1.630368e+18,9.21044036697652
25,185,65,3100000,1.5619392e+18,8.5173931714189
29,184,85,2400000,1.562112e+18,8.98732181285012
31,174,66,1400000,1.4832288e+18,8.29429960885724
28,185,82,2600000,1.612224e+18,9.95232533461943
26,175,74,3800000,1.5778368e+18,6.31173480915291
30,176,75,2500000,1.6288128e+18,8.8538082749772
26,172,70,1900000,1.578528e+18,8.5173931714189
29,178,73,3e+06,1.581552e+18,6.31173480915291
27,177,72,2700000,1.5989184e+18,7.60140233458373
36,186,82,323000,1.6094592e+18,6.21660610108486
26,174,70,2600000,1.582848e+18,8.29429960885724
25,181,74,2500000,1.6157664e+18,8.29429960885724
24,175,67,4100000,1.5626304e+18,8.8538082749772
25,194,85,2700000,1.599696e+18,8.29429960885724
25,180,70,3200000,1.5968448e+18,8.29429960885724
24,178,70,3200000,1.5981408e+18,8.29429960885724
30,193,88,2300000,1.6314912e+18,8.29429960885724
27,185,79,2100000,1.5977952e+18,8.98732181285012
26,186,78,2100000,1.5652224e+18,8.8538082749772
29,180,73,1900000,1.629072e+18,8.5173931714189
26,185,81,3200000,1.6268256e+18,9.95232533461943
26,182,77,2700000,1.4998176e+18,8.98732181285012
27,171,61,2800000,1.599696e+18,9.74102744483773
25,183,75,3800000,1.5783552e+18,9.10509096125708
25,188,70,3600000,1.4988672e+18,9.21044036697652
29,172,67,2300000,1.630368e+18,8.5173931714189
27,179,77,1900000,1.4516064e+18,8.29429960885724
29,184,78,1500000,1.6283808e+18,8.00670084544037
26,176,68,2600000,1.5304032e+18,8.98732181285012
27,176,67,2400000,1.5991776e+18,9.47278155656217
28,177,72,2200000,1.325376e+18,9.21044036697652
24,185,70,5900000,1.5652224e+18,9.95232533461943
24,164,61,3400000,1.5361056e+18,8.69968140098951
23,172,68,4600000,1.5935616e+18,8.69968140098951
30,186,77,2400000,1.5787008e+18,8.8538082749772
31,185,75,1600000,1.6170624e+18,9.10509096125708
32,178,75,1500000,1.5954624e+18,8.69968140098951
25,191,87,3e+06,1.5930432e+18,8.00670084544037
25,178,73,3600000,1.5619392e+18,8.98732181285012
24,181,80,3900000,1.5317856e+18,8.98732181285012
26,182,75,3200000,1.5304032e+18,9.39274525863144
28,184,72,1500000,1.5984864e+18,8.00670084544037
25,168,61,2500000,1.5463008e+18,8.29429960885724
29,190,88,1800000,1.6280352e+18,8.29429960885724
28,186,84,2700000,1.623456e+18,9.99884318585288
33,182,77,1400000,1.562544e+18,8.98732181285012
28,179,76,2200000,1.5619392e+18,8.5173931714189
31,183,74,1600000,1.6250976e+18,8.98732181285012
28,171,74,1900000,1.6112736e+18,8.8538082749772
28,189,80,2800000,1.6267392e+18,8.98732181285012
26,181,80,2100000,1.6266528e+18,7.60140233458373
32,171,69,1900000,1.4857344e+18,8.98732181285012
27,182,69,2300000,1.562112e+18,9.47278155656217
30,187,68,1900000,1.4726016e+18,8.8538082749772
31,183,76,1400000,1.61352e+18,8.8538082749772
28,182,75,2e+06,1.5475968e+18,9.47278155656217
23,187,78,3300000,1.531872e+18,8.29429960885724
25,179,79,3500000,1.5619392e+18,8.8538082749772
25,178,76,2500000,1.6261344e+18,8.5173931714189
32,179,60,2400000,1.6136928e+18,6.39859493453521
26,186,77,3200000,1.6110144e+18,8.98732181285012
28,177,70,2200000,1.5994368e+18,8.00670084544037
26,166,71,2300000,1.6142976e+18,8.5173931714189
29,186,77,1600000,1.4059872e+18,8.5173931714189
29,180,80,1900000,1.577664e+18,7.60140233458373
24,174,72,3100000,1.5990912e+18,7.60140233458373
29,182,75,1900000,1.4214528e+18,9.21044036697652
26,177,76,1900000,1.6110144e+18,8.00670084544037
27,176,76,3e+06,1.6280352e+18,8.98732181285012
31,191,89,1200000,1.6142976e+18,8.29429960885724
25,189,83,2900000,1.6254432e+18,8.00670084544037
26,180,75,2200000,1.6250976e+18,9.30574145673944
24,178,75,2500000,1.5652224e+18,8.5173931714189
25,171,78,3600000,1.4041728e+18,8.8538082749772
26,194,88,2500000,1.630368e+18,9.30574145673944
24,175,68,4100000,1.5646176e+18,9.54688403461792
25,190,74,3300000,1.4681952e+18,8.98732181285012
25,185,78,2600000,1.4041728e+18,6.90875477931522
24,176,73,3300000,1.5804288e+18,8.69968140098951
24,177,80,2600000,1.4043456e+18,6.90875477931522
24,182,73,3200000,1.6214688e+18,8.29429960885724
33,186,80,968000,1.6104096e+18,6.21660610108486
25,174,70,3100000,1.6136064e+18,8.98732181285012
24,186,75,4900000,1.6003008e+18,9.30574145673944
26,175,69,3e+06,1.6250976e+18,8.69968140098951
25,181,73,2800000,1.6266528e+18,9.30574145673944
29,180,73,1800000,1.6154208e+18,8.29429960885724
28,183,75,2e+06,1.418256e+18,8.5173931714189
32,183,79,2e+06,1.60272e+18,6.31173480915291
31,188,83,1700000,1.6261344e+18,8.69968140098951
28,183,77,1800000,1.5971904e+18,8.29429960885724
28,188,88,2e+06,1.6111872e+18,8.29429960885724
24,186,81,4700000,1.6250976e+18,8.5173931714189
25,172,69,2600000,1.5796512e+18,7.60140233458373
25,187,83,3500000,1.6030656e+18,8.29429960885724
24,178,77,3900000,1.5935616e+18,9.30574145673944
26,179,74,2100000,1.452384e+18,8.29429960885724
24,184,62,3800000,1.6015968e+18,8.69968140098951
24,175,65,3100000,1.5679872e+18,8.69968140098951
29,187,83,1900000,1.6007328e+18,8.69968140098951
23,168,65,5900000,1.6257024e+18,9.39274525863144
32,184,78,2e+06,1.4350176e+18,6.21660610108486
24,187,83,4100000,1.4041728e+18,8.98732181285012
26,177,70,3900000,1.6121376e+18,8.00670084544037
25,171,70,3200000,1.6250976e+18,8.5173931714189
24,191,81,3200000,1.6263936e+18,8.5173931714189
25,187,81,3700000,1.5475968e+18,8.98732181285012
29,178,77,1900000,1.5778368e+18,8.00670084544037
25,176,75,3200000,1.598832e+18,8.8538082749772
24,180,70,3100000,1.5619392e+18,8.8538082749772
30,193,88,1700000,1.5304032e+18,8.29429960885724
24,185,83,2500000,1.4988672e+18,8.69968140098951
28,170,70,1900000,1.5493248e+18,8.5173931714189
25,186,75,3e+06,1.6276032e+18,7.60140233458373
24,187,72,2700000,1.594944e+18,8.8538082749772
24,175,74,3600000,1.5635808e+18,9.10509096125708
26,173,65,3400000,1.5030144e+18,8.29429960885724
26,190,80,2900000,1.5619392e+18,8.98732181285012
26,180,76,3e+06,1.6250976e+18,9.47278155656217
27,185,82,2300000,1.6252704e+18,8.8538082749772
27,173,71,3400000,1.5971904e+18,8.29429960885724
26,184,75,2300000,1.6164576e+18,8.5173931714189
25,181,75,2100000,1.6250112e+18,8.5173931714189
29,178,78,2300000,1.6250112e+18,8.8538082749772
25,177,75,2700000,1.6250112e+18,8.69968140098951
25,176,75,2700000,1.6250112e+18,8.69968140098951
33,170,68,1600000,1.6257024e+18,8.98732181285012
21,180,73,2900000,1.6254432e+18,8.69968140098951
29,191,82,1800000,1.6254432e+18,8.8538082749772
29,181,80,2300000,1.625616e+18,8.98732181285012
29,186,76,2300000,1.625616e+18,8.98732181285012
21,169,69,3e+06,1.6257024e+18,8.69968140098951
25,188,79,2500000,1.6254432e+18,8.8538082749772
25,191,87,2500000,1.6288128e+18,9.54688403461792
33,181,74,1700000,1.6257024e+18,8.98732181285012
29,177,78,2300000,1.6257024e+18,9.47278155656217
25,178,74,2900000,1.625616e+18,9.10509096125708
21,181,71,3e+06,1.6250112e+18,8.5173931714189
29,178,74,2700000,1.625616e+18,8.98732181285012
25,174,69,3800000,1.625616e+18,8.98732181285012
21,180,75,3200000,1.6250112e+18,8.69968140098951
29,177,71,2300000,1.625616e+18,8.8538082749772
26,174,70,3200000,1.5620256e+18,9.74102744483773
26,176,69,3900000,1.6250112e+18,6.39859493453521
24,184,74,3500000,1.5989184e+18,7.60140233458373
23,185,72,5600000,1.6007328e+18,7.60140233458373
26,178,85,2800000,1.6276032e+18,9.10509096125708
24,191,80,4400000,1.4357088e+18,8.8538082749772
30,173,64,1900000,1.6094592e+18,8.29429960885724
26,196,87,2700000,1.625184e+18,9.30574145673944
25,185,70,3200000,1.597968e+18,9.21044036697652
25,173,66,4e+06,1.3885344e+18,6.31173480915291
23,181,75,5200000,1.596672e+18,8.29429960885724
24,195,90,3800000,1.5652224e+18,8.98732181285012
26,180,74,3400000,1.562976e+18,9.90353755128617
34,185,75,3e+05,1.3850784e+18,7.60140233458373
23,187,80,3500000,1.5780096e+18,9.30574145673944
23,191,75,4600000,1.448928e+18,10.1266711030504
28,198,94,1700000,1.5466464e+18,8.8538082749772
24,187,81,3100000,1.4516064e+18,7.60140233458373
26,186,79,2400000,1.4516064e+18,8.29429960885724
25,193,85,2500000,1.601856e+18,8.69968140098951
25,184,88,3100000,1.5304032e+18,8.29429960885724
26,179,71,2e+06,1.6203456e+18,8.5173931714189
24,182,80,4500000,1.5778368e+18,8.00670084544037
24,187,80,3400000,1.5619392e+18,8.8538082749772
29,173,67,1600000,1.5784416e+18,6.90875477931522
25,183,73,4600000,1.6261344e+18,8.29429960885724
30,180,76,1500000,1.3569984e+18,8.00670084544037
31,171,68,1400000,1.5466464e+18,8.5173931714189
24,171,71,2700000,1.5649632e+18,8.69968140098951
31,176,73,1300000,1.6105824e+18,8.00670084544037
26,172,70,2400000,1.359936e+18,8.98732181285012
24,185,83,2800000,1.5619392e+18,9.10509096125708
31,167,72,1300000,1.5473376e+18,8.00670084544037
24,179,71,3700000,1.6202592e+18,9.21044036697652
23,175,66,3900000,1.6197408e+18,9.39274525863144
25,178,70,2700000,1.6257024e+18,8.8538082749772
25,176,71,3e+06,1.6045344e+18,8.8538082749772
24,183,78,2700000,1.4200704e+18,8.5173931714189
30,177,70,1500000,1.5471648e+18,8.00670084544037
31,176,72,1600000,1.578096e+18,8.8538082749772
33,173,72,910000,1.4516064e+18,8.5173931714189
27,186,72,2100000,1.5142464e+18,8.69968140098951
28,178,74,2100000,1.6250976e+18,9.54688403461792
34,175,72,845000,1.5468192e+18,8.5173931714189
23,174,70,4200000,1.578528e+18,8.5173931714189
29,175,70,1500000,1.578096e+18,8.00670084544037
25,177,68,2900000,1.6285536e+18,9.10509096125708
27,175,72,2e+06,1.6101504e+18,8.5173931714189
29,178,75,1600000,1.4200704e+18,8.69968140098951
27,178,73,2700000,1.6237152e+18,8.29429960885724
27,188,84,2500000,1.5814656e+18,8.29429960885724
24,183,80,3600000,1.5619392e+18,9.21044036697652
26,170,73,2600000,1.6098048e+18,8.00670084544037
28,182,71,2100000,1.597536e+18,8.5173931714189
25,190,87,2800000,1.5964128e+18,8.8538082749772
26,185,76,2200000,1.5805152e+18,8.69968140098951
26,180,73,2800000,1.4522112e+18,8.8538082749772
34,176,77,675000,1.6252704e+18,8.5173931714189
24,189,82,3300000,1.6267392e+18,8.98732181285012
29,186,79,1800000,1.6250112e+18,8.69968140098951
29,183,76,2300000,1.6257024e+18,9.30574145673944
33,178,75,1700000,1.625616e+18,8.98732181285012
25,180,71,2900000,1.6250112e+18,8.8538082749772
22,175,70,5900000,1.5329088e+18,8.69968140098951
27,188,84,2e+06,1.5977952e+18,8.8538082749772
23,187,82,4100000,1.6262208e+18,8.5173931714189
22,175,69,7100000,1.6257024e+18,8.69968140098951
25,187,74,2600000,1.6003872e+18,8.8538082749772
25,177,70,2800000,1.625184e+18,8.98732181285012
27,180,80,3300000,1.600128e+18,8.8538082749772
30,180,76,1300000,1.6149024e+18,8.5173931714189
28,188,80,2e+06,1.6094592e+18,8.29429960885724
22,189,81,5600000,1.6133472e+18,9.68040649926888
23,184,68,4e+06,1.6250976e+18,9.21044036697652
25,168,66,3100000,1.5661728e+18,9.21044036697652
24,184,74,3600000,1.612224e+18,8.00670084544037
24,187,81,3100000,1.5619392e+18,8.5173931714189
29,172,67,2e+06,1.5320448e+18,8.69968140098951
29,180,76,2500000,1.5671232e+18,8.69968140098951
24,182,65,6200000,1.4673312e+18,6.31173480915291
22,185,73,6100000,1.4673312e+18,9.30574145673944
30,180,72,1400000,1.4681952e+18,8.5173931714189
29,185,74,1600000,1.4853024e+18,8.69968140098951
27,182,77,2500000,1.6258752e+18,9.21044036697652
25,170,72,3e+06,1.5622848e+18,8.29429960885724
30,177,75,2600000,1.4200704e+18,6.39859493453521
22,178,70,5400000,1.5778368e+18,9.68040649926888
24,190,73,2700000,1.6254432e+18,8.69968140098951
23,186,78,3400000,1.5670368e+18,8.69968140098951
28,170,67,2e+06,1.6110144e+18,8.98732181285012
23,187,81,2800000,1.4673312e+18,7.60140233458373
29,187,75,2200000,1.5619392e+18,9.47278155656217
25,190,88,2500000,1.3885344e+18,8.69968140098951
23,190,81,4900000,1.6250976e+18,8.00670084544037
25,185,74,2700000,1.6250112e+18,8.69968140098951
24,187,74,6500000,1.5671232e+18,8.00670084544037
29,184,79,2e+06,1.5463008e+18,8.8538082749772
26,171,72,3600000,1.6085088e+18,6.21660610108486
25,184,81,5800000,1.5804288e+18,8.98732181285012
27,175,75,2500000,1.4988672e+18,8.5173931714189
27,193,85,2700000,1.6250976e+18,8.98732181285012
22,170,65,5800000,1.5665184e+18,8.5173931714189
23,169,64,7300000,1.6107552e+18,6.31173480915291
26,184,75,3600000,1.627344e+18,8.98732181285012
22,177,74,5900000,1.6111872e+18,9.85224688834253
24,191,80,6700000,1.62432e+18,8.00670084544037
22,185,73,6400000,1.593648e+18,8.69968140098951
26,175,79,2400000,1.6094592e+18,8.29429960885724
26,184,83,3e+06,1.6250976e+18,8.69968140098951
23,176,67,2300000,1.4825376e+18,8.29429960885724
30,188,85,2500000,1.6250976e+18,8.5173931714189
23,185,73,3100000,1.630368e+18,8.5173931714189
25,190,80,4400000,1.5982272e+18,8.98732181285012
26,183,82,2800000,1.574208e+18,8.29429960885724
25,170,67,2300000,1.5907104e+18,8.69968140098951
26,174,71,2300000,1.5821568e+18,8.00670084544037
24,180,73,3300000,1.6171488e+18,8.5173931714189
29,196,90,1700000,1.563408e+18,8.69968140098951
26,173,73,2200000,1.578096e+18,8.5173931714189
22,179,68,6200000,1.5989184e+18,9.7981825908907
32,182,72,1200000,1.1991456e+18,8.00670084544037
28,182,77,1900000,1.5151968e+18,8.5173931714189
25,177,70,2700000,1.6250976e+18,8.5173931714189
23,179,73,5300000,1.6269984e+18,8.98732181285012
29,171,69,1600000,1.4522112e+18,8.5173931714189
26,186,73,3400000,1.4909184e+18,6.21660610108486
21,180,75,6700000,1.6016832e+18,9.30574145673944
25,181,73,2800000,1.5619392e+18,8.98732181285012
22,176,66,6200000,1.4673312e+18,9.90353755128617
27,195,91,2300000,1.5950304e+18,8.98732181285012
25,183,79,2800000,1.6250976e+18,8.98732181285012
25,184,85,2600000,1.5619392e+18,8.69968140098951
21,193,86,5300000,1.5996096e+18,8.5173931714189
27,188,80,3500000,1.4357088e+18,8.29429960885724
22,175,73,4600000,1.6240608e+18,8.8538082749772
24,172,69,2600000,1.578096e+18,8.5173931714189
22,185,76,4900000,1.4988672e+18,8.8538082749772
29,177,76,1800000,1.5623712e+18,8.8538082749772
26,184,89,3300000,1.5943392e+18,8.29429960885724
30,198,93,1300000,1.5472512e+18,7.60140233458373
27,188,72,3500000,1.5304032e+18,8.98732181285012
24,182,80,3400000,1.5673824e+18,9.10509096125708
27,176,76,2800000,1.5978816e+18,9.95232533461943
28,170,68,2900000,1.498608e+18,6.21660610108486
25,187,84,2600000,1.6249248e+18,8.29429960885724
23,177,72,6800000,1.595808e+18,9.54688403461792
23,182,74,3800000,1.5621984e+18,8.5173931714189
25,183,76,3200000,1.6250976e+18,8.5173931714189
23,190,82,4600000,1.6275168e+18,8.29429960885724
26,176,75,3100000,1.6120512e+18,6.31173480915291
21,184,74,6500000,1.499904e+18,9.30574145673944
25,185,84,3900000,1.6269984e+18,8.29429960885724
27,194,89,2700000,1.4988672e+18,6.21660610108486
29,179,76,2100000,1.4988672e+18,8.29429960885724
22,173,69,5300000,1.5997824e+18,8.8538082749772
29,183,77,2700000,1.600128e+18,8.8538082749772
22,188,73,5100000,1.4672448e+18,8.29429960885724
29,168,69,2300000,1.563408e+18,9.30574145673944
23,172,67,6700000,1.4719968e+18,6.21660610108486
26,172,69,2400000,1.5323904e+18,8.8538082749772
25,182,77,4100000,1.5002496e+18,6.47850964220857
26,173,68,3300000,1.6263072e+18,8.5173931714189
23,180,72,4800000,1.6094592e+18,6.31173480915291
21,183,80,5400000,1.5304032e+18,8.29429960885724
21,183,78,5300000,1.5040512e+18,8.98732181285012
25,173,73,3e+06,1.5061248e+18,8.69968140098951
20,183,68,6100000,1.5058656e+18,8.5173931714189
23,172,68,5e+06,1.6257888e+18,8.5173931714189
22,186,82,6400000,1.4673312e+18,9.21044036697652
26,176,77,2800000,1.5619392e+18,9.10509096125708
23,185,84,5500000,1.6250976e+18,9.74102744483773
23,187,86,5900000,1.6257888e+18,9.30574145673944
29,185,77,2400000,1.626048e+18,9.7981825908907
32,193,86,1800000,1.6244928e+18,8.8538082749772
27,188,83,3300000,1.6274304e+18,6.31173480915291
23,191,81,3700000,1.5784416e+18,8.29429960885724
20,171,68,5300000,1.6250976e+18,8.98732181285012
22,186,86,5400000,1.5120864e+18,8.8538082749772
24,177,69,4400000,1.5480288e+18,8.69968140098951
23,171,70,3300000,1.6094592e+18,8.69968140098951
27,185,78,2100000,1.6268256e+18,8.5173931714189
25,178,74,3800000,1.630368e+18,9.85224688834253
21,182,78,5e+06,1.5147648e+18,8.69968140098951
26,172,68,2500000,1.5147648e+18,8.8538082749772
28,191,80,1800000,1.6115328e+18,8.00670084544037
23,181,80,4800000,1.6000416e+18,8.5173931714189
21,179,74,7200000,1.5147648e+18,8.5173931714189
31,171,62,1300000,1.578096e+18,8.69968140098951
25,173,67,4400000,1.597968e+18,8.29429960885724
25,188,78,3700000,1.600992e+18,8.69968140098951
23,170,74,3500000,1.5643584e+18,7.60140233458373
24,177,67,3200000,1.5985728e+18,8.5173931714189
22,182,80,5200000,1.5181344e+18,8.69968140098951
25,183,79,2700000,1.5182208e+18,8.29429960885724
24,175,74,3e+06,1.5147648e+18,8.29429960885724
20,178,70,6100000,1.5952896e+18,9.61587214452889
24,183,73,4600000,1.613088e+18,6.21660610108486
20,175,70,4900000,1.5211584e+18,9.10509096125708
28,171,60,2e+06,1.5203808e+18,8.29429960885724
24,187,79,3300000,1.5228e+18,8.69968140098951
22,180,77,4100000,1.5304032e+18,8.8538082749772
21,186,82,5400000,1.4988672e+18,8.5173931714189
21,202,85,6300000,1.6263936e+18,9.39274525863144
24,189,89,4e+06,1.4988672e+18,6.90875477931522
24,172,64,2800000,1.4858208e+18,8.5173931714189
27,184,80,2500000,1.5304032e+18,9.10509096125708
31,182,81,1700000,1.5304032e+18,8.29429960885724
27,177,76,2400000,1.5991776e+18,8.69968140098951
23,182,76,6700000,1.625184e+18,8.29429960885724
27,183,80,2e+06,1.5276384e+18,8.5173931714189
24,178,86,3100000,1.5937344e+18,8.98732181285012
29,175,68,2800000,1.5964992e+18,9.21044036697652
24,184,75,5300000,1.4237856e+18,6.21660610108486
27,176,72,2400000,1.5476832e+18,8.98732181285012
29,190,83,3e+06,1.5151968e+18,6.21660610108486
23,186,80,3100000,1.5311808e+18,8.69968140098951
22,177,71,6500000,1.5304032e+18,8.69968140098951
21,168,62,5300000,1.5304032e+18,8.8538082749772
25,181,72,1900000,1.6034112e+18,8.5173931714189
30,176,75,2200000,1.6262208e+18,8.69968140098951
21,174,79,5900000,1.4988672e+18,8.98732181285012
21,182,75,4200000,1.601856e+18,9.10509096125708
27,178,71,2700000,1.6268256e+18,8.69968140098951
28,175,69,1800000,1.6120512e+18,8.5173931714189
19,180,67,5100000,1.5338592e+18,7.60140233458373
21,189,84,5800000,1.5336864e+18,8.98732181285012
26,167,74,2800000,1.6250976e+18,8.29429960885724
23,174,67,5e+06,1.6250112e+18,8.8538082749772
21,168,65,6500000,1.4988672e+18,10.043292972227
21,181,76,7e+06,1.6253568e+18,9.54688403461792
28,188,81,2100000,1.6015104e+18,9.10509096125708
28,176,65,1800000,1.5329952e+18,8.8538082749772
20,169,63,7800000,1.4988672e+18,8.98732181285012
19,188,86,5900000,1.597536e+18,8.8538082749772
32,177,72,2400000,1.3569984e+18,6.31173480915291
21,170,66,7700000,1.5619392e+18,8.98732181285012
23,173,73,3600000,1.6097184e+18,8.69968140098951
22,184,78,6100000,1.5304032e+18,10.2750855911327
24,182,78,4600000,1.4516064e+18,6.21660610108486
21,170,69,5300000,1.628208e+18,8.00670084544037
25,182,80,3700000,1.5463872e+18,9.21044036697652
28,184,73,1500000,1.6101504e+18,8.00670084544037
19,180,71,6700000,1.6301088e+18,8.5173931714189
22,190,84,5100000,1.5437088e+18,8.98732181285012
22,176,65,5600000,1.5442272e+18,8.5173931714189
23,191,82,4300000,1.5304032e+18,8.00670084544037
21,175,70,5700000,1.5155424e+18,9.30574145673944
24,184,78,6700000,1.562544e+18,9.21044036697652
24,174,72,4e+06,1.6121376e+18,8.5173931714189
23,196,91,4900000,1.5481152e+18,8.00670084544037
20,173,70,7400000,1.4988672e+18,6.21660610108486
25,178,75,3400000,1.5483744e+18,9.54688403461792
27,173,66,2400000,1.5463008e+18,8.69968140098951
20,178,73,6700000,1.5973632e+18,9.61587214452889
19,175,70,4900000,1.5513984e+18,7.60140233458373
21,180,73,5800000,1.6275168e+18,8.00670084544037
32,176,71,1400000,1.5648768e+18,8.98732181285012
25,179,74,2500000,1.5645312e+18,8.8538082749772
29,183,77,1700000,1.6104096e+18,8.98732181285012
21,165,61,5300000,1.6151616e+18,8.00670084544037
23,176,68,4800000,1.6242336e+18,8.5173931714189
21,179,70,5400000,1.6305408e+18,9.47278155656217
21,184,75,5400000,1.5304032e+18,9.61587214452889
21,179,74,5300000,1.566864e+18,8.5173931714189
27,178,77,2500000,1.6250976e+18,8.5173931714189
19,175,72,7400000,1.6009056e+18,8.8538082749772
20,185,80,7700000,1.6111872e+18,9.10509096125708
24,179,77,2900000,1.5475968e+18,8.29429960885724
23,186,85,5400000,1.6276032e+18,9.21044036697652
24,180,87,3200000,1.5349824e+18,8.69968140098951
24,174,69,4e+06,1.6255296e+18,8.69968140098951
30,174,72,2400000,1.546992e+18,8.8538082749772
28,181,72,3100000,1.5619392e+18,6.21660610108486
20,179,71,6200000,1.5619392e+18,9.21044036697652
22,183,76,5600000,1.5619392e+18,8.5173931714189
23,184,87,5e+06,1.6302816e+18,9.30574145673944
28,180,80,2e+06,1.5619392e+18,8.8538082749772
21,184,78,5700000,1.6250976e+18,8.69968140098951
22,180,72,5300000,1.5620256e+18,8.29429960885724
20,181,71,8600000,1.5540768e+18,9.68040649926888
24,174,65,3300000,1.6020288e+18,8.8538082749772
26,177,76,3e+06,1.5959808e+18,9.30574145673944
22,184,80,6700000,1.56384e+18,8.29429960885724
19,168,70,7e+06,1.5619392e+18,8.69968140098951
22,171,65,4800000,1.5336864e+18,8.69968140098951
24,177,73,3800000,1.625184e+18,8.29429960885724
20,191,89,5200000,1.5996096e+18,8.98732181285012
26,173,64,2200000,1.6288128e+18,8.8538082749772
21,185,76,6700000,1.5626304e+18,6.21660610108486
21,182,72,6800000,1.5531264e+18,8.8538082749772
25,183,80,4600000,1.5658272e+18,8.69968140098951
20,175,70,5600000,1.566e+18,9.10509096125708
20,174,62,5200000,1.5619392e+18,8.00670084544037
20,173,68,5900000,1.5619392e+18,8.29429960885724
21,170,65,5300000,1.5646176e+18,8.69968140098951
21,174,68,7200000,1.565136e+18,8.00670084544037
30,175,70,2900000,1.530576e+18,6.31173480915291
20,187,82,5100000,1.571616e+18,8.5173931714189
25,182,76,3400000,1.592784e+18,9.47278155656217
32,173,68,2400000,1.6117056e+18,6.47850964220857
22,175,72,7300000,1.6184448e+18,6.31173480915291
22,182,78,5500000,1.5147648e+18,9.68040649926888
23,195,85,3200000,1.5991776e+18,8.00670084544037
23,187,80,3e+06,1.5463008e+18,8.69968140098951
18,180,70,6700000,1.5619392e+18,6.90875477931522
21,186,72,6200000,1.5640992e+18,9.10509096125708
23,187,80,3900000,1.577664e+18,8.5173931714189
25,173,68,2600000,1.5805152e+18,8.5173931714189
20,194,84,6100000,1.5780096e+18,9.47278155656217
31,182,75,1600000,1.578096e+18,9.10509096125708
29,178,83,3100000,1.5778368e+18,6.62140565176413
19,173,72,6800000,1.5335136e+18,8.00670084544037
22,175,73,4600000,1.5808608e+18,8.69968140098951
19,185,72,6600000,1.5780096e+18,8.98732181285012
20,183,75,7100000,1.6233696e+18,8.29429960885724
21,184,69,7700000,1.5965856e+18,9.30574145673944
23,182,73,5600000,1.62648e+18,8.5173931714189
23,179,75,3700000,1.5809472e+18,9.39274525863144
23,171,70,2800000,1.5805152e+18,8.5173931714189
22,176,63,4500000,1.6304544e+18,8.5173931714189
22,183,79,5700000,1.6250976e+18,8.69968140098951
23,178,65,5e+06,1.600128e+18,8.8538082749772
26,178,73,2900000,1.5933888e+18,8.29429960885724
19,188,77,7200000,1.5935616e+18,9.10509096125708
21,189,74,7e+06,1.5725664e+18,6.21660610108486
22,194,86,6e+06,1.6276896e+18,9.10509096125708
21,175,63,5100000,1.5948576e+18,8.5173931714189
28,174,68,2500000,1.6304544e+18,8.69968140098951
27,166,62,2400000,1.629072e+18,8.5173931714189
21,170,70,7900000,1.5935616e+18,8.5173931714189
22,192,80,6200000,1.5964128e+18,8.00670084544037
20,176,74,7700000,1.5619392e+18,9.61587214452889
21,177,76,7100000,1.5974496e+18,8.98732181285012
23,179,73,5600000,1.5968448e+18,9.90353755128617
23,176,66,4600000,1.5976224e+18,8.5173931714189
19,193,80,6500000,1.5620256e+18,9.21044036697652
22,174,66,3600000,1.6155072e+18,8.29429960885724
25,178,76,3700000,1.5990048e+18,8.8538082749772
24,183,76,3800000,1.599264e+18,8.69968140098951
21,174,65,9300000,1.5995232e+18,8.00670084544037
18,185,71,6800000,1.5619392e+18,8.5173931714189
19,181,74,8700000,1.5974496e+18,8.5173931714189
20,175,70,7800000,1.59624e+18,8.8538082749772
18,185,78,6600000,1.5935616e+18,8.29429960885724
24,176,66,3700000,1.601856e+18,8.8538082749772
33,181,81,968000,1.6190496e+18,6.21660610108486
18,175,66,6600000,1.5619392e+18,7.60140233458373
20,191,80,8200000,1.630368e+18,9.21044036697652
23,178,75,3600000,1.5974496e+18,8.69968140098951
20,177,74,5300000,1.6036704e+18,8.69968140098951
20,176,68,6900000,1.6078176e+18,8.69968140098951
22,178,72,5300000,1.5778368e+18,8.29429960885724
22,185,76,6900000,1.5619392e+18,9.21044036697652
28,176,74,1800000,1.6129152e+18,8.5173931714189
19,177,73,6300000,1.6003008e+18,8.29429960885724
19,182,71,7500000,1.6291584e+18,9.85224688834253
26,178,78,2500000,1.61136e+18,8.8538082749772
19,178,68,9300000,1.6130016e+18,6.21660610108486
22,183,79,7400000,1.6123968e+18,6.21660610108486
19,170,65,6200000,1.5803424e+18,8.69968140098951
21,186,76,5400000,1.6250976e+18,8.8538082749772
21,190,81,4300000,1.6250976e+18,8.29429960885724
22,188,78,4900000,1.6250976e+18,8.29429960885724
24,170,70,4800000,1.5965856e+18,8.00670084544037
22,189,82,6200000,1.5619392e+18,7.60140233458373
20,174,68,7700000,1.5637536e+18,6.21660610108486
23,191,82,5200000,1.6250976e+18,9.10509096125708
22,186,86,5700000,1.6257024e+18,9.10509096125708
21,184,81,5300000,1.6250976e+18,8.69968140098951
20,186,85,5200000,1.6250976e+18,9.47278155656217
31,182,77,2e+06,1.6301952e+18,9.39274525863144
36,179,82,540000,1.6257024e+18,6.39859493453521
38,171,65,720000,1.5935616e+18,9.68040649926888
38,193,83,228000,1.5935616e+18,7.60140233458373
34,188,80,740000,1.6291584e+18,8.69968140098951
38,189,88,195000,1.2779424e+18,8.5173931714189
38,183,87,163000,1.5857856e+18,6.90875477931522
38,176,73,372000,1.3437792e+18,7.60140233458373
37,182,76,344000,1.4186016e+18,7.60140233458373
36,184,79,462000,1.5486336e+18,6.21660610108486
33,191,76,1100000,1.628208e+18,8.69968140098951
37,186,77,324000,1.5658272e+18,6.90875477931522
37,187,81,297000,1.6253568e+18,8.00670084544037
36,180,69,275000,1.4688864e+18,7.60140233458373
34,180,75,834000,1.49904e+18,8.29429960885724
37,172,70,348000,1.6121376e+18,8.29429960885724
37,176,78,525000,1.630368e+18,8.5173931714189
35,180,83,163000,1.6280352e+18,6.62140565176413
35,182,75,656000,1.4259456e+18,7.60140233458373
34,191,86,420000,1.5974496e+18,9.61587214452889
34,187,95,1100000,1.60272e+18,8.8538082749772
35,185,80,406000,1.1360736e+18,7.60140233458373
30,183,80,2e+06,1.6013376e+18,8.69968140098951
33,189,81,7e+05,1.565136e+18,7.60140233458373
35,181,78,189000,1.6206912e+18,7.60140233458373
33,172,66,969000,1.578528e+18,7.60140233458373
35,198,95,189000,1.5469056e+18,7.60140233458373
34,177,73,855000,1.625184e+18,9.30574145673944
34,176,80,855000,1.6167168e+18,9.39274525863144
31,182,73,1400000,1.6115328e+18,8.00670084544037
32,175,76,1400000,1.5967584e+18,8.5173931714189
36,186,77,341000,1.4999904e+18,8.00670084544037
34,181,74,1200000,1.6003872e+18,8.8538082749772
35,167,69,750000,1.5323904e+18,8.5173931714189
32,180,74,1800000,1.499904e+18,9.54688403461792
32,191,87,1100000,1.599264e+18,9.39274525863144
38,179,76,806000,1.5787872e+18,6.21660610108486
38,181,85,319000,1.617408e+18,7.60140233458373
36,176,62,860000,1.61136e+18,6.21660610108486
35,186,78,504000,1.6172352e+18,8.29429960885724
31,177,81,1400000,1.6262208e+18,8.69968140098951
34,195,88,305000,1.550016e+18,8.00670084544037
34,180,79,653000,1.5621984e+18,8.5173931714189
35,184,81,406000,1.0570176e+18,7.60140233458373
33,190,82,949000,1.6252704e+18,8.5173931714189
33,185,82,748000,1.4848704e+18,8.00670084544037
35,170,69,613000,1.49688e+18,7.60140233458373
33,187,74,1200000,1.5803424e+18,9.74102744483773
35,191,80,569000,1.6250976e+18,7.60140233458373
32,188,85,1500000,1.5619392e+18,8.69968140098951
32,185,85,1600000,1.610928e+18,8.69968140098951
33,184,75,1200000,1.5994368e+18,8.5173931714189
34,185,76,748000,1.5157152e+18,8.29429960885724
33,181,81,1300000,1.6263936e+18,8.5173931714189
33,180,73,906000,1.4369184e+18,8.5173931714189
34,187,84,7e+05,1.4988672e+18,8.00670084544037
32,179,74,1400000,1.6097184e+18,8.69968140098951
32,181,76,1200000,1.625616e+18,8.69968140098951
34,181,75,1e+06,1.5928704e+18,8.00670084544037
32,191,82,930000,1.4211072e+18,8.5173931714189
32,185,76,1300000,1.4841792e+18,8.69968140098951
34,195,88,326000,1.6250976e+18,8.29429960885724
31,188,86,1e+06,1.4200704e+18,7.60140233458373
32,182,77,1700000,1.502064e+18,8.5173931714189
34,183,75,720000,1.504224e+18,9.10509096125708
36,185,88,580000,1.42128e+18,7.60140233458373
32,186,87,1100000,1.6254432e+18,8.5173931714189
30,184,90,1500000,1.6250976e+18,8.29429960885724
33,173,66,938000,1.6272576e+18,7.60140233458373
32,168,66,1200000,1.598832e+18,8.00670084544037
31,189,80,1400000,1.4055552e+18,8.00670084544037
30,191,85,2100000,1.6250976e+18,8.29429960885724
33,195,90,760000,1.6284672e+18,9.10509096125708
33,188,90,969000,1.6101504e+18,7.60140233458373
38,182,74,275000,1.6098048e+18,7.60140233458373
33,184,79,9e+05,1.6250976e+18,8.69968140098951
32,191,90,969000,1.5228e+18,8.00670084544037
31,187,88,1600000,1.4988672e+18,9.10509096125708
32,184,79,1500000,1.625184e+18,9.39274525863144
35,180,82,280000,1.3569984e+18,6.21660610108486
33,190,86,640000,1.4988672e+18,8.8538082749772
32,181,78,2e+06,1.597968e+18,8.8538082749772
32,188,75,9e+05,1.6129152e+18,8.00670084544037
31,183,79,1100000,1.5939936e+18,8.8538082749772
34,193,81,891000,1.5486336e+18,8.29429960885724
34,174,65,1200000,1.6112736e+18,6.21660610108486
30,189,84,1e+06,1.5646176e+18,6.90875477931522
31,184,74,1300000,1.6236288e+18,7.60140233458373
29,186,74,2100000,1.560816e+18,8.00670084544037
30,191,85,1500000,1.4988672e+18,9.21044036697652
33,189,83,834000,1.5951168e+18,8.5173931714189
36,171,68,426000,1.4992128e+18,8.00670084544037
31,180,83,1500000,1.5778368e+18,8.00670084544037
31,180,70,1400000,1.1991456e+18,8.29429960885724
30,185,75,1500000,1.4040864e+18,8.8538082749772
31,182,85,1600000,1.6022016e+18,8.29429960885724
30,194,89,1400000,1.6115328e+18,8.29429960885724
35,196,89,208000,1.42128e+18,7.60140233458373
32,184,76,1300000,1.5041376e+18,6.90875477931522
30,176,83,1500000,1.578096e+18,8.5173931714189
31,183,79,1500000,1.6276032e+18,7.60140233458373
35,170,65,1200000,1.3094784e+18,6.21660610108486
32,196,92,1200000,1.5626304e+18,8.00670084544037
32,175,70,1400000,1.230768e+18,8.98732181285012
34,182,82,880000,1.595376e+18,9.30574145673944
36,169,69,540000,1.4832288e+18,6.90875477931522
32,184,73,969000,1.5634944e+18,8.5173931714189
28,181,75,1500000,1.6293312e+18,8.00670084544037
32,183,83,1100000,1.5985728e+18,6.55250788703459
32,172,68,1200000,1.1676096e+18,8.69968140098951
39,181,80,319000,1.6111008e+18,8.00670084544037
34,175,72,748000,1.3572576e+18,8.69968140098951
34,175,71,563000,1.6117056e+18,7.60140233458373
31,186,77,1300000,1.1991456e+18,8.8538082749772
31,187,81,1300000,1.6101504e+18,7.60140233458373
30,176,63,1700000,1.418256e+18,8.98732181285012
32,190,90,750000,1.3890528e+18,7.60140233458373
28,178,73,2e+06,1.6007328e+18,8.69968140098951
29,186,78,1500000,1.6254432e+18,8.29429960885724
31,179,72,1400000,1.6007328e+18,8.69968140098951
30,177,80,1900000,1.5659136e+18,8.69968140098951
36,178,73,7e+05,1.5995232e+18,7.60140233458373
32,180,71,1800000,1.5304032e+18,6.21660610108486
31,197,85,975000,1.59624e+18,8.5173931714189
31,178,66,1500000,1.6308864e+18,8.29429960885724
32,186,81,1200000,1.5977088e+18,8.69968140098951
29,188,79,1500000,1.5179616e+18,8.29429960885724
31,186,80,1300000,1.5990912e+18,8.5173931714189
31,191,83,1200000,1.6252704e+18,8.8538082749772
32,181,76,1200000,1.611792e+18,8.00670084544037
31,190,85,943000,1.6250976e+18,8.5173931714189
30,180,72,2200000,1.5976224e+18,8.5173931714189
31,173,68,1600000,1.4539392e+18,8.5173931714189
29,182,84,1800000,1.6094592e+18,9.10509096125708
29,175,71,1400000,1.5826752e+18,8.29429960885724
30,190,82,2400000,1.5804288e+18,9.10509096125708
37,176,67,860000,1.5801696e+18,6.21660610108486
28,186,78,2500000,1.615248e+18,8.29429960885724
28,193,84,1600000,1.610928e+18,8.00670084544037
29,180,72,1500000,1.5784416e+18,8.00670084544037
29,180,77,2300000,1.5488928e+18,9.54688403461792
31,177,74,1300000,1.2464064e+18,8.69968140098951
29,183,81,1600000,1.562112e+18,8.69968140098951
34,178,71,675000,1.6013376e+18,8.00670084544037
29,183,81,1900000,1.2779424e+18,8.00670084544037
31,174,69,1500000,1.6000416e+18,7.60140233458373
37,183,80,352000,1.3723776e+18,8.00670084544037
32,189,84,969000,1.3569984e+18,7.60140233458373
30,192,93,1800000,1.5926976e+18,8.00670084544037
28,184,79,2e+06,1.5963264e+18,8.69968140098951
30,184,80,1500000,1.579824e+18,8.5173931714189
32,180,68,1200000,1.5782688e+18,8.5173931714189
31,188,89,1300000,1.600128e+18,8.5173931714189
31,179,78,1600000,1.6115328e+18,8.69968140098951
28,181,82,2200000,1.5984864e+18,8.8538082749772
34,189,89,580000,1.5000768e+18,8.69968140098951
29,173,74,2200000,1.6244928e+18,8.69968140098951
30,187,83,1400000,1.56168e+18,8.00670084544037
27,180,78,2e+06,1.5661728e+18,9.30574145673944
29,189,80,1600000,1.628208e+18,8.5173931714189
27,178,64,2600000,1.4835744e+18,8.29429960885724
28,186,84,1500000,1.6250976e+18,8.8538082749772
30,180,70,1500000,1.4543712e+18,8.00670084544037
30,188,80,1500000,1.5946848e+18,8.5173931714189
29,192,87,2e+06,1.62864e+18,8.8538082749772
32,185,82,1100000,1.4998176e+18,8.00670084544037
29,180,70,2100000,1.6250976e+18,8.69968140098951
29,178,66,2300000,1.5323904e+18,9.39274525863144
29,179,72,2400000,1.6293312e+18,8.8538082749772
27,181,76,2300000,1.5506208e+18,9.10509096125708
30,187,85,1300000,1.6118784e+18,8.5173931714189
27,180,74,2100000,1.6118784e+18,8.29429960885724
29,185,77,2100000,1.565136e+18,9.7981825908907
28,186,75,1900000,1.4673312e+18,9.30574145673944
30,184,75,1600000,1.59624e+18,8.29429960885724
30,178,72,1600000,1.596672e+18,8.29429960885724
33,175,76,1100000,1.5643584e+18,8.98732181285012
31,188,83,1100000,1.6002144e+18,8.00670084544037
37,184,75,273000,1.5796512e+18,6.90875477931522
30,178,71,1500000,1.6285536e+18,8.69968140098951
30,190,79,1300000,1.601856e+18,9.21044036697652
29,178,74,2100000,1.628208e+18,8.5173931714189
32,176,74,1300000,1.5778368e+18,6.90875477931522
29,182,76,1600000,1.4988672e+18,8.5173931714189
27,196,86,1700000,1.4041728e+18,8.5173931714189
31,179,77,1500000,1.4362272e+18,8.5173931714189
30,184,79,2600000,1.5804288e+18,9.10509096125708
30,185,77,1500000,1.62864e+18,8.00670084544037
29,183,77,1600000,1.5741216e+18,8.29429960885724
33,188,88,863000,1.4835744e+18,8.00670084544037
32,185,75,1400000,1.5813792e+18,8.29429960885724
33,189,82,969000,1.5782688e+18,8.69968140098951
27,176,73,2400000,1.5965856e+18,8.8538082749772
27,178,75,2200000,1.6250976e+18,8.29429960885724
32,189,84,9e+05,1.5179616e+18,8.00670084544037
29,191,82,1500000,1.616976e+18,8.29429960885724
30,185,78,1500000,1.5781824e+18,8.29429960885724
32,182,75,969000,1.593648e+18,8.00670084544037
28,171,70,1900000,1.5493248e+18,9.10509096125708
29,186,75,1700000,1.61352e+18,8.69968140098951
29,178,65,1600000,1.6266528e+18,8.5173931714189
31,177,65,1400000,1.5990912e+18,6.90875477931522
31,177,78,1700000,1.6115328e+18,8.69968140098951
28,181,80,2e+06,1.5925248e+18,8.5173931714189
28,177,73,1600000,1.6263072e+18,8.29429960885724
30,183,78,1700000,1.5994368e+18,8.98732181285012
28,172,68,1600000,1.4041728e+18,8.5173931714189
28,196,91,1600000,1.6200864e+18,7.60140233458373
29,177,70,1700000,1.6003872e+18,9.30574145673944
28,171,72,1700000,1.5312672e+18,9.10509096125708
29,173,70,1600000,1.550016e+18,8.29429960885724
32,185,88,1e+06,1.6136064e+18,7.60140233458373
27,179,77,2100000,1.5619392e+18,8.00670084544037
30,185,81,1600000,1.5947712e+18,8.69968140098951
28,188,80,2100000,1.625616e+18,8.00670084544037
27,198,91,2200000,1.6248384e+18,8.8538082749772
30,181,76,1900000,1.6288128e+18,8.29429960885724
33,180,81,1100000,1.6238016e+18,8.5173931714189
32,189,83,1600000,1.3726368e+18,8.69968140098951
28,187,82,1700000,1.5935616e+18,8.00670084544037
27,184,72,1700000,1.3094784e+18,8.29429960885724
29,178,73,1700000,1.6250976e+18,8.5173931714189
26,175,71,1900000,1.48608e+18,9.21044036697652
26,183,69,2900000,1.6262208e+18,8.69968140098951
28,187,94,1900000,1.5929568e+18,8.00670084544037
24,178,64,3200000,1.5985728e+18,8.69968140098951
29,187,75,1700000,1.5654816e+18,8.69968140098951
27,178,77,1900000,1.5315264e+18,8.29429960885724
29,178,73,1700000,1.5646176e+18,8.29429960885724
29,181,68,1800000,1.5935616e+18,8.00670084544037
30,188,82,1700000,1.5643584e+18,7.60140233458373
32,172,63,1e+06,1.29384e+18,7.60140233458373
30,188,72,1800000,1.6250976e+18,7.60140233458373
27,184,73,3e+06,1.6250112e+18,9.30574145673944
26,188,81,2800000,1.5464736e+18,9.54688403461792
33,196,95,5e+05,1.6276032e+18,8.00670084544037
30,170,69,1500000,1.5650496e+18,8.00670084544037
33,180,81,1e+06,1.6142976e+18,7.60140233458373
30,190,84,1600000,1.5304032e+18,9.10509096125708
30,175,73,1800000,1.5024096e+18,8.29429960885724
33,190,81,719000,1.6097184e+18,7.60140233458373
27,180,77,2500000,1.6250976e+18,8.69968140098951
29,181,72,2e+06,1.4714784e+18,8.69968140098951
28,175,75,1700000,1.5652224e+18,8.29429960885724
28,181,73,2500000,1.6301088e+18,8.29429960885724
30,176,68,1500000,1.6101504e+18,8.69968140098951
30,192,87,1400000,1.465776e+18,8.29429960885724
29,197,94,1500000,1.594944e+18,8.00670084544037
32,178,77,2100000,1.4050368e+18,6.31173480915291
31,190,83,1e+06,1.627776e+18,7.60140233458373
27,190,78,1900000,1.6250976e+18,8.29429960885724
29,185,80,1500000,1.5754176e+18,8.29429960885724
36,191,70,330000,1.5129504e+18,7.60140233458373
26,175,67,1800000,1.4163552e+18,8.00670084544037
30,184,70,1600000,1.4688864e+18,8.29429960885724
27,172,70,1600000,1.6101504e+18,7.60140233458373
34,185,76,540000,1.6250976e+18,8.29429960885724
32,182,80,1300000,1.4988672e+18,8.5173931714189
32,187,77,1200000,1.2779424e+18,8.5173931714189
28,189,82,2e+06,1.3726368e+18,8.8538082749772
27,188,77,1800000,1.5156288e+18,8.00670084544037
28,169,63,1700000,1.5665184e+18,8.5173931714189
27,173,68,1800000,1.6250976e+18,8.5173931714189
32,186,82,1400000,1.4403744e+18,8.98732181285012
33,173,70,870000,1.5754176e+18,8.00670084544037
29,186,86,2200000,1.6246656e+18,8.8538082749772
30,196,93,1800000,1.6250976e+18,8.29429960885724
30,176,76,2e+06,1.6250976e+18,8.69968140098951
28,178,72,1700000,1.4758848e+18,8.5173931714189
29,196,84,1500000,1.59408e+18,8.8538082749772
34,189,92,357000,1.4686272e+18,9.30574145673944
32,176,64,1600000,1.3998528e+18,9.54688403461792
27,174,72,2100000,1.5619392e+18,9.21044036697652
26,179,75,2e+06,1.4859072e+18,7.60140233458373
28,185,77,1600000,1.5488064e+18,7.60140233458373
29,182,79,1600000,1.6276032e+18,8.98732181285012
27,190,87,2e+06,1.5165792e+18,9.30574145673944
26,188,80,1900000,1.6250976e+18,8.00670084544037
27,180,73,1600000,1.5605568e+18,8.8538082749772
30,188,81,1500000,1.610928e+18,8.00670084544037
31,183,76,1300000,1.4991264e+18,8.29429960885724
31,180,78,1100000,1.5470784e+18,7.60140233458373
28,184,75,1700000,1.5488928e+18,8.69968140098951
27,183,77,2500000,1.5954624e+18,9.68040649926888
30,187,85,1600000,1.5619392e+18,7.60140233458373
27,180,74,1800000,1.6258752e+18,8.5173931714189
30,170,70,1900000,1.630368e+18,8.29429960885724
25,177,65,2300000,1.59624e+18,8.29429960885724
28,189,70,1900000,1.6254432e+18,8.98732181285012
28,187,80,1900000,1.484784e+18,9.39274525863144
32,180,73,969000,1.4518656e+18,8.00670084544037
27,180,78,1700000,1.5326496e+18,8.69968140098951
35,180,75,725000,1.6250976e+18,7.60140233458373
28,191,90,1800000,1.5947712e+18,8.8538082749772
28,183,82,1900000,1.5488064e+18,9.21044036697652
27,175,72,2600000,1.5306624e+18,8.98732181285012
28,174,69,1500000,1.6160256e+18,8.00670084544037
31,184,73,1600000,1.4673312e+18,8.5173931714189
29,183,82,1500000,1.5304032e+18,8.00670084544037
29,175,68,1500000,1.5198624e+18,8.00670084544037
27,187,82,1800000,1.5935616e+18,8.29429960885724
27,175,68,2800000,1.5008544e+18,9.61587214452889
26,179,76,2500000,1.5619392e+18,8.69968140098951
27,196,89,2500000,1.5997824e+18,8.29429960885724
27,170,64,2100000,1.5929568e+18,7.60140233458373
25,188,70,3200000,1.5619392e+18,8.98732181285012
24,189,75,2900000,1.4542848e+18,8.00670084544037
26,174,61,2600000,1.6280352e+18,8.00670084544037
28,164,60,2600000,1.6107552e+18,6.31173480915291
32,178,71,1200000,1.4832288e+18,8.5173931714189
29,184,80,1500000,1.417392e+18,7.60140233458373
26,179,68,2900000,1.5931296e+18,8.29429960885724
26,186,76,3600000,1.578528e+18,6.21660610108486
29,190,85,2300000,1.5628896e+18,8.8538082749772
26,180,72,2900000,1.5984864e+18,8.29429960885724
32,180,70,1200000,1.6107552e+18,8.00670084544037
26,186,88,2400000,1.6250976e+18,8.5173931714189
31,178,83,1400000,1.6128288e+18,8.8538082749772
25,185,85,3100000,1.6098912e+18,9.74102744483773
26,182,74,2100000,1.5472512e+18,8.00670084544037
28,193,89,1700000,1.6252704e+18,8.98732181285012
26,180,72,1900000,1.5653952e+18,8.00670084544037
36,178,80,540000,1.5788736e+18,6.90875477931522
30,187,78,1500000,1.5183936e+18,8.00670084544037
27,187,72,2600000,1.3944096e+18,8.29429960885724
26,188,82,2100000,1.5935616e+18,8.5173931714189
27,169,68,2200000,1.6004736e+18,8.29429960885724
27,187,79,1600000,1.6106688e+18,6.68586094706836
31,195,86,1100000,1.4066784e+18,6.85751406254539
33,176,70,810000,1.4821056e+18,6.74641212857337
28,183,75,1500000,1.5803424e+18,8.29429960885724
25,175,67,2800000,1.6098912e+18,8.29429960885724
31,177,74,1200000,1.6154208e+18,7.60140233458373
28,189,80,1600000,1.5640128e+18,6.55250788703459
29,175,70,1400000,1.6050528e+18,7.60140233458373
32,175,71,1300000,1.608768e+18,7.60140233458373
34,183,79,776000,1.6085952e+18,6.90875477931522
28,183,80,1800000,1.6136928e+18,8.69968140098951
26,173,71,2400000,1.6250976e+18,8.8538082749772
24,188,86,2800000,1.5997824e+18,7.60140233458373
28,189,80,1400000,1.4988672e+18,8.29429960885724
29,174,67,1400000,1.4988672e+18,8.00670084544037
32,179,80,1400000,1.5952896e+18,8.69968140098951
31,181,79,1400000,1.5935616e+18,6.90875477931522
35,180,70,439000,1.6142976e+18,6.90875477931522
33,175,78,1e+06,1.6155072e+18,7.60140233458373
30,168,68,1800000,1.5974496e+18,8.8538082749772
30,184,75,1700000,1.610928e+18,8.29429960885724
27,184,79,2200000,1.5304032e+18,7.60140233458373
31,176,73,1100000,1.6110144e+18,6.90875477931522
27,185,79,1800000,1.5814656e+18,8.00670084544037
34,188,87,305000,1.6250976e+18,8.29429960885724
34,184,86,6e+05,1.5973632e+18,8.69968140098951
29,191,90,1600000,1.5483744e+18,7.60140233458373
30,185,75,1700000,1.6019424e+18,8.5173931714189
28,177,74,1800000,1.5619392e+18,8.5173931714189
27,191,82,1800000,1.6115328e+18,8.29429960885724
28,179,75,1700000,1.6111008e+18,8.69968140098951
31,175,69,1500000,1.6121376e+18,8.69968140098951
27,186,70,2400000,1.5915744e+18,8.00670084544037
28,188,81,1700000,1.5952032e+18,9.30574145673944
26,186,80,2100000,1.626048e+18,8.29429960885724
28,186,78,1800000,1.3411008e+18,8.29429960885724
28,174,77,1700000,1.5304896e+18,8.69968140098951
27,190,87,1900000,1.5784416e+18,8.29429960885724
33,183,76,870000,1.4848704e+18,8.8538082749772
29,178,70,1700000,1.5623712e+18,8.5173931714189
27,171,66,1700000,1.4702688e+18,8.69968140098951
27,175,72,2500000,1.6055712e+18,9.47278155656217
27,193,75,2200000,1.6250976e+18,8.69968140098951
30,181,75,1400000,1.5619392e+18,8.69968140098951
28,196,96,2e+06,1.59624e+18,8.29429960885724
28,178,75,1500000,1.5000768e+18,8.00670084544037
27,171,72,1900000,1.62432e+18,8.00670084544037
30,183,80,1900000,1.6275168e+18,8.5173931714189
28,189,85,1500000,1.5990912e+18,8.98732181285012
31,172,70,1700000,1.4988672e+18,9.21044036697652
27,178,73,1900000,1.5814656e+18,8.29429960885724
34,192,80,263000,1.581552e+18,7.60140233458373
29,191,87,1700000,1.5619392e+18,8.8538082749772
27,189,89,2700000,1.6250976e+18,6.21660610108486
25,184,78,2400000,1.5783552e+18,8.98732181285012
26,179,76,2400000,1.5619392e+18,8.5173931714189
26,173,70,2400000,1.6281216e+18,8.5173931714189
26,178,70,2700000,1.6249248e+18,8.69968140098951
27,175,68,2600000,1.5990048e+18,8.29429960885724
29,177,77,1700000,1.5619392e+18,8.98732181285012
28,191,89,2200000,1.6304544e+18,8.5173931714189
26,180,69,1600000,1.6301952e+18,8.00670084544037
29,183,70,2600000,1.6117056e+18,6.21660610108486
26,175,70,2e+06,1.4988672e+18,8.00670084544037
27,190,84,2e+06,1.6250976e+18,8.00670084544037
27,168,61,1600000,1.5466464e+18,8.00670084544037
29,181,79,1400000,1.5801696e+18,6.90875477931522
27,173,68,1800000,1.6032384e+18,8.00670084544037
24,187,83,2700000,1.4357088e+18,9.21044036697652
27,190,75,1600000,1.5463008e+18,8.00670084544037
25,183,76,3200000,1.6287264e+18,9.74102744483773
26,181,76,2400000,1.5935616e+18,9.10509096125708
26,190,80,1900000,1.56384e+18,8.00670084544037
25,169,68,2800000,1.628208e+18,8.29429960885724
26,176,74,3100000,1.627776e+18,8.69968140098951
27,182,72,2400000,1.456272e+18,8.00670084544037
25,167,64,3300000,1.5995232e+18,8.69968140098951
25,188,76,2900000,1.5611616e+18,8.5173931714189
27,179,70,2e+06,1.5969312e+18,8.29429960885724
27,186,77,2e+06,1.6300224e+18,8.69968140098951
27,190,82,2e+06,1.6271712e+18,8.00670084544037
26,181,76,3e+06,1.5619392e+18,8.29429960885724
26,183,79,2500000,1.5011136e+18,8.00670084544037
26,179,61,2100000,1.6250976e+18,8.8538082749772
25,191,88,2300000,1.5623712e+18,8.5173931714189
24,185,80,3300000,1.6231968e+18,8.69968140098951
25,166,59,2600000,1.5790464e+18,8.69968140098951
24,178,76,3100000,1.6270848e+18,8.5173931714189
24,189,81,3100000,1.6250976e+18,8.5173931714189
24,167,65,2900000,1.5482016e+18,7.60140233458373
27,182,76,2300000,1.6278624e+18,8.29429960885724
29,173,70,1500000,1.3885344e+18,8.00670084544037
27,185,77,2100000,1.562544e+18,9.39274525863144
26,190,76,2e+06,1.6106688e+18,6.47850964220857
25,178,75,2900000,1.5976224e+18,8.5173931714189
29,178,75,1600000,1.5741216e+18,8.29429960885724
30,180,69,1900000,1.4369184e+18,8.98732181285012
26,170,68,3100000,1.6099776e+18,6.21660610108486
23,178,74,4700000,1.5989184e+18,8.5173931714189
32,173,68,1300000,1.485648e+18,8.5173931714189
25,182,74,2300000,1.6106688e+18,6.80350525760834
28,173,68,2600000,1.6085088e+18,6.21660610108486
25,185,68,1900000,1.5522624e+18,7.60140233458373
25,185,75,3e+06,1.5620256e+18,8.8538082749772
26,182,77,2300000,1.5990048e+18,8.00670084544037
25,175,76,3100000,1.6099776e+18,8.5173931714189
24,185,72,4100000,1.3968288e+18,8.00670084544037
24,180,70,2500000,1.5619392e+18,8.29429960885724
29,190,76,1500000,1.6112736e+18,8.69968140098951
25,186,73,2400000,1.5619392e+18,8.8538082749772
24,183,67,4e+06,1.5985728e+18,9.10509096125708
35,174,73,594000,1.0729152e+18,8.29429960885724
29,184,80,2e+06,1.5996096e+18,8.69968140098951
28,177,72,2200000,1.5036192e+18,8.69968140098951
26,175,71,2900000,1.6098048e+18,8.8538082749772
26,182,78,2400000,1.4681952e+18,7.60140233458373
23,183,77,2500000,1.5994368e+18,8.69968140098951
26,178,65,2700000,1.5489792e+18,9.21044036697652
27,184,74,1900000,1.6017696e+18,8.5173931714189
27,185,84,2300000,1.6015104e+18,8.00670084544037
26,185,68,2100000,1.5935616e+18,8.29429960885724
25,177,68,2300000,1.4988672e+18,8.29429960885724
26,190,89,2300000,1.5619392e+18,8.98732181285012
26,173,70,2200000,1.550016e+18,8.29429960885724
27,186,84,2e+06,1.5304032e+18,8.5173931714189
28,188,78,1800000,1.6250976e+18,8.00670084544037
27,196,95,1700000,1.6250976e+18,8.00670084544037
29,181,77,1900000,1.4988672e+18,8.5173931714189
26,189,76,2300000,1.6250976e+18,9.10509096125708
25,180,70,2600000,1.5463008e+18,7.60140233458373
33,177,73,1200000,1.5338592e+18,8.69968140098951
33,169,72,1e+06,1.5952896e+18,7.60140233458373
25,172,70,2100000,1.5619392e+18,8.69968140098951
26,180,73,2e+06,1.5316128e+18,7.60140233458373
33,177,72,1e+06,1.420416e+18,7.60140233458373
23,180,75,4800000,1.6237152e+18,9.61587214452889
25,173,67,2900000,1.5967584e+18,8.5173931714189
25,180,73,2600000,1.6099776e+18,8.29429960885724
24,181,83,4100000,1.6123104e+18,6.21660610108486
24,187,82,2400000,1.5289344e+18,8.29429960885724
29,175,70,1700000,1.5809472e+18,8.5173931714189
28,180,69,1900000,1.5960672e+18,8.5173931714189
26,186,77,1600000,1.6280352e+18,8.8538082749772
31,180,76,1400000,1.6188768e+18,8.5173931714189
32,180,72,1300000,1.1045376e+18,9.10509096125708
31,190,81,1e+06,1.4551488e+18,8.8538082749772
30,183,75,1500000,1.5291072e+18,8.8538082749772
24,177,72,3500000,1.5978816e+18,8.5173931714189
24,187,73,4600000,1.4084064e+18,9.30574145673944
28,170,70,2600000,1.627344e+18,6.21660610108486
31,185,80,1900000,1.4669856e+18,6.21660610108486
27,171,67,2300000,1.6231968e+18,8.00670084544037
24,181,74,3e+06,1.4041728e+18,8.69968140098951
25,179,74,2700000,1.4041728e+18,8.29429960885724
27,182,82,1900000,1.6147296e+18,8.5173931714189
26,189,78,2100000,1.6250976e+18,8.00670084544037
25,196,104,3100000,1.6272576e+18,9.74102744483773
24,184,69,2900000,1.5619392e+18,9.21044036697652
24,190,75,4300000,1.630368e+18,7.60140233458373
25,188,78,3600000,1.565136e+18,9.39274525863144
27,186,81,2500000,1.5002496e+18,8.98732181285012
28,176,76,1900000,1.4357088e+18,8.5173931714189
31,173,68,1100000,1.5472512e+18,8.00670084544037
25,169,67,2300000,1.6106688e+18,8.5173931714189
22,168,61,4e+06,1.599696e+18,8.5173931714189
24,175,68,3500000,1.595808e+18,8.69968140098951
28,178,74,1500000,1.6280352e+18,7.60140233458373
23,165,64,5100000,1.6250976e+18,8.5173931714189
24,185,82,3200000,1.6250976e+18,8.98732181285012
29,180,78,1900000,1.5673824e+18,9.21044036697652
26,188,78,1900000,1.566864e+18,8.69968140098951
25,187,81,2300000,1.4223168e+18,8.29429960885724
33,173,73,844000,1.6106688e+18,6.85751406254539
26,184,78,2900000,1.6280352e+18,8.8538082749772
26,183,73,2200000,1.6129152e+18,8.29429960885724
23,185,70,3700000,1.6287264e+18,8.29429960885724
26,191,80,3400000,1.5488064e+18,6.21660610108486
25,175,68,2400000,1.610496e+18,8.69968140098951
25,191,82,2400000,1.6142112e+18,8.00670084544037
23,180,73,4900000,1.5964128e+18,9.10509096125708
25,182,77,2900000,1.5285024e+18,8.69968140098951
24,181,79,2700000,1.5978816e+18,8.29429960885724
29,175,67,1600000,1.596672e+18,6.90875477931522
25,173,69,2400000,1.550016e+18,8.00670084544037
25,187,79,2800000,1.5619392e+18,8.8538082749772
24,171,63,3700000,1.3885344e+18,8.29429960885724
27,178,72,2e+06,1.5626304e+18,8.29429960885724
23,183,75,5300000,1.612224e+18,6.21660610108486
23,176,70,3100000,1.6015104e+18,8.00670084544037
24,187,85,3200000,1.566864e+18,8.29429960885724
23,190,79,4900000,1.627344e+18,8.5173931714189
25,167,68,2700000,1.5155424e+18,8.5173931714189
31,182,75,1600000,1.597968e+18,8.00670084544037
23,193,89,4500000,1.6266528e+18,8.29429960885724
26,184,81,2300000,1.5981408e+18,8.29429960885724
25,180,74,3500000,1.6255296e+18,8.29429960885724
25,178,72,2700000,1.6250976e+18,8.29429960885724
27,183,75,2100000,1.631232e+18,8.5173931714189
28,183,82,1700000,1.5619392e+18,8.5173931714189
24,175,70,2900000,1.597104e+18,8.00670084544037
25,184,81,2700000,1.5619392e+18,9.10509096125708
23,181,68,6100000,1.5964992e+18,10.463131911492
23,193,89,3900000,1.6121376e+18,8.69968140098951
23,177,67,4e+06,1.596672e+18,8.00670084544037
28,170,66,2500000,1.5778368e+18,8.00670084544037
29,175,68,1700000,1.6250976e+18,9.68040649926888
29,193,85,2100000,1.5628032e+18,8.00670084544037
24,174,72,3200000,1.5619392e+18,8.98732181285012
24,181,70,2400000,1.5791328e+18,8.00670084544037
27,189,85,2100000,1.6271712e+18,8.8538082749772
31,186,79,943000,1.4832288e+18,8.00670084544037
26,173,69,2500000,1.6094592e+18,8.69968140098951
23,183,84,3200000,1.5329952e+18,9.10509096125708
26,173,67,2500000,1.3973472e+18,8.29429960885724
23,186,81,2800000,1.5619392e+18,8.29429960885724
23,179,76,2600000,1.6250976e+18,8.5173931714189
25,183,77,2e+06,1.5463008e+18,7.60140233458373
29,194,89,1600000,1.6302816e+18,7.60140233458373
28,187,77,2400000,1.610928e+18,8.8538082749772
25,179,72,2300000,1.625616e+18,8.98732181285012
29,180,78,1900000,1.625616e+18,8.8538082749772
25,186,81,2300000,1.625616e+18,8.98732181285012
29,178,82,2300000,1.625616e+18,9.21044036697652
29,175,63,2100000,1.6250112e+18,8.69968140098951
33,175,71,1400000,1.6288128e+18,8.8538082749772
25,188,82,2300000,1.625616e+18,8.98732181285012
29,182,76,2300000,1.625616e+18,8.8538082749772
29,172,62,2300000,1.625616e+18,8.8538082749772
28,191,75,2300000,1.6287264e+18,8.8538082749772
26,176,78,2e+06,1.6093728e+18,6.90875477931522
27,167,56,2100000,1.6283808e+18,9.21044036697652
21,189,83,5700000,1.5038784e+18,8.00670084544037
24,190,83,5e+06,1.6121376e+18,9.61587214452889
24,177,75,3300000,1.5304896e+18,8.00670084544037
25,194,84,2100000,1.6262208e+18,9.10509096125708
24,188,77,2900000,1.6263936e+18,8.00670084544037
26,178,70,2200000,1.6239744e+18,8.69968140098951
25,167,56,2800000,1.6094592e+18,8.69968140098951
24,185,67,3e+06,1.5304032e+18,9.10509096125708
25,179,72,2900000,1.4673312e+18,8.00670084544037
24,189,81,2900000,1.566864e+18,8.69968140098951
28,193,93,1700000,1.5792192e+18,8.00670084544037
25,180,79,2400000,1.5972768e+18,8.29429960885724
26,185,79,3600000,1.6108416e+18,6.39859493453521
27,174,65,1600000,1.5782688e+18,8.00670084544037
24,178,76,2400000,1.6130016e+18,7.60140233458373
33,168,62,938000,1.3885344e+18,8.5173931714189
26,185,82,2800000,1.610496e+18,8.00670084544037
25,184,79,2100000,1.5304032e+18,8.00670084544037
28,180,77,1400000,1.4846112e+18,8.5173931714189
26,173,70,2e+06,1.6285536e+18,7.60140233458373
31,171,65,1100000,1.5144192e+18,7.60140233458373
31,170,68,1300000,1.578096e+18,8.00670084544037
25,185,83,2600000,1.6250976e+18,8.5173931714189
32,190,87,1100000,1.5944256e+18,8.5173931714189
22,168,66,3900000,1.5463008e+18,8.00670084544037
26,186,77,2600000,1.610928e+18,8.00670084544037
27,164,60,1700000,1.4516064e+18,8.69968140098951
23,168,62,3100000,1.5619392e+18,8.29429960885724
27,184,84,1500000,1.6128288e+18,7.60140233458373
22,173,58,3900000,1.5935616e+18,8.8538082749772
22,178,66,5500000,1.5610752e+18,8.5173931714189
25,164,64,4e+06,1.3885344e+18,6.21660610108486
24,185,76,2800000,1.6249248e+18,8.69968140098951
23,187,85,4300000,1.4608512e+18,8.5173931714189
23,185,70,3500000,1.5783552e+18,8.5173931714189
30,181,78,2100000,1.6281216e+18,8.00670084544037
26,166,61,2400000,1.6276032e+18,8.00670084544037
25,189,83,2300000,1.6257024e+18,9.10509096125708
33,178,74,1100000,1.625616e+18,8.69968140098951
21,187,76,2700000,1.6257024e+18,8.8538082749772
29,178,72,2300000,1.6257024e+18,9.30574145673944
27,177,70,2300000,1.5471648e+18,8.29429960885724
23,173,66,2700000,1.563408e+18,8.69968140098951
22,175,66,5900000,1.4321664e+18,8.8538082749772
28,179,72,2300000,1.4226624e+18,8.5173931714189
22,182,72,2600000,1.4832288e+18,8.29429960885724
22,170,73,2900000,1.5619392e+18,8.29429960885724
23,187,80,5300000,1.6121376e+18,8.00670084544037
24,170,65,3e+06,1.593648e+18,8.00670084544037
28,186,82,1900000,1.6250976e+18,8.29429960885724
25,196,82,2700000,1.6250976e+18,8.8538082749772
25,176,63,3200000,1.5304032e+18,9.21044036697652
22,193,92,5500000,1.5015456e+18,9.54688403461792
27,181,70,2100000,1.614816e+18,8.5173931714189
27,181,80,1700000,1.5986592e+18,8.5173931714189
24,187,81,4300000,1.6250976e+18,8.5173931714189
23,184,73,3500000,1.5323904e+18,8.69968140098951
24,194,90,2400000,1.4673312e+18,8.5173931714189
26,177,70,3e+06,1.5971904e+18,8.29429960885724
25,180,69,3300000,1.5309216e+18,8.00670084544037
23,188,83,4400000,1.5778368e+18,9.47278155656217
23,188,75,3200000,1.6261344e+18,8.69968140098951
23,174,67,4800000,1.6283808e+18,9.61587214452889
21,177,72,3100000,1.6287264e+18,8.29429960885724
22,182,77,5100000,1.5935616e+18,9.21044036697652
24,193,90,3200000,1.5991776e+18,9.47278155656217
23,188,76,4600000,1.5287616e+18,9.30574145673944
26,174,75,2600000,1.612224e+18,8.69968140098951
25,191,90,3400000,1.5622848e+18,9.21044036697652
24,186,81,3600000,1.5488928e+18,8.00670084544037
27,190,88,2700000,1.5984e+18,8.69968140098951
23,186,82,4400000,1.6254432e+18,6.21660610108486
22,178,72,3200000,1.5619392e+18,8.98732181285012
23,188,80,5800000,1.5974496e+18,8.29429960885724
24,178,74,4100000,1.5619392e+18,6.21660610108486
24,190,83,2900000,1.6301952e+18,8.00670084544037
22,191,85,4300000,1.574208e+18,8.00670084544037
22,185,78,4800000,1.6121376e+18,9.47278155656217
27,173,69,2200000,1.6298496e+18,8.29429960885724
24,191,84,5300000,1.5980544e+18,8.00670084544037
25,168,62,2500000,1.625616e+18,8.69968140098951
23,192,82,2800000,1.5619392e+18,8.98732181285012
27,169,66,3100000,1.325376e+18,6.21660610108486
26,180,64,3100000,1.5619392e+18,6.21660610108486
27,176,76,2900000,1.5961536e+18,6.21660610108486
23,185,81,3500000,1.4734656e+18,7.60140233458373
25,187,77,3400000,1.5325632e+18,6.21660610108486
23,185,88,2700000,1.5968448e+18,8.5173931714189
22,172,62,4300000,1.5147648e+18,9.21044036697652
21,168,71,5400000,1.6304544e+18,8.69968140098951
23,184,81,2800000,1.598832e+18,8.00670084544037
26,194,82,3100000,1.6171488e+18,6.21660610108486
23,191,82,3900000,1.5304032e+18,8.29429960885724
23,178,73,3900000,1.612224e+18,8.5173931714189
25,186,73,2800000,1.5989184e+18,8.5173931714189
21,174,68,4500000,1.6250976e+18,8.29429960885724
25,178,70,2800000,1.6314912e+18,8.5173931714189
26,180,73,2300000,1.5147648e+18,9.10509096125708
22,190,92,5e+06,1.6285536e+18,8.69968140098951
25,172,66,3400000,1.596672e+18,8.29429960885724
23,183,70,4300000,1.5809472e+18,8.00670084544037
23,185,78,4500000,1.625184e+18,8.5173931714189
31,184,77,1800000,1.6115328e+18,6.21660610108486
26,184,77,3e+06,1.627776e+18,8.00670084544037
27,170,67,1600000,1.515456e+18,8.5173931714189
24,178,79,2900000,1.4853024e+18,8.00670084544037
29,190,81,1600000,1.5971904e+18,8.29429960885724
23,180,72,3800000,1.5821568e+18,7.60140233458373
29,184,85,2e+06,1.6245792e+18,8.69968140098951
25,176,72,2300000,1.5989184e+18,9.10509096125708
26,177,73,2100000,1.4858208e+18,8.69968140098951
23,178,75,2800000,1.5982272e+18,8.5173931714189
25,183,74,1900000,1.6101504e+18,8.00670084544037
25,173,70,1900000,1.578096e+18,7.60140233458373
30,173,67,1300000,1.230768e+18,7.60140233458373
31,186,80,1100000,1.5451776e+18,8.5173931714189
22,171,65,6100000,1.5631488e+18,10.463131911492
24,175,72,4800000,1.4573952e+18,8.5173931714189
21,187,79,3600000,1.4881536e+18,8.29429960885724
23,156,58,3200000,1.4832288e+18,8.5173931714189
22,169,63,4500000,1.4883264e+18,8.5173931714189
22,186,77,3800000,1.5476832e+18,8.00670084544037
25,178,74,3e+06,1.5624576e+18,8.5173931714189
22,175,70,4100000,1.5917472e+18,8.00670084544037
25,185,77,2400000,1.62864e+18,8.69968140098951
23,176,74,3300000,1.564704e+18,7.60140233458373
22,183,78,6500000,1.6250976e+18,6.21660610108486
27,180,77,2300000,1.5619392e+18,9.30574145673944
24,194,92,3600000,1.5476832e+18,8.00670084544037
27,183,83,1800000,1.5947712e+18,8.00670084544037
29,184,80,1700000,1.6250976e+18,7.60140233458373
22,180,74,5200000,1.6250976e+18,9.10509096125708
26,178,72,2300000,1.625616e+18,8.29429960885724
23,188,75,2600000,1.5619392e+18,8.00670084544037
27,190,73,2200000,1.630368e+18,9.21044036697652
31,177,72,1400000,1.6252704e+18,8.69968140098951
30,190,90,2200000,1.5619392e+18,9.39274525863144
21,190,73,5500000,1.5312672e+18,8.98732181285012
22,175,80,5100000,1.4974848e+18,8.69968140098951
24,173,67,3500000,1.5296256e+18,8.69968140098951
23,182,74,3100000,1.5619392e+18,8.00670084544037
24,179,72,2700000,1.5965856e+18,8.8538082749772
23,177,73,5900000,1.6261344e+18,8.69968140098951
23,190,82,4100000,1.5954624e+18,8.69968140098951
24,170,65,4400000,1.56384e+18,9.10509096125708
26,165,54,2e+06,1.5304032e+18,8.29429960885724
30,183,80,1700000,1.5483744e+18,9.10509096125708
25,180,74,2600000,1.6008192e+18,8.8538082749772
22,172,65,4900000,1.5356736e+18,9.21044036697652
23,178,78,4900000,1.625184e+18,8.5173931714189
31,185,83,1500000,1.5973632e+18,9.10509096125708
25,177,73,3900000,1.6121376e+18,8.00670084544037
25,174,65,2400000,1.5971904e+18,8.5173931714189
27,181,77,1900000,1.4673312e+18,8.69968140098951
22,183,75,4700000,1.4988672e+18,8.00670084544037
27,177,65,1900000,1.6250976e+18,8.00670084544037
27,179,74,2800000,1.6155072e+18,6.21660610108486
22,177,68,3900000,1.5804288e+18,8.00670084544037
23,178,77,4900000,1.4988672e+18,8.29429960885724
21,185,78,6500000,1.4988672e+18,9.10509096125708
24,177,68,3e+06,1.5640128e+18,8.8538082749772
24,176,72,3500000,1.504656e+18,9.10509096125708
24,188,82,2800000,1.5010272e+18,8.98732181285012
26,185,83,2600000,1.6258752e+18,8.00670084544037
21,188,83,6500000,1.6296768e+18,8.98732181285012
22,181,70,5500000,1.4909184e+18,9.10509096125708
24,176,69,4500000,1.4673312e+18,8.00670084544037
27,182,77,2700000,1.6285536e+18,8.5173931714189
25,175,72,2400000,1.4988672e+18,8.69968140098951
23,178,70,3500000,1.59624e+18,8.5173931714189
27,186,80,2e+06,1.3753152e+18,8.5173931714189
29,186,78,1700000,1.6250976e+18,8.69968140098951
25,181,68,2900000,1.6111008e+18,8.00670084544037
23,173,69,4300000,1.5488928e+18,6.21660610108486
21,180,70,5700000,1.5058656e+18,9.21044036697652
22,186,78,4300000,1.598832e+18,8.29429960885724
22,182,76,5900000,1.4980896e+18,9.74102744483773
20,171,63,4400000,1.5799104e+18,8.69968140098951
23,188,79,3900000,1.601856e+18,7.60140233458373
21,180,69,5500000,1.5122592e+18,9.61587214452889
21,185,89,4900000,1.5304032e+18,7.60140233458373
22,181,72,3800000,1.6008192e+18,8.29429960885724
22,183,72,4300000,1.5123456e+18,8.5173931714189
29,191,82,1800000,1.5138144e+18,8.29429960885724
24,167,64,2200000,1.564704e+18,8.98732181285012
24,173,66,3500000,1.6269984e+18,8.69968140098951
24,172,70,2600000,1.616112e+18,6.68586094706836
22,201,88,3300000,1.5147648e+18,7.60140233458373
20,169,71,5700000,1.630368e+18,9.21044036697652
27,177,69,1900000,1.5169248e+18,7.60140233458373
23,181,75,4100000,1.5935616e+18,8.00670084544037
24,187,84,2700000,1.5935616e+18,8.98732181285012
23,186,78,5500000,1.597104e+18,8.00670084544037
24,177,72,4300000,1.5647904e+18,8.00670084544037
24,173,72,2500000,1.5463008e+18,8.5173931714189
25,172,72,2300000,1.5475968e+18,6.90875477931522
24,175,70,3900000,1.5166656e+18,8.00670084544037
24,185,81,2700000,1.5174432e+18,8.00670084544037
21,185,84,6500000,1.5147648e+18,6.21660610108486
21,173,63,5700000,1.5169248e+18,9.39274525863144
22,175,67,4500000,1.5147648e+18,8.8538082749772
20,183,72,6900000,1.5235776e+18,9.95232533461943
23,178,70,2700000,1.5377472e+18,8.00670084544037
23,183,78,3100000,1.5113088e+18,8.98732181285012
23,191,78,4400000,1.5935616e+18,9.54688403461792
31,180,70,1400000,1.5983136e+18,8.29429960885724
22,171,65,3e+06,1.5799104e+18,8.00670084544037
28,182,76,2400000,1.6294176e+18,8.8538082749772
22,186,76,2900000,1.5935616e+18,8.00670084544037
21,175,70,3600000,1.4988672e+18,8.29429960885724
22,186,76,4500000,1.4988672e+18,7.60140233458373
24,177,70,2600000,1.5147648e+18,8.29429960885724
27,163,59,3e+06,1.5286752e+18,6.21660610108486
25,170,66,2700000,1.5304896e+18,8.5173931714189
25,183,78,2300000,1.5786144e+18,9.10509096125708
34,193,85,347000,1.5285888e+18,8.8538082749772
26,180,75,2300000,1.6250976e+18,8.69968140098951
29,184,77,1800000,1.5935616e+18,8.00670084544037
27,189,83,2e+06,1.6118784e+18,8.69968140098951
22,176,72,4300000,1.5147648e+18,8.8538082749772
26,177,73,2400000,1.3726368e+18,8.8538082749772
25,178,82,2900000,1.5933888e+18,8.29429960885724
26,180,75,3100000,1.6261344e+18,8.8538082749772
24,170,68,4100000,1.4673312e+18,8.29429960885724
23,190,86,2900000,1.5311808e+18,9.30574145673944
23,173,67,3100000,1.5619392e+18,8.8538082749772
26,180,84,2500000,1.6269984e+18,9.10509096125708
29,175,73,1700000,1.630368e+18,8.8538082749772
23,180,75,4e+06,1.5304032e+18,8.69968140098951
24,176,68,4200000,1.61136e+18,8.00670084544037
27,186,81,2500000,1.6250976e+18,9.30574145673944
21,175,73,4300000,1.53144e+18,8.29429960885724
20,178,65,3800000,1.5147648e+18,8.29429960885724
26,193,80,2600000,1.5304032e+18,7.60140233458373
26,200,101,3400000,1.515024e+18,6.21660610108486
24,183,71,5100000,1.5304032e+18,8.69968140098951
21,177,74,4700000,1.5304032e+18,8.69968140098951
22,178,66,6e+06,1.5336e+18,6.21660610108486
22,172,65,4300000,1.4673312e+18,8.5173931714189
23,177,70,4400000,1.564704e+18,8.69968140098951
24,168,65,4200000,1.5337728e+18,8.98732181285012
19,180,74,7300000,1.531872e+18,8.29429960885724
22,184,77,5300000,1.5304032e+18,9.61587214452889
25,195,94,2500000,1.5304032e+18,9.39274525863144
18,189,73,6100000,1.6298496e+18,6.90875477931522
25,181,70,2700000,1.6302816e+18,8.29429960885724
21,175,67,3800000,1.550016e+18,7.60140233458373
25,178,73,3e+06,1.6302816e+18,9.54688403461792
21,175,70,4300000,1.4988672e+18,8.00670084544037
23,180,72,3400000,1.5147648e+18,8.5173931714189
22,172,67,4900000,1.5621984e+18,8.5173931714189
22,180,73,4200000,1.6300224e+18,8.29429960885724
21,182,75,4900000,1.5304032e+18,8.29429960885724
28,171,70,1500000,1.578096e+18,7.60140233458373
20,186,82,4900000,1.543968e+18,7.60140233458373
19,175,70,6800000,1.5649632e+18,8.8538082749772
21,187,79,5700000,1.6287264e+18,8.5173931714189
27,180,72,2400000,1.5640128e+18,8.00670084544037
24,171,67,2100000,1.5463008e+18,7.60140233458373
31,180,76,813000,1.6101504e+18,7.60140233458373
24,186,80,2100000,1.5463008e+18,8.29429960885724
24,184,82,2800000,1.6257888e+18,9.10509096125708
27,178,75,1900000,1.5960672e+18,7.60140233458373
29,177,73,1900000,1.547424e+18,8.98732181285012
20,180,72,7300000,1.4988672e+18,9.68040649926888
22,180,73,6e+06,1.5312672e+18,8.00670084544037
26,170,66,2400000,1.550016e+18,8.00670084544037
22,178,68,6100000,1.5304032e+18,6.21660610108486
24,182,72,2300000,1.6250976e+18,8.69968140098951
23,183,76,6e+06,1.5637536e+18,8.5173931714189
26,180,71,2300000,1.4200704e+18,8.5173931714189
24,190,75,3900000,1.5471648e+18,7.60140233458373
20,175,73,5300000,1.5304032e+18,8.29429960885724
25,183,84,2500000,1.5502752e+18,8.00670084544037
25,187,80,3600000,1.5507936e+18,6.21660610108486
24,183,88,2400000,1.6094592e+18,8.00670084544037
20,174,73,4300000,1.5488928e+18,8.29429960885724
23,181,79,4900000,1.5323904e+18,8.29429960885724
22,178,73,2800000,1.4673312e+18,8.5173931714189
22,191,85,5800000,1.630368e+18,7.60140233458373
34,179,71,540000,1.5304032e+18,8.5173931714189
26,166,60,1800000,1.6250976e+18,8.69968140098951
23,186,82,2400000,1.6242336e+18,8.29429960885724
22,180,75,4e+06,1.6242336e+18,8.29429960885724
20,175,65,5800000,1.601856e+18,6.21660610108486
24,181,70,3400000,1.6250976e+18,8.29429960885724
20,178,65,5600000,1.5568416e+18,9.10509096125708
28,182,71,2e+06,1.3094784e+18,7.60140233458373
23,179,74,6200000,1.6225056e+18,8.00670084544037
21,172,68,6300000,1.630368e+18,9.54688403461792
27,181,73,2600000,1.5943392e+18,8.00670084544037
26,178,67,2e+06,1.4988672e+18,8.00670084544037
29,192,85,1400000,1.5609888e+18,8.5173931714189
24,180,84,4100000,1.5619392e+18,6.21660610108486
22,180,75,4300000,1.6237152e+18,8.8538082749772
23,193,88,3200000,1.5974496e+18,9.21044036697652
21,178,66,6100000,1.5619392e+18,8.29429960885724
25,187,80,5100000,1.5628032e+18,8.5173931714189
20,175,70,4100000,1.6250976e+18,8.00670084544037
24,185,80,2700000,1.5977952e+18,8.8538082749772
33,186,80,540000,1.577664e+18,6.90875477931522
24,183,79,2700000,1.5971904e+18,8.00670084544037
19,174,64,6100000,1.6002144e+18,9.61587214452889
21,188,79,4300000,1.5463008e+18,8.00670084544037
24,187,77,4200000,1.5636672e+18,8.8538082749772
27,184,79,2300000,1.5636672e+18,8.98732181285012
22,182,76,3800000,1.5640992e+18,8.29429960885724
26,192,87,2700000,1.5644448e+18,8.29429960885724
24,181,75,5300000,1.5643584e+18,8.00670084544037
20,176,72,5500000,1.5593472e+18,8.5173931714189
20,184,86,7e+06,1.564272e+18,8.98732181285012
24,181,73,2400000,1.5984e+18,8.29429960885724
19,179,68,5900000,1.5619392e+18,8.00670084544037
17,178,68,5900000,1.5619392e+18,6.21660610108486
19,183,71,7600000,1.4988672e+18,6.21660610108486
19,177,70,7300000,1.593648e+18,8.8538082749772
23,170,68,3400000,1.5977952e+18,8.29429960885724
22,176,66,4900000,1.5147648e+18,8.69968140098951
21,176,65,5400000,1.5794784e+18,9.47278155656217
20,179,70,4300000,1.567296e+18,8.69968140098951
21,185,82,6e+06,1.5619392e+18,6.21660610108486
23,179,75,4500000,1.5673824e+18,8.8538082749772
24,183,80,2900000,1.6094592e+18,8.5173931714189
23,179,77,4300000,1.5619392e+18,6.21660610108486
24,182,76,4100000,1.5468192e+18,6.21660610108486
28,180,75,2600000,1.6267392e+18,6.21660610108486
27,169,65,2400000,1.6250976e+18,8.5173931714189
28,184,80,2600000,1.6181856e+18,6.31173480915291
28,189,88,2e+06,1.6250976e+18,8.8538082749772
23,182,82,5200000,1.548288e+18,6.21660610108486
21,174,69,5700000,1.5431904e+18,8.5173931714189
24,180,81,4e+06,1.6103232e+18,6.21660610108486
29,168,73,2600000,1.4200704e+18,6.21660610108486
22,180,74,4200000,1.4832288e+18,6.21660610108486
25,173,70,3600000,1.627776e+18,6.21660610108486
22,176,72,6100000,1.5304032e+18,6.21660610108486
28,187,85,1700000,1.6250976e+18,8.29429960885724
22,173,71,4600000,1.5794784e+18,8.69968140098951
22,168,68,4800000,1.4673312e+18,6.21660610108486
22,168,63,5500000,1.4832288e+18,6.21660610108486
29,176,71,2400000,1.5464736e+18,6.21660610108486
23,166,62,4600000,1.5463872e+18,6.21660610108486
18,173,72,7700000,1.6099776e+18,9.39274525863144
22,182,77,3500000,1.5786144e+18,7.60140233458373
22,175,70,3800000,1.6094592e+18,8.00670084544037
22,171,64,6200000,1.5673824e+18,8.29429960885724
24,186,81,2700000,1.5732576e+18,8.29429960885724
20,182,76,5800000,1.5619392e+18,7.60140233458373
19,191,84,6700000,1.5977952e+18,9.47278155656217
25,182,81,4e+06,1.5778368e+18,6.21660610108486
18,173,62,6200000,1.5758496e+18,6.90875477931522
22,167,64,4600000,1.5757632e+18,8.69968140098951
29,177,74,1400000,1.578096e+18,8.5173931714189
21,183,81,4900000,1.629072e+18,8.29429960885724
19,182,70,5900000,1.5272064e+18,8.29429960885724
21,188,100,5100000,1.578528e+18,8.00670084544037
19,188,86,7800000,1.5935616e+18,10.043292972227
21,188,80,4800000,1.578528e+18,6.21660610108486
23,174,67,5300000,1.6271712e+18,8.69968140098951
23,178,75,4700000,1.5310944e+18,8.29429960885724
21,185,78,4500000,1.5304032e+18,8.00670084544037
26,177,73,2400000,1.6246656e+18,8.69968140098951
22,187,70,4100000,1.594944e+18,8.29429960885724
20,188,82,4300000,1.5935616e+18,8.5173931714189
22,186,78,6200000,1.4988672e+18,9.21044036697652
22,183,79,5700000,1.6120512e+18,9.30574145673944
21,188,75,5e+06,1.5304032e+18,9.47278155656217
18,182,77,5200000,1.6298496e+18,8.00670084544037
18,187,74,7300000,1.5816384e+18,6.21660610108486
20,190,88,7900000,1.5673824e+18,8.29429960885724
19,191,80,6e+06,1.5778368e+18,8.00670084544037
27,182,75,1600000,1.5784416e+18,8.00670084544037
22,182,74,4600000,1.6250976e+18,9.30574145673944
23,178,74,5900000,1.5935616e+18,8.98732181285012
29,182,70,1600000,1.6239744e+18,8.8538082749772
24,187,83,2400000,1.5955488e+18,8.29429960885724
18,180,83,6700000,1.628208e+18,8.00670084544037
26,181,74,2900000,1.59192e+18,8.00670084544037
20,185,80,6300000,1.5779232e+18,8.98732181285012
19,195,76,6800000,1.6281216e+18,8.69968140098951
19,164,63,7300000,1.5935616e+18,9.30574145673944
23,182,73,4100000,1.5984864e+18,8.5173931714189
25,166,60,2500000,1.6261344e+18,8.5173931714189
19,183,78,6300000,1.59624e+18,9.10509096125708
20,179,70,4400000,1.59624e+18,8.98732181285012
21,186,80,6500000,1.5970176e+18,6.21660610108486
26,191,89,2700000,1.5964128e+18,6.21660610108486
23,183,79,3600000,1.5977952e+18,8.5173931714189
23,174,72,4700000,1.5977952e+18,8.29429960885724
19,181,80,6500000,1.630368e+18,8.00670084544037
23,191,84,3600000,1.5982272e+18,8.69968140098951
24,192,86,3600000,1.598832e+18,8.29429960885724
22,184,75,4700000,1.599264e+18,7.60140233458373
23,181,72,4e+06,1.5995232e+18,8.8538082749772
21,185,76,6e+06,1.5619392e+18,8.69968140098951
26,184,77,3300000,1.5973632e+18,8.69968140098951
28,183,75,1700000,1.6007328e+18,8.8538082749772
18,182,78,6200000,1.5935616e+18,7.60140233458373
18,173,63,4900000,1.6059168e+18,6.90875477931522
18,190,73,6200000,1.5619392e+18,6.21660610108486
26,172,67,3100000,1.5778368e+18,6.21660610108486
20,176,72,5900000,1.6094592e+18,6.21660610108486
28,180,77,2400000,1.5778368e+18,6.21660610108486
19,181,67,4700000,1.62216e+18,9.10509096125708
26,175,62,3100000,1.5541632e+18,6.21660610108486
34,186,87,1200000,1.4864256e+18,6.21660610108486
22,178,74,4400000,1.6275168e+18,8.00670084544037
33,175,65,750000,1.4542848e+18,7.60140233458373
18,193,77,6600000,1.610928e+18,8.5173931714189
21,184,75,3200000,1.610928e+18,8.00670084544037
20,180,79,4100000,1.6111008e+18,8.29429960885724
27,194,88,2800000,1.6108416e+18,6.21660610108486
20,178,72,6600000,1.5765408e+18,9.7981825908907
20,176,68,4600000,1.6121376e+18,8.5173931714189
20,178,72,5700000,1.6250976e+18,9.39274525863144
22,183,76,4600000,1.6140384e+18,8.29429960885724
33,177,75,1600000,1.6108416e+18,6.21660610108486
19,175,68,7600000,1.6174944e+18,8.69968140098951
26,188,82,3300000,1.6250976e+18,8.29429960885724
20,178,74,4100000,1.5619392e+18,8.00670084544037
22,180,71,4600000,1.5935616e+18,8.00670084544037
18,182,70,8800000,1.6121376e+18,6.21660610108486
23,176,74,3700000,1.6120512e+18,8.8538082749772
25,184,80,3700000,1.6239744e+18,8.00670084544037
24,188,75,2700000,1.6250976e+18,8.29429960885724
30,178,74,2600000,1.6237152e+18,6.21660610108486
27,178,64,2700000,1.6250976e+18,8.5173931714189
23,192,81,3300000,1.6250976e+18,7.60140233458373
27,190,85,3e+06,1.6250976e+18,8.29429960885724
26,194,84,3e+06,1.626048e+18,8.00670084544037
21,179,77,6500000,1.6250976e+18,6.21660610108486
26,194,86,2500000,1.6262208e+18,6.21660610108486
26,178,73,2600000,1.6263936e+18,8.98732181285012
26,182,74,3200000,1.6272576e+18,8.69968140098951
18,182,78,6500000,1.5961536e+18,8.5173931714189
20,181,72,8200000,1.6287264e+18,6.21660610108486
22,189,81,5800000,1.627776e+18,8.00670084544037
20,185,79,6100000,1.6294176e+18,9.74102744483773
21,178,74,6200000,1.6302816e+18,8.00670084544037
20,193,89,7e+06,1.630368e+18,9.47278155656217
39,184,72,225000,1.5469056e+18,6.90875477931522
37,188,83,261000,1.534896e+18,8.00670084544037
37,188,85,243000,1.6128288e+18,7.60140233458373
36,190,86,198000,1.6133472e+18,8.00670084544037
39,178,73,471000,1.6043616e+18,8.00670084544037
35,187,78,215000,1.5991776e+18,7.60140233458373
34,185,74,438000,1.6167168e+18,7.60140233458373
36,190,85,138000,1.3885344e+18,6.90875477931522
37,168,63,699000,1.562112e+18,6.21660610108486
32,191,78,878000,1.6250976e+18,8.5173931714189
35,185,83,7e+05,1.600128e+18,7.60140233458373
34,183,75,569000,1.08864e+18,8.00670084544037
35,190,86,204000,1.6267392e+18,9.61587214452889
29,184,77,945000,1.6274304e+18,6.55250788703459
34,188,87,601000,1.62648e+18,8.5173931714189
36,191,89,220000,1.4688864e+18,8.69968140098951
37,183,75,270000,1.5778368e+18,7.60140233458373
33,185,75,998000,1.5619392e+18,8.69968140098951
34,194,84,753000,1.626912e+18,6.21660610108486
34,185,85,925000,1.6250976e+18,8.69968140098951
36,189,85,438000,1.4888448e+18,8.00670084544037
33,172,80,1200000,1.565568e+18,8.29429960885724
33,191,76,713000,1.6137792e+18,8.00670084544037
33,192,91,618000,1.6106688e+18,8.8538082749772
34,179,71,689000,1.566864e+18,8.5173931714189
35,182,77,440000,1.4678496e+18,7.60140233458373
35,188,78,187000,1.5990048e+18,8.5173931714189
35,182,79,520000,1.599696e+18,7.60140233458373
32,184,84,850000,1.5989184e+18,8.5173931714189
34,175,66,473000,1.5489792e+18,8.00670084544037
33,183,77,1300000,1.6287264e+18,8.69968140098951
32,185,70,725000,1.5004224e+18,8.29429960885724
36,173,75,334000,1.5643584e+18,7.60140233458373
34,175,68,488000,1.1360736e+18,8.29429960885724
37,180,82,753000,1.5787872e+18,6.21660610108486
33,184,69,831000,1.5943392e+18,8.00670084544037
35,181,73,744000,1.5935616e+18,7.60140233458373
35,178,85,638000,1.456272e+18,7.60140233458373
36,188,76,290000,1.575504e+18,7.60140233458373
36,170,65,357000,1.4071104e+18,7.60140233458373
33,174,72,844000,1.56168e+18,6.90875477931522
32,188,89,1e+06,1.601856e+18,8.5173931714189
34,168,65,544000,1.5002496e+18,8.5173931714189
32,180,81,1200000,1.6250976e+18,8.29429960885724
34,181,70,715000,1.1543904e+18,6.21660610108486
33,193,88,594000,1.6267392e+18,8.00670084544037
31,188,90,1300000,1.6250976e+18,8.5173931714189
32,193,80,943000,1.5779232e+18,8.29429960885724
32,183,70,1e+06,1.5639264e+18,7.60140233458373
34,183,80,613000,1.6250976e+18,8.5173931714189
33,178,71,969000,1.5645312e+18,8.69968140098951
35,191,84,193000,1.5996096e+18,7.60140233458373
31,193,80,1300000,1.5619392e+18,8.5173931714189
33,190,76,736000,1.3886208e+18,8.69968140098951
32,179,70,1e+06,1.5640128e+18,8.29429960885724
33,181,80,814000,1.579824e+18,8.5173931714189
36,194,85,279000,1.4988672e+18,8.29429960885724
31,181,78,1300000,1.4357088e+18,8.29429960885724
32,185,80,725000,1.6082496e+18,8.00670084544037
33,191,85,641000,1.5952032e+18,8.29429960885724
32,194,89,625000,1.4833152e+18,8.00670084544037
31,186,84,1100000,1.6137792e+18,7.60140233458373
33,192,87,689000,1.6099776e+18,8.00670084544037
32,188,84,1200000,1.3094784e+18,8.8538082749772
32,170,63,875000,1.4630112e+18,8.00670084544037
33,180,78,656000,1.396224e+18,7.60140233458373
31,187,87,1100000,1.6117056e+18,7.60140233458373
29,188,84,1500000,1.6115328e+18,8.5173931714189
32,185,72,1200000,1.6268256e+18,8.29429960885724
32,185,79,1600000,1.5990912e+18,9.47278155656217
34,178,73,469000,1.6097184e+18,8.00670084544037
32,177,73,1400000,1.183248e+18,8.00670084544037
34,186,80,508000,1.5308352e+18,8.29429960885724
31,193,82,980000,1.5147648e+18,8.29429960885724
30,183,85,1800000,1.6250976e+18,8.5173931714189
32,178,73,1200000,1.6250976e+18,8.29429960885724
35,188,83,160000,1.5571872e+18,6.90875477931522
30,183,76,1200000,1.5041376e+18,8.29429960885724
31,184,79,1200000,1.5935616e+18,8.29429960885724
31,187,76,938000,1.620864e+18,7.60140233458373
30,173,66,1200000,1.6263072e+18,7.60140233458373
33,188,89,689000,1.5332544e+18,8.29429960885724
30,188,81,1e+06,1.5639264e+18,8.29429960885724
31,182,76,1500000,1.5997824e+18,8.5173931714189
34,188,88,725000,1.6121376e+18,8.29429960885724
31,174,70,1100000,1.6250976e+18,8.00670084544037
33,176,77,761000,1.6302816e+18,8.29429960885724
32,182,72,1700000,1.6285536e+18,8.69968140098951
30,172,64,1300000,1.5619392e+18,8.00670084544037
35,186,98,237000,1.6098048e+18,6.21660610108486
30,177,71,1300000,1.5339456e+18,7.60140233458373
31,178,72,1500000,1.6250976e+18,8.00670084544037
34,183,76,831000,1.604448e+18,8.29429960885724
32,188,78,625000,1.4838336e+18,7.60140233458373
31,182,77,1e+06,1.5619392e+18,8.5173931714189
33,190,92,1400000,1.604448e+18,6.21660610108486
31,184,74,1900000,1.6239744e+18,6.21660610108486
31,183,75,1100000,1.5639264e+18,7.60140233458373
30,178,65,1800000,1.629936e+18,8.29429960885724
33,177,69,781000,1.6258752e+18,7.60140233458373
30,187,84,1600000,1.5639264e+18,7.60140233458373
30,178,67,1100000,1.6128288e+18,6.90875477931522
30,184,78,1700000,1.5644448e+18,8.69968140098951
29,194,86,1800000,1.5156288e+18,8.5173931714189
28,182,78,1500000,1.230768e+18,8.29429960885724
30,177,74,1300000,1.6285536e+18,8.00670084544037
30,184,77,1600000,1.6265664e+18,8.00670084544037
30,172,64,1200000,1.3337568e+18,8.29429960885724
30,188,84,1e+06,1.5639264e+18,7.60140233458373
28,191,90,1900000,1.6314912e+18,9.47278155656217
30,191,80,1e+06,1.5332544e+18,6.90875477931522
31,172,72,1100000,1.5654816e+18,7.60140233458373
28,192,75,1600000,1.566864e+18,9.54688403461792
26,175,73,1600000,1.5626304e+18,8.00670084544037
30,173,73,1500000,1.5619392e+18,8.5173931714189
30,185,81,1e+06,1.5000768e+18,7.60140233458373
32,189,83,975000,1.626048e+18,8.5173931714189
31,191,90,1300000,1.6300224e+18,8.29429960885724
31,184,76,1e+06,1.5989184e+18,6.90875477931522
35,178,79,7e+05,1.561248e+18,7.60140233458373
29,183,78,1800000,1.5673824e+18,8.00670084544037
28,196,94,1300000,1.5972768e+18,8.00670084544037
31,190,85,1300000,1.4883264e+18,8.69968140098951
32,181,78,725000,1.2464064e+18,8.69968140098951
30,184,75,1300000,1.598832e+18,8.98732181285012
29,193,85,1300000,1.5991776e+18,8.29429960885724
30,174,72,1400000,1.6250976e+18,6.90875477931522
31,170,70,1800000,1.5783552e+18,6.21660610108486
30,180,77,1800000,1.5619392e+18,8.69968140098951
31,191,83,1100000,1.599264e+18,8.29429960885724
30,180,70,1800000,1.610496e+18,8.69968140098951
33,171,70,1300000,1.5463008e+18,6.21660610108486
32,167,70,1700000,1.5463008e+18,6.21660610108486
29,183,78,1400000,1.562976e+18,8.69968140098951
34,191,82,699000,1.6118784e+18,6.21660610108486
29,185,75,2200000,1.6105824e+18,6.21660610108486
27,168,60,1900000,1.6288128e+18,8.69968140098951
29,185,88,1300000,1.4673312e+18,8.69968140098951
30,184,79,1500000,1.5989184e+18,9.39274525863144
32,188,81,1100000,1.5510528e+18,8.8538082749772
30,175,72,1400000,1.5978816e+18,8.00670084544037
32,185,76,1100000,1.5964128e+18,8.00670084544037
32,185,78,813000,1.610064e+18,7.60140233458373
30,177,70,1200000,1.578528e+18,8.00670084544037
31,180,66,1200000,1.59408e+18,8.5173931714189
35,184,70,616000,1.6250976e+18,7.60140233458373
29,184,79,1400000,1.6250976e+18,8.29429960885724
28,170,70,1400000,1.6258752e+18,8.00670084544037
30,184,80,1300000,1.5304032e+18,8.69968140098951
28,183,78,1500000,1.5961536e+18,8.29429960885724
30,182,76,1100000,1.5791328e+18,8.5173931714189
29,184,72,1200000,1.4673312e+18,8.00670084544037
30,190,89,979000,1.4988672e+18,7.60140233458373
29,197,95,1300000,1.6304544e+18,6.90875477931522
31,173,72,1900000,1.6263936e+18,6.21660610108486
28,188,88,1400000,1.59408e+18,8.5173931714189
30,173,70,1700000,1.6308864e+18,7.60140233458373
31,194,83,1500000,1.6262208e+18,6.21660610108486
30,191,85,1100000,1.4846976e+18,8.69968140098951
29,190,87,1200000,1.5304032e+18,7.60140233458373
29,180,75,1300000,1.5734304e+18,8.00670084544037
28,191,92,1500000,1.5935616e+18,8.00670084544037
27,188,76,2e+06,1.6250976e+18,8.5173931714189
29,178,79,1600000,1.6259616e+18,8.5173931714189
28,183,78,1500000,1.612224e+18,8.98732181285012
29,188,85,1400000,1.5952032e+18,8.00670084544037
28,177,69,1400000,1.562112e+18,8.29429960885724
29,191,88,1300000,1.6294176e+18,8.00670084544037
29,178,72,1600000,1.5980544e+18,8.00670084544037
30,184,75,1800000,1.5799104e+18,8.00670084544037
30,182,79,1400000,1.6302816e+18,6.90875477931522
27,176,63,2e+06,1.6250976e+18,8.5173931714189
29,188,78,1800000,1.5965856e+18,8.5173931714189
28,180,84,1600000,1.5304896e+18,7.60140233458373
30,183,75,1800000,1.5803424e+18,7.60140233458373
32,188,86,750000,1.482192e+18,7.60140233458373
27,190,89,1500000,1.6261344e+18,8.29429960885724
28,185,73,1300000,1.5786144e+18,8.29429960885724
31,188,88,1300000,1.4824512e+18,8.00670084544037
30,186,81,1300000,1.5304032e+18,8.69968140098951
31,178,72,1100000,1.6102368e+18,8.29429960885724
27,191,100,2100000,1.6250976e+18,9.10509096125708
32,183,77,943000,1.5741216e+18,8.00670084544037
32,177,74,1e+06,1.6255296e+18,8.00670084544037
28,180,79,1500000,1.6250976e+18,8.29429960885724
29,177,69,1800000,1.629072e+18,8.5173931714189
28,187,83,1500000,1.5964992e+18,8.98732181285012
31,179,79,1200000,1.4041728e+18,8.69968140098951
29,179,72,2200000,1.5778368e+18,6.21660610108486
30,168,73,1300000,1.6142976e+18,6.90875477931522
28,180,66,1600000,1.6250976e+18,8.00670084544037
28,170,70,1800000,1.5990048e+18,8.29429960885724
28,173,61,1500000,1.6250976e+18,8.5173931714189
27,188,79,1500000,1.5667776e+18,8.29429960885724
33,185,77,969000,1.4850432e+18,8.29429960885724
29,180,74,2200000,1.5778368e+18,6.21660610108486
34,193,93,504000,1.3726368e+18,8.00670084544037
27,188,87,1400000,1.628208e+18,8.00670084544037
29,184,79,1300000,1.5342048e+18,7.60140233458373
27,178,70,2100000,1.4357088e+18,8.5173931714189
30,178,78,1100000,1.4991264e+18,8.29429960885724
28,174,68,1500000,1.5304032e+18,8.00670084544037
30,181,78,1200000,1.4673312e+18,7.60140233458373
32,198,91,1600000,1.5619392e+18,8.69968140098951
30,183,78,1e+06,1.6106688e+18,7.60140233458373
29,176,77,1400000,1.625616e+18,8.5173931714189
27,183,73,1700000,1.5619392e+18,8.00670084544037
31,188,80,945000,1.5971904e+18,8.5173931714189
29,193,80,1600000,1.2779424e+18,7.60140233458373
26,175,68,2200000,1.579824e+18,8.00670084544037
29,187,80,1200000,1.5935616e+18,8.00670084544037
28,188,87,1400000,1.4673312e+18,6.90875477931522
32,180,71,1200000,1.4991264e+18,8.00670084544037
30,192,79,1200000,1.5973632e+18,8.29429960885724
27,190,82,2100000,1.5614208e+18,8.29429960885724
29,180,77,1400000,1.59624e+18,8.5173931714189
32,179,79,1300000,1.5952032e+18,8.8538082749772
29,186,82,1100000,1.6242336e+18,8.29429960885724
30,175,70,1700000,1.6103232e+18,8.00670084544037
27,184,83,1700000,1.5637536e+18,8.29429960885724
29,190,88,1500000,1.6291584e+18,8.8538082749772
30,191,80,945000,1.6252704e+18,8.5173931714189
30,177,76,1200000,1.516752e+18,8.5173931714189
28,184,70,1800000,1.5974496e+18,8.5173931714189
28,175,76,1800000,1.6250976e+18,7.60140233458373
29,175,64,1900000,1.626048e+18,8.00670084544037
32,190,81,1e+06,1.6244064e+18,8.5173931714189
29,180,75,1500000,1.4988672e+18,8.69968140098951
27,184,78,1700000,1.5619392e+18,8.29429960885724
29,181,77,1200000,1.5489792e+18,8.00670084544037
26,180,71,2e+06,1.596672e+18,8.5173931714189
26,175,70,2200000,1.5967584e+18,8.5173931714189
28,178,78,1600000,1.6003872e+18,8.98732181285012
27,188,77,2200000,1.626048e+18,8.69968140098951
26,184,77,1700000,1.5917472e+18,7.60140233458373
27,181,73,1800000,1.61136e+18,8.5173931714189
26,175,74,1600000,1.6250976e+18,8.5173931714189
30,172,71,1300000,1.5803424e+18,7.60140233458373
27,180,73,2e+06,1.5619392e+18,8.69968140098951
31,189,84,875000,1.591488e+18,7.60140233458373
27,186,77,1500000,1.5147648e+18,7.60140233458373
28,180,75,1200000,1.627776e+18,7.60140233458373
31,186,85,1200000,1.6250976e+18,7.60140233458373
28,181,66,1900000,1.5935616e+18,7.60140233458373
28,183,70,2100000,1.6106688e+18,8.29429960885724
28,181,72,1400000,1.6255296e+18,8.00670084544037
32,187,80,725000,1.6121376e+18,8.00670084544037
30,187,85,1100000,1.5289344e+18,7.60140233458373
27,188,87,1300000,1.5619392e+18,8.00670084544037
33,166,64,893000,1.599696e+18,9.21044036697652
31,168,63,1400000,1.603584e+18,9.30574145673944
26,167,68,1900000,1.3094784e+18,9.39274525863144
28,185,79,1800000,1.5614208e+18,8.5173931714189
35,179,73,399000,1.183248e+18,8.00670084544037
28,184,80,1400000,1.5810336e+18,8.29429960885724
27,177,73,1700000,1.59408e+18,8.29429960885724
28,186,81,1400000,1.5619392e+18,8.00670084544037
26,172,73,2200000,1.6309728e+18,8.00670084544037
26,179,70,1800000,1.6250976e+18,8.00670084544037
27,187,83,1700000,1.5964128e+18,8.5173931714189
27,189,88,1600000,1.452816e+18,8.8538082749772
27,193,84,1500000,1.5935616e+18,8.69968140098951
31,187,80,1e+06,1.6250976e+18,7.60140233458373
29,190,78,1300000,1.5801696e+18,8.8538082749772
27,177,70,1700000,1.6003008e+18,8.00670084544037
34,189,82,875000,1.601856e+18,8.29429960885724
27,194,90,1500000,1.5954624e+18,8.29429960885724
27,194,94,1300000,1.5619392e+18,8.5173931714189
26,178,72,2400000,1.6013376e+18,9.47278155656217
29,180,75,1300000,1.6304544e+18,8.29429960885724
27,175,76,1500000,1.5075936e+18,8.29429960885724
26,175,71,1600000,1.5338592e+18,7.60140233458373
28,193,87,1400000,1.6250976e+18,7.60140233458373
28,179,70,1500000,1.5794784e+18,8.98732181285012
27,186,75,969000,1.4836608e+18,7.60140233458373
36,184,80,753000,1.6105824e+18,6.21660610108486
32,183,80,813000,1.6101504e+18,7.60140233458373
29,169,70,2200000,1.6062624e+18,6.21660610108486
24,190,78,2600000,1.6250976e+18,7.60140233458373
27,186,70,1700000,1.5015456e+18,8.00670084544037
26,178,75,2200000,1.6250976e+18,8.29429960885724
28,187,75,1400000,1.6250976e+18,8.29429960885724
27,169,71,1800000,1.6250976e+18,8.5173931714189
30,175,79,1500000,1.5804288e+18,8.00670084544037
32,182,75,1200000,1.4988672e+18,8.69968140098951
27,181,74,1300000,1.4978304e+18,8.00670084544037
27,192,86,1800000,1.5971904e+18,8.00670084544037
29,181,78,1600000,1.6002144e+18,8.29429960885724
30,180,73,1300000,1.5304032e+18,6.90875477931522
26,175,70,2200000,1.4837472e+18,8.29429960885724
28,188,84,1400000,1.4988672e+18,8.8538082749772
27,183,77,2e+06,1.6267392e+18,8.69968140098951
26,181,79,2e+06,1.5619392e+18,8.69968140098951
29,180,75,1900000,1.5622848e+18,6.21660610108486
24,186,82,2e+06,1.6270848e+18,8.00670084544037
28,178,83,1300000,1.6009056e+18,8.5173931714189
27,185,81,1600000,1.6257888e+18,8.69968140098951
28,181,77,1400000,1.5671232e+18,8.69968140098951
26,184,73,2200000,1.6268256e+18,8.00670084544037
26,175,62,2400000,1.627344e+18,7.60140233458373
27,181,80,2500000,1.515456e+18,8.5173931714189
28,182,70,1800000,1.600992e+18,8.00670084544037
28,189,78,1400000,1.5619392e+18,7.60140233458373
28,186,86,1700000,1.6269984e+18,8.29429960885724
25,182,70,2200000,1.6263072e+18,8.29429960885724
27,185,87,2100000,1.6288128e+18,8.98732181285012
30,175,64,1300000,1.5631488e+18,8.5173931714189
25,191,89,1800000,1.5788736e+18,7.60140233458373
25,180,75,2700000,1.59624e+18,8.29429960885724
27,167,61,1900000,1.599696e+18,9.39274525863144
34,173,65,641000,1.6250976e+18,8.29429960885724
26,170,66,2600000,1.56168e+18,8.98732181285012
30,188,83,1100000,1.592784e+18,7.60140233458373
30,186,79,1100000,1.625616e+18,7.60140233458373
27,176,75,1400000,1.5004224e+18,7.60140233458373
29,188,82,1500000,1.5619392e+18,8.98732181285012
29,182,74,1300000,1.6136928e+18,7.60140233458373
31,172,67,1500000,1.5632352e+18,8.8538082749772
24,170,60,1900000,1.6257888e+18,7.60140233458373
29,183,75,1400000,1.5801696e+18,8.00670084544037
29,183,89,1600000,1.5972768e+18,8.00670084544037
31,177,77,1100000,1.610928e+18,8.29429960885724
26,186,80,1700000,1.6263072e+18,7.60140233458373
29,178,73,1400000,1.5935616e+18,8.98732181285012
26,181,74,2600000,1.5657408e+18,7.60140233458373
27,186,77,2e+06,1.3726368e+18,9.30574145673944
24,183,80,2200000,1.5964992e+18,7.60140233458373
35,178,78,914000,1.6106688e+18,6.21660610108486
29,185,78,1200000,1.6098912e+18,6.85751406254539
28,184,77,1400000,1.6098912e+18,6.85751406254539
28,176,72,1400000,1.5481152e+18,6.85751406254539
25,180,73,1700000,1.6142112e+18,7.60140233458373
32,186,88,675000,1.6099776e+18,6.90875477931522
27,179,79,1700000,1.6266528e+18,8.29429960885724
26,183,73,1600000,1.5157152e+18,7.60140233458373
30,181,74,1200000,1.6136928e+18,7.60140233458373
34,181,80,230000,1.61352e+18,6.90875477931522
32,178,75,1100000,1.5463008e+18,6.90875477931522
29,185,78,1400000,1.6124832e+18,8.29429960885724
26,178,71,2700000,1.6269984e+18,6.21660610108486
27,177,71,2200000,1.600128e+18,8.5173931714189
33,178,78,1400000,1.5831072e+18,6.21660610108486
27,185,71,1800000,1.612224e+18,8.29429960885724
27,180,74,2e+06,1.626048e+18,7.60140233458373
25,184,81,2200000,1.6250112e+18,8.69968140098951
29,192,82,1100000,1.5786144e+18,7.60140233458373
31,185,74,1100000,1.3726368e+18,8.00670084544037
29,194,93,1300000,1.56384e+18,7.60140233458373
25,188,74,3e+06,1.6262208e+18,8.29429960885724
32,174,74,945000,1.5626304e+18,8.5173931714189
25,178,71,2100000,1.5498432e+18,8.00670084544037
30,186,82,1400000,1.534464e+18,8.00670084544037
25,190,89,2600000,1.6231968e+18,9.21044036697652
26,174,74,2200000,1.5329088e+18,8.5173931714189
25,186,80,2200000,1.5983136e+18,8.00670084544037
25,180,75,1900000,1.6237152e+18,9.68040649926888
25,170,61,2200000,1.5778368e+18,8.00670084544037
31,182,80,1100000,1.5330816e+18,8.00670084544037
30,188,85,1200000,1.4673312e+18,8.29429960885724
25,185,80,2e+06,1.62864e+18,8.5173931714189
32,194,95,1300000,1.4988672e+18,8.98732181285012
25,194,81,2200000,1.6289856e+18,8.29429960885724
30,182,78,1500000,1.601856e+18,7.60140233458373
26,190,73,2400000,1.6250976e+18,8.8538082749772
32,180,75,1200000,1.6170624e+18,8.69968140098951
34,194,87,247000,1.3726368e+18,8.5173931714189
26,180,74,1700000,1.5939936e+18,8.00670084544037
30,183,78,1300000,1.6250976e+18,8.29429960885724
27,183,69,1500000,1.62864e+18,8.00670084544037
31,172,76,1200000,1.603152e+18,8.5173931714189
26,183,71,2600000,1.62864e+18,8.29429960885724
25,175,78,2700000,1.5619392e+18,8.29429960885724
33,177,72,1100000,1.6190496e+18,6.21660610108486
28,175,73,1400000,1.6094592e+18,8.00670084544037
28,175,73,1200000,1.614816e+18,7.60140233458373
29,177,75,1800000,1.5336864e+18,8.5173931714189
27,176,72,1900000,1.5918336e+18,7.60140233458373
25,187,84,1500000,1.5153696e+18,7.60140233458373
25,183,73,2e+06,1.601856e+18,7.60140233458373
25,180,70,2400000,1.563408e+18,8.5173931714189
30,190,84,1100000,1.6270848e+18,7.60140233458373
28,175,72,1500000,1.6250976e+18,8.00670084544037
24,180,68,2800000,1.5653088e+18,9.68040649926888
25,173,73,1900000,1.614384e+18,7.60140233458373
27,181,70,2e+06,1.5026688e+18,8.8538082749772
27,175,65,1700000,1.5247008e+18,8.00670084544037
26,187,84,1900000,1.59408e+18,8.5173931714189
24,193,80,1700000,1.3805856e+18,8.29429960885724
25,177,82,2e+06,1.6252704e+18,8.69968140098951
33,185,80,878000,1.597968e+18,6.80350525760834
28,179,80,2e+06,1.5801696e+18,6.21660610108486
27,170,70,1500000,1.579824e+18,6.90875477931522
24,185,78,4200000,1.3726368e+18,8.8538082749772
26,188,81,2100000,1.4988672e+18,8.00670084544037
25,185,84,2500000,1.5952896e+18,9.21044036697652
28,195,85,1600000,1.6250976e+18,9.10509096125708
25,175,72,2300000,1.6007328e+18,8.00670084544037
28,182,80,1400000,1.599696e+18,7.60140233458373
27,190,80,1800000,1.6244928e+18,8.00670084544037
31,176,77,1500000,1.3898304e+18,6.21660610108486
29,185,77,1500000,1.5499296e+18,8.29429960885724
29,190,88,875000,1.3885344e+18,7.60140233458373
28,182,73,1400000,1.6134336e+18,8.29429960885724
24,172,70,2100000,1.6301952e+18,8.00670084544037
26,183,75,2e+06,1.5619392e+18,8.00670084544037
26,183,73,1600000,1.5485472e+18,7.60140233458373
28,167,62,1600000,1.5619392e+18,8.00670084544037
24,183,76,2400000,1.6106688e+18,8.00670084544037
26,175,71,1600000,1.547424e+18,7.60140233458373
31,180,78,1300000,1.5954624e+18,8.5173931714189
29,182,71,1400000,1.5954624e+18,8.5173931714189
28,182,81,1400000,1.6140384e+18,8.69968140098951
24,192,86,2300000,1.6250976e+18,8.5173931714189
25,184,82,2200000,1.6278624e+18,8.29429960885724
25,173,69,2400000,1.3394592e+18,8.5173931714189
26,170,64,2e+06,1.6184448e+18,8.69968140098951
27,175,71,2e+06,1.5778368e+18,8.5173931714189
29,179,70,1100000,1.5476832e+18,8.00670084544037
28,176,73,1400000,1.6250976e+18,8.00670084544037
25,185,70,2600000,1.625184e+18,8.00670084544037
26,183,75,1900000,1.3726368e+18,9.39274525863144
24,173,65,2700000,1.6250976e+18,8.00670084544037
27,184,79,2300000,1.578528e+18,8.5173931714189
27,188,82,1800000,1.4068512e+18,8.29429960885724
31,169,66,1100000,1.6101504e+18,8.00670084544037
31,183,75,1500000,1.5980544e+18,8.5173931714189
26,185,82,2200000,1.6250976e+18,8.00670084544037
33,185,79,641000,1.5946848e+18,8.5173931714189
25,179,69,1900000,1.5304032e+18,8.00670084544037
28,171,70,1200000,1.5619392e+18,8.5173931714189
32,188,80,1400000,1.6281216e+18,8.00670084544037
26,186,87,2400000,1.5304032e+18,7.60140233458373
25,179,77,2500000,1.6250976e+18,8.5173931714189
31,181,78,1e+06,1.5619392e+18,8.00670084544037
31,178,73,1100000,1.6314048e+18,6.80350525760834
26,178,77,2e+06,1.6019424e+18,8.00670084544037
31,187,78,1100000,1.3885344e+18,8.8538082749772
25,176,75,2e+06,1.5620256e+18,8.5173931714189
28,179,71,1900000,1.610928e+18,8.69968140098951
25,180,73,2200000,1.6250976e+18,8.29429960885724
28,173,60,1400000,1.5291072e+18,8.00670084544037
24,184,76,2200000,1.5935616e+18,8.8538082749772
25,189,79,1700000,1.6280352e+18,8.29429960885724
26,174,70,2e+06,1.5985728e+18,8.00670084544037
25,175,64,2e+06,1.6250976e+18,8.69968140098951
26,171,65,1900000,1.5778368e+18,8.00670084544037
28,180,74,2e+06,1.5619392e+18,8.69968140098951
23,183,70,2300000,1.6250976e+18,8.00670084544037
23,175,65,2800000,1.6121376e+18,9.54688403461792
28,185,77,1800000,1.5614208e+18,8.29429960885724
29,180,77,1400000,1.4041728e+18,9.39274525863144
33,183,80,878000,1.610064e+18,6.90875477931522
24,178,74,2e+06,1.6037568e+18,7.60140233458373
25,178,78,2600000,1.5639264e+18,7.60140233458373
26,172,63,2200000,1.5304032e+18,7.60140233458373
25,193,77,1900000,1.5619392e+18,8.29429960885724
26,175,72,2e+06,1.563408e+18,8.5173931714189
24,188,82,3200000,1.5996096e+18,9.10509096125708
24,168,69,3100000,1.627344e+18,8.29429960885724
26,185,70,1900000,1.6015968e+18,8.69968140098951
24,177,69,2900000,1.6019424e+18,8.98732181285012
23,176,78,3600000,1.6300224e+18,8.00670084544037
25,180,69,2800000,1.6265664e+18,8.5173931714189
26,182,77,2e+06,1.5964992e+18,8.8538082749772
24,175,71,2700000,1.5783552e+18,8.00670084544037
25,194,80,1500000,1.4324256e+18,6.90875477931522
28,175,72,1200000,1.5619392e+18,8.00670084544037
30,172,70,1900000,1.6049664e+18,6.21660610108486
29,188,85,1500000,1.5972768e+18,8.00670084544037
25,194,85,2800000,1.6298496e+18,8.00670084544037
25,177,72,2600000,1.6107552e+18,8.00670084544037
22,173,65,4500000,1.5977088e+18,7.60140233458373
27,185,71,2400000,1.5463008e+18,6.21660610108486
27,183,72,2e+06,1.625616e+18,8.5173931714189
27,190,81,1500000,1.6115328e+18,8.29429960885724
25,187,83,1700000,1.4200704e+18,8.00670084544037
27,186,80,1200000,1.4836608e+18,8.29429960885724
24,176,67,2600000,1.5304032e+18,8.00670084544037
27,191,88,1200000,1.42128e+18,7.60140233458373
27,180,75,1600000,1.5619392e+18,8.5173931714189
25,183,67,2400000,1.5639264e+18,8.5173931714189
26,180,73,2400000,1.627344e+18,8.00670084544037
25,190,86,2500000,1.6250976e+18,8.69968140098951
24,185,86,2600000,1.5619392e+18,9.10509096125708
30,178,74,1700000,1.6281216e+18,8.00670084544037
23,174,70,2600000,1.4357088e+18,8.29429960885724
27,180,73,1400000,1.6098912e+18,7.60140233458373
26,180,70,1400000,1.6098048e+18,7.60140233458373
23,177,72,3800000,1.6037568e+18,8.00670084544037
24,186,75,4100000,1.5801696e+18,7.60140233458373
29,186,79,1600000,1.6279488e+18,8.00670084544037
26,176,68,1600000,1.6110144e+18,7.60140233458373
31,172,66,1300000,1.5147648e+18,8.8538082749772
24,170,64,2700000,1.5174432e+18,8.5173931714189
37,184,81,237000,1.6104096e+18,6.21660610108486
24,186,84,2500000,1.6291584e+18,8.29429960885724
25,171,65,2500000,1.6111008e+18,8.5173931714189
24,185,76,2400000,1.6250976e+18,8.5173931714189
25,176,72,2e+06,1.596672e+18,8.29429960885724
24,183,79,5e+06,1.623024e+18,6.21660610108486
28,174,68,1300000,1.593648e+18,8.29429960885724
31,176,72,1500000,1.5961536e+18,8.5173931714189
29,168,65,2200000,1.5686784e+18,6.21660610108486
23,181,70,3100000,1.6020288e+18,7.60140233458373
25,185,77,2500000,1.5157152e+18,9.74102744483773
29,185,77,875000,1.610064e+18,7.60140233458373
34,187,81,520000,1.601856e+18,8.00670084544037
25,196,75,2700000,1.5977952e+18,9.47278155656217
30,180,75,1700000,1.6111872e+18,8.5173931714189
23,189,85,2800000,1.630368e+18,7.60140233458373
25,176,74,1800000,1.4357088e+18,7.60140233458373
25,172,64,2e+06,1.5814656e+18,8.00670084544037
25,182,80,1800000,1.562544e+18,7.60140233458373
26,182,76,2800000,1.6284672e+18,8.00670084544037
24,179,68,2500000,1.5619392e+18,8.98732181285012
30,190,83,1700000,1.5644448e+18,9.30574145673944
25,173,68,2e+06,1.626048e+18,8.5173931714189
26,170,68,1900000,1.550016e+18,8.00670084544037
29,183,90,2200000,1.6094592e+18,6.21660610108486
26,181,76,2e+06,1.6287264e+18,7.60140233458373
25,180,76,2200000,1.601856e+18,9.10509096125708
28,179,75,1600000,1.6257024e+18,8.00670084544037
26,174,71,1800000,1.6250976e+18,8.00670084544037
31,181,77,1200000,1.4989536e+18,9.30574145673944
23,181,75,1900000,1.5466464e+18,8.29429960885724
28,188,79,1500000,1.5735168e+18,8.00670084544037
26,187,79,2600000,1.6250976e+18,8.29429960885724
23,189,83,3500000,1.6250976e+18,8.29429960885724
23,180,80,3100000,1.5967584e+18,8.29429960885724
23,188,81,2500000,1.5958944e+18,8.8538082749772
24,175,65,3e+06,1.5792192e+18,9.10509096125708
33,184,77,618000,1.6250112e+18,8.29429960885724
29,192,81,1700000,1.6257024e+18,8.69968140098951
21,177,72,2100000,1.625616e+18,8.29429960885724
21,183,76,2100000,1.625616e+18,8.29429960885724
21,180,75,2100000,1.625616e+18,8.00670084544037
33,167,63,998000,1.625616e+18,9.10509096125708
29,183,75,1900000,1.6257024e+18,9.21044036697652
25,186,84,1900000,1.625616e+18,8.98732181285012
29,190,85,1300000,1.6250112e+18,8.29429960885724
25,185,76,1900000,1.6257024e+18,8.5173931714189
29,181,80,1900000,1.625616e+18,9.21044036697652
25,176,74,2100000,1.6257024e+18,8.69968140098951
33,174,72,1200000,1.625616e+18,9.21044036697652
29,189,81,1600000,1.6257024e+18,8.98732181285012
21,178,78,2300000,1.6250112e+18,8.29429960885724
23,171,63,2400000,1.6269984e+18,8.5173931714189
27,186,78,1800000,1.5952896e+18,8.00670084544037
25,193,84,2300000,1.5619392e+18,8.69968140098951
23,180,72,2800000,1.4327712e+18,8.5173931714189
24,186,66,2e+06,1.5673824e+18,7.60140233458373
28,176,70,1500000,1.6267392e+18,8.5173931714189
25,196,75,2600000,1.5650496e+18,7.60140233458373
24,183,71,3500000,1.6103232e+18,8.29429960885724
25,193,85,2200000,1.6237152e+18,6.90875477931522
25,178,74,2200000,1.625616e+18,8.5173931714189
35,180,83,591000,1.4041728e+18,6.21660610108486
23,191,86,2500000,1.4449536e+18,8.98732181285012
24,186,80,2400000,1.6309728e+18,7.60140233458373
23,172,64,3100000,1.6284672e+18,8.29429960885724
23,179,74,4800000,1.5640992e+18,9.10509096125708
26,174,70,1900000,1.5485472e+18,6.90875477931522
25,180,75,1900000,1.5147648e+18,8.29429960885724
25,172,67,2400000,1.5411168e+18,8.00670084544037
27,182,74,1900000,1.5626304e+18,8.69968140098951
23,190,87,3400000,1.6015104e+18,9.30574145673944
29,174,75,1400000,1.530576e+18,6.85751406254539
23,175,70,3100000,1.4673312e+18,8.00670084544037
27,185,73,2100000,1.4357088e+18,9.30574145673944
22,173,65,4800000,1.5270336e+18,9.10509096125708
28,185,77,1500000,1.6136928e+18,8.5173931714189
24,179,72,4400000,1.5976224e+18,8.5173931714189
24,187,83,3600000,1.578528e+18,7.60140233458373
22,191,82,4200000,1.4678496e+18,8.8538082749772
24,190,79,3400000,1.600992e+18,8.5173931714189
25,169,63,2400000,1.6261344e+18,8.00670084544037
31,179,77,906000,1.6101504e+18,8.29429960885724
26,167,61,1700000,1.5631488e+18,8.5173931714189
27,182,75,2400000,1.6257888e+18,8.29429960885724
27,178,69,1300000,1.6250976e+18,8.00670084544037
35,183,72,344000,1.4542848e+18,6.90875477931522
30,173,65,1200000,1.5633216e+18,8.29429960885724
31,185,79,1400000,1.6274304e+18,8.98732181285012
29,168,64,1300000,1.5489792e+18,8.00670084544037
28,183,82,2200000,1.6028928e+18,6.21660610108486
27,173,72,1400000,1.578096e+18,8.29429960885724
28,171,65,1200000,1.5470784e+18,8.5173931714189
24,181,76,2500000,1.5475104e+18,8.00670084544037
32,192,82,1e+06,1.6101504e+18,7.60140233458373
23,181,77,2e+06,1.62864e+18,7.60140233458373
29,187,73,1100000,1.54656e+18,8.29429960885724
22,180,75,4600000,1.4992128e+18,8.98732181285012
26,175,66,1600000,1.5319584e+18,8.00670084544037
29,175,67,1300000,1.3912128e+18,8.5173931714189
30,178,72,1200000,1.3569984e+18,8.29429960885724
25,186,79,2e+06,1.5490656e+18,8.8538082749772
23,190,80,1900000,1.4516064e+18,8.00670084544037
21,175,71,4500000,1.5027552e+18,8.00670084544037
22,181,74,4400000,1.6250976e+18,8.5173931714189
28,184,79,1700000,1.6028064e+18,8.5173931714189
30,175,70,1e+06,1.5466464e+18,7.60140233458373
24,190,78,2200000,1.5978816e+18,8.00670084544037
25,187,79,1700000,1.5304032e+18,8.00670084544037
23,172,70,3300000,1.5196896e+18,6.21660610108486
27,173,62,1300000,1.4516064e+18,7.60140233458373
23,178,70,3200000,1.601856e+18,8.29429960885724
31,173,69,1800000,1.5787008e+18,6.21660610108486
28,190,84,2100000,1.5794784e+18,8.69968140098951
23,177,70,3600000,1.5355872e+18,8.00670084544037
23,185,77,2700000,1.6170624e+18,8.00670084544037
24,179,69,3e+06,1.6279488e+18,6.90875477931522
23,185,65,4800000,1.6231968e+18,8.69968140098951
24,176,68,3800000,1.4516064e+18,9.30574145673944
29,183,78,1900000,1.6257024e+18,9.10509096125708
25,178,69,2100000,1.6250112e+18,8.5173931714189
25,170,66,2100000,1.6257024e+18,8.98732181285012
29,186,80,1900000,1.6250112e+18,8.69968140098951
23,180,72,3900000,1.4628384e+18,8.5173931714189
30,175,75,1800000,1.5704064e+18,6.21660610108486
24,171,70,2300000,1.5935616e+18,8.29429960885724
24,172,64,2100000,1.5965856e+18,8.00670084544037
25,178,72,2300000,1.5978816e+18,8.29429960885724
22,191,77,4800000,1.6280352e+18,9.10509096125708
23,179,68,2900000,1.626912e+18,8.00670084544037
24,170,68,2e+06,1.4516064e+18,8.00670084544037
29,189,87,1300000,1.6250976e+18,8.29429960885724
25,190,81,1700000,1.6255296e+18,7.60140233458373
23,170,64,2900000,1.4357088e+18,8.00670084544037
25,185,77,2600000,1.5987456e+18,7.60140233458373
27,187,77,1600000,1.6250976e+18,8.5173931714189
26,167,66,2700000,1.6115328e+18,6.21660610108486
28,184,78,1400000,1.6257024e+18,8.69968140098951
26,190,72,1700000,1.6257888e+18,8.8538082749772
23,183,78,2700000,1.5984864e+18,8.5173931714189
24,182,73,2800000,1.6250976e+18,8.8538082749772
25,180,75,2400000,1.580688e+18,8.00670084544037
22,187,77,3100000,1.59408e+18,8.00670084544037
28,192,84,1300000,1.4685408e+18,8.00670084544037
30,190,82,1200000,1.532304e+18,8.29429960885724
23,184,84,2900000,1.5304032e+18,8.29429960885724
23,189,82,2800000,1.5967584e+18,8.69968140098951
24,179,65,2200000,1.5983136e+18,7.60140233458373
22,193,79,3e+06,1.6250976e+18,8.69968140098951
31,183,88,1500000,1.6117056e+18,6.21660610108486
27,183,83,1800000,1.6254432e+18,7.60140233458373
24,175,65,2200000,1.6306272e+18,8.69968140098951
29,196,81,1500000,1.6123968e+18,8.29429960885724
25,185,77,1700000,1.6250976e+18,8.00670084544037
24,193,75,3100000,1.6115328e+18,7.60140233458373
27,180,75,1500000,1.5964128e+18,8.00670084544037
29,180,72,1800000,1.5935616e+18,8.00670084544037
27,186,86,1900000,1.5329952e+18,9.10509096125708
21,177,71,5800000,1.5935616e+18,8.5173931714189
23,180,75,3300000,1.627344e+18,8.5173931714189
27,188,73,2e+06,1.625184e+18,8.8538082749772
21,159,58,4400000,1.625184e+18,8.69968140098951
26,181,75,1400000,1.6117056e+18,8.29429960885724
29,180,73,1400000,1.5619392e+18,7.60140233458373
23,183,76,3200000,1.5989184e+18,8.5173931714189
22,173,66,3900000,1.562112e+18,8.00670084544037
24,172,58,2600000,1.59192e+18,7.60140233458373
21,181,75,2300000,1.6288128e+18,8.69968140098951
21,172,70,2300000,1.6250112e+18,8.29429960885724
29,180,75,1900000,1.625616e+18,8.69968140098951
25,185,78,2100000,1.6250112e+18,8.5173931714189
25,182,75,2100000,1.6257024e+18,8.69968140098951
28,174,76,2e+06,1.3600224e+18,6.21660610108486
24,173,70,2e+06,1.469664e+18,7.60140233458373
24,178,73,2300000,1.598832e+18,7.60140233458373
25,187,78,2500000,1.600128e+18,8.00670084544037
27,170,60,2400000,1.5982272e+18,6.21660610108486
23,177,63,3200000,1.5762816e+18,7.60140233458373
23,184,72,4400000,1.5996096e+18,9.10509096125708
22,184,84,3900000,1.4200704e+18,8.5173931714189
22,172,68,2300000,1.5637536e+18,8.29429960885724
22,183,77,3800000,1.6190496e+18,8.00670084544037
21,170,71,5800000,1.4673312e+18,8.29429960885724
29,174,80,1300000,1.5778368e+18,8.69968140098951
20,181,81,3800000,1.6102368e+18,8.29429960885724
25,183,77,3e+06,1.610928e+18,6.21660610108486
21,182,75,3800000,1.5935616e+18,8.29429960885724
21,179,75,4500000,1.5336864e+18,9.10509096125708
25,190,83,1900000,1.5619392e+18,8.29429960885724
27,171,67,1600000,1.5138144e+18,8.5173931714189
22,168,65,3500000,1.6266528e+18,7.60140233458373
22,188,85,4600000,1.6250976e+18,8.98732181285012
27,188,78,1900000,1.5304032e+18,8.98732181285012
24,176,71,2400000,1.5799104e+18,8.5173931714189
22,190,76,4300000,1.5661728e+18,8.00670084544037
23,185,72,4600000,1.6250976e+18,9.10509096125708
26,179,80,1700000,1.3569984e+18,8.00670084544037
22,171,69,2300000,1.4832288e+18,7.60140233458373
24,182,72,2100000,1.5794784e+18,8.29429960885724
27,183,73,1300000,1.6101504e+18,7.60140233458373
35,171,66,531000,1.5233184e+18,7.60140233458373
29,182,80,1400000,1.5489792e+18,8.29429960885724
31,179,80,1e+06,1.5935616e+18,8.29429960885724
21,170,66,5300000,1.4732928e+18,7.60140233458373
23,182,76,2600000,1.5105312e+18,7.60140233458373
22,178,70,4300000,1.6275168e+18,7.60140233458373
22,184,67,4800000,1.565136e+18,9.39274525863144
23,186,82,2900000,1.5971904e+18,7.60140233458373
24,177,64,2100000,1.5837984e+18,7.60140233458373
23,189,80,1900000,1.4900544e+18,7.60140233458373
25,178,76,2400000,1.6206912e+18,8.00670084544037
21,185,81,4600000,1.5670368e+18,8.8538082749772
21,188,80,6100000,1.6244928e+18,8.69968140098951
23,184,82,5e+06,1.5634944e+18,8.69968140098951
23,191,83,3800000,1.5984864e+18,8.00670084544037
29,184,74,1600000,1.6246656e+18,8.8538082749772
27,187,73,1700000,1.562112e+18,8.00670084544037
23,194,88,3e+06,1.5151104e+18,8.00670084544037
35,187,82,616000,1.4673312e+18,7.60140233458373
31,191,84,1100000,1.62864e+18,8.5173931714189
22,170,60,2500000,1.480032e+18,8.00670084544037
27,185,78,1500000,1.6272576e+18,8.29429960885724
29,186,79,1100000,1.6250976e+18,8.29429960885724
28,180,70,1600000,1.5502752e+18,7.60140233458373
26,173,61,2e+06,1.598832e+18,8.00670084544037
28,183,78,2e+06,1.6292448e+18,8.5173931714189
25,183,84,2e+06,1.5964128e+18,8.98732181285012
27,185,80,1400000,1.580688e+18,8.29429960885724
23,180,76,4100000,1.5673824e+18,8.29429960885724
23,181,71,2700000,1.59408e+18,8.5173931714189
22,185,77,4800000,1.6302816e+18,8.5173931714189
24,183,80,3200000,1.4988672e+18,9.10509096125708
23,190,80,2200000,1.5308352e+18,8.69968140098951
25,176,70,2e+06,1.6250976e+18,9.10509096125708
21,184,76,3100000,1.516752e+18,7.60140233458373
22,193,78,4200000,1.4920416e+18,9.10509096125708
21,182,81,5100000,1.6250976e+18,8.69968140098951
23,180,72,2900000,1.6254432e+18,8.69968140098951
22,181,70,3300000,1.4835744e+18,9.39274525863144
23,173,74,2300000,1.6250976e+18,8.5173931714189
28,181,74,1300000,1.5952032e+18,8.29429960885724
23,173,65,4400000,1.4673312e+18,7.60140233458373
26,182,78,1600000,1.5795648e+18,7.60140233458373
23,174,70,3800000,1.625184e+18,9.47278155656217
26,184,70,2700000,1.607472e+18,6.21660610108486
21,171,66,3e+06,1.4357088e+18,8.5173931714189
27,185,82,1700000,1.631232e+18,8.5173931714189
24,175,74,3e+06,1.6276032e+18,8.5173931714189
23,174,73,2e+06,1.6306272e+18,8.00670084544037
22,185,73,3600000,1.5040512e+18,8.00670084544037
30,180,72,1200000,1.562112e+18,8.69968140098951
23,170,61,2e+06,1.5628896e+18,8.00670084544037
26,180,75,1800000,1.5024096e+18,7.60140233458373
22,184,85,4400000,1.4988672e+18,8.5173931714189
20,187,75,4400000,1.4988672e+18,8.5173931714189
23,180,75,2800000,1.6250976e+18,8.69968140098951
24,183,83,2700000,1.5965856e+18,8.00670084544037
25,184,74,2100000,1.5634944e+18,8.00670084544037
23,189,78,4600000,1.5972768e+18,8.29429960885724
22,188,74,4500000,1.4988672e+18,9.74102744483773
21,179,80,4400000,1.4988672e+18,8.5173931714189
25,181,75,2400000,1.4987808e+18,8.5173931714189
30,181,75,2e+06,1.601856e+18,8.5173931714189
23,185,75,3200000,1.6250976e+18,8.29429960885724
23,188,75,4600000,1.4988672e+18,8.8538082749772
23,172,56,3700000,1.625616e+18,8.29429960885724
21,189,82,4400000,1.4945472e+18,8.69968140098951
24,178,68,2900000,1.5619392e+18,8.98732181285012
21,192,85,4100000,1.506816e+18,7.60140233458373
21,196,91,3700000,1.5619392e+18,8.29429960885724
20,181,77,4400000,1.5304032e+18,8.8538082749772
23,172,70,2600000,1.6238016e+18,7.60140233458373
21,181,75,3200000,1.629936e+18,7.60140233458373
34,184,78,806000,1.5463008e+18,6.21660610108486
22,186,78,3800000,1.599696e+18,8.00670084544037
22,193,85,3200000,1.6252704e+18,9.10509096125708
24,179,77,2600000,1.595808e+18,7.60140233458373
29,193,90,1100000,1.6117056e+18,7.60140233458373
26,171,64,1700000,1.578096e+18,8.29429960885724
27,192,88,2300000,1.6292448e+18,8.69968140098951
25,180,70,1700000,1.5147648e+18,8.29429960885724
31,170,65,1700000,1.6180128e+18,6.21660610108486
28,174,72,1900000,1.5808608e+18,6.21660610108486
22,191,82,3500000,1.6015104e+18,8.00670084544037
19,170,61,5800000,1.6285536e+18,8.29429960885724
21,175,70,3e+06,1.517184e+18,7.60140233458373
27,188,77,1800000,1.6094592e+18,8.00670084544037
25,185,76,1800000,1.5964128e+18,8.5173931714189
21,170,75,4300000,1.5164064e+18,8.5173931714189
27,183,80,1700000,1.630368e+18,8.00670084544037
21,184,82,3e+06,1.5147648e+18,7.60140233458373
23,189,79,3600000,1.62864e+18,8.00670084544037
24,182,65,3600000,1.6017696e+18,9.21044036697652
20,181,74,6300000,1.5620256e+18,9.7981825908907
24,170,68,3400000,1.5619392e+18,6.21660610108486
23,180,70,3100000,1.6250976e+18,8.29429960885724
20,185,70,6300000,1.4988672e+18,9.68040649926888
22,177,66,5600000,1.5304032e+18,10.4042931430198
26,180,75,2e+06,1.4516064e+18,8.5173931714189
28,164,65,1300000,1.5982272e+18,7.60140233458373
28,175,70,1200000,1.5510528e+18,7.60140233458373
20,167,55,6e+06,1.5982272e+18,8.00670084544037
22,194,91,2e+06,1.5229728e+18,7.60140233458373
22,180,76,3700000,1.582848e+18,8.00670084544037
24,190,80,3500000,1.6250976e+18,7.60140233458373
20,175,71,5300000,1.5977088e+18,8.00670084544037
21,183,76,5100000,1.6250976e+18,7.60140233458373
21,178,65,6300000,1.630368e+18,9.10509096125708
25,183,76,2700000,1.627344e+18,8.5173931714189
20,170,67,4500000,1.519776e+18,8.29429960885724
23,180,74,5100000,1.5954624e+18,8.69968140098951
25,171,67,1800000,1.6263936e+18,8.29429960885724
24,179,70,2e+06,1.5304032e+18,8.00670084544037
27,177,75,2e+06,1.6236288e+18,8.5173931714189
21,182,73,3900000,1.4995584e+18,8.00670084544037
30,172,66,2100000,1.5286752e+18,6.21660610108486
24,186,80,2300000,1.5619392e+18,8.5173931714189
24,183,73,1900000,1.5304032e+18,8.00670084544037
24,193,89,1800000,1.6250976e+18,8.00670084544037
27,185,77,2600000,1.5619392e+18,8.8538082749772
27,177,69,1900000,1.59408e+18,8.98732181285012
23,190,79,4200000,1.5977088e+18,7.60140233458373
25,190,89,2600000,1.5610752e+18,8.00670084544037
23,190,75,2800000,1.6111008e+18,8.5173931714189
22,181,73,3500000,1.5961536e+18,8.00670084544037
21,180,71,5300000,1.6282944e+18,9.30574145673944
26,182,79,1600000,1.5304032e+18,8.00670084544037
34,186,80,374000,1.4681952e+18,6.21660610108486
24,181,73,3200000,1.5308352e+18,6.21660610108486
20,190,83,6600000,1.5304032e+18,9.21044036697652
25,181,70,2e+06,1.5960672e+18,8.69968140098951
27,180,74,2500000,1.4275872e+18,6.21660610108486
22,184,79,3800000,1.4673312e+18,8.00670084544037
24,175,72,3e+06,1.5162336e+18,8.5173931714189
30,181,77,1100000,1.530576e+18,6.55250788703459
22,178,66,3300000,1.6246656e+18,8.5173931714189
19,187,76,5200000,1.5304032e+18,8.00670084544037
21,187,86,2600000,1.5147648e+18,7.60140233458373
22,185,78,4100000,1.6107552e+18,7.60140233458373
22,168,56,5100000,1.5304032e+18,8.69968140098951
22,168,58,3300000,1.5673824e+18,9.10509096125708
22,185,74,3300000,1.6266528e+18,8.29429960885724
27,185,76,2100000,1.6106688e+18,6.21660610108486
23,182,74,3600000,1.532304e+18,8.5173931714189
23,180,68,3100000,1.5304032e+18,8.29429960885724
22,182,73,3600000,1.5304032e+18,8.29429960885724
25,179,72,2e+06,1.6250976e+18,8.8538082749772
31,181,79,1300000,1.597104e+18,8.69968140098951
26,194,93,2400000,1.566432e+18,8.29429960885724
21,186,65,3200000,1.5935616e+18,7.60140233458373
23,190,78,2400000,1.6250976e+18,7.60140233458373
29,187,82,1100000,1.5316992e+18,8.29429960885724
23,183,73,2600000,1.5488064e+18,8.29429960885724
26,186,75,2e+06,1.625616e+18,8.29429960885724
22,179,69,3700000,1.6244064e+18,8.29429960885724
23,177,65,3600000,1.5304032e+18,8.00670084544037
26,185,84,2200000,1.6250976e+18,8.29429960885724
19,175,74,4500000,1.5304032e+18,7.60140233458373
34,181,80,1100000,1.5639264e+18,6.21660610108486
24,180,81,2300000,1.5619392e+18,8.69968140098951
25,174,70,1600000,1.5466464e+18,8.00670084544037
24,175,72,3600000,1.550016e+18,7.60140233458373
24,184,70,3400000,1.6268256e+18,8.00670084544037
19,168,73,5100000,1.6133472e+18,8.00670084544037
24,180,74,2900000,1.4516064e+18,6.21660610108486
23,180,74,2300000,1.6094592e+18,8.00670084544037
23,184,73,3e+06,1.565568e+18,8.5173931714189
26,183,75,2e+06,1.5571872e+18,8.00670084544037
21,183,75,3900000,1.61784e+18,7.60140233458373
29,183,77,1300000,1.5790464e+18,7.60140233458373
28,179,77,2e+06,1.6127424e+18,6.21660610108486
21,185,80,5600000,1.6298496e+18,8.00670084544037
24,175,75,2200000,1.5510528e+18,7.60140233458373
25,176,68,1700000,1.578096e+18,8.00670084544037
18,180,72,4600000,1.630368e+18,7.60140233458373
21,181,75,5300000,1.5304032e+18,8.00670084544037
24,170,70,3400000,1.6257888e+18,6.21660610108486
22,171,63,3300000,1.5458688e+18,7.60140233458373
28,195,88,1400000,1.6313184e+18,6.90875477931522
23,168,70,2100000,1.5778368e+18,6.68586094706836
25,189,77,2300000,1.6298496e+18,8.29429960885724
23,181,73,5300000,1.5619392e+18,8.00670084544037
21,183,72,3200000,1.5463008e+18,7.60140233458373
24,186,77,1700000,1.5489792e+18,8.00670084544037
22,190,76,5100000,1.5462144e+18,8.29429960885724
29,172,69,1300000,1.6101504e+18,8.5173931714189
19,180,75,5200000,1.5494112e+18,7.60140233458373
23,192,90,4200000,1.5804288e+18,7.60140233458373
21,181,70,3800000,1.5304032e+18,8.29429960885724
22,176,61,3800000,1.6297632e+18,8.5173931714189
21,171,63,3600000,1.5355008e+18,7.60140233458373
31,173,67,1e+06,1.6250976e+18,8.69968140098951
22,190,85,2100000,1.4995584e+18,8.29429960885724
25,182,70,2100000,1.630368e+18,8.5173931714189
26,175,67,1900000,1.6138656e+18,7.60140233458373
31,185,81,945000,1.5970176e+18,8.29429960885724
23,186,80,3300000,1.6242336e+18,8.00670084544037
20,184,78,5500000,1.5964128e+18,6.21660610108486
20,183,78,4800000,1.6237152e+18,9.39274525863144
23,196,86,3500000,1.5619392e+18,8.69968140098951
20,170,60,4e+06,1.596672e+18,8.5173931714189
20,191,70,4300000,1.4988672e+18,8.00670084544037
21,188,82,4600000,1.5564096e+18,8.8538082749772
23,179,72,4500000,1.610496e+18,6.21660610108486
25,174,75,3300000,1.4673312e+18,6.21660610108486
24,190,66,3100000,1.6250976e+18,8.5173931714189
30,184,77,979000,1.4041728e+18,8.00670084544037
22,171,66,5200000,1.5463008e+18,6.21660610108486
20,183,79,4400000,1.6250976e+18,8.8538082749772
26,189,83,2800000,1.6275168e+18,8.00670084544037
25,180,73,2500000,1.4357088e+18,8.00670084544037
29,199,99,1400000,1.4673312e+18,8.00670084544037
29,174,70,1400000,1.6250976e+18,8.29429960885724
24,187,77,1700000,1.6263936e+18,7.60140233458373
29,186,77,1800000,1.5621984e+18,6.21660610108486
24,180,74,2100000,1.5619392e+18,8.29429960885724
26,171,62,2700000,1.5619392e+18,6.21660610108486
21,185,73,3900000,1.6125696e+18,8.69968140098951
25,183,76,3e+06,1.5619392e+18,8.00670084544037
25,191,87,2300000,1.5617664e+18,8.8538082749772
22,180,70,3200000,1.56168e+18,7.60140233458373
20,190,91,3e+06,1.6008192e+18,8.00670084544037
28,177,74,1700000,1.4673312e+18,8.00670084544037
30,189,80,1200000,1.5619392e+18,8.00670084544037
20,186,84,3700000,1.5554592e+18,8.29429960885724
25,181,72,2100000,1.6250976e+18,8.69968140098951
24,175,75,2900000,1.6132608e+18,6.21660610108486
25,185,86,3100000,1.5825888e+18,6.21660610108486
22,185,80,4400000,1.6245792e+18,8.69968140098951
21,181,66,4800000,1.4988672e+18,8.00670084544037
22,183,77,3200000,1.6125696e+18,8.5173931714189
31,180,71,1100000,1.625616e+18,8.00670084544037
23,192,75,4e+06,1.5628032e+18,9.10509096125708
23,191,79,2500000,1.5627168e+18,8.00670084544037
26,177,73,2700000,1.6063488e+18,6.21660610108486
20,179,71,4100000,1.6250976e+18,8.29429960885724
23,174,73,3700000,1.625616e+18,8.00670084544037
21,185,76,5100000,1.55736e+18,8.69968140098951
24,170,62,1900000,1.6244064e+18,8.29429960885724
18,183,78,6e+06,1.6250976e+18,8.69968140098951
23,183,76,5500000,1.5619392e+18,6.21660610108486
21,184,76,4300000,1.5639264e+18,8.00670084544037
18,175,64,4800000,1.6288992e+18,8.00670084544037
24,187,80,2500000,1.5978816e+18,8.00670084544037
23,183,72,3900000,1.5647904e+18,8.00670084544037
24,183,74,2900000,1.5619392e+18,8.29429960885724
19,177,64,4900000,1.5619392e+18,8.29429960885724
18,180,67,4700000,1.5565824e+18,7.60140233458373
18,193,80,6300000,1.5619392e+18,6.21660610108486
22,182,70,4300000,1.5618528e+18,8.29429960885724
20,175,76,3600000,1.5653952e+18,8.00670084544037
26,175,69,2300000,1.5619392e+18,8.5173931714189
26,173,65,1700000,1.630368e+18,8.00670084544037
24,190,82,5e+06,1.622592e+18,6.21660610108486
19,188,72,4900000,1.5683328e+18,8.29429960885724
19,175,70,5500000,1.5619392e+18,8.5173931714189
22,180,74,4800000,1.472688e+18,8.29429960885724
19,178,75,7100000,1.5673824e+18,8.69968140098951
20,173,70,5e+06,1.5619392e+18,6.21660610108486
26,190,86,2e+06,1.5670368e+18,9.39274525863144
21,182,72,5e+06,1.5463008e+18,6.21660610108486
22,180,66,2700000,1.5786144e+18,8.5173931714189
24,185,79,3600000,1.4673312e+18,6.21660610108486
21,186,76,4400000,1.5673824e+18,6.21660610108486
20,191,69,6800000,1.5304032e+18,8.69968140098951
26,188,90,2100000,1.6262208e+18,8.00670084544037
19,178,72,6300000,1.5619392e+18,8.98732181285012
31,175,60,1800000,1.5794784e+18,6.21660610108486
34,181,83,699000,1.6105824e+18,6.21660610108486
24,177,72,2100000,1.5778368e+18,6.21660610108486
31,175,72,1800000,1.610496e+18,6.21660610108486
19,186,70,5500000,1.621296e+18,7.60140233458373
27,177,76,2200000,1.45152e+18,6.21660610108486
26,183,79,2900000,1.6097184e+18,6.21660610108486
32,180,78,1800000,1.5778368e+18,6.21660610108486
34,181,80,1100000,1.6128288e+18,6.21660610108486
20,186,78,3700000,1.563408e+18,8.29429960885724
22,184,84,2200000,1.600992e+18,7.60140233458373
33,187,85,1400000,1.6099776e+18,6.21660610108486
21,174,65,4300000,1.566864e+18,8.5173931714189
32,174,75,1500000,1.6099776e+18,6.21660610108486
29,179,74,1900000,1.5186528e+18,6.21660610108486
23,168,68,3300000,1.5633216e+18,6.21660610108486
24,184,82,2300000,1.610064e+18,7.60140233458373
19,177,80,4600000,1.5804288e+18,8.98732181285012
25,172,67,2e+06,1.5463008e+18,8.5173931714189
19,175,65,4700000,1.5743808e+18,6.90875477931522
19,170,60,6400000,1.5623712e+18,8.00670084544037
20,182,77,6100000,1.6285536e+18,8.69968140098951
20,176,69,4600000,1.601424e+18,8.98732181285012
22,165,65,3900000,1.5757632e+18,8.5173931714189
28,191,80,2200000,1.3726368e+18,6.21660610108486
21,175,70,5400000,1.6238016e+18,6.21660610108486
22,186,77,4100000,1.5304032e+18,8.29429960885724
19,172,70,6100000,1.5294528e+18,9.10509096125708
29,170,64,1300000,1.578096e+18,8.29429960885724
30,168,65,1300000,1.578096e+18,7.60140233458373
24,173,72,2e+06,1.5658272e+18,8.29429960885724
27,188,70,1400000,1.6250976e+18,8.00670084544037
23,193,84,3600000,1.578528e+18,7.60140233458373
21,177,68,5800000,1.5778368e+18,8.29429960885724
18,180,74,3800000,1.5619392e+18,6.90875477931522
26,175,70,1700000,1.5791328e+18,8.69968140098951
24,178,72,2800000,1.5952896e+18,8.00670084544037
21,172,64,6600000,1.5304032e+18,8.00670084544037
27,185,79,2100000,1.5788736e+18,8.5173931714189
19,170,60,4600000,1.578096e+18,7.60140233458373
23,178,68,2e+06,1.5805152e+18,7.60140233458373
21,177,65,3600000,1.5804288e+18,7.60140233458373
23,175,69,1900000,1.5805152e+18,6.90875477931522
24,192,86,2e+06,1.6164576e+18,8.29429960885724
26,183,83,2200000,1.6028064e+18,9.30574145673944
22,188,77,3100000,1.5812064e+18,7.60140233458373
21,189,82,4800000,1.6302816e+18,8.69968140098951
21,174,67,4300000,1.5619392e+18,7.60140233458373
20,174,64,5100000,1.5619392e+18,8.5173931714189
21,170,68,5300000,1.5304032e+18,6.21660610108486
20,188,68,4900000,1.5304032e+18,6.21660610108486
29,189,85,1200000,1.630368e+18,8.5173931714189
28,179,77,1500000,1.5991776e+18,6.90875477931522
22,190,78,4100000,1.5965856e+18,8.8538082749772
21,190,82,5800000,1.53576e+18,6.21660610108486
19,177,72,5300000,1.5856992e+18,7.60140233458373
18,176,70,5100000,1.5778368e+18,7.60140233458373
18,181,67,6500000,1.5935616e+18,8.29429960885724
18,178,63,6600000,1.5304032e+18,8.69968140098951
23,184,76,5100000,1.5304032e+18,7.60140233458373
21,175,73,5600000,1.5935616e+18,8.00670084544037
24,188,79,2600000,1.5935616e+18,7.60140233458373
22,186,77,3800000,1.6294176e+18,9.10509096125708
34,175,73,675000,1.59624e+18,6.90875477931522
23,189,77,3100000,1.5935616e+18,8.69968140098951
22,169,60,5100000,1.5602976e+18,8.98732181285012
22,184,79,4600000,1.5935616e+18,8.98732181285012
25,181,76,1800000,1.6250976e+18,8.00670084544037
24,189,84,2300000,1.595808e+18,8.5173931714189
20,179,71,5300000,1.5935616e+18,8.98732181285012
19,180,73,5600000,1.6028928e+18,9.10509096125708
18,183,80,5300000,1.5935616e+18,8.29429960885724
25,180,78,1700000,1.6250976e+18,8.00670084544037
23,192,85,4600000,1.6244928e+18,8.29429960885724
22,173,69,3800000,1.5463008e+18,8.29429960885724
20,183,75,3900000,1.59624e+18,8.98732181285012
24,178,73,1900000,1.6250976e+18,8.00670084544037
24,194,90,3500000,1.6274304e+18,7.60140233458373
20,185,79,6300000,1.5304032e+18,9.10509096125708
23,179,77,4400000,1.5990912e+18,7.60140233458373
26,197,85,1900000,1.5989184e+18,7.60140233458373
26,178,74,2500000,1.5994368e+18,8.5173931714189
23,191,81,2800000,1.599696e+18,8.00670084544037
21,177,72,4300000,1.5998688e+18,7.60140233458373
20,192,87,4200000,1.5935616e+18,8.69968140098951
21,178,63,5600000,1.5619392e+18,10.3089859934221
20,185,85,5600000,1.593216e+18,9.68040649926888
21,174,67,2600000,1.601424e+18,8.5173931714189
25,185,79,2900000,1.6085952e+18,6.21660610108486
25,188,78,2e+06,1.6190496e+18,8.5173931714189
25,182,73,4500000,1.6190496e+18,6.21660610108486
20,182,79,4600000,1.5778368e+18,6.90875477931522
20,192,77,6500000,1.5935616e+18,8.00670084544037
19,184,73,4400000,1.6047936e+18,8.5173931714189
30,186,78,1800000,1.5778368e+18,6.21660610108486
32,175,70,1800000,1.5646176e+18,6.21660610108486
27,172,70,2400000,1.6098048e+18,6.21660610108486
23,190,82,4400000,1.5961536e+18,8.00670084544037
31,175,72,1600000,1.5778368e+18,6.21660610108486
24,178,79,2700000,1.5463008e+18,6.21660610108486
21,173,59,3800000,1.5963264e+18,6.21660610108486
37,187,85,237000,1.5463008e+18,6.21660610108486
25,177,70,3100000,1.5326496e+18,6.21660610108486
24,182,70,4800000,1.6276896e+18,6.21660610108486
23,178,73,2600000,1.5646176e+18,8.5173931714189
23,177,70,5400000,1.5778368e+18,6.21660610108486
19,175,65,4600000,1.6086816e+18,8.29429960885724
26,175,69,2700000,1.5778368e+18,6.21660610108486
25,178,71,2900000,1.4516064e+18,6.21660610108486
24,172,63,2100000,1.6098912e+18,8.29429960885724
29,184,83,1900000,1.608768e+18,6.21660610108486
21,181,75,3700000,1.6098912e+18,6.85751406254539
21,179,70,3900000,1.6102368e+18,8.29429960885724
22,185,75,4700000,1.610496e+18,8.29429960885724
28,173,65,1300000,1.6111872e+18,7.60140233458373
20,192,84,4800000,1.6015104e+18,8.29429960885724
29,184,79,1400000,1.6118784e+18,8.29429960885724
33,190,85,1400000,1.6102368e+18,6.21660610108486
24,182,79,3200000,1.6121376e+18,6.21660610108486
22,187,77,3e+06,1.6132608e+18,6.90875477931522
25,186,79,2700000,1.6133472e+18,6.21660610108486
22,173,72,5200000,1.5172704e+18,6.21660610108486
23,185,75,3200000,1.6292448e+18,8.5173931714189
22,186,87,3e+06,1.6257024e+18,7.60140233458373
19,188,79,6e+06,1.5752448e+18,8.69968140098951
24,181,78,2300000,1.6250976e+18,8.5173931714189
26,178,71,2e+06,1.5935616e+18,8.00670084544037
20,174,72,3500000,1.5619392e+18,8.00670084544037
23,183,70,2100000,1.5935616e+18,8.00670084544037
22,190,82,5100000,1.5952032e+18,7.60140233458373
23,177,70,5300000,1.5619392e+18,8.00670084544037
24,186,80,3500000,1.4988672e+18,7.60140233458373
24,181,76,3e+06,1.601856e+18,7.60140233458373
24,178,67,4400000,1.6250976e+18,8.8538082749772
20,184,74,5300000,1.5876864e+18,6.21660610108486
26,180,76,2400000,1.5991776e+18,8.5173931714189
21,185,77,4100000,1.6257024e+18,8.00670084544037
25,193,89,1800000,1.6250976e+18,8.5173931714189
29,186,83,1400000,1.6250976e+18,8.5173931714189
21,186,69,5100000,1.6257888e+18,9.39274525863144
24,185,75,3e+06,1.625616e+18,6.21660610108486
25,170,67,2700000,1.62648e+18,8.69968140098951
28,185,77,1800000,1.6266528e+18,8.5173931714189
22,181,73,5500000,1.627776e+18,9.10509096125708
20,168,71,4100000,1.628208e+18,8.29429960885724
21,170,62,3800000,1.6287264e+18,8.29429960885724
23,188,75,3600000,1.625184e+18,6.21660610108486
20,187,75,4400000,1.6250976e+18,9.95232533461943
23,190,70,5e+06,1.629936e+18,6.21660610108486
17,169,67,5100000,1.6250976e+18,6.21660610108486
23,186,84,3700000,1.6297632e+18,7.60140233458373
36,195,93,144000,1.5018048e+18,7.60140233458373
39,168,71,481000,1.5958944e+18,7.60140233458373
37,188,84,131000,1.6008192e+18,7.60140233458373
36,182,76,399000,1.5947712e+18,8.00670084544037
36,183,76,221000,1.6106688e+18,7.60140233458373
38,182,80,153000,1.6250976e+18,8.00670084544037
35,185,78,135000,1.5510528e+18,6.90875477931522
35,185,75,543000,1.5825024e+18,8.00670084544037
37,178,72,510000,1.5619392e+18,9.30574145673944
21,168,64,2200000,1.631664e+18,6.21660610108486
36,180,80,440000,1.4673312e+18,7.60140233458373
24,178,77,1900000,1.5807744e+18,7.60140233458373
33,182,80,481000,1.6257024e+18,7.60140233458373
32,170,68,1200000,1.625616e+18,8.5173931714189
33,187,86,5e+05,1.5319584e+18,8.29429960885724
33,178,74,963000,1.6302816e+18,8.29429960885724
33,178,76,744000,1.610064e+18,8.00670084544037
33,187,90,540000,1.5993504e+18,6.47850964220857
35,176,68,525000,1.4996448e+18,8.29429960885724
33,191,80,760000,1.3358304e+18,9.10509096125708
35,175,72,560000,1.6274304e+18,8.00670084544037
33,186,86,744000,1.6128288e+18,7.60140233458373
33,186,87,5e+05,1.5335136e+18,7.60140233458373
31,183,80,1300000,1.6097184e+18,8.00670084544037
35,189,93,324000,1.5673824e+18,7.60140233458373
33,180,77,7e+05,1.6250976e+18,8.00670084544037
32,173,62,1200000,1.628208e+18,8.29429960885724
31,193,76,788000,1.6250976e+18,6.90875477931522
32,170,67,1300000,1.6291584e+18,8.5173931714189
38,182,80,344000,1.262304e+18,7.60140233458373
38,191,84,323000,1.5463008e+18,6.21660610108486
35,186,82,288000,1.5920064e+18,6.90875477931522
33,181,89,481000,1.6231968e+18,6.90875477931522
32,177,71,750000,1.49904e+18,8.29429960885724
32,180,81,688000,1.4726016e+18,8.29429960885724
36,183,74,276000,1.5800832e+18,8.00670084544037
32,183,83,963000,1.6238016e+18,7.60140233458373
31,186,90,1300000,1.6274304e+18,8.29429960885724
32,179,75,844000,1.6032384e+18,6.90875477931522
32,187,76,810000,1.6252704e+18,8.00670084544037
33,177,74,585000,1.4988672e+18,8.69968140098951
34,176,78,620000,1.5825024e+18,8.29429960885724
32,191,91,744000,1.50336e+18,6.90875477931522
32,183,71,1300000,1.4673312e+18,8.5173931714189
33,178,72,919000,1.6242336e+18,7.60140233458373
32,194,92,688000,1.5646176e+18,6.90875477931522
32,193,91,723000,1.6266528e+18,8.69968140098951
27,175,72,1400000,1.6250976e+18,6.90875477931522
35,182,80,131000,1.2464064e+18,7.60140233458373
31,188,85,720000,1.5795648e+18,8.69968140098951
31,174,72,906000,1.5971904e+18,8.5173931714189
33,184,85,413000,1.562112e+18,8.29429960885724
33,185,77,683000,1.5771456e+18,8.29429960885724
35,187,86,345000,1.550016e+18,7.60140233458373
34,175,72,680000,1.5463008e+18,8.29429960885724
31,185,81,1200000,1.6300224e+18,6.21660610108486
29,172,75,1100000,1.5319584e+18,8.00670084544037
32,183,76,1300000,1.6125696e+18,9.30574145673944
30,180,69,1300000,1.6263072e+18,8.29429960885724
32,177,74,1200000,1.6282944e+18,8.00670084544037
33,178,73,919000,1.5149376e+18,8.00670084544037
35,183,73,357000,1.5064704e+18,8.00670084544037
30,183,76,1e+06,1.4396832e+18,7.60140233458373
31,182,79,765000,1.262304e+18,9.10509096125708
32,173,72,990000,1.6103232e+18,8.00670084544037
32,186,83,875000,1.6287264e+18,7.60140233458373
34,182,77,390000,1.610064e+18,8.00670084544037
30,175,70,1200000,1.5935616e+18,8.00670084544037
33,181,73,963000,1.5943392e+18,8.29429960885724
33,194,88,688000,1.5656544e+18,8.00670084544037
35,162,64,630000,1.4357088e+18,6.90875477931522
32,188,78,810000,1.3735008e+18,6.90875477931522
29,170,64,1100000,1.5989184e+18,7.60140233458373
31,181,81,1e+06,1.5475968e+18,7.60140233458373
38,188,90,645000,1.5619392e+18,6.21660610108486
30,188,79,1100000,1.5295392e+18,9.30574145673944
31,197,85,1100000,1.6250976e+18,8.5173931714189
30,184,79,1100000,1.6024608e+18,8.00670084544037
32,184,75,719000,1.5982272e+18,7.60140233458373
31,180,70,1200000,1.6266528e+18,7.60140233458373
32,173,65,844000,1.564704e+18,8.00670084544037
32,181,79,798000,1.628208e+18,7.60140233458373
30,188,85,875000,1.6201728e+18,6.90875477931522
30,192,83,1100000,1.6276032e+18,8.29429960885724
31,186,81,1300000,1.5337728e+18,9.30574145673944
31,179,77,1100000,1.5935616e+18,7.60140233458373
34,196,78,218000,1.5965856e+18,7.60140233458373
32,186,82,798000,1.5626304e+18,7.60140233458373
30,173,70,1100000,1.6002144e+18,8.00670084544037
30,185,82,1200000,1.6094592e+18,8.00670084544037
30,180,72,1300000,1.5619392e+18,8.00670084544037
30,184,83,1200000,1.626912e+18,8.00670084544037
30,188,80,1500000,1.531872e+18,8.8538082749772
32,180,74,1100000,1.4357088e+18,7.60140233458373
33,168,69,683000,1.1684736e+18,8.00670084544037
33,174,68,683000,1.5501024e+18,8.29429960885724
33,182,73,698000,1.1991456e+18,8.5173931714189
30,188,84,1e+06,1.5640128e+18,8.00670084544037
35,180,70,438000,1.48392e+18,6.90875477931522
32,184,70,1200000,1.5982272e+18,8.29429960885724
29,175,72,1300000,1.3462848e+18,8.69968140098951
33,190,85,540000,1.62864e+18,6.21660610108486
34,177,75,540000,1.6250976e+18,8.00670084544037
29,175,66,1300000,1.6267392e+18,8.29429960885724
35,182,74,506000,1.6254432e+18,6.90875477931522
31,198,94,1300000,1.5337728e+18,9.39274525863144
30,183,76,1400000,1.5619392e+18,8.5173931714189
30,181,76,1100000,1.49904e+18,8.00670084544037
31,170,73,781000,1.6250976e+18,8.00670084544037
30,176,71,1200000,1.5636672e+18,8.8538082749772
34,188,93,218000,1.5821568e+18,7.60140233458373
31,190,83,653000,1.5947712e+18,6.90875477931522
35,179,73,543000,1.5646176e+18,7.60140233458373
30,180,80,1300000,1.5628032e+18,8.69968140098951
32,180,70,844000,1.5355872e+18,8.29429960885724
32,178,70,979000,1.5985728e+18,8.29429960885724
29,178,80,1100000,1.5952032e+18,8.29429960885724
32,187,80,688000,1.4530752e+18,8.29429960885724
30,180,73,1500000,1.5619392e+18,8.5173931714189
31,183,78,675000,1.5155424e+18,8.00670084544037
29,178,71,1300000,1.5676416e+18,8.00670084544037
30,183,83,1e+06,1.628208e+18,6.90875477931522
31,177,77,1100000,1.597104e+18,9.39274525863144
32,187,77,743000,1.4988672e+18,8.00670084544037
29,177,72,1100000,1.602288e+18,8.00670084544037
29,175,74,1500000,1.6000416e+18,8.5173931714189
29,188,76,1300000,1.530144e+18,8.29429960885724
29,184,85,1500000,1.6250976e+18,8.00670084544037
29,185,80,1500000,1.5645312e+18,8.5173931714189
27,191,79,1600000,1.6237152e+18,8.00670084544037
32,178,65,1100000,1.5304032e+18,8.00670084544037
30,170,70,1800000,1.6092e+18,6.21660610108486
28,185,83,1300000,1.6146432e+18,8.00670084544037
32,180,73,750000,1.262304e+18,7.60140233458373
37,184,82,153000,1.117584e+18,8.5173931714189
30,180,72,906000,1.6263936e+18,8.00670084544037
30,201,94,1300000,1.5986592e+18,8.69968140098951
33,175,75,675000,1.6141248e+18,7.60140233458373
31,180,75,1600000,1.6106688e+18,6.21660610108486
31,189,75,719000,1.6034112e+18,7.60140233458373
31,187,74,719000,1.6250976e+18,8.00670084544037
28,168,77,1500000,1.5653088e+18,8.29429960885724
31,180,73,1300000,1.5915744e+18,7.60140233458373
28,191,85,1400000,1.6250976e+18,8.00670084544037
27,187,81,1e+06,1.4851296e+18,6.90875477931522
28,185,73,1100000,1.5816384e+18,7.60140233458373
32,186,76,1300000,1.5493248e+18,8.8538082749772
30,184,80,1e+06,1.5964128e+18,8.00670084544037
32,178,77,1200000,1.6094592e+18,6.21660610108486
38,185,74,247000,1.6111008e+18,7.60140233458373
31,183,79,1400000,1.6246656e+18,8.69968140098951
34,175,60,574000,1.5961536e+18,8.00670084544037
29,182,73,1100000,1.5619392e+18,8.00670084544037
30,187,83,861000,1.6250976e+18,8.00670084544037
29,188,77,1300000,1.6103232e+18,7.60140233458373
27,180,73,1300000,1.6272576e+18,8.00670084544037
27,181,77,1600000,1.6250976e+18,7.60140233458373
29,196,93,1300000,1.5990048e+18,8.00670084544037
29,182,76,1e+06,1.630368e+18,7.60140233458373
30,174,73,1300000,1.601856e+18,7.60140233458373
30,180,72,1300000,1.597104e+18,8.29429960885724
29,184,76,1100000,1.6127424e+18,7.60140233458373
28,190,80,962000,1.59624e+18,7.60140233458373
30,180,75,1300000,1.568592e+18,7.60140233458373
29,175,78,1500000,1.5619392e+18,8.00670084544037
29,190,82,861000,1.5631488e+18,6.90875477931522
28,178,70,1100000,1.599696e+18,8.00670084544037
31,174,75,810000,1.610928e+18,7.60140233458373
30,196,85,1100000,1.6094592e+18,8.29429960885724
31,168,71,945000,1.6307136e+18,7.60140233458373
28,176,76,1200000,1.4992992e+18,8.00670084544037
30,186,88,1e+06,1.4840064e+18,7.60140233458373
29,182,79,938000,1.4846112e+18,8.29429960885724
28,173,68,1200000,1.2805344e+18,8.00670084544037
29,188,88,834000,1.5765408e+18,7.60140233458373
28,183,71,1100000,1.6254432e+18,8.29429960885724
34,183,70,426000,1.4248224e+18,8.69968140098951
27,177,72,1700000,1.6250976e+18,7.60140233458373
31,175,68,1500000,1.518048e+18,6.21660610108486
27,193,94,1700000,1.6250976e+18,8.00670084544037
32,196,84,616000,1.5741216e+18,7.60140233458373
32,175,64,870000,1.6094592e+18,7.60140233458373
29,174,68,1200000,1.5976224e+18,8.29429960885724
30,181,73,945000,1.631232e+18,6.39859493453521
28,175,58,1500000,1.596672e+18,8.00670084544037
32,188,87,1100000,1.5634944e+18,8.29429960885724
30,189,80,1e+06,1.6248384e+18,8.00670084544037
32,179,77,1100000,1.6239744e+18,7.60140233458373
31,180,72,844000,1.5329952e+18,8.00670084544037
28,175,69,1300000,1.5482016e+18,6.90875477931522
31,179,72,906000,1.6085952e+18,6.90875477931522
27,185,70,1600000,1.5794784e+18,8.29429960885724
28,183,80,1500000,1.6250976e+18,8.5173931714189
28,185,70,1300000,1.562112e+18,8.00670084544037
28,173,67,1500000,1.4383872e+18,8.69968140098951
28,181,73,1100000,1.5475968e+18,7.60140233458373
29,174,69,1e+06,1.5656544e+18,7.60140233458373
29,176,69,1e+06,1.5821568e+18,8.00670084544037
29,175,69,1800000,1.615248e+18,6.21660610108486
30,177,70,1200000,1.5954624e+18,8.00670084544037
35,187,86,399000,1.5983136e+18,7.60140233458373
29,177,73,1100000,1.56384e+18,8.00670084544037
32,193,88,743000,1.5978816e+18,7.60140233458373
27,180,70,1300000,1.5645312e+18,8.00670084544037
28,189,81,1100000,1.6308864e+18,8.00670084544037
26,196,82,1700000,1.6025472e+18,8.00670084544037
37,183,84,194000,1.5809472e+18,6.21660610108486
29,182,75,1200000,1.5973632e+18,7.60140233458373
27,168,64,1400000,1.465344e+18,8.69968140098951
28,180,72,1200000,1.5978816e+18,6.90875477931522
30,197,79,1400000,1.6304544e+18,7.60140233458373
27,173,67,1600000,1.6250976e+18,8.29429960885724
26,177,68,1800000,1.5601248e+18,8.69968140098951
32,185,84,776000,1.6104096e+18,7.60140233458373
28,181,74,1400000,1.6004736e+18,8.00670084544037
30,182,75,1400000,1.6111872e+18,8.29429960885724
29,183,72,938000,1.6098048e+18,8.00670084544037
25,180,74,1500000,1.5147648e+18,7.60140233458373
30,190,85,980000,1.6250976e+18,8.5173931714189
28,191,80,1400000,1.625616e+18,8.29429960885724
27,179,65,1500000,1.5799104e+18,8.29429960885724
32,178,74,844000,1.6015968e+18,7.60140233458373
29,183,70,1300000,1.5805152e+18,7.60140233458373
27,192,90,1200000,1.6149024e+18,8.00670084544037
29,182,75,926000,1.6309728e+18,7.60140233458373
27,169,65,1200000,1.596672e+18,8.00670084544037
26,185,73,2100000,1.6250976e+18,9.47278155656217
29,184,80,1600000,1.6302816e+18,8.00670084544037
27,191,80,1400000,1.6186176e+18,6.90875477931522
31,185,78,844000,1.5011136e+18,8.00670084544037
36,195,91,122000,1.5619392e+18,6.90875477931522
35,186,85,135000,1.6094592e+18,6.90875477931522
26,182,70,1900000,1.5619392e+18,8.00670084544037
28,164,70,1300000,1.597104e+18,7.60140233458373
30,193,84,834000,1.3284864e+18,7.60140233458373
32,183,80,743000,1.6106688e+18,6.55250788703459
29,199,99,861000,1.5784416e+18,7.60140233458373
27,186,85,1100000,1.6270848e+18,8.00670084544037
25,163,66,1700000,1.5026688e+18,8.00670084544037
28,189,86,1600000,1.6267392e+18,6.21660610108486
28,190,88,1100000,1.5793056e+18,8.29429960885724
28,193,82,1300000,1.6250976e+18,8.69968140098951
26,183,73,2e+06,1.5971904e+18,8.00670084544037
28,181,78,1300000,1.4357088e+18,8.00670084544037
31,189,79,834000,1.550016e+18,7.60140233458373
25,185,73,2e+06,1.601856e+18,7.60140233458373
27,195,76,1600000,1.5964128e+18,7.60140233458373
33,190,80,495000,1.5634944e+18,8.29429960885724
28,188,81,840000,1.5952032e+18,8.00670084544037
28,171,67,1400000,1.630368e+18,9.21044036697652
32,176,70,1500000,1.57896e+18,6.21660610108486
29,182,81,1100000,1.325376e+18,7.60140233458373
35,185,82,149000,1.4646528e+18,7.60140233458373
27,191,88,1e+06,1.6121376e+18,7.60140233458373
26,173,70,1300000,1.6281216e+18,7.60140233458373
31,164,63,1200000,1.6293312e+18,8.8538082749772
26,191,75,1800000,1.5682464e+18,7.60140233458373
26,177,75,1800000,1.5619392e+18,8.29429960885724
29,179,77,1100000,1.4672448e+18,8.5173931714189
27,179,73,1100000,1.5639264e+18,7.60140233458373
30,191,82,1100000,1.6250976e+18,8.00670084544037
33,173,64,893000,1.4030496e+18,9.30574145673944
30,183,77,1100000,1.4503104e+18,7.60140233458373
27,183,77,1300000,1.6121376e+18,6.90875477931522
27,181,74,1600000,1.5967584e+18,8.5173931714189
27,180,74,1800000,1.5482016e+18,9.10509096125708
26,178,66,1600000,1.597104e+18,8.29429960885724
29,179,72,1200000,1.6280352e+18,9.21044036697652
27,186,84,1100000,1.3411008e+18,9.10509096125708
35,178,78,380000,1.6249248e+18,8.29429960885724
27,192,87,1300000,1.5619392e+18,8.00670084544037
29,191,72,1300000,1.6029792e+18,8.00670084544037
27,182,70,1400000,1.5958944e+18,7.60140233458373
26,179,75,1700000,1.3437792e+18,8.00670084544037
30,187,86,834000,1.421712e+18,8.00670084544037
27,169,60,1100000,1.6269984e+18,7.60140233458373
30,185,80,1100000,1.6250976e+18,8.00670084544037
26,176,70,1700000,1.5657408e+18,8.00670084544037
29,185,70,1300000,1.5935616e+18,7.60140233458373
30,186,81,1100000,1.563408e+18,8.29429960885724
26,174,73,1200000,1.6265664e+18,6.90875477931522
27,173,68,1200000,1.6254432e+18,6.90875477931522
32,187,82,688000,1.5786144e+18,8.00670084544037
30,182,80,1100000,1.5304032e+18,6.90875477931522
29,182,75,943000,1.5782688e+18,8.00670084544037
31,174,68,781000,1.610064e+18,7.60140233458373
26,196,100,2e+06,1.5964128e+18,8.00670084544037
27,184,77,1300000,1.4988672e+18,6.90875477931522
26,172,75,2e+06,1.6250976e+18,8.00670084544037
28,177,71,1e+06,1.6141248e+18,8.00670084544037
26,173,68,1800000,1.6231968e+18,8.29429960885724
25,188,70,1800000,1.6254432e+18,7.60140233458373
29,193,93,1500000,1.6115328e+18,8.00670084544037
31,178,75,1100000,1.5304032e+18,6.90875477931522
30,191,81,834000,1.6094592e+18,7.60140233458373
28,186,76,1100000,1.4217984e+18,6.90875477931522
29,191,85,1100000,1.6262208e+18,7.60140233458373
31,196,83,719000,1.6025472e+18,7.60140233458373
26,198,93,1600000,1.610064e+18,7.60140233458373
27,175,78,1600000,1.6250976e+18,8.29429960885724
25,181,74,1400000,1.6115328e+18,7.60140233458373
25,175,70,2400000,1.49904e+18,9.21044036697652
30,193,86,863000,1.48176e+18,7.60140233458373
32,185,80,743000,1.4673312e+18,6.90875477931522
30,194,82,945000,1.6263072e+18,6.68586094706836
30,189,86,1e+06,1.6265664e+18,7.60140233458373
32,179,72,776000,1.5468192e+18,6.90875477931522
30,174,77,1600000,1.5778368e+18,6.21660610108486
32,175,70,776000,1.5463008e+18,6.90875477931522
34,186,78,405000,1.5778368e+18,6.55250788703459
28,185,77,1200000,1.610064e+18,6.90875477931522
31,174,71,1600000,1.5778368e+18,6.21660610108486
28,178,71,1200000,1.578528e+18,6.90875477931522
32,178,72,1500000,1.6105824e+18,6.21660610108486
29,177,73,1100000,1.4988672e+18,6.90875477931522
24,187,71,2900000,1.578528e+18,8.00670084544037
34,195,80,323000,1.5161472e+18,6.21660610108486
34,186,88,574000,1.6140384e+18,6.90875477931522
29,172,69,1100000,1.6136064e+18,7.60140233458373
34,188,81,616000,1.6249248e+18,8.29429960885724
30,189,79,1100000,1.578096e+18,7.60140233458373
30,183,83,1100000,1.6003008e+18,8.29429960885724
25,182,76,2e+06,1.5283296e+18,7.60140233458373
25,178,73,1800000,1.5620256e+18,8.00670084544037
30,177,74,1200000,1.6261344e+18,8.00670084544037
25,186,80,2300000,1.3703904e+18,7.60140233458373
31,175,72,781000,1.4988672e+18,8.29429960885724
26,191,78,2200000,1.625184e+18,9.10509096125708
27,177,79,1400000,1.4041728e+18,8.00670084544037
29,183,79,979000,1.6250976e+18,8.29429960885724
27,194,82,1200000,1.6015104e+18,7.60140233458373
27,180,83,1400000,1.5943392e+18,8.00670084544037
33,184,78,860000,1.6106688e+18,6.21660610108486
28,185,78,1400000,1.551312e+18,8.29429960885724
26,184,76,1800000,1.5304032e+18,8.29429960885724
26,185,77,1700000,1.6250976e+18,8.00670084544037
27,191,86,2100000,1.6263072e+18,8.00670084544037
32,183,82,1e+06,1.6250976e+18,8.5173931714189
28,176,70,1100000,1.5778368e+18,8.00670084544037
33,180,75,715000,1.4837472e+18,8.00670084544037
29,178,85,1500000,1.5972768e+18,8.00670084544037
28,194,89,1100000,1.5947712e+18,7.60140233458373
34,187,81,330000,1.4832288e+18,6.21660610108486
29,187,84,1100000,1.4832288e+18,8.00670084544037
29,180,80,979000,1.5778368e+18,6.90875477931522
29,176,73,1800000,1.5791328e+18,6.21660610108486
30,180,76,1400000,1.5644448e+18,8.00670084544037
28,194,90,1300000,1.61352e+18,8.5173931714189
26,184,73,1400000,1.6242336e+18,8.00670084544037
26,185,93,1500000,1.5818976e+18,8.8538082749772
25,188,76,1900000,1.5981408e+18,8.5173931714189
25,190,77,1400000,1.3736736e+18,7.60140233458373
25,177,67,2200000,1.565568e+18,7.60140233458373
24,185,72,3400000,1.6309728e+18,9.21044036697652
28,175,73,1100000,1.6128288e+18,8.5173931714189
25,177,68,1800000,1.6300224e+18,7.60140233458373
24,194,94,1600000,1.5472512e+18,6.90875477931522
27,188,84,1300000,1.5986592e+18,7.60140233458373
24,168,64,2400000,1.6284672e+18,8.29429960885724
27,185,83,1500000,1.5821568e+18,8.00670084544037
25,185,75,1500000,1.6270848e+18,7.60140233458373
25,180,71,2200000,1.5156288e+18,8.29429960885724
25,189,65,2100000,1.3848192e+18,7.60140233458373
30,175,73,1100000,1.550016e+18,7.60140233458373
27,182,78,1700000,1.623888e+18,7.60140233458373
29,172,68,1100000,1.6101504e+18,7.60140233458373
26,190,84,2200000,1.5149376e+18,6.21660610108486
36,180,79,645000,1.5778368e+18,6.21660610108486
27,192,82,1300000,1.610064e+18,7.60140233458373
27,183,71,1400000,1.6147296e+18,7.60140233458373
27,189,82,2200000,1.5950304e+18,6.21660610108486
28,185,81,969000,1.3885344e+18,7.60140233458373
29,188,79,1100000,1.6094592e+18,7.60140233458373
25,169,60,1300000,1.3885344e+18,8.00670084544037
27,173,73,1500000,1.548288e+18,9.30574145673944
31,176,70,1100000,1.29384e+18,8.69968140098951
28,176,68,1200000,1.5954624e+18,8.29429960885724
28,183,70,1300000,1.325376e+18,8.69968140098951
28,170,66,1300000,1.3614912e+18,8.69968140098951
24,187,73,2800000,1.3885344e+18,8.29429960885724
24,182,84,1800000,1.5619392e+18,8.29429960885724
24,174,60,1600000,1.6133472e+18,7.60140233458373
28,179,69,1300000,1.6173216e+18,8.00670084544037
24,188,83,1600000,1.5342912e+18,6.80350525760834
27,188,78,1300000,1.6098912e+18,8.29429960885724
28,180,67,1500000,1.607904e+18,7.60140233458373
30,170,72,1300000,1.519344e+18,8.5173931714189
30,160,60,1700000,1.625184e+18,8.5173931714189
25,173,68,1700000,1.5619392e+18,7.60140233458373
31,177,68,906000,1.6101504e+18,7.60140233458373
25,190,75,1400000,1.6250976e+18,8.00670084544037
30,190,81,1200000,1.562544e+18,8.29429960885724
29,178,78,1500000,1.6258752e+18,8.29429960885724
28,180,77,906000,1.6081632e+18,8.00670084544037
31,175,74,810000,1.4041728e+18,8.29429960885724
24,174,72,2e+06,1.6094592e+18,7.60140233458373
26,184,81,1700000,1.5607296e+18,7.60140233458373
27,174,70,1500000,1.6012512e+18,8.29429960885724
31,188,83,653000,1.6280352e+18,7.60140233458373
25,188,80,1400000,1.6250976e+18,7.60140233458373
27,176,64,1400000,1.4041728e+18,9.10509096125708
26,176,72,1700000,1.6252704e+18,8.00670084544037
27,182,76,1600000,1.6254432e+18,8.00670084544037
24,191,85,2300000,1.4297472e+18,8.8538082749772
25,195,88,1200000,1.5994368e+18,8.00670084544037
26,191,91,1300000,1.6238016e+18,8.29429960885724
22,185,82,3100000,1.5619392e+18,8.29429960885724
25,187,85,1900000,1.626048e+18,7.60140233458373
30,177,70,1800000,1.6104096e+18,6.21660610108486
25,196,84,1800000,1.611792e+18,7.60140233458373
27,183,73,1500000,1.5778368e+18,8.00670084544037
25,191,84,2e+06,1.48392e+18,8.00670084544037
28,187,83,1300000,1.595376e+18,8.29429960885724
25,181,69,1400000,1.4060736e+18,7.60140233458373
29,178,72,1100000,1.626912e+18,8.29429960885724
25,183,78,2600000,1.4975712e+18,6.85751406254539
25,187,70,1700000,1.5317856e+18,6.47850964220857
26,175,73,2300000,1.5977088e+18,8.5173931714189
24,174,71,1800000,1.6250976e+18,7.60140233458373
27,188,88,1200000,1.6170624e+18,8.69968140098951
33,187,78,860000,1.6105824e+18,6.21660610108486
25,180,73,2e+06,1.6279488e+18,7.60140233458373
25,178,80,1500000,1.501632e+18,7.60140233458373
29,174,66,1100000,1.5833664e+18,8.5173931714189
24,179,73,2100000,1.6250976e+18,7.60140233458373
25,195,85,1800000,1.62432e+18,8.00670084544037
28,184,74,1400000,1.625616e+18,7.60140233458373
25,184,73,2200000,1.6269984e+18,8.29429960885724
26,193,84,1800000,1.6280352e+18,8.00670084544037
24,193,80,2200000,1.5619392e+18,8.5173931714189
24,180,80,2600000,1.5436224e+18,6.55250788703459
25,181,78,1800000,1.6111872e+18,8.00670084544037
27,172,75,1600000,1.592784e+18,8.00670084544037
30,178,70,1100000,1.5619392e+18,8.00670084544037
26,185,74,1900000,1.595808e+18,8.5173931714189
23,171,67,3100000,1.532304e+18,6.21660610108486
23,185,75,2300000,1.6250976e+18,7.60140233458373
24,173,67,2300000,1.5982272e+18,8.29429960885724
29,170,70,1300000,1.5623712e+18,8.5173931714189
27,172,65,1600000,1.630368e+18,7.60140233458373
24,195,88,2e+06,1.59408e+18,8.29429960885724
27,185,70,2e+06,1.6049664e+18,6.21660610108486
27,180,75,1300000,1.6250976e+18,8.00670084544037
25,173,65,1700000,1.4883264e+18,7.60140233458373
23,170,70,1900000,1.5786144e+18,6.90875477931522
27,177,75,1400000,1.610496e+18,8.5173931714189
31,180,76,608000,1.5781824e+18,6.31173480915291
24,173,70,2700000,1.5778368e+18,8.29429960885724
28,185,80,1300000,1.564272e+18,8.00670084544037
24,180,65,1800000,1.628208e+18,8.00670084544037
31,180,72,1100000,1.5670368e+18,8.29429960885724
28,185,75,1300000,1.5035328e+18,7.60140233458373
23,187,80,1600000,1.4222304e+18,7.60140233458373
32,186,85,743000,1.5153696e+18,6.39859493453521
25,186,78,1900000,1.4832288e+18,8.00670084544037
27,180,70,1500000,1.6250112e+18,8.29429960885724
28,185,80,1100000,1.611792e+18,7.60140233458373
27,181,79,1800000,1.627344e+18,7.60140233458373
24,178,68,2300000,1.6103232e+18,7.60140233458373
27,193,81,1200000,1.6250976e+18,8.00670084544037
27,180,66,1500000,1.5801696e+18,8.69968140098951
24,178,64,2200000,1.5803424e+18,8.00670084544037
28,183,79,1300000,1.6275168e+18,8.00670084544037
24,185,80,2500000,1.5509664e+18,8.69968140098951
26,172,76,2300000,1.5476832e+18,6.21660610108486
24,185,83,2900000,1.6250976e+18,6.90875477931522
24,182,73,1500000,1.5801696e+18,8.00670084544037
27,178,74,1200000,1.6103232e+18,7.60140233458373
23,184,77,3300000,1.4041728e+18,8.98732181285012
28,171,64,1300000,1.5159744e+18,9.21044036697652
27,188,86,1300000,1.6250976e+18,8.00670084544037
23,181,65,2200000,1.6250976e+18,8.00670084544037
24,177,74,2900000,1.630368e+18,9.39274525863144
27,177,69,2100000,1.4228352e+18,8.00670084544037
24,189,84,2200000,1.6301952e+18,9.30574145673944
29,187,85,1500000,1.6270848e+18,8.29429960885724
23,183,82,2400000,1.5947712e+18,8.69968140098951
23,178,72,3100000,1.5794784e+18,8.00670084544037
24,179,77,2e+06,1.6250976e+18,7.60140233458373
23,168,71,2300000,1.6275168e+18,8.29429960885724
27,188,84,1400000,1.4357088e+18,7.60140233458373
23,183,70,2300000,1.6250976e+18,8.00670084544037
24,183,79,2e+06,1.5959808e+18,8.29429960885724
24,175,75,2900000,1.5804288e+18,8.69968140098951
24,170,68,2e+06,1.5572736e+18,7.60140233458373
23,179,77,3600000,1.6261344e+18,8.69968140098951
33,175,71,761000,1.346112e+18,8.29429960885724
25,173,68,1400000,1.616112e+18,6.55250788703459
31,181,78,1600000,1.6117056e+18,6.21660610108486
24,177,63,2500000,1.6250976e+18,8.00670084544037
24,176,70,1700000,1.5304032e+18,6.90875477931522
25,177,63,1600000,1.6015104e+18,8.00670084544037
22,177,73,3800000,1.5304896e+18,9.21044036697652
25,166,68,2e+06,1.6250976e+18,7.60140233458373
28,168,60,1100000,1.6250976e+18,7.60140233458373
25,187,77,1600000,1.6257024e+18,8.8538082749772
29,178,74,1600000,1.625616e+18,8.8538082749772
29,177,73,1600000,1.625616e+18,8.98732181285012
30,186,78,979000,1.5477696e+18,6.55250788703459
29,178,77,1400000,1.6250112e+18,8.29429960885724
21,181,69,1900000,1.625616e+18,8.29429960885724
23,193,98,2500000,1.6255296e+18,8.29429960885724
22,186,80,2500000,1.4369184e+18,7.60140233458373
27,181,68,1600000,1.4991264e+18,8.98732181285012
24,173,68,3900000,1.5970176e+18,8.00670084544037
24,188,83,2400000,1.5982272e+18,7.60140233458373
27,182,76,1400000,1.5774048e+18,6.90875477931522
24,181,75,2700000,1.5670368e+18,8.00670084544037
31,181,83,1200000,1.6110144e+18,6.21660610108486
27,180,73,1600000,1.5985728e+18,8.00670084544037
23,188,70,3100000,1.5941664e+18,7.60140233458373
24,174,66,2e+06,1.5619392e+18,7.60140233458373
22,172,77,4400000,1.5619392e+18,8.00670084544037
27,175,72,2e+06,1.610496e+18,6.21660610108486
27,180,77,1600000,1.5935616e+18,8.8538082749772
24,178,74,3100000,1.5304032e+18,7.60140233458373
23,188,78,3400000,1.4410656e+18,9.21044036697652
29,186,81,1300000,1.6250976e+18,8.5173931714189
25,184,87,2e+06,1.619568e+18,7.60140233458373
24,173,76,2900000,1.6250976e+18,8.29429960885724
23,173,65,2e+06,1.5671232e+18,8.29429960885724
24,192,83,3200000,1.6281216e+18,8.00670084544037
24,167,58,1600000,1.4516064e+18,7.60140233458373
23,190,90,2300000,1.5650496e+18,7.60140233458373
25,182,77,2400000,1.595808e+18,8.69968140098951
28,178,74,1900000,1.6274304e+18,6.21660610108486
27,183,75,1300000,1.5499296e+18,8.00670084544037
24,174,68,1800000,1.5935616e+18,7.60140233458373
25,181,73,3e+06,1.6094592e+18,8.29429960885724
32,170,68,875000,1.626048e+18,8.29429960885724
30,170,64,1100000,1.5151104e+18,8.00670084544037
27,179,75,1400000,1.6250976e+18,7.60140233458373
26,171,64,1300000,1.578096e+18,7.60140233458373
29,166,60,1100000,1.3885344e+18,8.29429960885724
28,178,78,1100000,1.6250112e+18,8.5173931714189
26,193,85,1700000,1.5323904e+18,8.29429960885724
29,185,78,748000,1.578096e+18,8.00670084544037
26,174,68,1200000,1.6101504e+18,8.29429960885724
32,175,60,750000,1.29384e+18,8.29429960885724
26,182,75,1500000,1.578096e+18,7.60140233458373
25,172,67,1300000,1.4853024e+18,7.60140233458373
36,176,65,344000,1.3890528e+18,8.00670084544037
27,177,68,1200000,1.6253568e+18,7.60140233458373
23,175,64,1700000,1.5450048e+18,7.60140233458373
24,184,80,2700000,1.4518656e+18,8.00670084544037
22,175,65,3300000,1.5619392e+18,8.00670084544037
27,172,69,1e+06,1.578096e+18,8.00670084544037
30,170,63,943000,1.5805152e+18,8.29429960885724
32,182,75,688000,1.5316992e+18,7.60140233458373
25,176,66,1500000,1.6098048e+18,6.90875477931522
25,185,81,1600000,1.610064e+18,7.60140233458373
31,181,73,776000,1.597104e+18,6.55250788703459
25,186,79,1700000,1.5997824e+18,8.00670084544037
32,181,76,531000,1.4837472e+18,6.90875477931522
34,175,70,5e+05,1.5466464e+18,7.60140233458373
24,185,75,1600000,1.613088e+18,6.90875477931522
23,190,89,2500000,1.6250976e+18,8.5173931714189
22,182,64,3600000,1.6237152e+18,8.5173931714189
31,177,75,1300000,1.5816384e+18,6.21660610108486
22,178,66,2e+06,1.6157664e+18,6.85751406254539
24,185,81,1700000,1.6250976e+18,7.60140233458373
27,186,76,2100000,1.5718752e+18,6.21660610108486
28,185,74,1400000,1.6009056e+18,7.60140233458373
21,182,69,3700000,1.4357088e+18,7.60140233458373
24,174,70,2300000,1.405296e+18,9.21044036697652
22,191,82,4e+06,1.504224e+18,9.10509096125708
24,188,80,2400000,1.5934752e+18,7.60140233458373
33,173,63,743000,1.5177888e+18,8.00670084544037
23,188,78,2600000,1.6250976e+18,7.60140233458373
23,186,73,1800000,1.6250976e+18,8.00670084544037
29,174,68,1400000,1.6288128e+18,8.5173931714189
21,172,69,1900000,1.6257024e+18,8.69968140098951
24,195,77,3500000,1.5663456e+18,7.60140233458373
20,177,72,3900000,1.5342048e+18,6.90875477931522
27,186,79,2e+06,1.5984e+18,8.29429960885724
25,175,70,2e+06,1.5803424e+18,8.8538082749772
25,185,70,1500000,1.4673312e+18,8.29429960885724
25,182,71,1600000,1.6250976e+18,7.60140233458373
29,170,72,1200000,1.62648e+18,8.29429960885724
31,180,75,608000,1.6142976e+18,6.80350525760834
25,188,84,2600000,1.6250976e+18,8.29429960885724
31,183,78,1300000,1.5780096e+18,6.21660610108486
26,189,86,2500000,1.547856e+18,6.21660610108486
23,185,71,2700000,1.4540256e+18,8.98732181285012
23,185,72,3400000,1.4673312e+18,8.5173931714189
27,189,77,1300000,1.6250976e+18,8.29429960885724
25,178,72,2500000,1.6094592e+18,6.90875477931522
21,181,76,2e+06,1.531872e+18,7.60140233458373
28,183,72,1400000,1.5631488e+18,7.60140233458373
23,165,68,2800000,1.6261344e+18,8.00670084544037
25,194,78,1200000,1.5326496e+18,7.60140233458373
26,189,78,1900000,1.610496e+18,7.60140233458373
29,186,84,1100000,1.5644448e+18,8.5173931714189
24,190,82,2200000,1.6292448e+18,7.60140233458373
25,195,76,2100000,1.6250976e+18,9.21044036697652
24,197,92,1800000,1.5646176e+18,8.00670084544037
21,193,84,3100000,1.4688864e+18,8.98732181285012
26,195,90,1200000,1.59408e+18,6.47850964220857
26,171,70,1500000,1.5619392e+18,8.5173931714189
24,176,76,2500000,1.6280352e+18,8.00670084544037
24,178,63,1700000,1.610496e+18,7.60140233458373
23,183,70,2900000,1.5170112e+18,8.98732181285012
22,179,79,2500000,1.5933888e+18,7.60140233458373
23,168,75,3300000,1.4673312e+18,8.00670084544037
22,175,75,2600000,1.6127424e+18,8.00670084544037
24,185,80,3700000,1.6032384e+18,7.60140233458373
25,177,67,1800000,1.5464736e+18,8.00670084544037
23,178,73,3300000,1.6121376e+18,8.00670084544037
22,189,69,3700000,1.5620256e+18,9.21044036697652
29,185,70,1800000,1.5619392e+18,6.21660610108486
23,176,70,2400000,1.5024096e+18,8.29429960885724
27,185,73,1300000,1.625184e+18,8.5173931714189
21,187,73,4200000,1.4673312e+18,8.5173931714189
23,186,75,3800000,1.5989184e+18,8.8538082749772
25,186,79,2e+06,1.5778368e+18,6.21660610108486
22,175,68,3100000,1.6094592e+18,7.60140233458373
29,192,88,906000,1.262304e+18,6.90875477931522
24,174,68,1700000,1.6036704e+18,7.60140233458373
26,176,72,1600000,1.6250976e+18,8.5173931714189
22,183,68,3300000,1.4673312e+18,8.00670084544037
23,180,69,2500000,1.630368e+18,8.29429960885724
23,182,78,4100000,1.6280352e+18,8.5173931714189
25,181,76,1400000,1.4673312e+18,8.00670084544037
32,180,76,1500000,1.6093728e+18,6.21660610108486
21,190,70,3500000,1.4673312e+18,7.60140233458373
26,178,72,2300000,1.5670368e+18,8.69968140098951
26,183,79,1200000,1.4832288e+18,7.60140233458373
21,173,70,4400000,1.4969664e+18,9.21044036697652
31,180,75,750000,1.6101504e+18,6.90875477931522
22,172,55,4e+06,1.5323904e+18,8.5173931714189
28,182,77,1100000,1.5977952e+18,8.00670084544037
23,189,75,3400000,1.5791328e+18,7.60140233458373
29,189,85,1100000,1.5965856e+18,7.60140233458373
24,195,89,1300000,1.5973632e+18,7.60140233458373
21,174,69,3700000,1.6250976e+18,8.00670084544037
26,171,67,1600000,1.6250976e+18,9.21044036697652
21,181,70,3200000,1.600128e+18,8.29429960885724
28,180,72,1100000,1.325376e+18,7.60140233458373
31,166,59,875000,1.325376e+18,7.60140233458373
24,180,74,1900000,1.5645312e+18,8.98732181285012
25,174,71,1700000,1.6294176e+18,8.00670084544037
23,182,78,2800000,1.6250976e+18,8.5173931714189
21,173,61,4e+06,1.4876352e+18,9.21044036697652
22,180,71,3100000,1.6250112e+18,8.29429960885724
24,179,74,2e+06,1.6123968e+18,8.00670084544037
22,182,72,2600000,1.489536e+18,6.90875477931522
21,175,77,3800000,1.4845248e+18,8.5173931714189
21,179,65,2800000,1.4914368e+18,6.90875477931522
21,183,64,3800000,1.4854752e+18,8.98732181285012
27,179,67,2e+06,1.5463008e+18,6.21660610108486
28,186,81,1200000,1.595808e+18,7.60140233458373
20,167,58,4600000,1.531872e+18,7.60140233458373
22,193,90,3400000,1.609632e+18,9.47278155656217
32,186,76,834000,1.5304032e+18,8.00670084544037
24,184,67,2e+06,1.6250976e+18,7.60140233458373
25,188,79,1500000,1.5954624e+18,7.60140233458373
24,185,80,1500000,1.6280352e+18,8.29429960885724
22,188,80,4e+06,1.4673312e+18,8.8538082749772
25,192,91,1700000,1.5947712e+18,6.90875477931522
23,181,74,2500000,1.5304032e+18,8.00670084544037
25,180,75,1900000,1.597104e+18,8.5173931714189
26,188,82,2200000,1.6066944e+18,6.21660610108486
24,174,72,1600000,1.5805152e+18,7.60140233458373
26,175,74,1300000,1.6250976e+18,7.60140233458373
21,188,76,3700000,1.6245792e+18,8.00670084544037
22,182,76,3e+06,1.5973632e+18,8.5173931714189
24,191,78,2800000,1.6252704e+18,7.60140233458373
22,172,66,3700000,1.4962752e+18,8.00670084544037
27,185,87,1700000,1.5650496e+18,8.98732181285012
29,185,82,1800000,1.6091136e+18,6.21660610108486
27,187,75,1300000,1.62216e+18,8.00670084544037
27,186,76,1500000,1.5464736e+18,6.90875477931522
25,191,78,1800000,1.5952032e+18,8.5173931714189
27,162,62,1500000,1.472688e+18,8.29429960885724
21,174,73,3100000,1.5935616e+18,7.60140233458373
27,181,73,1300000,1.5970176e+18,8.00670084544037
20,173,63,4500000,1.6250976e+18,7.60140233458373
21,175,70,3400000,1.4988672e+18,8.00670084544037
24,170,70,2500000,1.5619392e+18,8.29429960885724
22,174,72,3400000,1.496448e+18,8.29429960885724
26,173,72,1700000,1.6250976e+18,7.60140233458373
30,186,87,1100000,1.6309728e+18,6.90875477931522
23,189,90,2900000,1.6257024e+18,8.5173931714189
26,183,70,1800000,1.6267392e+18,8.29429960885724
24,186,80,3100000,1.625184e+18,8.29429960885724
24,180,84,1800000,1.6250976e+18,7.60140233458373
24,182,79,2500000,1.6250976e+18,8.29429960885724
32,192,81,798000,1.4988672e+18,6.74641212857337
25,184,80,1400000,1.4993856e+18,8.00670084544037
23,191,80,3400000,1.4369184e+18,8.69968140098951
21,174,68,5100000,1.498608e+18,9.21044036697652
24,190,82,1600000,1.5000768e+18,8.00670084544037
24,182,80,1700000,1.6250976e+18,8.29429960885724
25,184,77,1400000,1.4988672e+18,7.60140233458373
21,173,68,2900000,1.5002496e+18,7.60140233458373
28,170,65,1400000,1.5602112e+18,7.60140233458373
22,173,70,3800000,1.6285536e+18,8.8538082749772
27,184,73,1800000,1.5937344e+18,7.60140233458373
32,188,90,1200000,1.5977088e+18,7.60140233458373
21,189,84,2800000,1.5973632e+18,7.60140233458373
29,185,80,1200000,1.6255296e+18,8.00670084544037
26,185,74,1800000,1.5958944e+18,8.00670084544037
29,175,74,1100000,1.6199136e+18,7.60140233458373
26,184,75,1600000,1.4673312e+18,8.5173931714189
24,182,74,2200000,1.6285536e+18,7.60140233458373
25,185,75,2300000,1.4206752e+18,8.5173931714189
21,180,68,3e+06,1.4988672e+18,8.29429960885724
26,162,64,1600000,1.5304032e+18,8.5173931714189
21,178,70,2600000,1.5147648e+18,8.00670084544037
23,175,67,4200000,1.5804288e+18,9.30574145673944
20,187,77,3700000,1.6114464e+18,8.00670084544037
23,200,92,2800000,1.56384e+18,8.29429960885724
21,162,60,4400000,1.626048e+18,8.5173931714189
23,184,76,3200000,1.6288128e+18,7.60140233458373
23,178,75,3400000,1.5316128e+18,8.29429960885724
21,185,79,3200000,1.6257024e+18,8.00670084544037
21,175,75,3200000,1.5640992e+18,7.60140233458373
21,190,76,4100000,1.6015968e+18,8.29429960885724
28,172,79,1600000,1.610496e+18,6.21660610108486
23,188,80,1800000,1.6123104e+18,6.90875477931522
23,198,97,1600000,1.4516064e+18,7.60140233458373
24,179,65,2200000,1.5147648e+18,8.69968140098951
21,178,83,3200000,1.5140736e+18,7.60140233458373
22,190,86,4e+06,1.630368e+18,8.5173931714189
22,176,70,3600000,1.5078528e+18,7.60140233458373
23,173,71,2200000,1.4988672e+18,7.60140233458373
22,180,75,3300000,1.5935616e+18,8.00670084544037
23,178,73,2200000,1.5092352e+18,8.00670084544037
29,180,75,1200000,1.56384e+18,8.29429960885724
22,186,74,3300000,1.5990048e+18,7.60140233458373
27,185,82,1100000,1.6112736e+18,7.60140233458373
23,173,66,3e+06,1.5619392e+18,7.60140233458373
28,183,70,1200000,1.6094592e+18,8.00670084544037
27,188,90,2100000,1.5652224e+18,7.60140233458373
25,183,76,1700000,1.5969312e+18,6.90875477931522
25,178,64,3e+06,1.6045344e+18,6.21660610108486
24,190,79,2e+06,1.601856e+18,7.60140233458373
22,180,78,3600000,1.5989184e+18,8.29429960885724
24,165,61,2300000,1.4988672e+18,9.10509096125708
23,192,83,2400000,1.5783552e+18,8.00670084544037
22,170,65,3100000,1.5170112e+18,8.00670084544037
32,174,71,1500000,1.6072992e+18,6.21660610108486
21,178,88,3400000,1.5147648e+18,7.60140233458373
22,185,86,3100000,1.5170976e+18,8.29429960885724
25,180,78,2400000,1.6106688e+18,6.21660610108486
23,183,73,2800000,1.6250976e+18,7.60140233458373
24,180,70,2600000,1.513296e+18,7.60140233458373
19,170,68,4e+06,1.5147648e+18,6.90875477931522
28,175,75,1200000,1.6281216e+18,8.00670084544037
22,177,74,3100000,1.6250976e+18,8.29429960885724
28,178,73,1100000,1.5466464e+18,7.60140233458373
24,188,82,1500000,1.5147648e+18,7.60140233458373
24,168,75,1900000,1.5633216e+18,7.60140233458373
25,178,73,2e+06,1.6276896e+18,8.00670084544037
22,178,68,3100000,1.6282944e+18,8.5173931714189
20,188,75,3400000,1.625184e+18,9.10509096125708
21,184,77,5500000,1.6301088e+18,8.29429960885724
23,174,73,2e+06,1.5800832e+18,7.60140233458373
23,182,74,4400000,1.5622848e+18,8.8538082749772
21,181,74,3400000,1.4844384e+18,8.00670084544037
20,180,78,4400000,1.563408e+18,9.30574145673944
20,184,77,3100000,1.6302816e+18,8.69968140098951
20,175,73,3200000,1.5601248e+18,7.60140233458373
21,178,74,3200000,1.6250976e+18,8.69968140098951
29,189,79,1200000,1.5628032e+18,7.60140233458373
22,184,78,2300000,1.630368e+18,8.00670084544037
24,190,77,1500000,1.5622848e+18,6.90875477931522
28,176,72,1500000,1.4228352e+18,8.00670084544037
30,173,67,1600000,1.5286752e+18,6.21660610108486
20,175,74,3100000,1.5935616e+18,6.90875477931522
25,185,84,2300000,1.5964992e+18,8.29429960885724
30,183,82,1500000,1.6123104e+18,6.21660610108486
23,170,68,2300000,1.5935616e+18,8.29429960885724
27,185,83,1400000,1.630368e+18,8.8538082749772
20,190,80,3200000,1.630368e+18,8.00670084544037
26,179,72,1800000,1.592784e+18,7.60140233458373
24,193,81,2200000,1.6120512e+18,8.29429960885724
22,188,83,3400000,1.5304896e+18,8.00670084544037
20,192,85,3e+06,1.5619392e+18,9.21044036697652
21,172,68,3400000,1.5935616e+18,8.00670084544037
20,178,66,3700000,1.4996448e+18,7.60140233458373
21,190,80,3600000,1.6263072e+18,8.8538082749772
29,170,62,1500000,1.5778368e+18,7.60140233458373
29,187,77,1300000,1.5619392e+18,8.5173931714189
25,172,64,1600000,1.6104096e+18,7.60140233458373
29,178,73,1300000,1.6261344e+18,8.5173931714189
22,180,75,3400000,1.6280352e+18,9.30574145673944
37,179,75,113000,1.5805152e+18,6.90875477931522
24,184,81,2e+06,1.6250976e+18,8.29429960885724
23,180,77,2e+06,1.532304e+18,8.00670084544037
25,187,78,1800000,1.630368e+18,7.60140233458373
21,176,70,3600000,1.4988672e+18,8.8538082749772
18,168,58,5400000,1.56384e+18,8.69968140098951
24,184,76,2700000,1.5390432e+18,8.00670084544037
21,179,68,3600000,1.5058656e+18,9.7981825908907
23,181,73,3400000,1.4357088e+18,9.39274525863144
23,188,80,3e+06,1.6121376e+18,8.29429960885724
23,167,65,2e+06,1.5787008e+18,8.00670084544037
24,180,80,2600000,1.5304032e+18,6.74641212857337
20,191,81,2600000,1.5358464e+18,8.00670084544037
23,177,70,3100000,1.5619392e+18,8.5173931714189
21,179,75,3100000,1.5363648e+18,8.00670084544037
21,183,81,3300000,1.6129152e+18,7.60140233458373
19,175,76,5600000,1.5970176e+18,9.47278155656217
31,168,69,1300000,1.6164576e+18,6.21660610108486
27,184,78,2200000,1.6019424e+18,8.5173931714189
21,172,73,3200000,1.537488e+18,8.29429960885724
20,183,78,3600000,1.5804288e+18,8.5173931714189
22,185,77,3200000,1.5980544e+18,8.29429960885724
20,190,87,3100000,1.4988672e+18,8.00670084544037
22,187,80,4500000,1.5463008e+18,6.21660610108486
20,175,61,4400000,1.5407712e+18,6.21660610108486
23,190,83,2900000,1.5472512e+18,7.60140233458373
27,184,72,1200000,1.5342912e+18,7.60140233458373
33,175,66,656000,1.4205888e+18,7.60140233458373
21,179,67,3100000,1.625184e+18,7.60140233458373
21,185,80,3500000,1.5304032e+18,7.60140233458373
22,190,83,3300000,1.6263072e+18,8.29429960885724
27,156,57,1900000,1.6190496e+18,6.21660610108486
25,183,70,1400000,1.5454368e+18,8.29429960885724
26,188,74,1700000,1.6103232e+18,8.29429960885724
23,184,77,4200000,1.610064e+18,8.29429960885724
22,176,69,3100000,1.5468192e+18,8.29429960885724
24,178,77,2400000,1.5444e+18,7.60140233458373
27,187,82,1200000,1.610064e+18,7.60140233458373
22,174,63,3200000,1.5480288e+18,7.60140233458373
22,182,71,2800000,1.5796512e+18,6.47850964220857
20,186,74,4e+06,1.5619392e+18,9.30574145673944
31,166,55,906000,1.578096e+18,7.60140233458373
24,175,68,2400000,1.5471648e+18,7.60140233458373
20,188,80,2600000,1.5433632e+18,6.90875477931522
19,182,75,4e+06,1.5463008e+18,7.60140233458373
24,185,83,2300000,1.6110144e+18,7.60140233458373
23,180,77,2e+06,1.5502752e+18,7.60140233458373
29,188,73,1100000,1.5817248e+18,7.60140233458373
21,177,72,3700000,1.5672096e+18,7.60140233458373
21,187,82,4200000,1.6231968e+18,8.69968140098951
19,195,74,5300000,1.5788736e+18,9.10509096125708
21,179,73,2900000,1.54656e+18,6.90875477931522
27,175,71,2100000,1.3596768e+18,6.21660610108486
22,185,74,4e+06,1.610064e+18,6.21660610108486
27,185,86,1100000,1.5818976e+18,8.5173931714189
25,192,89,1400000,1.6250976e+18,7.60140233458373
31,168,69,945000,1.6225056e+18,8.5173931714189
20,176,67,4300000,1.5410304e+18,8.29429960885724
25,185,80,1600000,1.6250976e+18,7.60140233458373
27,185,81,1200000,1.6242336e+18,8.00670084544037
24,177,70,2900000,1.6250976e+18,8.29429960885724
23,174,68,2800000,1.5784416e+18,6.90875477931522
21,180,67,3300000,1.5562368e+18,8.29429960885724
20,187,86,3800000,1.5997824e+18,9.10509096125708
24,178,77,1700000,1.5489792e+18,6.90875477931522
30,185,82,1200000,1.3726368e+18,7.60140233458373
28,175,67,1800000,1.5304032e+18,8.29429960885724
23,172,71,3200000,1.5251328e+18,8.29429960885724
20,173,72,4600000,1.5934752e+18,6.21660610108486
21,173,73,4400000,1.4988672e+18,8.5173931714189
22,195,85,3600000,1.5978816e+18,8.5173931714189
25,193,84,2100000,1.5941664e+18,8.29429960885724
19,186,76,4e+06,1.5619392e+18,8.29429960885724
22,194,87,2600000,1.6278624e+18,7.60140233458373
26,171,69,1600000,1.6250976e+18,8.69968140098951
27,181,77,1400000,1.5304032e+18,7.60140233458373
22,180,73,3e+06,1.5935616e+18,7.60140233458373
30,180,79,979000,1.5619392e+18,8.00670084544037
21,186,80,2600000,1.6250976e+18,7.60140233458373
25,176,72,1600000,1.4548032e+18,8.00670084544037
30,168,62,1100000,1.5804288e+18,6.90875477931522
31,185,81,834000,1.562112e+18,8.29429960885724
23,171,66,2700000,1.5619392e+18,6.21660610108486
28,179,79,1100000,1.5304032e+18,8.29429960885724
29,173,67,1800000,1.6110144e+18,6.21660610108486
22,188,84,3600000,1.630368e+18,8.8538082749772
26,184,80,1400000,1.5619392e+18,8.00670084544037
21,186,79,1800000,1.5304032e+18,6.90875477931522
19,191,76,4300000,1.5304032e+18,8.00670084544037
20,177,66,2400000,1.5619392e+18,8.5173931714189
23,180,74,3700000,1.5619392e+18,8.5173931714189
19,189,76,4e+06,1.521504e+18,7.60140233458373
23,172,70,3400000,1.4988672e+18,8.00670084544037
33,169,73,1100000,1.5463008e+18,6.21660610108486
24,183,68,1600000,1.5805152e+18,7.60140233458373
19,184,77,5500000,1.5463008e+18,8.5173931714189
24,186,79,2900000,1.4673312e+18,7.60140233458373
21,175,71,3e+06,1.562112e+18,8.29429960885724
22,195,85,3300000,1.6250976e+18,8.00670084544037
31,192,86,1200000,1.564704e+18,8.5173931714189
21,186,76,4100000,1.4962752e+18,7.60140233458373
23,187,75,2300000,1.5934752e+18,6.90875477931522
21,190,81,3400000,1.6250976e+18,8.29429960885724
29,186,78,1200000,1.5649632e+18,8.29429960885724
19,170,68,4700000,1.5619392e+18,7.60140233458373
21,183,68,3800000,1.6112736e+18,8.69968140098951
20,187,76,3700000,1.5626304e+18,7.60140233458373
20,190,79,4700000,1.5619392e+18,8.98732181285012
20,178,68,4900000,1.61136e+18,8.69968140098951
20,178,72,5300000,1.5980544e+18,8.8538082749772
19,177,70,4300000,1.5918336e+18,8.00670084544037
25,180,73,2500000,1.6092864e+18,6.21660610108486
21,175,75,3100000,1.5935616e+18,7.60140233458373
22,177,73,4200000,1.5619392e+18,6.21660610108486
22,173,73,4300000,1.5831072e+18,7.60140233458373
22,175,70,4600000,1.5463008e+18,6.21660610108486
26,182,70,1600000,1.612224e+18,8.29429960885724
22,175,70,2500000,1.5672096e+18,6.90875477931522
20,174,65,3500000,1.5695424e+18,7.60140233458373
28,174,66,1800000,1.6106688e+18,6.21660610108486
30,180,74,1800000,1.5787872e+18,6.21660610108486
22,177,74,4500000,1.5778368e+18,6.21660610108486
23,188,75,3500000,1.4516064e+18,6.21660610108486
20,183,78,3800000,1.5463008e+18,6.21660610108486
33,178,79,968000,1.6085088e+18,6.21660610108486
22,180,72,2400000,1.5147648e+18,6.21660610108486
20,181,77,4200000,1.5463008e+18,6.21660610108486
30,179,74,1500000,1.6049664e+18,6.21660610108486
23,175,70,3100000,1.6098912e+18,6.21660610108486
31,167,70,1300000,1.5779232e+18,6.21660610108486
27,165,66,1900000,1.6097184e+18,6.21660610108486
21,165,61,4500000,1.5778368e+18,6.21660610108486
23,183,75,2900000,1.6115328e+18,6.21660610108486
27,170,76,2e+06,1.5593472e+18,6.21660610108486
25,176,71,2400000,1.5792192e+18,6.21660610108486
25,183,79,2700000,1.5584832e+18,6.21660610108486
22,165,60,3200000,1.6094592e+18,7.60140233458373
23,180,74,3300000,1.6123104e+18,6.21660610108486
22,170,67,2900000,1.5619392e+18,8.69968140098951
21,188,84,3100000,1.5804288e+18,8.29429960885724
26,192,92,2500000,1.623888e+18,6.21660610108486
21,179,70,3500000,1.569024e+18,7.60140233458373
27,184,77,1500000,1.6158528e+18,8.5173931714189
23,171,67,1700000,1.5805152e+18,8.00670084544037
23,168,68,3e+06,1.5782688e+18,6.21660610108486
34,195,90,371000,1.5783552e+18,8.00670084544037
21,170,75,2900000,1.5646176e+18,8.00670084544037
20,178,76,4e+06,1.628208e+18,8.00670084544037
21,176,68,2900000,1.6146432e+18,6.80350525760834
21,170,67,3200000,1.5799968e+18,8.00670084544037
20,178,70,4600000,1.5619392e+18,7.60140233458373
26,185,70,1500000,1.5803424e+18,8.29429960885724
21,188,77,3100000,1.5778368e+18,8.29429960885724
19,189,70,4500000,1.5619392e+18,6.90875477931522
23,170,65,1600000,1.5805152e+18,6.90875477931522
20,170,65,3500000,1.5808608e+18,8.00670084544037
25,177,66,2100000,1.625184e+18,8.29429960885724
22,176,68,2800000,1.5810336e+18,7.60140233458373
22,166,59,4600000,1.5778368e+18,6.21660610108486
20,184,76,4200000,1.5814656e+18,6.21660610108486
27,192,74,1200000,1.581552e+18,8.00670084544037
22,184,78,4e+06,1.5778368e+18,6.21660610108486
26,184,91,2100000,1.5778368e+18,6.21660610108486
28,177,75,1900000,1.5779232e+18,6.21660610108486
22,180,77,2100000,1.5825888e+18,7.60140233458373
20,182,77,2900000,1.6250976e+18,8.00670084544037
24,176,74,2200000,1.5935616e+18,7.60140233458373
17,182,73,5500000,1.5915744e+18,6.90875477931522
23,197,88,2600000,1.5153696e+18,8.00670084544037
20,185,72,3100000,1.5619392e+18,8.00670084544037
31,179,67,1100000,1.5304032e+18,7.60140233458373
20,173,68,4e+06,1.5872544e+18,8.5173931714189
21,170,64,5300000,1.5619392e+18,8.00670084544037
21,190,87,3200000,1.5947712e+18,8.00670084544037
18,173,60,5400000,1.626048e+18,9.21044036697652
22,177,66,3200000,1.6261344e+18,7.60140233458373
20,172,61,4e+06,1.5628032e+18,8.5173931714189
23,181,66,1700000,1.5952032e+18,7.60140233458373
19,178,66,4600000,1.5768864e+18,8.8538082749772
22,176,68,4300000,1.5174432e+18,8.00670084544037
28,184,78,1200000,1.596672e+18,8.00670084544037
24,184,84,2e+06,1.5964128e+18,7.60140233458373
24,189,80,2600000,1.5812928e+18,8.00670084544037
17,185,71,5700000,1.5971904e+18,6.21660610108486
20,186,74,4300000,1.5952032e+18,7.60140233458373
21,185,78,2800000,1.5835392e+18,7.60140233458373
24,175,67,2800000,1.5972768e+18,7.60140233458373
30,181,79,1200000,1.5970176e+18,8.29429960885724
22,183,77,4600000,1.627344e+18,8.8538082749772
24,193,80,2100000,1.5977088e+18,8.00670084544037
28,185,85,1300000,1.5980544e+18,8.5173931714189
21,170,65,3500000,1.5982272e+18,8.00670084544037
19,186,74,4200000,1.5935616e+18,6.90875477931522
19,172,59,4500000,1.5619392e+18,7.60140233458373
21,191,80,3500000,1.5778368e+18,8.00670084544037
23,180,78,4e+06,1.599696e+18,8.29429960885724
24,175,72,2300000,1.5989184e+18,8.00670084544037
22,184,76,3300000,1.5989184e+18,7.60140233458373
20,194,88,4100000,1.5619392e+18,6.90875477931522
27,178,66,2300000,1.6008192e+18,6.21660610108486
19,169,62,5e+06,1.5935616e+18,7.60140233458373
25,181,74,2800000,1.6012512e+18,8.29429960885724
29,175,70,1100000,1.602288e+18,8.5173931714189
22,190,81,4600000,1.6269984e+18,6.21660610108486
18,179,76,4800000,1.6029792e+18,8.29429960885724
21,183,77,5100000,1.611792e+18,8.29429960885724
20,180,75,4200000,1.5955488e+18,7.60140233458373
20,178,72,3400000,1.5935616e+18,8.00670084544037
31,175,74,1500000,1.5463008e+18,6.21660610108486
24,178,71,3100000,1.5463008e+18,6.21660610108486
23,177,68,2900000,1.4568768e+18,6.21660610108486
29,181,64,1800000,1.5075936e+18,6.21660610108486
29,186,87,1600000,1.5463008e+18,6.21660610108486
21,173,70,3200000,1.6036704e+18,8.00670084544037
25,182,79,2400000,1.4832288e+18,6.21660610108486
25,185,86,1600000,1.5790464e+18,6.90875477931522
38,178,71,194000,1.5147648e+18,6.21660610108486
32,179,80,1300000,1.5783552e+18,6.21660610108486
20,185,77,5700000,1.5619392e+18,8.69968140098951
19,189,77,3200000,1.6118784e+18,8.5173931714189
18,182,77,5200000,1.5935616e+18,7.60140233458373
18,186,76,3900000,1.5935616e+18,6.74641212857337
22,176,69,4200000,1.5935616e+18,6.21660610108486
27,165,65,1100000,1.5805152e+18,7.60140233458373
25,174,70,2200000,1.6094592e+18,6.21660610108486
18,187,80,5600000,1.5646176e+18,8.29429960885724
33,180,75,860000,1.5778368e+18,6.21660610108486
27,178,75,1900000,1.5778368e+18,6.21660610108486
27,178,70,1200000,1.6261344e+18,6.90875477931522
25,184,80,1300000,1.6101504e+18,8.00670084544037
31,180,75,1500000,1.610496e+18,6.21660610108486
29,181,73,1900000,1.6281216e+18,6.21660610108486
22,175,65,3e+06,1.5304032e+18,8.00670084544037
18,181,75,4200000,1.5935616e+18,6.85751406254539
27,199,89,1200000,1.6106688e+18,8.00670084544037
21,191,83,3e+06,1.6121376e+18,7.60140233458373
23,178,68,2100000,1.5618528e+18,7.60140233458373
22,175,66,3100000,1.6123104e+18,7.60140233458373
20,165,61,4400000,1.613088e+18,8.29429960885724
21,179,74,2700000,1.5778368e+18,8.00670084544037
21,186,78,4300000,1.6115328e+18,6.21660610108486
20,188,81,4500000,1.6078176e+18,8.29429960885724
20,175,63,2700000,1.5463008e+18,8.00670084544037
22,178,74,3200000,1.5712704e+18,8.5173931714189
29,188,76,1100000,1.6159392e+18,7.60140233458373
20,180,68,3200000,1.6180128e+18,7.60140233458373
19,180,73,5100000,1.5619392e+18,9.61587214452889
18,173,67,7700000,1.629936e+18,9.39274525863144
20,176,70,3400000,1.5935616e+18,9.10509096125708
20,187,71,4100000,1.5935616e+18,8.29429960885724
21,183,75,3e+06,1.5619392e+18,7.60140233458373
26,184,75,1600000,1.5624576e+18,7.60140233458373
20,183,74,3100000,1.5935616e+18,8.00670084544037
21,179,72,4400000,1.5778368e+18,7.60140233458373
27,178,72,1800000,1.4993856e+18,8.00670084544037
31,183,71,1100000,1.4357088e+18,8.00670084544037
20,176,74,3200000,1.5619392e+18,7.60140233458373
22,185,79,2300000,1.5619392e+18,7.60140233458373
23,184,78,4300000,1.5926112e+18,6.21660610108486
22,171,65,4300000,1.6276032e+18,6.21660610108486
22,175,66,4400000,1.6250976e+18,7.60140233458373
21,172,65,4400000,1.6250976e+18,6.90875477931522
25,188,76,1800000,1.6250976e+18,7.60140233458373
22,174,65,4600000,1.6250976e+18,6.21660610108486
25,189,82,1400000,1.6250976e+18,8.00670084544037
24,198,90,2100000,1.6250976e+18,6.90875477931522
26,185,75,1800000,1.6250976e+18,8.69968140098951
24,165,68,1900000,1.6094592e+18,6.90875477931522
17,175,69,5400000,1.6094592e+18,6.90875477931522
29,178,77,1100000,1.5619392e+18,8.00670084544037
20,180,72,4400000,1.5619392e+18,8.69968140098951
19,185,70,4400000,1.6250112e+18,7.60140233458373
21,178,78,3600000,1.628208e+18,7.60140233458373
19,180,71,5200000,1.6250976e+18,8.5173931714189
16,173,68,5600000,1.5935616e+18,8.29429960885724
27,166,57,2e+06,1.6294176e+18,6.21660610108486
23,203,71,2e+06,1.629936e+18,8.00670084544037
18,176,70,5600000,1.6250976e+18,8.5173931714189
21,174,76,4400000,1.6302816e+18,7.60140233458373
39,190,89,3e+05,1.4988672e+18,6.90875477931522
38,193,83,148000,1.530576e+18,9.30574145673944
39,188,94,124000,1.5304032e+18,6.21660610108486
35,188,86,152000,1.5619392e+18,8.8538082749772
37,183,86,228000,1.02816e+18,7.60140233458373
39,170,73,312000,1.6101504e+18,7.60140233458373
35,180,74,333000,1.5967584e+18,7.60140233458373
38,190,84,124000,1.562544e+18,6.90875477931522
36,173,70,311000,1.5673824e+18,8.00670084544037
35,186,74,238000,1.6250112e+18,6.90875477931522
34,183,82,311000,1.5619392e+18,7.60140233458373
39,178,110,420000,1.4681088e+18,7.60140233458373
35,191,82,333000,1.4037408e+18,7.60140233458373
37,180,74,288000,1.5000768e+18,6.90875477931522
34,195,88,210000,1.5619392e+18,8.00670084544037
34,182,82,334000,1.6257024e+18,7.60140233458373
34,170,68,569000,1.6003872e+18,7.60140233458373
25,191,90,1500000,1.6311456e+18,6.21660610108486
29,172,71,1500000,1.6305408e+18,6.21660610108486
35,181,80,350000,1.600992e+18,7.60140233458373
36,192,88,1e+05,1.5821568e+18,6.74641212857337
35,184,81,238000,1.5278112e+18,6.85751406254539
35,183,73,375000,1.6030656e+18,6.90875477931522
29,182,70,1100000,1.5972768e+18,8.29429960885724
36,181,79,175000,1.591056e+18,7.60140233458373
33,176,67,788000,1.4357088e+18,8.00670084544037
38,183,83,196000,1.4988672e+18,8.00670084544037
34,185,75,438000,1.6291584e+18,8.29429960885724
38,167,75,506000,1.3415328e+18,6.21660610108486
32,182,75,625000,1.4526432e+18,6.90875477931522
34,170,75,363000,1.618272e+18,7.60140233458373
34,183,82,569000,1.4370048e+18,7.60140233458373
32,176,75,719000,1.6079904e+18,8.00670084544037
35,183,84,645000,1.6136928e+18,6.21660610108486
33,193,89,613000,1.5965856e+18,7.60140233458373
32,185,79,1e+06,1.4030496e+18,7.60140233458373
33,170,67,656000,1.1255328e+18,7.60140233458373
34,188,83,288000,1.5342048e+18,6.90875477931522
30,170,64,1e+06,1.5031008e+18,8.29429960885724
36,184,85,104000,1.4857344e+18,6.90875477931522
35,179,72,275000,1.6250112e+18,6.90875477931522
33,170,62,9e+05,1.549584e+18,8.29429960885724
33,180,70,581000,1.5641856e+18,7.60140233458373
37,179,70,311000,1.5156288e+18,6.90875477931522
31,170,67,919000,1.5035328e+18,8.00670084544037
36,188,91,120000,1.38672e+18,6.90875477931522
37,175,79,288000,1.4224032e+18,6.90875477931522
31,178,78,870000,1.5646176e+18,7.60140233458373
34,183,76,357000,1.579824e+18,8.29429960885724
32,171,71,831000,1.5965856e+18,8.00670084544037
35,188,86,116000,1.4988672e+18,6.21660610108486
37,182,80,287000,1.5679872e+18,6.90875477931522
29,177,71,1100000,1.5630624e+18,7.60140233458373
35,193,89,270000,1.5570144e+18,6.21660610108486
33,194,92,506000,1.5941664e+18,6.21660610108486
32,196,80,834000,1.6267392e+18,7.60140233458373
30,193,75,1300000,1.5791328e+18,8.29429960885724
32,175,75,903000,1.5989184e+18,8.69968140098951
30,183,75,696000,1.5784416e+18,6.90875477931522
32,182,75,784000,1.6094592e+18,8.00670084544037
35,180,73,435000,1.3226112e+18,7.60140233458373
32,190,70,831000,1.631232e+18,7.60140233458373
35,192,91,108000,1.59624e+18,6.90875477931522
29,170,68,1e+06,1.5935616e+18,8.00670084544037
30,182,82,932000,1.5805152e+18,8.00670084544037
32,175,68,831000,1.4200704e+18,7.60140233458373
31,178,69,1e+06,1.5964992e+18,8.00670084544037
29,183,77,781000,1.6099776e+18,8.29429960885724
29,170,68,875000,1.4388192e+18,6.90875477931522
31,170,72,1100000,1.5973632e+18,8.00670084544037
32,180,74,834000,1.3726368e+18,8.29429960885724
34,192,90,311000,1.6272576e+18,6.21660610108486
31,175,70,919000,1.5968448e+18,8.5173931714189
33,173,71,656000,1.5041376e+18,7.60140233458373
29,185,84,875000,1.471392e+18,7.60140233458373
30,177,75,875000,1.547424e+18,7.60140233458373
32,178,66,8e+05,1.5014592e+18,8.00670084544037
30,175,73,1200000,1.6257888e+18,8.00670084544037
33,175,68,563000,1.6099776e+18,7.60140233458373
33,184,69,638000,1.5804288e+18,8.98732181285012
31,186,80,775000,1.4832288e+18,8.5173931714189
32,186,82,891000,1.6138656e+18,8.29429960885724
31,192,88,650000,1.5151104e+18,8.00670084544037
35,174,75,375000,1.579824e+18,6.90875477931522
31,191,87,625000,1.6250976e+18,6.80350525760834
30,172,69,1100000,1.4673312e+18,8.69968140098951
33,183,69,788000,1.2438144e+18,7.60140233458373
30,185,80,1200000,1.6250976e+18,8.69968140098951
34,195,88,483000,1.5621984e+18,8.00670084544037
35,187,89,168000,1.4832288e+18,6.21660610108486
34,180,76,334000,1.5070752e+18,7.60140233458373
30,183,76,1200000,1.6250976e+18,8.5173931714189
29,181,80,1200000,1.6250976e+18,8.00670084544037
30,188,87,1e+06,1.5976224e+18,8.29429960885724
35,173,72,344000,1.3569984e+18,6.85751406254539
30,183,79,1100000,1.5304032e+18,8.00670084544037
30,168,64,844000,1.5805152e+18,6.90875477931522
29,191,78,1100000,1.6250976e+18,8.29429960885724
30,175,60,875000,1.6300224e+18,7.60140233458373
30,177,82,1200000,1.6106688e+18,8.00670084544037
36,180,74,280000,1.4717376e+18,6.21660610108486
31,182,76,834000,1.5984e+18,6.90875477931522
31,181,88,1100000,1.6104096e+18,6.21660610108486
29,187,81,1600000,1.545696e+18,6.21660610108486
36,175,68,203000,1.617408e+18,6.90875477931522
29,193,83,1200000,1.5336864e+18,8.29429960885724
29,185,85,1300000,1.6257024e+18,7.60140233458373
31,188,78,9e+05,1.392768e+18,7.60140233458373
28,178,66,1300000,1.6250976e+18,8.69968140098951
30,174,73,1200000,1.6094592e+18,8.69968140098951
29,191,86,1300000,1.5627168e+18,8.5173931714189
28,176,70,1100000,1.6245792e+18,7.60140233458373
33,178,80,525000,1.5935616e+18,7.60140233458373
30,193,91,1e+06,1.5985728e+18,7.60140233458373
31,183,77,810000,1.627776e+18,6.68586094706836
35,185,77,310000,1.562112e+18,7.60140233458373
31,172,70,683000,1.5643584e+18,8.5173931714189
33,181,79,563000,1.485216e+18,7.60140233458373
28,183,69,1100000,1.5952032e+18,7.60140233458373
33,170,72,638000,1.6257888e+18,8.00670084544037
34,174,70,388000,1.531008e+18,7.60140233458373
31,184,76,776000,1.6250976e+18,7.60140233458373
30,192,85,719000,1.5633216e+18,7.60140233458373
29,206,102,1e+06,1.5619392e+18,8.00670084544037
29,181,77,1e+06,1.5157152e+18,8.29429960885724
31,187,74,875000,1.62216e+18,7.60140233458373
30,174,69,906000,1.5673824e+18,7.60140233458373
30,172,64,875000,1.5619392e+18,8.29429960885724
33,177,68,563000,1.5791328e+18,6.90875477931522
29,190,70,1500000,1.5317856e+18,6.21660610108486
29,188,82,979000,1.601856e+18,8.00670084544037
29,182,78,1200000,1.5947712e+18,8.00670084544037
30,184,77,870000,1.4673312e+18,6.62140565176413
32,182,82,831000,1.5627168e+18,7.60140233458373
28,189,89,979000,1.6302816e+18,8.00670084544037
35,183,87,333000,1.4404608e+18,7.60140233458373
31,186,72,6e+05,1.562544e+18,7.60140233458373
27,185,72,1300000,1.5304032e+18,8.00670084544037
30,180,72,1100000,1.5489792e+18,8.00670084544037
29,180,84,1100000,1.5120864e+18,6.90875477931522
29,182,72,1200000,1.6250976e+18,8.69968140098951
28,191,82,962000,1.6263936e+18,7.60140233458373
28,178,74,1300000,1.6102368e+18,8.29429960885724
28,187,72,1300000,1.6022016e+18,7.60140233458373
28,188,88,1200000,1.559088e+18,8.00670084544037
29,186,80,930000,1.4805504e+18,6.90875477931522
28,185,84,938000,1.6141248e+18,7.60140233458373
27,193,95,1300000,1.6250976e+18,8.69968140098951
29,183,73,9e+05,1.6118784e+18,7.60140233458373
27,180,74,1e+06,1.5490656e+18,7.60140233458373
28,186,80,961000,1.5646176e+18,6.90875477931522
28,183,82,928000,1.5469056e+18,6.90875477931522
29,191,78,979000,1.625616e+18,7.60140233458373
32,184,79,743000,1.6276032e+18,6.21660610108486
29,183,78,1100000,1.5619392e+18,7.60140233458373
26,174,68,1900000,1.6103232e+18,8.29429960885724
33,184,79,455000,1.38888e+18,8.00670084544037
30,181,79,1200000,1.5477696e+18,7.60140233458373
29,183,67,969000,1.6080768e+18,6.90875477931522
28,178,74,1300000,1.6250976e+18,8.00670084544037
29,185,77,1100000,1.6250976e+18,8.5173931714189
28,183,72,1100000,1.4673312e+18,7.60140233458373
32,194,84,438000,1.2941856e+18,6.90875477931522
26,165,64,1600000,1.5645312e+18,9.30574145673944
28,180,75,1200000,1.6250976e+18,8.00670084544037
28,178,72,1300000,1.6010784e+18,8.00670084544037
27,183,72,1400000,1.5960672e+18,8.29429960885724
29,175,72,1500000,1.3121568e+18,6.21660610108486
31,176,75,810000,1.598832e+18,6.21660610108486
28,185,88,1100000,1.5613344e+18,8.00670084544037
27,192,78,1300000,1.6261344e+18,9.10509096125708
30,183,79,863000,1.4041728e+18,8.8538082749772
29,169,60,945000,1.6268256e+18,6.85751406254539
28,180,70,979000,1.5834528e+18,7.60140233458373
30,175,65,1100000,1.5961536e+18,8.00670084544037
29,196,92,906000,1.6116192e+18,7.60140233458373
27,179,76,1400000,1.6250976e+18,8.00670084544037
31,188,86,725000,1.5688512e+18,8.29429960885724
27,187,80,1100000,1.597104e+18,8.00670084544037
31,179,76,840000,1.5990048e+18,7.60140233458373
31,184,78,725000,1.5970176e+18,6.90875477931522
28,181,75,1200000,1.6250976e+18,7.60140233458373
29,186,73,1300000,1.4673312e+18,8.8538082749772
35,187,94,473000,1.5778368e+18,6.21660610108486
27,180,73,875000,1.630368e+18,6.90875477931522
27,173,65,1100000,1.5304032e+18,8.5173931714189
26,191,82,1600000,1.59624e+18,8.00670084544037
30,176,74,870000,1.6012512e+18,8.00670084544037
28,186,74,1200000,1.5619392e+18,8.5173931714189
29,186,78,1300000,1.5971904e+18,8.00670084544037
28,190,67,861000,1.59192e+18,6.90875477931522
29,176,69,1100000,1.5971904e+18,8.29429960885724
27,179,68,1100000,1.6111008e+18,7.60140233458373
28,185,74,781000,1.5787872e+18,7.60140233458373
28,185,75,1200000,1.5619392e+18,8.00670084544037
29,186,80,810000,1.5304032e+18,7.60140233458373
28,178,69,1300000,1.5783552e+18,8.00670084544037
29,178,76,906000,1.6250976e+18,7.60140233458373
28,180,75,906000,1.6281216e+18,7.60140233458373
27,179,69,1600000,1.6250976e+18,8.29429960885724
27,186,79,1e+06,1.6257888e+18,8.29429960885724
28,185,82,1300000,1.6285536e+18,8.29429960885724
27,186,76,1400000,1.5797376e+18,8.29429960885724
32,178,70,776000,1.6104096e+18,8.00670084544037
26,180,70,1400000,1.562976e+18,8.00670084544037
28,175,70,1300000,1.56168e+18,7.60140233458373
29,173,68,1100000,1.6118784e+18,7.60140233458373
33,183,74,469000,1.4391648e+18,6.90875477931522
32,175,62,688000,1.6267392e+18,7.60140233458373
27,186,75,1500000,1.5619392e+18,8.00670084544037
30,176,75,1300000,1.5619392e+18,6.21660610108486
31,193,84,675000,1.5977088e+18,8.00670084544037
31,181,78,625000,1.6128288e+18,7.60140233458373
27,184,77,1100000,1.6030656e+18,8.29429960885724
31,180,75,960000,1.6276896e+18,7.60140233458373
27,191,85,1e+06,1.6250976e+18,7.60140233458373
28,181,70,979000,1.627344e+18,8.00670084544037
27,182,76,1500000,1.5810336e+18,7.60140233458373
29,175,70,945000,1.6307136e+18,7.60140233458373
27,184,77,1700000,1.601856e+18,7.60140233458373
28,185,80,1100000,1.5619392e+18,7.60140233458373
35,185,76,323000,1.6028928e+18,8.69968140098951
29,185,70,990000,1.5619392e+18,8.69968140098951
29,184,86,976000,1.6270848e+18,8.8538082749772
29,180,72,1e+06,1.6246656e+18,8.29429960885724
38,175,74,344000,1.606176e+18,6.21660610108486
33,168,68,619000,1.5619392e+18,8.8538082749772
32,166,68,825000,1.6019424e+18,8.5173931714189
32,178,74,875000,1.5995232e+18,8.00670084544037
27,193,83,1300000,1.5304032e+18,8.00670084544037
29,184,74,1100000,1.5947712e+18,8.5173931714189
27,189,86,1e+06,1.6270848e+18,7.60140233458373
27,174,69,994000,1.5792192e+18,7.60140233458373
27,181,83,1300000,1.6250976e+18,7.60140233458373
42,180,80,172000,1.6105824e+18,6.21660610108486
30,174,65,911000,1.5619392e+18,8.00670084544037
27,173,67,1e+06,1.629072e+18,8.00670084544037
29,182,76,1e+06,1.5977088e+18,8.00670084544037
30,185,71,978000,1.4200704e+18,9.10509096125708
30,191,81,641000,1.5809472e+18,6.90875477931522
25,185,79,1600000,1.5632352e+18,7.60140233458373
29,192,84,750000,1.5614208e+18,8.29429960885724
27,180,73,1300000,1.6098048e+18,8.00670084544037
26,180,72,1e+06,1.3280544e+18,6.90875477931522
25,186,73,961000,1.5619392e+18,8.00670084544037
25,180,68,1600000,1.5665184e+18,7.60140233458373
30,176,71,1200000,1.4989536e+18,8.98732181285012
26,172,76,1200000,1.5805152e+18,7.60140233458373
26,189,79,1e+06,1.325376e+18,6.85751406254539
26,190,81,1300000,1.6300224e+18,8.29429960885724
26,170,68,1400000,1.5794784e+18,9.10509096125708
25,185,80,1800000,1.6081632e+18,8.29429960885724
27,188,80,1300000,1.61352e+18,8.5173931714189
29,178,70,844000,1.6116192e+18,6.90875477931522
27,188,86,1200000,1.5790464e+18,7.60140233458373
26,180,73,1500000,1.6257888e+18,7.60140233458373
28,195,85,961000,1.6263936e+18,8.00670084544037
29,184,79,991000,1.6278624e+18,7.60140233458373
30,179,81,1e+06,1.5994368e+18,6.85751406254539
30,180,72,875000,1.578096e+18,8.00670084544037
28,186,80,1100000,1.6263072e+18,8.00670084544037
31,185,83,544000,1.5964992e+18,6.90875477931522
32,189,83,641000,1.5619392e+18,7.60140233458373
28,183,75,1100000,1.5663456e+18,7.60140233458373
32,177,75,935000,1.6291584e+18,9.30574145673944
30,191,75,870000,1.5991776e+18,8.00670084544037
30,174,58,875000,1.6244928e+18,7.60140233458373
27,190,83,1300000,1.6250976e+18,7.60140233458373
25,188,75,1700000,1.6272576e+18,8.29429960885724
27,190,85,1600000,1.6120512e+18,8.00670084544037
30,188,82,945000,1.6106688e+18,6.39859493453521
30,186,76,875000,1.6267392e+18,8.00670084544037
29,189,88,729000,1.4832288e+18,6.90875477931522
28,170,69,906000,1.5782688e+18,8.29429960885724
30,169,70,1e+06,1.52928e+18,9.10509096125708
31,190,88,725000,1.5783552e+18,8.00670084544037
28,177,72,1100000,1.599696e+18,9.10509096125708
31,183,83,544000,1.6136928e+18,8.00670084544037
28,170,63,781000,1.4980896e+18,8.00670084544037
28,182,72,1100000,1.6272576e+18,8.29429960885724
27,185,85,1100000,1.4726016e+18,8.29429960885724
29,176,65,1200000,1.3411008e+18,8.98732181285012
38,188,90,108000,1.4344992e+18,6.39859493453521
27,196,98,1500000,1.5990912e+18,8.00670084544037
25,179,80,1100000,1.5507936e+18,6.90875477931522
25,191,80,1800000,1.629936e+18,7.60140233458373
26,170,70,2e+06,1.6117056e+18,7.60140233458373
25,183,75,1500000,1.5160608e+18,6.90875477931522
25,184,68,1600000,1.5628896e+18,8.00670084544037
32,183,79,641000,1.616112e+18,6.31173480915291
29,180,75,1100000,1.4179968e+18,7.60140233458373
32,183,79,1e+06,1.5800832e+18,6.21660610108486
28,175,68,979000,1.6141248e+18,6.90875477931522
32,185,82,776000,1.5783552e+18,6.90875477931522
26,176,74,1400000,1.6282944e+18,9.10509096125708
24,185,70,1600000,1.5619392e+18,7.60140233458373
29,183,72,991000,1.6136928e+18,8.29429960885724
32,167,68,798000,1.612224e+18,8.00670084544037
27,183,70,1300000,1.5954624e+18,7.60140233458373
26,183,66,1500000,1.5621984e+18,8.69968140098951
27,178,70,1100000,1.5646176e+18,6.90875477931522
27,187,82,1200000,1.3684032e+18,8.69968140098951
28,187,82,813000,1.6130016e+18,7.60140233458373
30,171,75,781000,1.4851296e+18,8.29429960885724
30,182,79,750000,1.3411008e+18,8.00670084544037
37,190,85,1e+05,1.6250976e+18,7.60140233458373
26,183,70,1700000,1.6308864e+18,8.29429960885724
30,188,85,719000,1.6250976e+18,8.29429960885724
30,186,72,834000,1.5774048e+18,8.29429960885724
27,181,73,1500000,1.5337728e+18,8.29429960885724
31,178,76,1e+06,1.6121376e+18,8.5173931714189
26,178,76,1500000,1.4988672e+18,9.47278155656217
30,180,75,906000,1.6250976e+18,7.60140233458373
26,182,75,1200000,1.6233696e+18,7.60140233458373
27,166,68,1300000,1.5788736e+18,8.69968140098951
26,165,60,1600000,1.596672e+18,8.5173931714189
27,187,79,1e+06,1.5954624e+18,6.90875477931522
26,196,88,1300000,1.6250976e+18,7.60140233458373
39,185,80,516000,1.6129152e+18,6.21660610108486
33,173,71,968000,1.6111872e+18,6.21660610108486
28,165,70,1600000,1.6132608e+18,6.21660610108486
27,168,68,1100000,1.6099776e+18,7.60140233458373
33,182,75,438000,1.6101504e+18,6.90875477931522
26,177,76,1200000,1.5826752e+18,8.00670084544037
30,187,74,945000,1.6242336e+18,8.29429960885724
30,173,70,1500000,1.5778368e+18,6.21660610108486
29,187,76,810000,1.5633216e+18,6.90875477931522
25,180,68,1500000,1.6250976e+18,8.00670084544037
33,191,76,613000,1.562544e+18,7.60140233458373
26,187,90,1300000,1.6121376e+18,7.60140233458373
26,182,81,1300000,1.6261344e+18,8.00670084544037
24,172,65,1700000,1.4973984e+18,7.60140233458373
26,175,71,1400000,1.595376e+18,8.29429960885724
27,188,80,994000,1.6094592e+18,6.90875477931522
27,186,83,1200000,1.5964128e+18,8.00670084544037
25,178,63,1700000,1.611792e+18,7.60140233458373
29,188,79,1200000,1.6252704e+18,8.29429960885724
25,171,61,1300000,1.5619392e+18,7.60140233458373
25,169,64,1800000,1.3447296e+18,8.29429960885724
27,193,91,1700000,1.6304544e+18,8.29429960885724
28,178,80,1100000,1.5935616e+18,8.98732181285012
27,175,62,1600000,1.6110144e+18,6.21660610108486
30,178,70,1500000,1.5778368e+18,6.21660610108486
28,170,65,979000,1.5489792e+18,6.90875477931522
25,183,75,1700000,1.630368e+18,7.60140233458373
25,173,62,1800000,1.5324768e+18,8.29429960885724
26,188,86,1400000,1.6296768e+18,6.85751406254539
25,178,74,2e+06,1.5803424e+18,8.29429960885724
27,177,70,1100000,1.6124832e+18,8.29429960885724
24,173,70,2e+06,1.6250976e+18,7.60140233458373
24,174,82,1600000,1.6250976e+18,7.60140233458373
28,183,78,1300000,1.6284672e+18,8.29429960885724
26,177,72,1600000,1.5931296e+18,7.60140233458373
25,163,74,1700000,1.6297632e+18,8.00670084544037
25,191,80,1700000,1.5621984e+18,8.00670084544037
24,178,64,2e+06,1.5964128e+18,7.60140233458373
27,172,68,1100000,1.4996448e+18,7.60140233458373
26,178,76,1500000,1.5330816e+18,8.69968140098951
25,185,84,1600000,1.3687488e+18,7.60140233458373
27,181,82,1300000,1.5744672e+18,8.00670084544037
24,187,80,1900000,1.6250976e+18,8.00670084544037
29,186,67,1100000,1.5970176e+18,8.00670084544037
28,185,87,906000,1.550016e+18,7.60140233458373
24,183,72,2e+06,1.562976e+18,7.60140233458373
30,175,77,1e+06,1.5976224e+18,7.60140233458373
25,173,71,1200000,1.3904352e+18,7.60140233458373
29,178,72,906000,1.629936e+18,7.60140233458373
31,187,80,725000,1.4046912e+18,8.00670084544037
28,179,66,1100000,1.5619392e+18,8.98732181285012
31,180,73,930000,1.5952896e+18,8.29429960885724
28,179,71,1e+06,1.262304e+18,8.5173931714189
30,182,73,1e+06,1.5797376e+18,8.69968140098951
26,188,83,1500000,1.5790464e+18,7.60140233458373
27,173,63,1300000,1.6024608e+18,8.8538082749772
30,186,84,853000,1.356912e+18,7.60140233458373
29,191,87,1100000,1.262304e+18,8.00670084544037
28,190,83,1e+06,1.612224e+18,8.00670084544037
25,192,82,1e+06,1.5964128e+18,8.00670084544037
29,175,78,9e+05,1.6232832e+18,7.60140233458373
25,186,82,1500000,1.5659136e+18,7.60140233458373
27,171,68,1500000,1.6281216e+18,7.60140233458373
27,179,74,1100000,1.61136e+18,7.60140233458373
31,173,60,814000,1.4855616e+18,8.5173931714189
26,181,82,1300000,1.6127424e+18,8.00670084544037
26,178,73,1700000,1.5774912e+18,8.29429960885724
28,187,72,775000,1.5485472e+18,8.29429960885724
32,182,75,625000,1.389744e+18,6.90875477931522
25,171,67,1600000,1.4357088e+18,8.29429960885724
32,180,75,891000,1.6188768e+18,8.00670084544037
25,183,80,1200000,1.3885344e+18,7.60140233458373
31,175,71,750000,1.4835744e+18,7.60140233458373
27,187,78,1400000,1.532304e+18,6.90875477931522
24,175,72,1800000,1.5990048e+18,8.00670084544037
24,175,75,2e+06,1.6250976e+18,8.00670084544037
27,195,81,1300000,1.5973632e+18,8.69968140098951
27,194,85,1100000,1.6013376e+18,8.00670084544037
27,184,76,1200000,1.580256e+18,8.5173931714189
28,194,89,1300000,1.600128e+18,8.8538082749772
26,189,81,1200000,1.611792e+18,7.60140233458373
27,186,77,1100000,1.6257024e+18,7.60140233458373
26,173,72,1300000,1.5998688e+18,7.60140233458373
24,186,86,1500000,1.5619392e+18,6.68586094706836
34,180,74,516000,1.6190496e+18,6.21660610108486
28,183,80,1100000,1.5172704e+18,7.60140233458373
26,185,80,1100000,1.5472512e+18,6.90875477931522
23,180,82,2600000,1.4936832e+18,8.00670084544037
31,186,80,563000,1.6249248e+18,8.00670084544037
33,180,77,608000,1.4726016e+18,8.00670084544037
25,187,77,1600000,1.6121376e+18,8.00670084544037
26,182,75,1700000,1.5934752e+18,8.00670084544037
27,179,77,1100000,1.5304032e+18,7.60140233458373
37,183,77,216000,1.5622848e+18,6.80350525760834
25,176,74,1900000,1.6250976e+18,8.29429960885724
27,185,80,1700000,1.5797376e+18,6.21660610108486
32,186,82,594000,1.6278624e+18,6.90875477931522
29,179,68,945000,1.6250976e+18,8.29429960885724
30,187,81,736000,1.548288e+18,7.60140233458373
25,174,68,1600000,1.6250976e+18,7.60140233458373
31,179,78,750000,1.6268256e+18,8.29429960885724
32,176,73,775000,1.6188768e+18,7.60140233458373
28,185,83,969000,1.5797376e+18,8.69968140098951
31,183,82,775000,1.1045376e+18,8.69968140098951
32,185,71,891000,1.1045376e+18,8.8538082749772
27,182,69,1100000,1.4200704e+18,8.69968140098951
28,183,80,1200000,1.4054688e+18,8.69968140098951
25,188,80,2e+06,1.5022368e+18,9.10509096125708
25,175,66,1700000,1.6302816e+18,8.00670084544037
26,189,81,1500000,1.6097184e+18,9.61587214452889
28,171,75,1500000,1.627344e+18,8.29429960885724
25,183,75,1600000,1.630368e+18,7.60140233458373
29,180,74,1500000,1.5463008e+18,6.21660610108486
25,174,70,1700000,1.603152e+18,8.8538082749772
24,179,71,1800000,1.6261344e+18,8.29429960885724
23,191,70,2700000,1.4041728e+18,7.60140233458373
23,180,68,2e+06,1.6015968e+18,7.60140233458373
23,188,77,1800000,1.4041728e+18,7.60140233458373
26,177,74,1400000,1.6106688e+18,6.39859493453521
25,186,74,1600000,1.4034816e+18,8.29429960885724
25,183,78,1700000,1.4068512e+18,8.5173931714189
25,188,74,1400000,1.6302816e+18,7.60140233458373
25,185,70,1700000,1.6304544e+18,7.60140233458373
25,180,70,1800000,1.5661728e+18,8.00670084544037
26,174,68,1600000,1.5937344e+18,6.90875477931522
31,181,70,1100000,1.3726368e+18,6.21660610108486
29,196,75,875000,1.5934752e+18,6.90875477931522
26,185,70,1100000,1.6255296e+18,8.00670084544037
27,176,71,1100000,1.6298496e+18,6.90875477931522
28,178,76,943000,1.6250976e+18,6.90875477931522
35,183,79,176000,1.4224896e+18,6.21660610108486
25,175,70,1700000,1.6121376e+18,7.60140233458373
26,169,65,1900000,1.6106688e+18,6.21660610108486
26,191,78,1400000,1.6304544e+18,7.60140233458373
27,189,77,1200000,1.6301088e+18,6.68586094706836
24,173,70,2200000,1.6184448e+18,7.60140233458373
24,183,75,1700000,1.630368e+18,7.60140233458373
25,185,76,2700000,1.6019424e+18,8.00670084544037
22,193,86,2200000,1.62864e+18,7.60140233458373
30,199,99,776000,1.6276032e+18,6.74641212857337
25,178,67,1700000,1.595808e+18,8.5173931714189
28,191,82,1100000,1.5778368e+18,8.00670084544037
28,178,68,975000,1.5786144e+18,7.60140233458373
27,187,81,1e+06,1.5805152e+18,8.00670084544037
34,183,71,406000,1.4874624e+18,8.00670084544037
26,190,85,1100000,1.610496e+18,8.00670084544037
26,175,71,1600000,1.5935616e+18,8.29429960885724
31,175,72,719000,1.5533856e+18,6.90875477931522
30,185,90,875000,1.627776e+18,6.90875477931522
26,180,70,1e+06,1.6106688e+18,6.55250788703459
23,170,68,1700000,1.630368e+18,8.00670084544037
26,191,83,1300000,1.5622848e+18,7.60140233458373
33,192,79,288000,1.5640992e+18,6.90875477931522
34,180,75,699000,1.6094592e+18,6.21660610108486
25,188,70,1500000,1.6250976e+18,8.00670084544037
28,181,78,1200000,1.4673312e+18,8.00670084544037
27,181,68,1300000,1.5619392e+18,9.10509096125708
24,185,79,1200000,1.6285536e+18,7.60140233458373
23,178,68,2500000,1.5989184e+18,6.90875477931522
25,183,79,1200000,1.610064e+18,6.90875477931522
24,182,80,1800000,1.4041728e+18,9.30574145673944
22,173,69,1300000,1.6127424e+18,7.60140233458373
24,176,73,3200000,1.6116192e+18,9.10509096125708
30,195,88,776000,1.6315776e+18,6.55250788703459
27,191,85,1100000,1.611792e+18,8.00670084544037
25,174,68,1600000,1.6250976e+18,8.00670084544037
27,185,73,1e+06,1.6250976e+18,7.60140233458373
26,180,71,1100000,1.601856e+18,7.60140233458373
31,189,86,825000,1.6288992e+18,8.00670084544037
23,185,91,2100000,1.6257888e+18,7.60140233458373
23,172,75,3200000,1.630368e+18,8.98732181285012
31,170,62,930000,1.6257024e+18,7.60140233458373
34,186,75,388000,1.5619392e+18,7.60140233458373
24,182,76,3200000,1.626048e+18,6.90875477931522
31,191,81,725000,1.5973632e+18,8.00670084544037
26,182,77,1300000,1.5304032e+18,8.5173931714189
25,168,63,1200000,1.6094592e+18,6.39859493453521
27,176,74,938000,1.5336e+18,7.60140233458373
29,191,89,1100000,1.6304544e+18,7.60140233458373
27,189,81,1700000,1.6263936e+18,8.29429960885724
26,183,76,1300000,1.5958944e+18,6.90875477931522
26,195,92,1200000,1.5304032e+18,8.5173931714189
24,185,78,3300000,1.4858208e+18,8.29429960885724
24,188,80,2600000,1.5356736e+18,8.00670084544037
29,187,83,1100000,1.5670368e+18,8.5173931714189
25,173,63,1800000,1.5929568e+18,7.60140233458373
25,173,68,1200000,1.6142112e+18,6.90875477931522
25,182,75,1300000,1.6257024e+18,8.69968140098951
32,185,77,736000,1.5965856e+18,7.60140233458373
21,187,77,1600000,1.6257024e+18,8.29429960885724
29,186,80,1100000,1.6250112e+18,8.29429960885724
25,180,73,1500000,1.6254432e+18,8.29429960885724
29,176,72,1400000,1.625616e+18,8.5173931714189
33,177,72,855000,1.6257024e+18,8.8538082749772
26,178,72,1100000,1.6250976e+18,6.90875477931522
25,190,76,2600000,1.563408e+18,9.21044036697652
23,180,70,2e+06,1.4779584e+18,7.60140233458373
22,178,70,2e+06,1.5996096e+18,8.00670084544037
30,180,76,1500000,1.6158528e+18,6.21660610108486
23,189,75,2e+06,1.4446944e+18,8.00670084544037
25,188,86,2600000,1.5644448e+18,7.60140233458373
23,191,81,2e+06,1.6279488e+18,8.00670084544037
21,172,66,2300000,1.6008192e+18,6.90875477931522
24,185,77,2400000,1.5622848e+18,7.60140233458373
23,175,75,1500000,1.6263936e+18,8.00670084544037
23,178,70,1700000,1.566864e+18,8.00670084544037
23,174,64,2700000,1.6250976e+18,8.00670084544037
23,171,67,2300000,1.6072992e+18,6.90875477931522
28,174,71,906000,1.630368e+18,8.00670084544037
31,180,70,1300000,1.4200704e+18,6.21660610108486
25,175,69,2100000,1.5644448e+18,6.21660610108486
25,176,72,2100000,1.6137792e+18,6.21660610108486
23,183,76,2500000,1.5017184e+18,8.5173931714189
24,185,80,1200000,1.5578784e+18,6.62140565176413
25,170,62,1400000,1.579824e+18,6.31173480915291
23,194,90,1600000,1.5941664e+18,6.90875477931522
32,182,76,776000,1.5964992e+18,8.00670084544037
33,178,78,469000,1.6081632e+18,7.60140233458373
26,180,76,1300000,1.610064e+18,6.68586094706836
22,193,85,2400000,1.5082848e+18,8.00670084544037
31,181,78,1300000,1.6136928e+18,6.21660610108486
25,177,60,1400000,1.3885344e+18,6.90875477931522
23,185,81,2300000,1.5957216e+18,6.90875477931522
28,184,77,906000,1.630368e+18,7.60140233458373
32,170,68,798000,1.562112e+18,8.29429960885724
29,175,73,875000,1.5489792e+18,6.90875477931522
36,173,64,3e+05,1.578096e+18,6.90875477931522
34,179,75,538000,1.56384e+18,6.21660610108486
25,178,76,1800000,1.560816e+18,8.5173931714189
35,169,64,250000,1.1045376e+18,6.90875477931522
25,185,78,1400000,1.4543712e+18,8.00670084544037
23,181,72,2700000,1.6121376e+18,7.60140233458373
27,171,68,938000,1.6101504e+18,6.90875477931522
32,189,85,641000,1.4546304e+18,7.60140233458373
29,186,84,906000,1.6106688e+18,7.60140233458373
32,169,67,719000,1.5805152e+18,8.00670084544037
35,182,79,645000,1.6093728e+18,6.21660610108486
25,182,77,2500000,1.4357088e+18,7.60140233458373
30,172,65,906000,1.597536e+18,8.29429960885724
32,167,64,719000,1.5463008e+18,6.90875477931522
31,169,66,656000,1.5784416e+18,6.90875477931522
35,181,75,104000,1.5641856e+18,6.90875477931522
24,172,70,1800000,1.6076448e+18,7.60140233458373
25,182,79,1300000,1.4525568e+18,7.60140233458373
36,180,69,2e+05,1.6101504e+18,6.85751406254539
24,177,66,1300000,1.4516064e+18,8.00670084544037
30,173,68,844000,1.578096e+18,6.90875477931522
27,174,67,1e+06,1.5450048e+18,7.60140233458373
35,183,77,375000,1.1360736e+18,6.90875477931522
24,171,65,1600000,1.6106688e+18,7.60140233458373
32,181,82,1e+06,1.5778368e+18,6.21660610108486
21,180,81,3200000,1.6028064e+18,8.5173931714189
23,177,79,1700000,1.630368e+18,7.60140233458373
29,171,66,875000,1.6101504e+18,6.90875477931522
25,175,67,2100000,1.5807744e+18,6.21660610108486
29,174,70,906000,1.578096e+18,7.60140233458373
26,170,73,1300000,1.6129152e+18,8.00670084544037
23,183,73,2300000,1.457568e+18,8.5173931714189
23,184,80,2100000,1.6250976e+18,7.60140233458373
27,174,72,969000,1.4516064e+18,7.60140233458373
23,181,68,2700000,1.597104e+18,8.29429960885724
24,181,75,1700000,1.5350688e+18,8.00670084544037
25,178,72,1400000,1.626048e+18,7.60140233458373
24,176,70,1700000,1.6118784e+18,6.90875477931522
23,185,76,1700000,1.5628896e+18,8.00670084544037
29,175,70,875000,1.6147296e+18,7.60140233458373
23,196,78,3100000,1.562112e+18,8.98732181285012
23,186,80,2200000,1.5787872e+18,6.90875477931522
33,167,69,968000,1.5831072e+18,6.21660610108486
23,178,72,3800000,1.5778368e+18,6.21660610108486
21,171,67,2300000,1.54872e+18,7.60140233458373
23,178,69,1400000,1.6115328e+18,7.60140233458373
31,173,70,1100000,1.610496e+18,6.21660610108486
25,180,68,1400000,1.4988672e+18,6.90875477931522
27,180,80,1200000,1.5619392e+18,8.5173931714189
22,189,77,2200000,1.62648e+18,7.60140233458373
31,188,78,875000,1.59408e+18,7.60140233458373
24,190,85,2e+06,1.5998688e+18,6.90875477931522
27,189,76,969000,1.6004736e+18,8.5173931714189
30,174,75,844000,1.6250976e+18,7.60140233458373
27,178,72,1e+06,1.6250976e+18,7.60140233458373
24,195,91,2400000,1.4660352e+18,7.60140233458373
27,174,66,1200000,1.5967584e+18,7.60140233458373
25,180,68,2500000,1.6250976e+18,7.60140233458373
32,186,79,736000,1.6271712e+18,8.00670084544037
23,180,75,1800000,1.6250976e+18,8.00670084544037
25,190,82,1400000,1.5995232e+18,6.85751406254539
26,186,79,1100000,1.6250976e+18,8.00670084544037
23,173,70,2100000,1.6118784e+18,7.60140233458373
25,175,71,1700000,1.6250976e+18,8.5173931714189
22,192,84,1500000,1.594512e+18,7.60140233458373
22,188,67,1400000,1.4516064e+18,7.60140233458373
23,185,70,2700000,1.5652224e+18,6.90875477931522
23,185,77,3100000,1.4695776e+18,6.21660610108486
22,185,70,2900000,1.625184e+18,8.00670084544037
22,196,73,2500000,1.4357088e+18,6.90875477931522
25,192,79,1300000,1.550448e+18,7.60140233458373
21,184,74,3300000,1.5619392e+18,8.00670084544037
21,183,72,2900000,1.4700096e+18,7.60140233458373
24,187,75,1300000,1.4673312e+18,8.5173931714189
22,192,78,2400000,1.6202592e+18,7.60140233458373
24,168,65,1800000,1.6287264e+18,6.90875477931522
22,184,74,2600000,1.5984e+18,8.29429960885724
22,185,72,2600000,1.62432e+18,8.00670084544037
24,182,75,3200000,1.5304032e+18,8.29429960885724
29,182,75,1300000,1.6250112e+18,8.29429960885724
28,179,75,1600000,1.5980544e+18,6.21660610108486
25,191,82,1700000,1.5643584e+18,7.60140233458373
26,174,76,1300000,1.6151616e+18,8.29429960885724
23,188,70,3100000,1.5991776e+18,8.00670084544037
21,180,75,2900000,1.6112736e+18,7.60140233458373
22,180,75,2400000,1.429056e+18,8.29429960885724
22,182,67,2800000,1.6268256e+18,8.29429960885724
24,183,78,1600000,1.6250976e+18,8.5173931714189
22,180,75,3100000,1.6258752e+18,7.60140233458373
26,169,70,1300000,1.5998688e+18,8.29429960885724
25,178,67,1300000,1.6159392e+18,7.60140233458373
21,178,69,2600000,1.601856e+18,7.60140233458373
25,199,90,1500000,1.596672e+18,8.29429960885724
22,175,75,3100000,1.6279488e+18,7.60140233458373
27,175,72,1100000,1.6105824e+18,7.60140233458373
21,176,68,2700000,1.6250976e+18,7.60140233458373
24,185,75,3200000,1.6250112e+18,8.8538082749772
29,185,88,866000,1.612224e+18,7.60140233458373
27,175,69,1400000,1.626912e+18,7.60140233458373
25,188,84,2200000,1.4836608e+18,7.60140233458373
25,178,72,1600000,1.6121376e+18,8.00670084544037
26,178,77,1200000,1.6160256e+18,7.60140233458373
27,183,74,994000,1.5920064e+18,7.60140233458373
24,181,71,1900000,1.5991776e+18,8.00670084544037
27,176,72,1400000,1.5780096e+18,8.00670084544037
23,170,68,2100000,1.5619392e+18,7.60140233458373
23,189,78,2e+06,1.5609888e+18,7.60140233458373
23,179,65,2e+06,1.5784416e+18,7.60140233458373
26,180,73,1600000,1.5475104e+18,7.60140233458373
22,172,66,2700000,1.5972768e+18,7.60140233458373
22,180,82,2300000,1.566864e+18,8.29429960885724
22,180,70,2e+06,1.6120512e+18,8.00670084544037
21,193,87,3200000,1.4832288e+18,7.60140233458373
26,180,79,1200000,1.628208e+18,8.00670084544037
26,193,74,1400000,1.4988672e+18,8.98732181285012
23,178,64,2100000,1.5921792e+18,7.60140233458373
24,175,66,2500000,1.5492384e+18,8.8538082749772
23,191,81,1900000,1.4832288e+18,6.90875477931522
23,174,66,1600000,1.5658272e+18,6.90875477931522
22,175,75,2300000,1.6250976e+18,8.00670084544037
24,183,73,2e+06,1.6269984e+18,7.60140233458373
26,180,75,1e+06,1.5782688e+18,6.90875477931522
26,185,73,1100000,1.617408e+18,7.60140233458373
22,180,74,1500000,1.6101504e+18,6.90875477931522
26,174,70,1500000,1.5621984e+18,9.10509096125708
21,174,72,2300000,1.601856e+18,6.90875477931522
24,190,83,1900000,1.6287264e+18,6.90875477931522
23,186,75,1900000,1.4916096e+18,8.00670084544037
22,181,70,2200000,1.547424e+18,8.00670084544037
27,196,89,1400000,1.5964128e+18,8.00670084544037
24,178,77,1700000,1.5619392e+18,8.8538082749772
24,184,81,1500000,1.5947712e+18,7.60140233458373
24,182,76,1500000,1.5304032e+18,8.00670084544037
30,178,72,906000,1.6250976e+18,7.60140233458373
29,181,82,1100000,1.6250976e+18,7.60140233458373
24,193,81,1700000,1.6250976e+18,6.90875477931522
28,178,73,1100000,1.6250976e+18,8.00670084544037
21,180,70,2300000,1.61352e+18,6.90875477931522
24,186,80,1700000,1.4988672e+18,7.60140233458373
21,187,91,3300000,1.562544e+18,8.69968140098951
29,180,75,750000,1.6163712e+18,7.60140233458373
22,177,74,2300000,1.5619392e+18,7.60140233458373
23,188,85,1400000,1.6250976e+18,8.00670084544037
26,180,70,1200000,1.5947712e+18,7.60140233458373
26,192,90,1300000,1.5961536e+18,7.60140233458373
27,189,80,1400000,1.59624e+18,6.21660610108486
24,175,70,1500000,1.4200704e+18,7.60140233458373
27,183,80,1200000,1.6130016e+18,6.90875477931522
23,182,78,2100000,1.6250976e+18,6.90875477931522
28,187,79,906000,1.628208e+18,7.60140233458373
23,180,71,2100000,1.594512e+18,8.5173931714189
26,188,80,1300000,1.5304032e+18,6.90875477931522
24,189,76,1700000,1.59624e+18,6.90875477931522
28,173,68,1300000,1.626912e+18,7.60140233458373
25,174,68,1300000,1.5804288e+18,8.69968140098951
23,174,61,3500000,1.6292448e+18,8.29429960885724
28,197,90,1300000,1.5632352e+18,8.5173931714189
26,184,79,1600000,1.501632e+18,7.60140233458373
22,183,74,3200000,1.5780096e+18,8.69968140098951
24,185,73,2100000,1.5967584e+18,8.00670084544037
26,177,67,1100000,1.6101504e+18,8.00670084544037
22,172,68,2800000,1.518048e+18,7.60140233458373
22,193,75,2e+06,1.4988672e+18,8.00670084544037
22,178,67,2500000,1.5304032e+18,8.00670084544037
21,183,68,2800000,1.6236288e+18,6.90875477931522
20,175,71,2300000,1.6270848e+18,7.60140233458373
22,178,75,3100000,1.4978304e+18,8.98732181285012
23,186,72,2900000,1.6028064e+18,8.8538082749772
22,175,68,1800000,1.6250976e+18,7.60140233458373
22,191,79,1500000,1.6250976e+18,8.00670084544037
22,181,78,2900000,1.6250976e+18,7.60140233458373
20,179,66,3400000,1.5356736e+18,9.30574145673944
22,174,63,2600000,1.6250976e+18,8.00670084544037
22,185,75,3300000,1.5948576e+18,8.5173931714189
22,175,72,2900000,1.6262208e+18,7.60140233458373
21,183,76,2900000,1.6291584e+18,7.60140233458373
24,190,78,2600000,1.5000768e+18,8.00670084544037
27,178,70,1300000,1.6250976e+18,7.60140233458373
22,193,83,2500000,1.502928e+18,8.5173931714189
27,189,75,1100000,1.5529536e+18,6.90875477931522
23,184,80,2300000,1.6301952e+18,7.60140233458373
26,191,86,997000,1.4673312e+18,7.60140233458373
22,184,79,1600000,1.4673312e+18,8.00670084544037
21,185,76,4100000,1.5935616e+18,8.98732181285012
22,178,69,3600000,1.4988672e+18,8.29429960885724
23,175,68,2800000,1.4859072e+18,8.5173931714189
24,178,73,1800000,1.6267392e+18,7.60140233458373
24,170,70,2800000,1.5021504e+18,8.29429960885724
23,175,66,1600000,1.5977088e+18,7.60140233458373
24,189,78,1500000,1.4988672e+18,7.60140233458373
22,178,68,2900000,1.513728e+18,8.8538082749772
21,188,84,3500000,1.6254432e+18,6.90875477931522
24,193,80,1900000,1.62648e+18,7.60140233458373
24,166,62,2300000,1.5151968e+18,6.21660610108486
20,193,87,3600000,1.5970176e+18,7.60140233458373
22,186,79,2300000,1.578528e+18,7.60140233458373
25,174,70,1100000,1.5640128e+18,7.60140233458373
23,180,71,2600000,1.6274304e+18,7.60140233458373
23,198,86,2800000,1.4200704e+18,8.98732181285012
25,185,80,1400000,1.564704e+18,8.00670084544037
20,173,65,3800000,1.6257888e+18,7.60140233458373
21,191,82,2700000,1.601856e+18,8.29429960885724
32,188,83,641000,1.597536e+18,8.00670084544037
21,185,83,2e+06,1.5175296e+18,6.90875477931522
29,182,73,945000,1.625616e+18,8.00670084544037
21,174,68,2700000,1.4673312e+18,8.29429960885724
22,169,65,1900000,1.4832288e+18,6.90875477931522
21,171,68,3400000,1.5186528e+18,7.60140233458373
22,185,75,2200000,1.5090624e+18,6.90875477931522
21,178,73,2300000,1.614816e+18,6.90875477931522
24,178,70,1500000,1.581984e+18,7.60140233458373
24,181,72,1500000,1.5778368e+18,7.60140233458373
24,184,80,2100000,1.5174432e+18,7.60140233458373
21,181,77,3e+06,1.5982272e+18,8.00670084544037
21,188,67,3200000,1.5187392e+18,8.8538082749772
21,181,71,3200000,1.6302816e+18,8.69968140098951
25,191,81,1200000,1.6020288e+18,6.90875477931522
20,175,63,3800000,1.5673824e+18,7.60140233458373
19,173,68,3600000,1.5201216e+18,6.90875477931522
20,180,75,2700000,1.62864e+18,8.5173931714189
31,183,78,810000,1.6250976e+18,7.60140233458373
21,188,80,3300000,1.5329952e+18,8.00670084544037
21,180,70,2600000,1.5252192e+18,6.90875477931522
21,175,80,3400000,1.6250976e+18,8.98732181285012
22,183,70,3500000,1.6263936e+18,7.60140233458373
22,183,74,2400000,1.5147648e+18,7.60140233458373
22,194,80,2900000,1.5338592e+18,8.98732181285012
21,188,80,2900000,1.6118784e+18,6.90875477931522
22,180,74,2200000,1.5656544e+18,6.90875477931522
22,175,70,3100000,1.6043616e+18,8.00670084544037
19,163,61,4200000,1.595808e+18,8.29429960885724
23,185,76,2500000,1.5247008e+18,8.69968140098951
28,176,70,906000,1.6101504e+18,7.60140233458373
29,181,81,844000,1.6032384e+18,8.00670084544037
25,178,77,1500000,1.623024e+18,7.60140233458373
25,188,84,1400000,1.5572736e+18,7.60140233458373
31,182,78,625000,1.5147648e+18,8.00670084544037
24,184,75,2500000,1.5619392e+18,8.00670084544037
21,177,72,4900000,1.6250976e+18,8.29429960885724
32,193,88,831000,1.6022016e+18,7.60140233458373
22,188,82,3700000,1.625616e+18,7.60140233458373
22,184,78,2500000,1.5989184e+18,7.60140233458373
23,175,70,2e+06,1.6250976e+18,6.80350525760834
21,174,65,2600000,1.5304032e+18,8.5173931714189
26,170,70,1600000,1.5304032e+18,7.60140233458373
22,181,73,2100000,1.601856e+18,7.60140233458373
25,193,79,2e+06,1.626048e+18,7.60140233458373
20,178,67,3900000,1.5762816e+18,9.30574145673944
22,193,89,2500000,1.5304032e+18,6.85751406254539
24,197,89,2200000,1.5947712e+18,8.69968140098951
21,191,82,4500000,1.6269984e+18,8.29429960885724
25,184,78,1400000,1.627344e+18,6.90875477931522
33,185,72,608000,1.6250976e+18,8.00670084544037
28,187,85,1300000,1.5295392e+18,7.60140233458373
21,177,75,3100000,1.5298848e+18,8.00670084544037
22,169,72,2700000,1.5307488e+18,8.29429960885724
22,188,86,1700000,1.6250976e+18,8.5173931714189
25,176,67,1600000,1.5304032e+18,9.21044036697652
25,170,75,1800000,1.6278624e+18,7.60140233458373
23,202,90,1300000,1.6111008e+18,6.90875477931522
24,176,70,1500000,1.4357088e+18,7.60140233458373
25,177,75,1700000,1.5898464e+18,7.60140233458373
24,188,85,1500000,1.6250976e+18,6.90875477931522
21,177,77,3e+06,1.5304032e+18,8.98732181285012
27,180,73,1e+06,1.6250976e+18,8.00670084544037
24,188,86,2400000,1.6287264e+18,8.00670084544037
28,183,77,1e+06,1.5304032e+18,8.00670084544037
21,172,68,3100000,1.5313536e+18,8.00670084544037
20,187,87,3100000,1.6250976e+18,6.90875477931522
29,179,75,1200000,1.6280352e+18,8.29429960885724
24,172,63,2700000,1.5943392e+18,8.5173931714189
26,190,84,1100000,1.5304032e+18,7.60140233458373
24,182,79,1500000,1.5156288e+18,6.90875477931522
28,187,80,906000,1.5781824e+18,7.60140233458373
21,195,84,2400000,1.5304032e+18,8.00670084544037
24,173,65,1600000,1.5468192e+18,6.90875477931522
22,178,75,3800000,1.5304032e+18,8.5173931714189
25,188,87,2200000,1.603152e+18,8.29429960885724
26,177,70,2e+06,1.6049664e+18,6.21660610108486
22,189,71,3200000,1.5304032e+18,8.29429960885724
20,180,70,4e+06,1.5324768e+18,8.8538082749772
21,182,72,2700000,1.5178752e+18,8.29429960885724
22,175,76,2300000,1.5330816e+18,8.00670084544037
22,175,64,3100000,1.5971904e+18,7.60140233458373
24,184,80,1400000,1.610496e+18,8.00670084544037
22,186,78,3e+06,1.6292448e+18,8.29429960885724
19,182,83,4e+06,1.6121376e+18,8.5173931714189
25,184,80,1600000,1.6308864e+18,6.47850964220857
20,172,66,2600000,1.5990048e+18,7.60140233458373
23,189,86,1500000,1.6250976e+18,6.90875477931522
22,181,84,2600000,1.5352416e+18,8.69968140098951
21,185,79,2700000,1.565136e+18,8.29429960885724
19,191,84,3900000,1.5304032e+18,7.60140233458373
20,180,78,2300000,1.536624e+18,7.60140233458373
20,183,72,3800000,1.6094592e+18,6.90875477931522
21,171,67,3900000,1.6250976e+18,7.60140233458373
21,187,79,4e+06,1.53144e+18,9.10509096125708
21,185,75,3100000,1.5174432e+18,7.60140233458373
20,170,60,3500000,1.5304032e+18,7.60140233458373
29,174,74,750000,1.547424e+18,8.00670084544037
20,171,67,3e+06,1.5304032e+18,9.10509096125708
28,172,67,813000,1.5466464e+18,7.60140233458373
27,177,70,875000,1.6101504e+18,6.90875477931522
25,174,65,1700000,1.6121376e+18,6.21660610108486
21,187,78,2500000,1.5952032e+18,7.60140233458373
22,182,78,2700000,1.6017696e+18,6.90875477931522
22,180,72,2600000,1.543536e+18,8.29429960885724
20,164,53,3200000,1.5578784e+18,6.90875477931522
23,184,79,2400000,1.5795648e+18,8.29429960885724
30,179,70,719000,1.6248384e+18,6.90875477931522
19,183,72,4e+06,1.6004736e+18,8.98732181285012
25,170,66,2100000,1.5978816e+18,8.00670084544037
21,165,60,2500000,1.610496e+18,8.00670084544037
21,175,71,3600000,1.54656e+18,8.00670084544037
21,189,82,2900000,1.5481152e+18,6.90875477931522
29,175,72,1500000,1.5336864e+18,6.21660610108486
20,185,71,4600000,1.5179616e+18,6.21660610108486
22,190,88,2400000,1.5488928e+18,8.8538082749772
24,168,65,1300000,1.5463008e+18,6.90875477931522
21,185,74,3400000,1.625184e+18,8.69968140098951
20,180,69,2200000,1.5358464e+18,7.60140233458373
22,179,72,2200000,1.5494112e+18,6.90875477931522
20,178,82,3400000,1.5501024e+18,6.90875477931522
20,171,64,3600000,1.5488064e+18,8.29429960885724
20,165,66,2600000,1.6188768e+18,7.60140233458373
21,177,75,3e+06,1.5518304e+18,9.10509096125708
21,175,66,3200000,1.5523488e+18,6.90875477931522
31,180,68,1100000,1.5622848e+18,6.21660610108486
32,188,83,641000,1.6250976e+18,7.60140233458373
29,177,74,810000,1.5619392e+18,7.60140233458373
25,177,75,1400000,1.601856e+18,8.29429960885724
34,191,86,311000,1.6250976e+18,8.00670084544037
25,187,79,1400000,1.6250976e+18,7.60140233458373
27,182,82,926000,1.4988672e+18,7.60140233458373
33,174,74,506000,1.5304032e+18,8.00670084544037
30,184,81,810000,1.6250976e+18,7.60140233458373
25,180,77,1200000,1.625184e+18,8.00670084544037
29,174,79,844000,1.6254432e+18,7.60140233458373
30,181,76,641000,1.6250976e+18,8.00670084544037
27,185,78,945000,1.6250976e+18,7.60140233458373
27,175,68,1e+06,1.6250976e+18,7.60140233458373
26,180,73,1200000,1.6276896e+18,8.29429960885724
23,185,75,2700000,1.5316992e+18,9.21044036697652
24,184,70,1300000,1.543968e+18,6.90875477931522
21,173,65,2600000,1.6171488e+18,7.60140233458373
24,186,81,1400000,1.6250976e+18,6.90875477931522
19,184,74,2900000,1.5304032e+18,7.60140233458373
24,181,67,1300000,1.5463008e+18,8.00670084544037
31,187,75,806000,1.5791328e+18,6.21660610108486
31,175,66,1100000,1.5778368e+18,6.21660610108486
24,170,63,2e+06,1.5804288e+18,7.60140233458373
24,180,67,1700000,1.630368e+18,8.00670084544037
22,183,82,2600000,1.630368e+18,8.00670084544037
28,181,73,1100000,1.5602976e+18,7.60140233458373
32,175,70,675000,1.3094784e+18,7.60140233458373
28,176,72,878000,1.6250976e+18,8.00670084544037
22,186,77,2200000,1.5633216e+18,8.29429960885724
29,178,70,844000,1.5147648e+18,7.60140233458373
22,178,77,2500000,1.5607296e+18,8.00670084544037
20,183,73,4300000,1.5619392e+18,9.54688403461792
18,185,77,3600000,1.5602976e+18,6.90875477931522
24,185,72,1500000,1.5619392e+18,6.90875477931522
22,193,91,1600000,1.6250976e+18,8.29429960885724
21,186,80,2600000,1.5619392e+18,8.00670084544037
24,188,77,1800000,1.6188768e+18,8.29429960885724
24,189,82,1200000,1.5619392e+18,8.00670084544037
27,186,80,1900000,1.5619392e+18,6.21660610108486
22,186,78,3100000,1.5619392e+18,6.21660610108486
21,191,77,2500000,1.6250976e+18,7.60140233458373
26,187,79,2e+06,1.5619392e+18,7.60140233458373
23,172,74,2300000,1.5619392e+18,7.60140233458373
21,179,65,3e+06,1.5463008e+18,7.60140233458373
22,175,65,2400000,1.5579648e+18,8.69968140098951
21,172,64,3600000,1.5092352e+18,7.60140233458373
31,179,74,709000,1.5619392e+18,8.00670084544037
20,180,74,2600000,1.562112e+18,8.00670084544037
22,183,70,3200000,1.6288128e+18,8.5173931714189
20,178,67,3400000,1.601856e+18,8.00670084544037
22,178,77,1400000,1.5619392e+18,7.60140233458373
18,185,70,3400000,1.5619392e+18,7.60140233458373
22,180,69,2300000,1.6302816e+18,7.60140233458373
21,186,82,3500000,1.5619392e+18,8.29429960885724
21,179,75,3900000,1.6237152e+18,7.60140233458373
22,186,79,2500000,1.5463008e+18,7.60140233458373
21,189,78,3200000,1.5619392e+18,8.29429960885724
22,180,72,2900000,1.56384e+18,6.90875477931522
19,184,77,3400000,1.5639264e+18,7.60140233458373
20,176,74,3800000,1.6017696e+18,7.60140233458373
21,173,68,4200000,1.5619392e+18,8.00670084544037
29,172,63,1200000,1.564704e+18,7.60140233458373
22,165,61,1700000,1.5652224e+18,8.00670084544037
20,182,74,3400000,1.560384e+18,8.00670084544037
21,184,70,2900000,1.5619392e+18,8.98732181285012
24,193,86,2e+06,1.563408e+18,7.60140233458373
27,179,75,1500000,1.6255296e+18,8.29429960885724
20,181,75,2700000,1.6171488e+18,7.60140233458373
17,175,66,4200000,1.5476832e+18,6.21660610108486
19,175,75,3500000,1.5619392e+18,7.60140233458373
21,183,78,3200000,1.6276032e+18,8.5173931714189
25,175,76,2500000,1.630368e+18,7.60140233458373
27,188,83,1e+06,1.6250976e+18,8.29429960885724
31,184,74,709000,1.5971904e+18,7.60140233458373
25,176,72,1400000,1.566864e+18,7.60140233458373
23,174,70,2400000,1.5489792e+18,8.00670084544037
22,173,70,2700000,1.5619392e+18,8.00670084544037
27,187,87,1600000,1.627344e+18,8.29429960885724
22,183,78,3800000,1.5619392e+18,6.21660610108486
27,172,72,1500000,1.610928e+18,6.21660610108486
24,178,73,3300000,1.4516064e+18,6.21660610108486
18,184,72,4800000,1.5990912e+18,8.5173931714189
19,180,75,4800000,1.5985728e+18,9.30574145673944
22,170,60,2300000,1.567296e+18,8.29429960885724
19,178,69,2300000,1.6270848e+18,7.60140233458373
22,170,60,2200000,1.5593472e+18,6.21660610108486
29,175,70,1500000,1.325376e+18,6.21660610108486
21,185,75,3500000,1.5566688e+18,6.21660610108486
35,186,75,409000,1.5463008e+18,6.21660610108486
30,173,75,1300000,1.5147648e+18,6.21660610108486
21,182,81,4700000,1.5619392e+18,6.21660610108486
18,167,60,4e+06,1.6250976e+18,6.90875477931522
25,175,75,2100000,1.4200704e+18,6.21660610108486
23,189,83,2400000,1.6104096e+18,7.60140233458373
28,184,70,1300000,1.5147648e+18,6.21660610108486
29,185,75,1300000,1.4832288e+18,6.21660610108486
32,184,78,753000,1.6190496e+18,6.21660610108486
37,173,67,344000,1.4832288e+18,6.21660610108486
33,176,70,806000,1.5463008e+18,6.21660610108486
30,179,72,1300000,1.6190496e+18,6.21660610108486
20,170,66,3300000,1.547424e+18,6.21660610108486
26,181,77,1900000,1.56384e+18,6.21660610108486
25,191,85,2400000,1.5778368e+18,6.21660610108486
18,169,59,2600000,1.5602976e+18,6.90875477931522
22,187,80,2800000,1.5463008e+18,6.21660610108486
23,186,76,2600000,1.5410304e+18,7.60140233458373
26,178,74,1700000,1.4516064e+18,6.21660610108486
22,186,80,3500000,1.5147648e+18,6.21660610108486
19,180,70,3500000,1.5463008e+18,6.21660610108486
21,177,71,3500000,1.5786144e+18,6.21660610108486
19,177,70,2600000,1.6292448e+18,7.60140233458373
20,191,84,2900000,1.6115328e+18,7.60140233458373
27,179,83,1600000,1.5792192e+18,6.21660610108486
30,172,66,1300000,1.5786144e+18,6.21660610108486
28,183,81,1300000,1.4832288e+18,6.21660610108486
27,172,70,1600000,1.4676768e+18,6.21660610108486
20,172,71,2500000,1.5382656e+18,7.60140233458373
23,180,72,2300000,1.5760224e+18,7.60140233458373
27,175,75,1400000,1.5808608e+18,6.21660610108486
28,177,64,1600000,1.6106688e+18,6.21660610108486
31,173,73,1300000,1.6257888e+18,6.21660610108486
31,179,75,1200000,1.5463008e+18,6.21660610108486
25,180,78,3100000,1.5463008e+18,6.21660610108486
27,178,74,1700000,1.6094592e+18,6.21660610108486
34,175,76,538000,1.5463008e+18,6.21660610108486
22,165,66,2400000,1.6120512e+18,8.00670084544037
26,171,62,1100000,1.578096e+18,6.90875477931522
24,188,80,1300000,1.578096e+18,7.60140233458373
24,168,70,1300000,1.5781824e+18,7.60140233458373
26,170,62,1100000,1.6101504e+18,6.90875477931522
22,173,68,2500000,1.6094592e+18,6.90875477931522
20,180,74,2900000,1.5619392e+18,8.00670084544037
34,180,88,753000,1.5778368e+18,6.21660610108486
24,180,70,2600000,1.5778368e+18,6.21660610108486
26,190,82,1800000,1.5778368e+18,6.21660610108486
19,168,61,3700000,1.5780096e+18,8.5173931714189
19,182,76,3700000,1.5768e+18,7.60140233458373
25,184,80,2400000,1.5777504e+18,6.21660610108486
20,170,65,4600000,1.5619392e+18,8.69968140098951
20,188,80,2300000,1.5593472e+18,8.00670084544037
19,181,75,4e+06,1.5778368e+18,8.00670084544037
20,188,82,2700000,1.5304032e+18,8.5173931714189
23,185,78,2500000,1.5792192e+18,7.60140233458373
24,181,73,1500000,1.5795648e+18,7.60140233458373
29,173,71,1e+06,1.5794784e+18,7.60140233458373
19,175,72,4700000,1.6118784e+18,6.21660610108486
25,175,69,1200000,1.580256e+18,8.00670084544037
24,183,73,2300000,1.5803424e+18,7.60140233458373
24,177,65,1300000,1.6101504e+18,6.90875477931522
24,170,61,1500000,1.4516064e+18,6.90875477931522
24,191,87,1300000,1.5809472e+18,7.60140233458373
27,175,70,1800000,1.611792e+18,6.21660610108486
23,173,64,1500000,1.5805152e+18,8.00670084544037
20,184,77,4900000,1.6250976e+18,8.5173931714189
20,178,70,3100000,1.5619392e+18,7.60140233458373
19,182,77,3700000,1.5817248e+18,7.60140233458373
19,183,75,4500000,1.5619392e+18,8.00670084544037
21,186,85,3e+06,1.5829344e+18,8.5173931714189
18,173,64,3800000,1.5619392e+18,7.60140233458373
18,176,69,3700000,1.6250976e+18,6.90875477931522
19,181,74,3400000,1.6103232e+18,7.60140233458373
21,189,75,2800000,1.6250976e+18,7.60140233458373
20,175,67,3400000,1.5151104e+18,8.00670084544037
25,183,70,1300000,1.5304032e+18,8.00670084544037
23,187,90,2400000,1.5915744e+18,8.8538082749772
21,174,61,4900000,1.5972768e+18,7.60140233458373
21,181,76,3600000,1.4673312e+18,7.60140233458373
21,170,65,2500000,1.59408e+18,7.60140233458373
23,176,75,2700000,1.6276032e+18,8.29429960885724
22,183,75,2600000,1.5935616e+18,8.29429960885724
20,174,73,4400000,1.5947712e+18,6.21660610108486
24,178,75,1500000,1.595808e+18,8.00670084544037
23,191,84,2900000,1.5946848e+18,8.00670084544037
18,175,65,4e+06,1.5939936e+18,6.80350525760834
22,177,77,1700000,1.5951168e+18,8.5173931714189
22,167,67,1500000,1.6121376e+18,7.60140233458373
19,180,70,4200000,1.5935616e+18,9.39274525863144
21,183,79,2500000,1.5956352e+18,6.31173480915291
21,176,70,2700000,1.5755904e+18,7.60140233458373
23,183,83,2400000,1.5935616e+18,7.60140233458373
23,178,68,1400000,1.5960672e+18,7.60140233458373
30,188,86,776000,1.457568e+18,6.90875477931522
22,189,87,2300000,1.5626304e+18,6.90875477931522
24,172,69,1300000,1.4988672e+18,7.60140233458373
19,183,76,3500000,1.6250976e+18,6.90875477931522
22,182,73,1400000,1.597104e+18,7.60140233458373
18,190,84,3600000,1.5967584e+18,7.60140233458373
19,170,69,3400000,1.5967584e+18,7.60140233458373
18,180,65,3600000,1.5971904e+18,6.90875477931522
19,163,68,3200000,1.5915744e+18,6.90875477931522
30,179,70,945000,1.5972768e+18,6.90875477931522
20,186,78,4500000,1.5778368e+18,6.21660610108486
24,175,67,2600000,1.5943392e+18,6.21660610108486
19,180,76,3800000,1.59624e+18,7.60140233458373
22,188,84,2100000,1.6296768e+18,8.5173931714189
21,185,78,4200000,1.5909696e+18,8.00670084544037
18,193,75,3400000,1.5984e+18,6.21660610108486
22,187,83,3500000,1.625616e+18,8.29429960885724
19,180,74,4600000,1.5935616e+18,8.00670084544037
27,182,76,1100000,1.597536e+18,8.00670084544037
24,172,68,1700000,1.5996096e+18,6.90875477931522
20,181,64,3700000,1.6263936e+18,8.5173931714189
21,169,55,3800000,1.5935616e+18,7.60140233458373
23,185,78,2200000,1.5997824e+18,8.29429960885724
23,178,70,2900000,1.5995232e+18,7.60140233458373
19,170,67,5e+06,1.600128e+18,6.21660610108486
19,188,79,2500000,1.5909696e+18,7.60140233458373
19,183,75,3700000,1.6255296e+18,7.60140233458373
19,173,66,4800000,1.60056e+18,9.68040649926888
19,180,70,3600000,1.600992e+18,8.00670084544037
17,171,66,4900000,1.5935616e+18,6.74641212857337
24,188,76,2600000,1.5989184e+18,7.60140233458373
18,182,70,4500000,1.6012512e+18,7.60140233458373
23,197,85,3300000,1.6013376e+18,8.5173931714189
20,168,64,4500000,1.5935616e+18,8.69968140098951
24,183,73,3100000,1.6015968e+18,8.00670084544037
31,178,73,1300000,1.6026336e+18,6.21660610108486
23,186,77,2800000,1.6190496e+18,6.21660610108486
20,186,76,3600000,1.5463872e+18,8.00670084544037
19,168,61,3800000,1.5781824e+18,8.00670084544037
38,167,74,516000,1.5463008e+18,6.21660610108486
35,189,87,172000,1.5793056e+18,6.21660610108486
20,175,67,2200000,1.5778368e+18,6.21660610108486
21,170,68,3500000,1.6094592e+18,6.21660610108486
18,174,69,4400000,1.5778368e+18,6.21660610108486
25,170,66,2e+06,1.4988672e+18,6.21660610108486
27,180,77,1700000,1.4546304e+18,6.21660610108486
21,181,73,3500000,1.5147648e+18,6.21660610108486
21,167,64,3800000,1.610496e+18,6.21660610108486
24,181,70,2800000,1.6085088e+18,6.21660610108486
24,177,76,2200000,1.6106688e+18,6.21660610108486
24,181,78,2200000,1.5788736e+18,6.21660610108486
28,169,65,1600000,1.5803424e+18,6.21660610108486
21,168,64,2300000,1.5174432e+18,6.90875477931522
23,169,66,1900000,1.4859072e+18,6.90875477931522
28,180,75,1600000,1.5778368e+18,6.21660610108486
23,170,65,1700000,1.6098912e+18,8.00670084544037
24,191,85,2200000,1.6098912e+18,8.00670084544037
27,183,80,969000,1.6019424e+18,7.60140233458373
23,184,70,1900000,1.6094592e+18,8.00670084544037
33,178,69,753000,1.6095456e+18,6.21660610108486
21,189,80,2700000,1.6106688e+18,8.5173931714189
25,186,74,2200000,1.6094592e+18,6.21660610108486
19,191,90,4200000,1.6250976e+18,8.00670084544037
17,172,66,3400000,1.5941664e+18,6.21660610108486
25,177,76,1500000,1.4041728e+18,8.00670084544037
20,171,68,3600000,1.613088e+18,8.00670084544037
25,175,71,1500000,1.4988672e+18,8.00670084544037
34,181,79,174000,1.6136064e+18,7.60140233458373
28,187,82,1100000,1.4988672e+18,8.00670084544037
24,184,83,1700000,1.4357088e+18,8.29429960885724
22,178,75,2600000,1.5463008e+18,8.00670084544037
28,173,66,979000,1.6255296e+18,7.60140233458373
18,178,68,4500000,1.5935616e+18,8.69968140098951
20,175,72,3500000,1.6094592e+18,6.21660610108486
21,179,72,3800000,1.5778368e+18,6.21660610108486
28,173,68,1600000,1.6121376e+18,6.21660610108486
19,185,76,2300000,1.6250976e+18,6.90875477931522
18,184,73,4e+06,1.6250976e+18,8.29429960885724
24,183,78,1500000,1.5463872e+18,8.00670084544037
25,179,72,1600000,1.6276896e+18,8.00670084544037
23,180,75,2600000,1.6250976e+18,7.60140233458373
31,191,84,825000,1.621296e+18,6.21660610108486
27,179,72,1300000,1.5973632e+18,7.60140233458373
20,175,72,4600000,1.6216416e+18,8.29429960885724
19,168,63,2600000,1.5782688e+18,7.60140233458373
28,178,75,1100000,1.5590016e+18,7.60140233458373
30,179,76,1200000,1.5307488e+18,7.60140233458373
27,186,84,1400000,1.6250976e+18,8.00670084544037
24,184,75,1500000,1.5304032e+18,8.00670084544037
23,175,63,3700000,1.4832288e+18,7.60140233458373
22,178,74,2300000,1.5304032e+18,7.60140233458373
20,186,82,2500000,1.5946848e+18,7.60140233458373
20,190,79,2500000,1.5619392e+18,7.60140233458373
19,172,68,3900000,1.6094592e+18,6.90875477931522
18,180,75,3900000,1.5935616e+18,6.80350525760834
21,181,76,3800000,1.5619392e+18,6.21660610108486
19,183,77,5400000,1.6099776e+18,6.21660610108486
25,182,79,1600000,1.5991776e+18,8.00670084544037
23,184,70,1800000,1.5991776e+18,8.00670084544037
23,170,63,1400000,1.597968e+18,7.60140233458373
19,173,62,2700000,1.5935616e+18,7.60140233458373
18,191,79,4200000,1.5826752e+18,6.62140565176413
23,177,71,2100000,1.6250976e+18,6.90875477931522
18,187,77,3600000,1.5619392e+18,7.60140233458373
22,186,76,1400000,1.6250976e+18,6.90875477931522
23,181,76,2500000,1.6255296e+18,7.60140233458373
23,181,79,1800000,1.6257888e+18,8.5173931714189
22,180,66,3200000,1.6261344e+18,8.00670084544037
22,178,74,2500000,1.6250976e+18,9.10509096125708
20,192,75,3700000,1.603152e+18,7.60140233458373
21,192,73,2700000,1.6250112e+18,7.60140233458373
22,190,79,2600000,1.6265664e+18,8.00670084544037
25,185,76,1300000,1.6263936e+18,8.29429960885724
20,181,78,2400000,1.6000416e+18,8.00670084544037
18,187,70,4500000,1.6269984e+18,8.29429960885724
22,171,60,3400000,1.6270848e+18,7.60140233458373
20,181,83,3700000,1.6304544e+18,7.60140233458373
21,180,74,3500000,1.5619392e+18,6.21660610108486
26,179,72,1800000,1.6250976e+18,8.29429960885724
28,189,82,844000,1.6281216e+18,6.62140565176413
23,187,78,2500000,1.6282944e+18,8.00670084544037
17,177,75,4500000,1.6257024e+18,6.21660610108486
26,197,92,1200000,1.6275168e+18,7.60140233458373
24,181,80,1400000,1.5964128e+18,7.60140233458373
25,170,67,1600000,1.5147648e+18,8.00670084544037
21,191,87,3700000,1.6250976e+18,7.60140233458373
23,175,73,2e+06,1.631664e+18,8.00670084544037
37,183,70,105000,1.4673312e+18,7.60140233458373
39,183,83,175000,1.5778368e+18,7.60140233458373
39,188,91,75000,1.5472512e+18,6.47850964220857
36,191,85,114000,1.5004224e+18,8.98732181285012
36,178,67,350000,1.5959808e+18,8.29429960885724
37,192,87,114000,1.6294176e+18,8.8538082749772
38,178,82,290000,1.6254432e+18,6.39859493453521
38,190,93,290000,1.4673312e+18,6.55250788703459
37,180,77,290000,1.5360192e+18,6.90875477931522
38,176,70,279000,1.4845248e+18,6.90875477931522
37,179,76,270000,1.6250976e+18,6.90875477931522
35,188,80,218000,1.251072e+18,7.60140233458373
35,176,62,225000,1.5784416e+18,6.68586094706836
33,193,87,333000,1.6309728e+18,7.60140233458373
39,193,88,90000,1.5306624e+18,8.00670084544037
36,185,69,315000,1.6250976e+18,8.00670084544037
35,185,87,263000,1.6250976e+18,8.00670084544037
36,183,80,387000,1.6291584e+18,6.21660610108486
35,180,80,263000,1.5972768e+18,8.00670084544037
37,180,80,193000,1.6307136e+18,7.60140233458373
37,186,86,290000,1.6021152e+18,7.60140233458373
33,185,81,481000,1.6309728e+18,8.00670084544037
35,186,80,313000,1.6099776e+18,6.90875477931522
34,178,70,368000,1.6112736e+18,8.00670084544037
33,185,85,481000,1.6252704e+18,7.60140233458373
35,188,82,233000,1.5170112e+18,6.55250788703459
34,178,71,350000,1.5782688e+18,8.29429960885724
34,188,80,333000,1.6250976e+18,8.00670084544037
32,178,73,641000,1.625616e+18,8.00670084544037
34,188,83,150000,1.5977088e+18,8.00670084544037
32,195,80,375000,1.630368e+18,7.60140233458373
33,177,79,375000,1.6098048e+18,8.00670084544037
33,183,70,656000,1.6276032e+18,8.29429960885724
34,188,72,350000,1.5779232e+18,7.60140233458373
33,185,71,481000,1.4702688e+18,7.60140233458373
33,170,65,613000,1.4041728e+18,7.60140233458373
35,168,60,403000,1.6250976e+18,8.29429960885724
34,185,68,333000,1.5619392e+18,7.60140233458373
31,180,71,744000,1.6021152e+18,7.60140233458373
35,186,79,263000,1.5041376e+18,7.60140233458373
32,195,90,405000,1.597104e+18,6.85751406254539
35,190,82,87000,1.532304e+18,6.90875477931522
33,178,74,540000,1.6289856e+18,8.5173931714189
37,184,83,96000,1.5326496e+18,7.60140233458373
33,182,78,544000,1.5662592e+18,6.62140565176413
33,177,72,438000,1.6106688e+18,6.90875477931522
33,190,84,380000,1.629936e+18,8.00670084544037
37,180,80,195000,1.5147648e+18,6.90875477931522
30,180,74,688000,1.6003872e+18,6.90875477931522
31,185,74,375000,1.610064e+18,6.90875477931522
34,193,107,150000,1.550016e+18,7.60140233458373
34,185,79,426000,1.4047776e+18,7.60140233458373
39,189,90,75000,1.4667264e+18,6.55250788703459
36,189,86,125000,1.6275168e+18,6.31173480915291
38,190,82,93000,1.4516064e+18,6.90875477931522
32,178,70,618000,1.5469056e+18,7.60140233458373
32,180,72,540000,1.5945984e+18,7.60140233458373
33,188,80,581000,1.5947712e+18,8.29429960885724
32,196,80,525000,1.6301088e+18,7.60140233458373
32,190,87,594000,1.5471648e+18,6.90875477931522
33,185,79,426000,1.4196384e+18,8.5173931714189
34,180,79,350000,1.5619392e+18,7.60140233458373
32,185,79,5e+05,1.5209856e+18,6.90875477931522
35,192,90,338000,1.6278624e+18,6.90875477931522
32,169,70,788000,1.6250976e+18,8.29429960885724
32,187,85,540000,1.5952032e+18,6.90875477931522
37,185,82,87000,1.550016e+18,6.90875477931522
32,177,72,594000,1.5005088e+18,7.60140233458373
32,186,80,506000,1.4041728e+18,7.60140233458373
32,173,67,608000,1.6307136e+18,6.55250788703459
32,189,78,5e+05,1.4370048e+18,6.68586094706836
32,174,64,641000,1.597104e+18,7.60140233458373
28,175,74,1e+06,1.597104e+18,8.00670084544037
29,180,70,675000,1.6285536e+18,6.55250788703459
33,189,78,435000,1.5978816e+18,6.90875477931522
32,186,80,544000,1.6020288e+18,6.90875477931522
31,188,74,831000,1.5991776e+18,8.00670084544037
31,186,73,7e+05,1.3716864e+18,7.60140233458373
32,185,84,480000,1.4419296e+18,8.00670084544037
30,173,64,875000,1.5619392e+18,7.60140233458373
29,178,67,1e+06,1.6250976e+18,7.60140233458373
30,194,94,5e+05,1.6106688e+18,6.90875477931522
32,183,75,7e+05,1.6250976e+18,8.00670084544037
29,175,61,919000,1.6281216e+18,8.00670084544037
30,188,80,594000,1.580688e+18,6.90875477931522
36,179,73,155000,1.5626304e+18,6.90875477931522
32,181,74,594000,1.5659136e+18,6.90875477931522
35,182,77,216000,1.6257888e+18,6.74641212857337
30,196,89,719000,1.6101504e+18,6.90875477931522
30,183,76,1e+06,1.6250976e+18,7.60140233458373
29,185,79,776000,1.6309728e+18,6.80350525760834
29,186,84,729000,1.5964992e+18,6.90875477931522
32,185,78,580000,1.5623712e+18,6.90875477931522
35,179,74,188000,1.550448e+18,6.74641212857337
32,180,73,594000,1.6097184e+18,7.60140233458373
35,176,70,288000,1.5786144e+18,6.90875477931522
28,185,79,795000,1.58328e+18,6.90875477931522
30,180,79,594000,1.5155424e+18,6.90875477931522
35,175,72,420000,1.630368e+18,7.60140233458373
32,184,75,469000,1.5619392e+18,6.90875477931522
31,184,79,5e+05,1.5324768e+18,6.90875477931522
32,178,75,653000,1.4988672e+18,7.60140233458373
30,193,76,831000,1.625616e+18,8.29429960885724
28,191,90,990000,1.6250976e+18,8.00670084544037
30,186,75,580000,1.5304032e+18,7.60140233458373
30,178,66,1e+06,1.5304032e+18,7.60140233458373
30,176,63,1e+06,1.5806016e+18,8.29429960885724
29,175,73,1e+06,1.4357088e+18,7.60140233458373
30,170,68,625000,1.3094784e+18,6.90875477931522
39,173,72,225000,1.5784416e+18,6.80350525760834
32,180,70,736000,1.6188768e+18,7.60140233458373
30,191,90,831000,1.5804288e+18,8.5173931714189
30,175,71,1e+06,1.5997824e+18,8.00670084544037
30,182,77,834000,1.515024e+18,6.62140565176413
35,163,58,516000,1.5619392e+18,6.21660610108486
36,176,70,280000,1.5778368e+18,6.21660610108486
30,185,83,963000,1.5488928e+18,7.60140233458373
29,185,83,1e+06,1.623888e+18,8.00670084544037
29,181,73,919000,1.5304032e+18,8.00670084544037
30,185,83,934000,1.6302816e+18,8.00670084544037
29,177,77,875000,1.6250976e+18,8.00670084544037
29,185,77,875000,1.5488928e+18,7.60140233458373
28,178,65,1e+06,1.6145568e+18,8.00670084544037
36,187,79,215000,1.6190496e+18,6.21660610108486
34,189,88,344000,1.3912992e+18,6.90875477931522
29,173,67,1e+06,1.6012512e+18,7.60140233458373
29,185,80,761000,1.6250976e+18,7.60140233458373
32,186,79,469000,1.5786144e+18,6.90875477931522
29,193,85,1e+06,1.6250976e+18,7.60140233458373
32,181,69,540000,1.5330816e+18,7.60140233458373
29,191,88,875000,1.3094784e+18,8.29429960885724
29,178,75,891000,1.5751584e+18,6.90875477931522
30,178,81,1200000,1.6104096e+18,6.21660610108486
29,183,80,875000,1.595376e+18,8.5173931714189
33,178,75,469000,1.4838336e+18,6.90875477931522
27,191,79,1100000,1.605744e+18,7.60140233458373
27,185,66,958000,1.5713568e+18,6.90875477931522
32,191,98,450000,1.5634944e+18,7.60140233458373
28,190,91,725000,1.5304032e+18,6.90875477931522
30,174,66,719000,1.6255296e+18,6.90875477931522
29,183,74,719000,1.616544e+18,7.60140233458373
29,168,68,863000,1.5499296e+18,7.60140233458373
30,178,74,594000,1.5781824e+18,7.60140233458373
29,188,78,875000,1.6285536e+18,7.60140233458373
27,180,79,1200000,1.5610752e+18,8.29429960885724
28,171,71,870000,1.4988672e+18,8.00670084544037
28,193,91,763000,1.6094592e+18,7.60140233458373
28,179,67,656000,1.5626304e+18,8.00670084544037
26,181,76,1300000,1.3411008e+18,7.60140233458373
28,188,77,875000,1.6250976e+18,7.60140233458373
28,182,77,761000,1.5804288e+18,6.90875477931522
29,185,77,891000,1.5147648e+18,8.00670084544037
29,191,76,875000,1.6269984e+18,7.60140233458373
28,183,73,750000,1.5326496e+18,6.90875477931522
35,165,60,495000,1.6129152e+18,6.21660610108486
32,176,68,563000,1.5291072e+18,8.00670084544037
30,187,81,7e+05,1.5795648e+18,6.90875477931522
32,186,80,540000,1.5972768e+18,7.60140233458373
27,186,80,688000,1.6276032e+18,6.90875477931522
28,185,80,867000,1.5621984e+18,7.60140233458373
31,178,75,7e+05,1.5619392e+18,7.60140233458373
30,189,84,594000,1.5784416e+18,8.00670084544037
30,183,78,641000,1.5968448e+18,7.60140233458373
31,191,83,5e+05,1.6206048e+18,6.90875477931522
26,185,72,1200000,1.5958944e+18,8.5173931714189
28,178,74,1e+06,1.5386112e+18,7.60140233458373
28,189,79,863000,1.5619392e+18,8.5173931714189
26,195,70,1300000,1.5952896e+18,7.60140233458373
26,180,75,1100000,1.6244928e+18,8.00670084544037
26,180,75,1400000,1.6285536e+18,8.00670084544037
30,178,77,863000,1.5499296e+18,7.60140233458373
31,191,91,450000,1.5761088e+18,7.60140233458373
27,182,89,1200000,1.6250976e+18,7.60140233458373
27,185,80,1100000,1.630368e+18,8.29429960885724
28,188,80,850000,1.603584e+18,8.98732181285012
30,178,69,719000,1.325376e+18,7.60140233458373
30,175,82,863000,1.6206912e+18,7.60140233458373
29,174,63,776000,1.6129152e+18,6.90875477931522
29,176,68,776000,1.5644448e+18,6.90875477931522
27,183,68,1200000,1.5619392e+18,8.69968140098951
27,185,84,1300000,1.5994368e+18,8.69968140098951
29,172,65,675000,1.6024608e+18,7.60140233458373
26,172,70,994000,1.3719456e+18,6.90875477931522
30,182,74,688000,1.5005088e+18,6.90875477931522
28,181,76,870000,1.6250976e+18,7.60140233458373
30,182,69,725000,1.597104e+18,7.60140233458373
27,180,83,1100000,1.5952896e+18,8.5173931714189
27,197,92,877000,1.625184e+18,7.60140233458373
30,179,67,1e+06,1.5915744e+18,7.60140233458373
26,175,69,1100000,1.5957216e+18,7.60140233458373
31,188,87,465000,1.4098752e+18,8.00670084544037
27,183,65,781000,1.5631488e+18,6.90875477931522
27,184,79,1e+06,1.6226784e+18,6.90875477931522
27,183,75,1100000,1.5464736e+18,8.00670084544037
25,186,74,1400000,1.6268256e+18,8.00670084544037
28,173,67,750000,1.5639264e+18,8.00670084544037
29,186,83,784000,1.6153344e+18,6.55250788703459
33,175,75,495000,1.6098912e+18,8.29429960885724
31,172,60,701000,1.6271712e+18,8.5173931714189
26,188,83,719000,1.6263072e+18,6.90875477931522
30,184,75,725000,1.600128e+18,8.5173931714189
28,183,70,919000,1.5790464e+18,7.60140233458373
27,185,69,915000,1.6257024e+18,7.60140233458373
31,178,73,680000,1.603152e+18,8.98732181285012
29,176,63,866000,1.5786144e+18,8.69968140098951
26,195,85,1200000,1.3411008e+18,8.00670084544037
31,180,76,660000,1.5799104e+18,8.5173931714189
27,176,73,1200000,1.5285024e+18,8.29429960885724
27,180,73,875000,1.6305408e+18,8.29429960885724
29,178,72,866000,1.6265664e+18,8.29429960885724
31,180,74,660000,1.6032384e+18,8.5173931714189
27,183,75,1200000,1.5961536e+18,8.00670084544037
27,181,75,1100000,1.6276032e+18,8.00670084544037
26,184,78,1400000,1.6261344e+18,6.90875477931522
26,179,74,894000,1.3437792e+18,6.90875477931522
27,182,89,1400000,1.5778368e+18,6.21660610108486
25,183,73,1400000,1.5935616e+18,7.60140233458373
29,188,84,834000,1.5982272e+18,7.60140233458373
29,181,81,656000,1.6131744e+18,6.90875477931522
30,177,79,834000,1.2464064e+18,6.90875477931522
27,189,75,1100000,1.607904e+18,6.85751406254539
32,186,76,645000,1.5181344e+18,6.21660610108486
30,184,74,825000,1.6246656e+18,8.69968140098951
24,170,68,1100000,1.5336864e+18,6.90875477931522
25,177,70,1100000,1.597968e+18,6.90875477931522
30,173,68,750000,1.35432e+18,7.60140233458373
27,175,73,781000,1.6127424e+18,7.60140233458373
31,194,92,875000,1.5952032e+18,8.5173931714189
27,189,88,962000,1.5011136e+18,7.60140233458373
25,176,71,961000,1.5803424e+18,6.90875477931522
26,170,64,1300000,1.6250976e+18,8.00670084544037
26,175,64,943000,1.6112736e+18,7.60140233458373
26,172,72,828000,1.5639264e+18,8.00670084544037
27,196,84,795000,1.5619392e+18,8.00670084544037
27,179,73,891000,1.6250976e+18,8.00670084544037
26,191,77,1300000,1.6250976e+18,8.5173931714189
24,175,80,1500000,1.626048e+18,8.29429960885724
31,177,73,531000,1.4219712e+18,6.90875477931522
30,176,67,719000,1.5788736e+18,7.60140233458373
27,175,68,781000,1.5639264e+18,6.85751406254539
27,194,77,958000,1.5779232e+18,8.00670084544037
32,191,88,450000,1.5499296e+18,7.60140233458373
28,185,75,729000,1.627776e+18,6.90875477931522
25,183,77,1400000,1.6250976e+18,8.00670084544037
35,174,74,203000,1.3725504e+18,6.62140565176413
25,189,79,1100000,1.6250976e+18,8.00670084544037
26,190,69,1300000,1.6250976e+18,8.5173931714189
27,176,72,962000,1.6142112e+18,6.90875477931522
26,182,70,1200000,1.6250976e+18,7.60140233458373
27,182,79,891000,1.6147296e+18,6.90875477931522
29,175,71,761000,1.5954624e+18,8.29429960885724
25,189,87,1300000,1.6099776e+18,8.29429960885724
31,179,76,616000,1.6278624e+18,8.00670084544037
25,191,78,1300000,1.6250976e+18,7.60140233458373
26,173,71,1100000,1.6292448e+18,8.00670084544037
28,185,78,776000,1.6128288e+18,8.29429960885724
25,175,75,1300000,1.3673664e+18,7.60140233458373
26,176,65,1e+06,1.630368e+18,6.90875477931522
31,174,70,574000,1.5310944e+18,6.90875477931522
30,185,76,875000,1.6266528e+18,6.90875477931522
30,179,77,675000,1.5482016e+18,6.90875477931522
27,188,82,795000,1.6257024e+18,6.68586094706836
28,170,68,761000,1.5241824e+18,7.60140233458373
26,180,75,1100000,1.6250976e+18,7.60140233458373
30,188,85,743000,1.6250976e+18,6.90875477931522
26,178,67,1300000,1.6250976e+18,8.5173931714189
26,184,75,1300000,1.6257024e+18,7.60140233458373
26,186,76,1100000,1.6244928e+18,6.90875477931522
24,192,80,894000,1.5632352e+18,7.60140233458373
29,174,70,978000,1.6110144e+18,8.00670084544037
32,185,80,544000,1.6250976e+18,6.68586094706836
29,178,69,891000,1.6268256e+18,7.60140233458373
25,183,70,1400000,1.6250976e+18,8.5173931714189
29,177,64,891000,1.5639264e+18,8.29429960885724
26,193,95,1200000,1.6250976e+18,8.29429960885724
33,184,72,806000,1.6115328e+18,6.21660610108486
28,194,86,870000,1.5952032e+18,7.60140233458373
25,178,79,1200000,1.6300224e+18,7.60140233458373
25,192,74,1400000,1.6250976e+18,7.60140233458373
27,178,73,1100000,1.6283808e+18,8.00670084544037
31,190,83,775000,1.6272576e+18,8.29429960885724
29,177,74,776000,1.465776e+18,7.60140233458373
27,191,80,1e+06,1.6266528e+18,8.00670084544037
29,172,64,949000,1.603584e+18,8.5173931714189
25,190,82,1400000,1.3437792e+18,7.60140233458373
27,181,76,798000,1.568592e+18,8.00670084544037
26,179,66,1400000,1.5489792e+18,7.60140233458373
25,177,71,1100000,1.6263936e+18,6.90875477931522
32,180,72,8e+05,1.5792192e+18,8.00670084544037
24,173,76,1900000,1.595808e+18,8.29429960885724
25,176,72,1100000,1.5342912e+18,6.90875477931522
25,193,85,1600000,1.6250976e+18,8.00670084544037
27,175,68,1100000,1.5658272e+18,7.60140233458373
28,178,73,893000,1.5278112e+18,8.98732181285012
29,177,69,719000,1.6105824e+18,7.60140233458373
28,183,79,761000,1.5747264e+18,7.60140233458373
29,183,76,625000,1.4836608e+18,7.60140233458373
28,180,78,683000,1.5393888e+18,8.00670084544037
28,186,78,975000,1.4564448e+18,8.00670084544037
27,170,65,891000,1.3411008e+18,6.21660610108486
32,178,82,620000,1.6188768e+18,7.60140233458373
27,183,77,953000,1.6224192e+18,8.29429960885724
27,182,68,748000,1.3885344e+18,8.00670084544037
30,166,65,775000,1.34136e+18,8.00670084544037
27,190,80,748000,1.5946848e+18,7.60140233458373
29,185,84,596000,1.4516064e+18,6.90875477931522
31,178,75,659000,1.6189632e+18,8.00670084544037
24,178,67,1500000,1.627344e+18,8.00670084544037
30,188,77,594000,1.4041728e+18,7.60140233458373
24,184,78,2300000,1.5780096e+18,8.00670084544037
27,176,72,949000,1.5952896e+18,7.60140233458373
25,175,75,1400000,1.39536e+18,8.29429960885724
25,182,74,1900000,1.5964992e+18,7.60140233458373
23,173,60,1500000,1.628208e+18,8.00670084544037
31,173,66,594000,1.5304896e+18,7.60140233458373
24,187,73,1100000,1.3973472e+18,7.60140233458373
24,188,89,928000,1.6254432e+18,6.68586094706836
25,183,70,1400000,1.630368e+18,7.60140233458373
29,180,72,1e+06,1.5336864e+18,8.29429960885724
32,187,80,731000,1.5315264e+18,8.00670084544037
32,178,69,831000,1.5303168e+18,8.29429960885724
30,184,73,875000,1.3094784e+18,7.60140233458373
26,170,69,1100000,1.6250976e+18,7.60140233458373
23,182,74,1400000,1.6274304e+18,8.29429960885724
25,177,67,1100000,1.4297472e+18,8.00670084544037
27,188,79,1200000,1.5169248e+18,7.60140233458373
27,192,78,1300000,1.5166656e+18,9.21044036697652
27,173,68,953000,1.4988672e+18,6.47850964220857
30,188,72,831000,1.4840064e+18,8.00670084544037
25,182,76,1200000,1.5653088e+18,7.60140233458373
27,186,80,915000,1.4357088e+18,8.29429960885724
24,172,72,1600000,1.5956352e+18,8.29429960885724
27,188,77,894000,1.5348096e+18,8.29429960885724
29,184,70,776000,1.5814656e+18,6.90875477931522
25,180,75,1600000,1.5958944e+18,8.29429960885724
24,183,79,1100000,1.4041728e+18,8.00670084544037
24,197,87,1500000,1.6098048e+18,7.60140233458373
25,175,68,1800000,1.6297632e+18,6.21660610108486
25,193,72,1200000,1.6046208e+18,7.60140233458373
24,183,73,1500000,1.630368e+18,6.90875477931522
25,186,76,1100000,1.601856e+18,6.90875477931522
25,178,74,1300000,1.5964992e+18,7.60140233458373
25,184,76,994000,1.4068512e+18,8.00670084544037
26,180,68,1100000,1.6250976e+18,6.90875477931522
24,188,82,1500000,1.5952032e+18,6.90875477931522
31,180,72,736000,1.4841792e+18,8.29429960885724
25,180,72,1400000,1.5933888e+18,7.60140233458373
24,181,75,1100000,1.5477696e+18,6.85751406254539
26,175,63,845000,1.531872e+18,7.60140233458373
28,178,82,1100000,1.6250976e+18,8.69968140098951
24,181,74,1800000,1.5147648e+18,9.21044036697652
27,174,74,1100000,1.6287264e+18,8.29429960885724
25,180,75,1100000,1.630368e+18,6.90875477931522
29,197,92,677000,1.5030144e+18,6.31173480915291
25,185,64,1500000,1.595808e+18,8.00670084544037
25,177,70,1100000,1.5304032e+18,7.60140233458373
32,182,80,608000,1.6261344e+18,8.00670084544037
24,185,74,1500000,1.6250976e+18,8.00670084544037
25,180,67,1300000,1.5964128e+18,8.00670084544037
25,183,71,1600000,1.6287264e+18,7.60140233458373
33,187,77,544000,1.6250976e+18,6.90875477931522
26,178,82,1100000,1.6250976e+18,6.85751406254539
24,191,81,1100000,1.596672e+18,7.60140233458373
25,182,73,1200000,1.600992e+18,6.90875477931522
23,178,63,1900000,1.5097536e+18,9.10509096125708
36,180,77,280000,1.606176e+18,6.21660610108486
25,184,81,1800000,1.5778368e+18,8.00670084544037
31,171,66,914000,1.6114464e+18,6.21660610108486
32,177,73,806000,1.6107552e+18,6.21660610108486
24,188,75,2300000,1.6118784e+18,8.00670084544037
26,203,84,961000,1.6124832e+18,7.60140233458373
24,193,87,1700000,1.6250976e+18,7.60140233458373
26,188,80,1300000,1.6237152e+18,7.60140233458373
26,178,75,894000,1.6136064e+18,6.85751406254539
27,179,72,969000,1.5064704e+18,8.00670084544037
25,180,75,1400000,1.5984e+18,7.60140233458373
23,173,64,1800000,1.4179968e+18,7.60140233458373
31,183,80,860000,1.6128288e+18,6.21660610108486
24,179,72,1700000,1.6279488e+18,6.21660610108486
26,178,73,928000,1.5640992e+18,6.90875477931522
23,181,72,1200000,1.5784416e+18,6.80350525760834
28,182,65,719000,1.5315264e+18,7.60140233458373
26,178,74,894000,1.5784416e+18,6.90875477931522
29,178,73,1e+06,1.6250976e+18,8.29429960885724
24,169,68,1800000,1.6296768e+18,8.00670084544037
29,193,84,788000,1.6186176e+18,7.60140233458373
23,185,78,1900000,1.6067808e+18,7.60140233458373
30,185,90,1e+06,1.625184e+18,7.60140233458373
26,181,78,1300000,1.6250976e+18,7.60140233458373
23,177,73,2500000,1.4673312e+18,8.5173931714189
25,183,82,1200000,1.4200704e+18,7.60140233458373
28,191,82,748000,1.5754176e+18,7.60140233458373
23,176,73,1600000,1.6250976e+18,8.29429960885724
25,168,68,1400000,1.6250976e+18,7.60140233458373
24,187,77,1600000,1.5838848e+18,6.85751406254539
22,178,68,2300000,1.57896e+18,7.60140233458373
31,182,71,1e+06,1.6276032e+18,6.21660610108486
30,188,76,1e+06,1.5956352e+18,6.21660610108486
24,175,74,1100000,1.578096e+18,7.60140233458373
24,186,79,2e+06,1.6283808e+18,6.21660610108486
24,183,83,1800000,1.6033248e+18,7.60140233458373
28,187,78,750000,1.4832288e+18,7.60140233458373
23,182,67,1400000,1.6293312e+18,7.60140233458373
24,182,67,1700000,1.6250976e+18,8.29429960885724
24,174,74,1500000,1.5672096e+18,8.00670084544037
24,172,75,1300000,1.5790464e+18,6.31173480915291
24,174,69,1600000,1.6106688e+18,6.90875477931522
31,183,75,375000,1.4516064e+18,6.80350525760834
24,193,74,1700000,1.5929568e+18,6.90875477931522
24,188,76,1500000,1.630368e+18,7.60140233458373
24,180,75,1700000,1.625184e+18,8.00670084544037
28,190,85,1100000,1.6293312e+18,8.00670084544037
32,177,67,860000,1.6105824e+18,6.21660610108486
25,193,88,1100000,1.5304032e+18,7.60140233458373
24,181,80,1100000,1.4364864e+18,8.00670084544037
25,183,87,961000,1.6127424e+18,7.60140233458373
25,189,85,1300000,1.3411008e+18,8.8538082749772
25,188,78,1400000,1.6006464e+18,6.62140565176413
23,185,75,2100000,1.5783552e+18,7.60140233458373
25,171,62,1500000,1.6266528e+18,7.60140233458373
24,191,78,1100000,1.59624e+18,7.60140233458373
26,180,72,1100000,1.6250976e+18,7.60140233458373
23,187,87,1700000,1.6238016e+18,6.90875477931522
25,176,72,1100000,1.625616e+18,8.00670084544037
25,172,69,1200000,1.6257024e+18,8.8538082749772
25,187,83,1100000,1.6250112e+18,8.00670084544037
25,177,75,1100000,1.625616e+18,8.29429960885724
33,177,72,713000,1.6250112e+18,8.29429960885724
24,184,77,1700000,1.6263936e+18,8.00670084544037
25,168,63,1200000,1.5977088e+18,7.60140233458373
24,190,72,1700000,1.6121376e+18,7.60140233458373
28,192,82,725000,1.6004736e+18,7.60140233458373
23,187,76,2500000,1.5619392e+18,8.29429960885724
26,186,85,998000,1.5971904e+18,8.00670084544037
24,173,72,1200000,1.6038432e+18,6.90875477931522
28,189,81,894000,1.5014592e+18,6.90875477931522
27,186,80,962000,1.630368e+18,6.31173480915291
25,193,86,1400000,1.6120512e+18,7.60140233458373
25,185,80,1700000,1.5800832e+18,8.29429960885724
29,183,82,776000,1.6266528e+18,7.60140233458373
24,189,73,1400000,1.6250976e+18,7.60140233458373
31,180,66,675000,1.610496e+18,6.47850964220857
22,175,69,2e+06,1.627344e+18,8.00670084544037
23,175,65,2300000,1.6257888e+18,8.00670084544037
23,180,77,1900000,1.5814656e+18,7.60140233458373
27,170,63,938000,1.5475968e+18,7.60140233458373
28,183,79,945000,1.6185312e+18,7.60140233458373
31,172,65,689000,1.6136928e+18,8.29429960885724
26,186,75,1600000,1.625184e+18,8.00670084544037
24,183,75,2100000,1.4357088e+18,7.60140233458373
22,181,75,2700000,1.630368e+18,8.00670084544037
25,170,67,1600000,1.559088e+18,7.60140233458373
29,188,85,866000,1.628208e+18,7.60140233458373
33,172,71,390000,1.262304e+18,8.00670084544037
30,174,70,719000,1.5466464e+18,6.90875477931522
31,183,78,5e+05,1.578096e+18,6.90875477931522
24,178,70,1e+06,1.6101504e+18,7.60140233458373
30,191,87,5e+05,1.578096e+18,6.85751406254539
32,180,70,563000,1.5656544e+18,6.90875477931522
28,184,84,795000,1.578096e+18,6.90875477931522
30,181,72,719000,1.60704e+18,6.90875477931522
23,184,76,1100000,1.578096e+18,7.60140233458373
24,171,68,1300000,1.6009056e+18,6.90875477931522
27,178,75,781000,1.6287264e+18,7.60140233458373
25,183,80,945000,1.4518656e+18,7.60140233458373
23,183,68,2100000,1.5673824e+18,8.8538082749772
36,174,67,138000,1.0413792e+18,7.60140233458373
28,170,65,750000,1.6101504e+18,6.90875477931522
27,176,68,781000,1.5450048e+18,6.90875477931522
34,182,79,344000,1.6101504e+18,6.90875477931522
32,175,67,5e+05,1.5805152e+18,8.00670084544037
27,171,74,781000,1.6136064e+18,6.90875477931522
26,187,76,1e+06,1.4516064e+18,7.60140233458373
23,183,80,1900000,1.4516064e+18,7.60140233458373
21,176,72,2300000,1.4757984e+18,9.54688403461792
25,182,74,1200000,1.5186528e+18,6.80350525760834
32,173,71,5e+05,1.5147648e+18,6.90875477931522
26,187,82,1e+06,1.59624e+18,7.60140233458373
24,175,70,2300000,1.6261344e+18,7.60140233458373
24,190,79,1500000,1.6267392e+18,7.60140233458373
23,180,75,2100000,1.5955488e+18,8.29429960885724
25,185,75,961000,1.4516064e+18,6.90875477931522
33,188,80,371000,1.6023744e+18,7.60140233458373
22,178,66,2700000,1.46232e+18,8.69968140098951
25,185,81,903000,1.625616e+18,7.60140233458373
22,178,76,1800000,1.4357088e+18,9.10509096125708
23,180,74,2300000,1.5794784e+18,6.90875477931522
22,178,68,2e+06,1.4516064e+18,7.60140233458373
22,180,76,2300000,1.610928e+18,8.00670084544037
21,174,65,1900000,1.6111872e+18,6.85751406254539
22,178,73,1900000,1.5151104e+18,6.90875477931522
23,183,73,2100000,1.6028064e+18,7.60140233458373
23,175,65,1200000,1.4642208e+18,6.21660610108486
27,190,80,1100000,1.6118784e+18,8.00670084544037
21,183,75,2e+06,1.5983136e+18,6.90875477931522
24,188,85,1100000,1.59624e+18,8.00670084544037
25,184,77,1400000,1.5971904e+18,7.60140233458373
22,188,76,2300000,1.4671584e+18,7.60140233458373
23,188,82,2e+06,1.562544e+18,8.5173931714189
25,166,64,1100000,1.5665184e+18,6.90875477931522
24,183,80,2e+06,1.5973632e+18,8.00670084544037
25,175,66,1100000,1.6094592e+18,7.60140233458373
23,180,75,1300000,1.6250976e+18,7.60140233458373
27,184,77,1300000,1.624752e+18,8.00670084544037
23,174,72,1700000,1.5607296e+18,8.00670084544037
25,191,79,1100000,1.594944e+18,6.90875477931522
25,191,85,1100000,1.5973632e+18,8.00670084544037
24,174,73,1200000,1.5172704e+18,6.90875477931522
32,170,71,540000,1.5486336e+18,7.60140233458373
25,180,78,1400000,1.4691456e+18,7.60140233458373
30,190,84,688000,1.601856e+18,6.90875477931522
23,182,73,2800000,1.6261344e+18,8.5173931714189
24,172,73,1100000,1.6111008e+18,6.90875477931522
27,175,75,863000,1.6094592e+18,7.60140233458373
23,178,75,2100000,1.5264288e+18,7.60140233458373
22,185,76,2200000,1.4673312e+18,8.00670084544037
24,166,60,1700000,1.6033248e+18,7.60140233458373
24,192,80,2200000,1.5674688e+18,8.5173931714189
31,179,79,574000,1.6115328e+18,6.90875477931522
21,168,64,1300000,1.6257024e+18,8.5173931714189
29,181,75,1100000,1.625616e+18,8.69968140098951
22,177,71,2100000,1.4673312e+18,8.00670084544037
31,180,70,1e+06,1.6108416e+18,6.21660610108486
24,177,78,1400000,1.6250976e+18,8.00670084544037
23,175,69,1700000,1.4738112e+18,6.90875477931522
31,179,68,641000,1.5304032e+18,8.00670084544037
26,185,82,1200000,1.6250976e+18,7.60140233458373
29,181,74,675000,1.631232e+18,7.60140233458373
22,179,66,2200000,1.6274304e+18,7.60140233458373
25,172,70,1400000,1.5925248e+18,8.5173931714189
27,186,79,1400000,1.5620256e+18,6.21660610108486
25,179,79,994000,1.6261344e+18,7.60140233458373
22,179,64,1800000,1.4838336e+18,7.60140233458373
22,188,80,1700000,1.6250976e+18,7.60140233458373
26,181,75,1e+06,1.5935616e+18,7.60140233458373
26,196,92,1100000,1.5808608e+18,7.60140233458373
26,170,68,1100000,1.5795648e+18,7.60140233458373
29,176,71,656000,1.3329792e+18,6.90875477931522
22,178,71,2600000,1.5971904e+18,6.90875477931522
30,188,86,713000,1.4851296e+18,7.60140233458373
31,190,92,375000,1.5649632e+18,6.85751406254539
24,173,71,2100000,1.5619392e+18,8.00670084544037
24,197,92,2e+06,1.6250976e+18,7.60140233458373
26,179,83,1100000,1.5323904e+18,8.00670084544037
22,175,75,2500000,1.5653088e+18,7.60140233458373
24,184,80,1100000,1.6257024e+18,6.90875477931522
21,194,83,1800000,1.4877216e+18,6.21660610108486
20,189,76,3e+06,1.6276896e+18,8.8538082749772
26,188,80,1200000,1.6250976e+18,8.00670084544037
28,180,71,906000,1.4884128e+18,7.60140233458373
29,181,73,675000,1.595376e+18,7.60140233458373
22,168,63,1900000,1.6106688e+18,8.29429960885724
22,184,83,1600000,1.6223328e+18,7.60140233458373
21,186,79,2500000,1.4845248e+18,6.90875477931522
24,177,72,2100000,1.5761952e+18,7.60140233458373
23,177,73,2e+06,1.5784416e+18,6.90875477931522
26,187,80,1100000,1.4862528e+18,8.29429960885724
22,179,69,2200000,1.5935616e+18,8.00670084544037
20,183,75,2e+06,1.4902272e+18,8.00670084544037
23,183,71,1300000,1.5784416e+18,6.90875477931522
25,186,80,1100000,1.6250976e+18,8.69968140098951
25,182,76,1100000,1.5969312e+18,6.90875477931522
22,187,82,2500000,1.630368e+18,7.60140233458373
24,181,81,1700000,1.6263936e+18,8.00670084544037
29,181,75,834000,1.5778368e+18,6.74641212857337
24,188,72,1900000,1.6250976e+18,8.00670084544037
24,185,78,1300000,1.5986592e+18,8.29429960885724
27,186,83,1e+06,1.5619392e+18,6.90875477931522
31,188,84,580000,1.3094784e+18,6.68586094706836
29,186,77,891000,1.5954624e+18,8.5173931714189
29,178,74,834000,1.6250976e+18,7.60140233458373
31,185,74,660000,1.3389408e+18,8.5173931714189
25,170,69,1100000,1.5935616e+18,6.90875477931522
29,180,77,761000,1.6250976e+18,6.55250788703459
28,179,76,834000,1.6250976e+18,6.80350525760834
22,182,73,2700000,1.6250976e+18,8.00670084544037
21,179,70,2e+06,1.6240608e+18,8.00670084544037
24,183,80,1200000,1.4988672e+18,8.00670084544037
24,183,79,1500000,1.5621984e+18,9.21044036697652
23,187,78,1400000,1.5959808e+18,6.31173480915291
26,193,79,1300000,1.626048e+18,6.90875477931522
23,181,72,2100000,1.4859072e+18,7.60140233458373
28,175,67,761000,1.5961536e+18,6.90875477931522
21,176,65,2300000,1.5947712e+18,7.60140233458373
23,185,78,2100000,1.500336e+18,7.60140233458373
23,187,78,2300000,1.6285536e+18,7.60140233458373
21,185,83,2e+06,1.6250976e+18,6.74641212857337
21,189,83,2900000,1.5304032e+18,6.90875477931522
27,186,82,969000,1.6015968e+18,7.60140233458373
22,184,74,2100000,1.6267392e+18,7.60140233458373
22,186,80,2100000,1.6300224e+18,8.00670084544037
20,195,79,2e+06,1.6250976e+18,7.60140233458373
27,190,85,798000,1.6250976e+18,7.60140233458373
22,187,75,2500000,1.630368e+18,6.90875477931522
24,188,85,1100000,1.6008192e+18,8.00670084544037
21,175,63,2100000,1.5971904e+18,7.60140233458373
24,189,80,1800000,1.6293312e+18,8.00670084544037
33,177,73,506000,1.6037568e+18,7.60140233458373
21,187,89,2e+06,1.5967584e+18,6.74641212857337
22,180,73,2500000,1.4988672e+18,7.60140233458373
23,179,68,1600000,1.6228512e+18,6.90875477931522
21,190,85,2200000,1.4988672e+18,6.80350525760834
22,184,76,1900000,1.6245792e+18,7.60140233458373
22,175,66,2500000,1.580688e+18,8.00670084544037
22,175,70,2700000,1.6237152e+18,9.30574145673944
22,180,73,2100000,1.6080768e+18,6.90875477931522
21,186,75,2100000,1.5204672e+18,7.60140233458373
25,177,70,1100000,1.597968e+18,8.00670084544037
21,187,73,1900000,1.6157664e+18,6.62140565176413
34,170,76,430000,1.6255296e+18,6.21660610108486
22,181,72,2600000,1.5048288e+18,6.90875477931522
23,177,71,1300000,1.4832288e+18,7.60140233458373
24,163,59,1300000,1.566432e+18,8.00670084544037
31,180,83,860000,1.6105824e+18,6.21660610108486
22,187,68,1900000,1.6015968e+18,7.60140233458373
24,183,75,2e+06,1.4357088e+18,8.5173931714189
21,178,65,2700000,1.507248e+18,8.98732181285012
31,190,86,375000,1.5147648e+18,7.60140233458373
22,175,71,1700000,1.4673312e+18,8.00670084544037
27,185,79,1400000,1.6285536e+18,8.29429960885724
21,180,66,2100000,1.5120864e+18,7.60140233458373
24,186,76,2500000,1.6250976e+18,7.60140233458373
24,193,83,2600000,1.562112e+18,6.21660610108486
23,191,83,2100000,1.627344e+18,7.60140233458373
25,186,80,1400000,1.6036704e+18,6.90875477931522
23,178,72,2100000,1.593648e+18,6.90875477931522
21,175,72,2300000,1.595808e+18,8.00670084544037
26,182,75,961000,1.6101504e+18,6.90875477931522
25,178,72,1e+06,1.6073856e+18,6.39859493453521
22,173,70,2500000,1.542672e+18,8.8538082749772
21,180,73,2200000,1.5162336e+18,6.90875477931522
27,180,67,1100000,1.6250976e+18,8.29429960885724
21,185,77,2500000,1.612656e+18,8.8538082749772
19,176,71,1900000,1.5323904e+18,6.47850964220857
23,194,80,1700000,1.5166656e+18,7.60140233458373
22,180,79,1300000,1.6250976e+18,6.90875477931522
24,191,88,962000,1.6123968e+18,7.60140233458373
21,176,75,2500000,1.6274304e+18,7.60140233458373
22,188,83,2800000,1.5463008e+18,8.00670084544037
25,180,75,1300000,1.6250976e+18,8.5173931714189
21,177,69,2500000,1.626912e+18,6.90875477931522
22,165,63,3100000,1.5915744e+18,6.21660610108486
19,170,60,2600000,1.5096672e+18,6.68586094706836
26,174,73,894000,1.6101504e+18,6.90875477931522
28,177,70,750000,1.578096e+18,6.90875477931522
21,187,78,1700000,1.6118784e+18,6.85751406254539
22,191,78,1600000,1.518912e+18,8.00670084544037
25,191,84,1200000,1.5183936e+18,7.60140233458373
21,170,66,2100000,1.600128e+18,7.60140233458373
21,195,85,2900000,1.5935616e+18,8.5173931714189
21,183,82,1900000,1.5784416e+18,6.90875477931522
26,188,85,1e+06,1.5187392e+18,8.00670084544037
22,178,72,2500000,1.6002144e+18,6.90875477931522
20,180,77,2500000,1.5952896e+18,8.5173931714189
21,180,80,1900000,1.52496e+18,6.85751406254539
23,182,73,2300000,1.623888e+18,6.90875477931522
22,178,70,3100000,1.6272576e+18,7.60140233458373
21,183,78,2300000,1.5304032e+18,8.29429960885724
22,187,74,1900000,1.525392e+18,7.60140233458373
21,178,70,2100000,1.5954624e+18,6.68586094706836
19,189,78,3100000,1.5488928e+18,6.90875477931522
22,196,88,1900000,1.5994368e+18,6.90875477931522
22,188,79,1300000,1.5784416e+18,6.90875477931522
21,183,68,2700000,1.5272928e+18,8.8538082749772
23,172,61,1200000,1.5813792e+18,7.60140233458373
29,185,78,761000,1.5619392e+18,7.60140233458373
24,178,65,1500000,1.5937344e+18,8.29429960885724
21,186,79,1400000,1.5304032e+18,7.60140233458373
28,179,75,919000,1.623888e+18,6.90875477931522
27,186,80,834000,1.601856e+18,8.00670084544037
21,182,80,2100000,1.625184e+18,6.90875477931522
28,170,68,1e+06,1.6250976e+18,8.29429960885724
31,185,80,6e+05,1.5649632e+18,8.00670084544037
25,177,72,1100000,1.601856e+18,6.90875477931522
21,174,70,1800000,1.6250976e+18,7.60140233458373
24,191,87,1400000,1.601856e+18,8.29429960885724
22,189,77,2600000,1.4845248e+18,6.21660610108486
19,179,69,2700000,1.627344e+18,6.90875477931522
29,188,79,839000,1.3411008e+18,7.60140233458373
20,178,79,2500000,1.5933888e+18,6.90875477931522
21,168,68,1900000,1.5304032e+18,8.00670084544037
23,184,73,2600000,1.5980544e+18,8.00670084544037
20,188,85,2400000,1.6017696e+18,8.5173931714189
22,180,74,2e+06,1.626048e+18,8.00670084544037
27,183,81,1200000,1.5648768e+18,7.60140233458373
21,183,73,2300000,1.5640992e+18,6.62140565176413
20,188,82,2500000,1.5699744e+18,7.60140233458373
20,182,77,2800000,1.6254432e+18,8.5173931714189
27,188,88,722000,1.6119648e+18,7.60140233458373
21,190,89,2200000,1.5304032e+18,7.60140233458373
21,177,66,2700000,1.6279488e+18,8.00670084544037
33,183,78,591000,1.610928e+18,6.21660610108486
23,185,78,1800000,1.4041728e+18,7.60140233458373
26,178,71,1700000,1.6125696e+18,6.21660610108486
22,171,67,2500000,1.6246656e+18,8.8538082749772
22,179,78,2800000,1.6002144e+18,8.5173931714189
20,181,67,2900000,1.5304032e+18,7.60140233458373
21,173,63,2400000,1.5304032e+18,6.90875477931522
22,181,68,2600000,1.4041728e+18,6.21660610108486
25,175,70,1600000,1.6106688e+18,6.21660610108486
29,186,79,962000,1.5640128e+18,8.00670084544037
20,179,78,2e+06,1.5304032e+18,6.90875477931522
22,170,66,1800000,1.5147648e+18,7.60140233458373
22,176,70,1400000,1.5147648e+18,8.00670084544037
21,180,75,2700000,1.6237152e+18,9.10509096125708
24,170,64,1100000,1.5787008e+18,7.60140233458373
22,192,89,2e+06,1.6214688e+18,7.60140233458373
22,185,74,2300000,1.5276384e+18,8.69968140098951
22,180,66,2e+06,1.5818976e+18,6.90875477931522
23,186,83,2500000,1.592784e+18,7.60140233458373
21,180,77,2300000,1.5351552e+18,8.00670084544037
23,176,69,2700000,1.4673312e+18,8.98732181285012
20,183,73,2100000,1.5382656e+18,8.29429960885724
23,182,70,2600000,1.6257024e+18,8.00670084544037
20,179,63,3300000,1.5619392e+18,8.00670084544037
21,188,81,2300000,1.5412032e+18,7.60140233458373
22,181,74,2500000,1.5417216e+18,7.60140233458373
26,172,65,1e+06,1.5784416e+18,6.90875477931522
35,183,67,288000,1.5325632e+18,6.90875477931522
20,178,74,2900000,1.59624e+18,8.8538082749772
23,174,68,1300000,1.5619392e+18,7.60140233458373
22,184,75,2500000,1.543536e+18,7.60140233458373
21,183,78,2200000,1.562112e+18,8.00670084544037
25,186,83,1100000,1.6250976e+18,7.60140233458373
22,191,83,1700000,1.4988672e+18,6.90875477931522
29,175,70,719000,1.3898304e+18,6.90875477931522
21,173,74,3300000,1.5463008e+18,9.10509096125708
24,178,72,1300000,1.6255296e+18,7.60140233458373
23,182,78,2300000,1.5463872e+18,8.00670084544037
20,182,72,1800000,1.5463008e+18,7.60140233458373
19,174,70,3100000,1.5054336e+18,7.60140233458373
27,188,82,906000,1.550016e+18,7.60140233458373
22,174,68,2e+06,1.597536e+18,6.74641212857337
22,174,71,3100000,1.4988672e+18,6.21660610108486
26,167,56,1600000,1.4041728e+18,6.21660610108486
21,172,69,3e+06,1.6265664e+18,7.60140233458373
21,178,76,2900000,1.6275168e+18,8.8538082749772
26,187,79,1400000,1.6271712e+18,8.29429960885724
26,175,69,1100000,1.3885344e+18,8.00670084544037
17,182,75,3100000,1.5482016e+18,6.21660610108486
23,178,75,2200000,1.5751584e+18,7.60140233458373
29,180,82,788000,1.5451776e+18,7.60140233458373
20,166,63,1700000,1.5463008e+18,6.90875477931522
24,194,82,1200000,1.5503616e+18,7.60140233458373
19,179,70,3800000,1.550016e+18,9.21044036697652
20,185,82,2500000,1.5518304e+18,6.39859493453521
21,170,62,2300000,1.5304032e+18,7.60140233458373
22,193,83,1900000,1.5445728e+18,6.90875477931522
25,165,66,1300000,1.5477696e+18,7.60140233458373
19,180,75,2900000,1.5356736e+18,6.90875477931522
20,170,65,1900000,1.6278624e+18,6.74641212857337
20,193,78,3900000,1.5778368e+18,6.21660610108486
22,185,82,1700000,1.629936e+18,6.90875477931522
19,184,70,2800000,1.535328e+18,7.60140233458373
26,181,74,998000,1.6250976e+18,7.60140233458373
31,191,89,420000,1.6004736e+18,8.00670084544037
28,178,75,709000,1.5304032e+18,8.00670084544037
23,180,76,1400000,1.6250976e+18,6.90875477931522
21,173,73,3100000,1.5782688e+18,6.21660610108486
20,184,74,2800000,1.5952032e+18,7.60140233458373
21,185,75,3100000,1.6236288e+18,6.74641212857337
29,186,84,675000,1.5998688e+18,6.85751406254539
20,194,70,2700000,1.6250976e+18,8.5173931714189
19,173,57,3800000,1.552176e+18,8.00670084544037
20,175,68,3100000,1.5558048e+18,8.5173931714189
29,165,69,978000,1.4962752e+18,8.29429960885724
26,190,77,1300000,1.62216e+18,7.60140233458373
22,183,73,2500000,1.6236288e+18,7.60140233458373
21,180,78,1900000,1.5619392e+18,7.60140233458373
26,181,72,1100000,1.3726368e+18,8.29429960885724
19,177,78,3100000,1.5619392e+18,8.00670084544037
20,178,70,3500000,1.5935616e+18,9.30574145673944
20,180,68,2900000,1.5619392e+18,8.00670084544037
24,192,84,994000,1.6250976e+18,8.00670084544037
20,183,75,1900000,1.5494112e+18,7.60140233458373
25,189,84,1e+06,1.4357088e+18,6.90875477931522
26,178,70,998000,1.5983136e+18,6.90875477931522
21,186,77,2400000,1.6180128e+18,9.10509096125708
23,177,73,1900000,1.5619392e+18,6.90875477931522
29,171,71,709000,1.4357088e+18,7.60140233458373
28,174,72,776000,1.6250976e+18,7.60140233458373
23,168,60,1200000,1.625184e+18,7.60140233458373
24,185,81,2600000,1.5619392e+18,6.21660610108486
27,183,72,953000,1.6105824e+18,6.90875477931522
24,187,79,1300000,1.6250976e+18,7.60140233458373
21,185,72,2500000,1.5540768e+18,8.8538082749772
23,186,82,1500000,1.6254432e+18,7.60140233458373
26,178,82,1100000,1.6250976e+18,7.60140233458373
21,188,80,2500000,1.5304032e+18,6.90875477931522
24,180,70,1800000,1.5969312e+18,6.80350525760834
22,190,85,2800000,1.5622848e+18,6.90875477931522
19,162,62,2500000,1.5562368e+18,6.90875477931522
21,180,78,2e+06,1.5622848e+18,6.74641212857337
24,173,68,1300000,1.5626304e+18,7.60140233458373
24,188,69,1900000,1.534896e+18,7.60140233458373
27,186,82,1100000,1.5628032e+18,8.00670084544037
20,185,77,2500000,1.5531264e+18,7.60140233458373
22,178,66,3e+06,1.6257888e+18,8.5173931714189
23,191,90,1700000,1.5619392e+18,6.90875477931522
24,180,75,2400000,1.5640992e+18,8.00670084544037
22,173,66,1700000,1.5619392e+18,8.00670084544037
20,184,72,1900000,1.5619392e+18,7.60140233458373
21,195,79,2600000,1.5607296e+18,8.29429960885724
20,172,68,3500000,1.5619392e+18,7.60140233458373
20,167,65,2e+06,1.6250976e+18,6.90875477931522
24,180,74,1200000,1.5813792e+18,7.60140233458373
24,180,76,2e+06,1.4357088e+18,6.21660610108486
22,178,70,1400000,1.5935616e+18,7.60140233458373
21,175,70,2100000,1.5619392e+18,7.60140233458373
22,184,78,2800000,1.5673824e+18,8.00670084544037
22,188,76,1700000,1.610064e+18,7.60140233458373
21,176,76,2200000,1.5647904e+18,7.60140233458373
21,183,74,2600000,1.6237152e+18,8.5173931714189
27,185,76,963000,1.6250976e+18,7.60140233458373
20,173,65,2e+06,1.6250976e+18,8.00670084544037
22,182,70,3100000,1.5471648e+18,6.21660610108486
21,175,67,2200000,1.5619392e+18,8.00670084544037
25,194,95,998000,1.6288992e+18,7.60140233458373
24,178,73,1300000,1.6283808e+18,8.00670084544037
27,174,71,1200000,1.6121376e+18,7.60140233458373
19,190,81,3700000,1.5463008e+18,6.21660610108486
24,183,86,2100000,1.5166656e+18,8.98732181285012
22,182,74,2200000,1.629072e+18,7.60140233458373
21,173,68,3100000,1.601856e+18,8.29429960885724
18,190,73,2900000,1.5618528e+18,7.60140233458373
27,191,84,953000,1.5669504e+18,8.00670084544037
21,189,83,2200000,1.5673824e+18,8.00670084544037
27,184,78,1e+06,1.623024e+18,7.60140233458373
23,182,72,2800000,1.4997312e+18,6.21660610108486
39,181,76,129000,1.581552e+18,6.21660610108486
37,173,68,280000,1.3569984e+18,6.21660610108486
23,178,66,3100000,1.5304032e+18,6.21660610108486
20,181,69,3500000,1.5687648e+18,8.5173931714189
20,183,72,2e+06,1.5693696e+18,8.5173931714189
19,183,78,3500000,1.5689376e+18,9.21044036697652
39,173,79,280000,1.4673312e+18,6.21660610108486
24,174,73,1900000,1.6127424e+18,6.21660610108486
28,179,66,1200000,1.5463008e+18,6.21660610108486
30,182,85,1e+06,1.5147648e+18,6.21660610108486
33,171,71,645000,1.5787008e+18,6.21660610108486
28,178,78,1200000,1.6091136e+18,6.21660610108486
29,175,68,1200000,1.5147648e+18,6.21660610108486
24,180,73,1400000,1.5800832e+18,8.00670084544037
24,185,75,1800000,1.6121376e+18,6.21660610108486
35,175,72,344000,1.6115328e+18,6.21660610108486
33,182,85,409000,1.4832288e+18,6.21660610108486
20,179,75,3100000,1.5463872e+18,6.21660610108486
30,171,74,1200000,1.6158528e+18,6.21660610108486
21,185,80,3100000,1.6094592e+18,6.21660610108486
24,176,68,2500000,1.5619392e+18,8.5173931714189
34,176,72,452000,1.6105824e+18,6.21660610108486
32,180,76,860000,1.6093728e+18,6.21660610108486
21,182,76,2100000,1.5147648e+18,6.21660610108486
22,181,82,2e+06,1.562112e+18,8.00670084544037
20,178,74,2900000,1.6296768e+18,8.8538082749772
23,183,74,1100000,1.6245792e+18,7.60140233458373
25,172,70,1800000,1.5463008e+18,6.21660610108486
24,167,68,1600000,1.5792192e+18,6.21660610108486
24,170,72,1700000,1.5935616e+18,6.21660610108486
30,178,79,834000,1.5742944e+18,7.60140233458373
19,189,74,2700000,1.5675552e+18,6.90875477931522
22,177,64,2500000,1.5778368e+18,8.00670084544037
26,172,68,894000,1.5784416e+18,6.90875477931522
28,191,85,656000,1.5147648e+18,6.90875477931522
23,180,73,3100000,1.57896e+18,6.21660610108486
26,175,75,1600000,1.606176e+18,6.21660610108486
26,174,69,1400000,1.6105824e+18,6.21660610108486
21,183,75,3800000,1.5619392e+18,8.00670084544037
22,190,78,2300000,1.626048e+18,8.00670084544037
18,193,72,2600000,1.5935616e+18,6.21660610108486
25,170,66,1100000,1.578096e+18,8.00670084544037
29,182,77,5e+05,1.578096e+18,7.60140233458373
28,172,65,656000,1.578096e+18,6.90875477931522
26,183,80,1600000,1.5778368e+18,6.21660610108486
24,178,70,2e+06,1.5939936e+18,8.00670084544037
27,186,86,1300000,1.6136928e+18,6.21660610108486
24,185,80,994000,1.5488928e+18,7.60140233458373
28,184,80,1300000,1.5790464e+18,6.21660610108486
22,175,67,2300000,1.5977952e+18,7.60140233458373
26,187,79,1100000,1.6142976e+18,7.60140233458373
22,185,80,1700000,1.5035328e+18,7.60140233458373
21,183,75,2e+06,1.5797376e+18,8.00670084544037
20,187,73,1700000,1.578528e+18,6.85751406254539
23,164,60,1300000,1.6103232e+18,6.68586094706836
21,182,81,2200000,1.601856e+18,8.29429960885724
20,189,75,1300000,1.5901056e+18,6.90875477931522
25,183,75,961000,1.5463008e+18,6.90875477931522
21,172,65,3100000,1.5778368e+18,6.21660610108486
24,177,60,1100000,1.5805152e+18,7.60140233458373
21,178,75,3100000,1.6099776e+18,6.21660610108486
20,180,77,1800000,1.5805152e+18,6.90875477931522
24,170,65,1e+06,1.6101504e+18,6.90875477931522
20,189,78,1900000,1.5200352e+18,6.90875477931522
26,180,74,1e+06,1.6262208e+18,8.00670084544037
19,175,75,2600000,1.5817248e+18,7.60140233458373
23,177,74,1700000,1.5800832e+18,6.80350525760834
23,185,73,2200000,1.6257888e+18,7.60140233458373
20,174,67,2800000,1.6094592e+18,6.21660610108486
24,174,69,1600000,1.5619392e+18,7.60140233458373
21,188,88,2200000,1.5964128e+18,8.5173931714189
19,181,74,2e+06,1.5304032e+18,7.60140233458373
19,184,79,3600000,1.6281216e+18,7.60140233458373
28,180,75,725000,1.3726368e+18,6.55250788703459
27,186,71,763000,1.3411008e+18,6.31173480915291
22,184,77,2300000,1.6237152e+18,9.10509096125708
21,167,72,2300000,1.582848e+18,7.60140233458373
22,185,75,1900000,1.5669504e+18,8.00670084544037
19,182,72,3300000,1.5756768e+18,8.29429960885724
20,187,76,3500000,1.623888e+18,9.21044036697652
20,187,70,2300000,1.5304032e+18,8.00670084544037
19,183,74,2100000,1.5917472e+18,7.60140233458373
20,184,75,3300000,1.5619392e+18,7.60140233458373
21,191,86,3e+06,1.5463008e+18,7.60140233458373
19,177,63,3500000,1.561248e+18,6.85751406254539
28,185,83,875000,1.5925248e+18,7.60140233458373
20,185,73,2600000,1.5783552e+18,8.00670084544037
27,185,77,894000,1.5930432e+18,6.90875477931522
23,188,81,1800000,1.5933024e+18,7.60140233458373
23,190,75,2100000,1.5933024e+18,7.60140233458373
18,169,66,3600000,1.5935616e+18,7.60140233458373
20,194,85,2e+06,1.5937344e+18,7.60140233458373
22,188,81,2700000,1.6261344e+18,8.98732181285012
22,173,69,2100000,1.59408e+18,8.00670084544037
21,176,68,3e+06,1.5619392e+18,8.00670084544037
22,172,73,2500000,1.6257888e+18,7.60140233458373
20,173,70,2e+06,1.5947712e+18,6.74641212857337
23,176,69,1500000,1.5952032e+18,6.90875477931522
20,182,78,3500000,1.4988672e+18,8.5173931714189
19,185,79,3100000,1.5778368e+18,6.47850964220857
19,182,76,2800000,1.5778368e+18,7.60140233458373
21,172,63,2900000,1.5930432e+18,8.00670084544037
17,185,80,4500000,1.630368e+18,6.90875477931522
23,175,68,2100000,1.5934752e+18,6.90875477931522
19,189,74,4600000,1.5304032e+18,9.54688403461792
22,172,70,2100000,1.5959808e+18,8.00670084544037
21,176,70,3100000,1.4988672e+18,6.21660610108486
29,192,78,677000,1.4988672e+18,6.80350525760834
27,176,73,776000,1.4697504e+18,6.90875477931522
22,190,77,1700000,1.4988672e+18,6.55250788703459
23,188,75,1e+06,1.5304032e+18,7.60140233458373
28,181,77,784000,1.4868576e+18,7.60140233458373
27,180,84,819000,1.5619392e+18,7.60140233458373
25,173,70,1400000,1.5964128e+18,8.00670084544037
21,172,66,2200000,1.5961536e+18,8.00670084544037
29,175,69,1e+06,1.4988672e+18,8.00670084544037
21,177,74,2500000,1.5935616e+18,8.98732181285012
22,184,78,2300000,1.5626304e+18,7.60140233458373
33,180,76,506000,1.597104e+18,8.00670084544037
20,178,74,3500000,1.5619392e+18,8.29429960885724
19,180,72,4100000,1.5619392e+18,8.00670084544037
27,190,82,962000,1.597104e+18,7.60140233458373
20,178,70,3e+06,1.5947712e+18,8.00670084544037
25,184,82,1100000,1.5971904e+18,7.60140233458373
22,168,68,2e+06,1.5971904e+18,8.00670084544037
25,185,74,1400000,1.5971904e+18,7.60140233458373
19,188,76,3300000,1.5935616e+18,7.60140233458373
22,188,75,1700000,1.5304032e+18,6.85751406254539
26,186,80,926000,1.597968e+18,7.60140233458373
23,188,74,2300000,1.5989184e+18,7.60140233458373
21,170,69,1200000,1.627344e+18,6.85751406254539
21,190,77,2300000,1.5225408e+18,6.90875477931522
18,176,71,2500000,1.5935616e+18,6.21660610108486
21,185,78,2400000,1.5977952e+18,8.29429960885724
20,184,82,1200000,1.5994368e+18,6.90875477931522
19,189,77,3200000,1.5989184e+18,8.00670084544037
20,186,87,1900000,1.627776e+18,7.60140233458373
18,184,74,4100000,1.5468192e+18,6.21660610108486
22,187,85,1900000,1.5989184e+18,7.60140233458373
19,177,73,3800000,1.5619392e+18,8.00670084544037
23,177,78,1800000,1.6294176e+18,7.60140233458373
21,181,72,2800000,1.6007328e+18,8.00670084544037
18,180,80,3100000,1.6009056e+18,6.68586094706836
18,186,72,5400000,1.5935616e+18,9.10509096125708
20,185,80,2200000,1.5619392e+18,7.60140233458373
19,180,75,3100000,1.5619392e+18,7.60140233458373
19,178,70,3100000,1.601424e+18,6.62140565176413
26,188,84,998000,1.601856e+18,7.60140233458373
19,184,79,3700000,1.601856e+18,8.00670084544037
19,183,73,3400000,1.6250976e+18,8.00670084544037
22,196,60,2300000,1.6019424e+18,8.69968140098951
29,178,71,1200000,1.6019424e+18,6.21660610108486
26,186,84,1100000,1.5304032e+18,7.60140233458373
19,179,74,3200000,1.6029792e+18,7.60140233458373
21,190,82,2100000,1.6028928e+18,6.68586094706836
22,180,76,2100000,1.6013376e+18,7.60140233458373
23,180,72,1400000,1.6039296e+18,6.31173480915291
19,171,71,3e+06,1.6041888e+18,7.60140233458373
20,184,75,3500000,1.5619392e+18,8.00670084544037
18,174,65,4200000,1.5619392e+18,6.21660610108486
18,179,68,4600000,1.5356736e+18,9.10509096125708
23,180,72,2800000,1.6190496e+18,6.21660610108486
28,184,78,1100000,1.5783552e+18,6.21660610108486
19,175,75,2e+06,1.6038432e+18,7.60140233458373
21,170,65,3100000,1.5778368e+18,6.21660610108486
25,173,73,1800000,1.5779232e+18,6.21660610108486
24,183,82,1900000,1.5778368e+18,6.21660610108486
19,184,83,3100000,1.6072128e+18,7.60140233458373
24,176,70,1800000,1.6137792e+18,6.21660610108486
27,179,74,1500000,1.5778368e+18,6.21660610108486
25,176,84,1900000,1.5304032e+18,6.21660610108486
25,185,85,1700000,1.4673312e+18,6.21660610108486
24,168,60,2200000,1.5522624e+18,6.21660610108486
24,169,64,1700000,1.6094592e+18,8.00670084544037
28,177,78,1300000,1.5147648e+18,6.21660610108486
19,182,72,2800000,1.5778368e+18,6.21660610108486
26,174,68,1500000,1.6094592e+18,6.21660610108486
29,175,69,656000,1.5489792e+18,6.90875477931522
20,180,67,2800000,1.6092864e+18,6.21660610108486
22,170,75,2100000,1.5959808e+18,6.21660610108486
28,170,62,1200000,1.6089408e+18,6.21660610108486
25,180,73,1e+06,1.5489792e+18,6.90875477931522
25,182,78,961000,1.6101504e+18,6.90875477931522
19,186,81,2e+06,1.597104e+18,7.60140233458373
18,183,66,3e+06,1.6097184e+18,7.60140233458373
29,187,86,1100000,1.5778368e+18,6.21660610108486
24,172,69,1700000,1.5463008e+18,6.21660610108486
25,171,68,994000,1.6098912e+18,6.90875477931522
18,183,80,2600000,1.6115328e+18,6.39859493453521
21,175,74,3100000,1.5619392e+18,6.21660610108486
28,185,80,729000,1.6101504e+18,6.90875477931522
23,167,60,1400000,1.6101504e+18,7.60140233458373
18,175,55,3600000,1.5619392e+18,6.90875477931522
19,172,70,1700000,1.610496e+18,6.39859493453521
29,190,86,1200000,1.6094592e+18,6.21660610108486
23,185,79,1300000,1.6106688e+18,8.00670084544037
19,170,68,2800000,1.6033248e+18,7.60140233458373
22,183,71,2e+06,1.5780096e+18,7.60140233458373
23,180,72,3e+06,1.6291584e+18,8.00670084544037
27,192,82,1400000,1.6121376e+18,8.29429960885724
25,177,70,1700000,1.6107552e+18,6.21660610108486
25,175,67,1800000,1.6121376e+18,6.21660610108486
31,175,68,580000,1.5640128e+18,8.00670084544037
25,180,77,1600000,1.6098048e+18,6.21660610108486
21,178,74,2300000,1.5619392e+18,7.60140233458373
21,181,78,2300000,1.5947712e+18,8.00670084544037
23,180,77,1800000,1.5604704e+18,8.00670084544037
25,170,65,1700000,1.6103232e+18,6.21660610108486
20,180,75,2100000,1.6140384e+18,7.60140233458373
19,168,60,3100000,1.6281216e+18,6.90875477931522
20,185,74,2200000,1.6250976e+18,8.00670084544037
19,174,64,2200000,1.5803424e+18,7.60140233458373
24,170,65,1800000,1.6094592e+18,6.21660610108486
21,182,79,2100000,1.5830208e+18,8.00670084544037
26,190,84,1e+06,1.5995232e+18,6.90875477931522
23,186,79,1200000,1.6244928e+18,6.90875477931522
17,180,75,3400000,1.6145568e+18,6.21660610108486
21,168,69,2e+06,1.6163712e+18,6.90875477931522
22,185,80,1500000,1.5935616e+18,8.00670084544037
23,192,83,1400000,1.547424e+18,8.00670084544037
19,172,60,5e+06,1.6167168e+18,7.60140233458373
24,180,75,1900000,1.6190496e+18,6.21660610108486
19,182,72,3500000,1.601856e+18,8.8538082749772
24,173,62,1300000,1.6121376e+18,7.60140233458373
23,192,81,1300000,1.6250976e+18,7.60140233458373
23,182,73,1500000,1.5591744e+18,6.90875477931522
29,187,79,1e+06,1.5935616e+18,7.60140233458373
24,181,79,1400000,1.5619392e+18,7.60140233458373
28,182,77,725000,1.5494112e+18,8.00670084544037
23,175,68,1300000,1.6250976e+18,7.60140233458373
28,185,77,891000,1.5320448e+18,7.60140233458373
27,178,74,969000,1.5792192e+18,7.60140233458373
31,170,63,840000,1.4988672e+18,6.90875477931522
24,187,82,1900000,1.5935616e+18,7.60140233458373
24,185,77,1400000,1.598832e+18,7.60140233458373
28,182,76,934000,1.595376e+18,7.60140233458373
22,176,70,2100000,1.5619392e+18,6.90875477931522
22,189,84,2300000,1.6250976e+18,7.60140233458373
24,171,67,2100000,1.5804288e+18,6.21660610108486
26,170,72,1400000,1.5991776e+18,8.00670084544037
27,189,82,1300000,1.6262208e+18,6.21660610108486
20,183,80,2100000,1.6250976e+18,8.00670084544037
20,180,70,2900000,1.6232832e+18,8.29429960885724
25,178,68,962000,1.5619392e+18,7.60140233458373
25,184,80,962000,1.6250976e+18,7.60140233458373
20,177,74,2100000,1.6250976e+18,6.85751406254539
24,175,70,1200000,1.597104e+18,6.90875477931522
21,195,85,2900000,1.6249248e+18,6.21660610108486
21,185,78,2100000,1.6250976e+18,6.90875477931522
18,172,68,4200000,1.6132608e+18,6.21660610108486
20,184,78,2900000,1.5935616e+18,8.29429960885724
29,181,78,834000,1.6250976e+18,7.60140233458373
22,187,80,1900000,1.601856e+18,8.00670084544037
18,188,78,2200000,1.6250976e+18,6.80350525760834
26,190,88,991000,1.6250976e+18,8.00670084544037
20,180,72,2400000,1.6254432e+18,8.29429960885724
26,185,81,1e+06,1.6250976e+18,8.29429960885724
19,177,70,2800000,1.625616e+18,6.90875477931522
25,174,74,1700000,1.6258752e+18,6.21660610108486
18,177,71,3100000,1.6094592e+18,6.90875477931522
24,185,76,1400000,1.6250976e+18,7.60140233458373
23,170,70,1300000,1.6263072e+18,8.00670084544037
17,185,85,3300000,1.5935616e+18,6.21660610108486
22,183,74,2600000,1.5781824e+18,6.21660610108486
24,183,75,1300000,1.6266528e+18,7.60140233458373
21,170,66,2100000,1.6250976e+18,8.00670084544037
18,170,63,3e+06,1.6250976e+18,6.55250788703459
20,187,77,2800000,1.5934752e+18,6.90875477931522
28,193,84,894000,1.627344e+18,7.60140233458373
19,185,75,2700000,1.627776e+18,6.74641212857337
21,192,84,3e+06,1.5935616e+18,6.90875477931522
18,175,70,3700000,1.5935616e+18,8.00670084544037
25,174,68,963000,1.628208e+18,8.00670084544037
19,175,69,4e+06,1.6250976e+18,8.69968140098951
25,184,75,1500000,1.6276896e+18,8.98732181285012
19,190,81,3200000,1.5830208e+18,8.5173931714189
21,185,74,2900000,1.5278112e+18,8.29429960885724
19,177,70,3500000,1.5935616e+18,8.00670084544037
22,180,75,2300000,1.5935616e+18,7.60140233458373
20,177,66,3500000,1.6225056e+18,8.8538082749772
18,180,75,3100000,1.6289856e+18,6.90875477931522
18,188,74,3800000,1.6288992e+18,7.60140233458373
20,186,71,2500000,1.5619392e+18,7.60140233458373
19,180,74,3200000,1.5935616e+18,6.90875477931522
19,177,68,3700000,1.5935616e+18,8.29429960885724
20,179,71,2100000,1.5619392e+18,8.00670084544037
19,184,75,3700000,1.5619392e+18,8.00670084544037
20,183,77,1900000,1.6301088e+18,7.60140233458373
21,187,80,3500000,1.5619392e+18,8.5173931714189
39,185,81,88000,1.596672e+18,6.90875477931522
37,176,72,280000,1.5670368e+18,6.90875477931522
34,183,76,403000,1.6250976e+18,7.60140233458373
36,188,89,280000,1.630368e+18,7.60140233458373
39,178,77,117000,1.325376e+18,7.60140233458373
21,182,73,1100000,1.6310592e+18,6.21660610108486
34,188,89,280000,1.5304032e+18,7.60140233458373
35,188,83,228000,1.6058304e+18,6.90875477931522
35,186,80,263000,1.6257888e+18,7.60140233458373
34,183,74,385000,1.626912e+18,7.60140233458373
35,188,79,333000,1.6098048e+18,7.60140233458373
32,189,82,525000,1.6250976e+18,8.00670084544037
32,175,73,7e+05,1.579824e+18,8.00670084544037
32,188,90,420000,1.4673312e+18,7.60140233458373
33,185,71,388000,1.482192e+18,6.74641212857337
35,188,80,310000,1.61784e+18,7.60140233458373
33,170,65,288000,1.1779776e+18,7.60140233458373
32,184,80,504000,1.6076448e+18,6.47850964220857
33,192,84,248000,1.60704e+18,7.60140233458373
33,188,78,248000,1.325376e+18,7.60140233458373
34,183,70,140000,1.4356224e+18,7.60140233458373
34,190,90,140000,1.6052256e+18,6.90875477931522
38,173,65,237000,1.2959136e+18,6.21660610108486
31,176,67,7e+05,1.631232e+18,8.29429960885724
33,168,64,438000,1.5304032e+18,6.90875477931522
31,177,72,5e+05,1.610064e+18,6.90875477931522
30,190,85,534000,1.6250976e+18,6.90875477931522
31,184,78,569000,1.5306624e+18,7.60140233458373
31,188,87,7e+05,1.579824e+18,7.60140233458373
29,188,82,5e+05,1.6269984e+18,6.90875477931522
32,175,60,656000,1.5160608e+18,7.60140233458373
31,188,82,569000,1.5983136e+18,8.00670084544037
38,193,88,78000,1.4531616e+18,7.60140233458373
31,191,86,6e+05,1.5930432e+18,7.60140233458373
29,183,83,5e+05,1.2000096e+18,6.62140565176413
30,193,76,7e+05,1.6104096e+18,8.29429960885724
30,177,75,641000,1.6263072e+18,7.60140233458373
31,196,91,338000,1.62648e+18,6.90875477931522
29,186,87,594000,1.5917472e+18,6.90875477931522
32,180,75,469000,1.4832288e+18,6.90875477931522
32,196,87,7e+05,1.6266528e+18,7.60140233458373
30,178,68,788000,1.5488928e+18,7.60140233458373
31,172,72,438000,1.5641856e+18,6.90875477931522
30,176,66,831000,1.6110144e+18,7.60140233458373
31,189,80,473000,1.6262208e+18,6.90875477931522
29,185,76,831000,1.59624e+18,8.5173931714189
30,188,89,788000,1.6250976e+18,8.29429960885724
30,168,64,788000,1.4988672e+18,8.00670084544037
33,194,86,311000,1.5359328e+18,6.90875477931522
28,201,102,530000,1.546992e+18,6.90875477931522
30,188,82,580000,1.6257888e+18,8.29429960885724
35,175,70,238000,1.6249248e+18,6.85751406254539
36,184,82,63000,1.5782688e+18,6.47850964220857
35,196,86,85000,1.4859936e+18,8.29429960885724
35,175,71,238000,1.6103232e+18,6.90875477931522
31,187,83,5e+05,1.6255296e+18,7.60140233458373
29,183,76,831000,1.6131744e+18,7.60140233458373
29,188,79,7e+05,1.5619392e+18,8.00670084544037
32,190,83,656000,1.6275168e+18,7.60140233458373
28,176,78,531000,1.630368e+18,6.90875477931522
30,178,74,914000,1.5704064e+18,6.21660610108486
31,185,84,569000,1.5280704e+18,6.90875477931522
29,173,70,580000,1.6250976e+18,7.60140233458373
36,193,80,158000,1.5304032e+18,7.60140233458373
33,177,72,338000,1.5619392e+18,6.90875477931522
29,180,77,831000,1.5935616e+18,8.5173931714189
31,187,85,338000,1.6308864e+18,6.21660610108486
29,180,76,744000,1.6250976e+18,7.60140233458373
29,191,79,7e+05,1.6250976e+18,7.60140233458373
30,178,77,831000,1.562544e+18,8.00670084544037
30,188,90,689000,1.6250976e+18,7.60140233458373
34,181,73,387000,1.6105824e+18,6.21660610108486
29,195,90,5e+05,1.6171488e+18,6.90875477931522
31,176,73,580000,1.5488928e+18,6.47850964220857
30,183,82,689000,1.6266528e+18,6.90875477931522
31,190,76,569000,1.6250976e+18,8.00670084544037
29,180,73,831000,1.500768e+18,8.29429960885724
30,177,73,5e+05,1.5186528e+18,6.90875477931522
31,190,80,439000,1.6115328e+18,6.85751406254539
30,178,78,620000,1.5619392e+18,6.74641212857337
35,187,73,250000,1.3760064e+18,7.60140233458373
32,179,71,439000,1.5973632e+18,7.60140233458373
29,177,73,689000,1.5619392e+18,6.55250788703459
29,191,90,580000,1.5619392e+18,6.90875477931522
28,173,75,831000,1.4992992e+18,6.90875477931522
31,183,72,338000,1.5619392e+18,6.90875477931522
31,181,68,540000,1.6115328e+18,6.90875477931522
31,181,76,6e+05,1.6276032e+18,8.00670084544037
31,181,74,540000,1.626048e+18,6.21660610108486
27,197,84,729000,1.5147648e+18,6.90875477931522
29,185,78,7e+05,1.5963264e+18,8.00670084544037
27,185,73,875000,1.6250976e+18,7.60140233458373
29,189,93,7e+05,1.6237152e+18,7.60140233458373
30,181,79,689000,1.5961536e+18,6.47850964220857
30,170,65,831000,1.6106688e+18,7.60140233458373
31,190,80,504000,1.4832288e+18,8.00670084544037
28,183,78,867000,1.6119648e+18,8.00670084544037
30,177,71,659000,1.627776e+18,7.60140233458373
31,175,77,613000,1.5997824e+18,8.29429960885724
27,183,73,663000,1.6003008e+18,6.90875477931522
28,171,63,784000,1.5935616e+18,8.00670084544037
29,173,66,736000,1.6250976e+18,6.90875477931522
34,188,80,315000,1.5304896e+18,8.00670084544037
30,193,86,5e+05,1.4207616e+18,6.74641212857337
29,171,67,574000,1.6121376e+18,7.60140233458373
28,178,67,875000,1.5670368e+18,7.60140233458373
28,167,74,744000,1.5675552e+18,8.29429960885724
30,194,85,5e+05,1.3919904e+18,6.90875477931522
33,178,76,375000,1.5779232e+18,6.90875477931522
30,190,84,569000,1.6250976e+18,7.60140233458373
28,190,85,625000,1.6081632e+18,7.60140233458373
30,180,75,616000,1.5795648e+18,7.60140233458373
27,173,72,1e+06,1.6015968e+18,8.5173931714189
30,186,76,574000,1.6118784e+18,6.90875477931522
27,178,75,919000,1.5994368e+18,8.00670084544037
27,173,74,709000,1.5795648e+18,8.00670084544037
29,194,78,580000,1.5964128e+18,6.47850964220857
28,175,78,744000,1.4988672e+18,8.00670084544037
30,190,84,464000,1.5781824e+18,6.90875477931522
28,179,73,744000,1.596672e+18,8.00670084544037
28,185,70,867000,1.6298496e+18,7.60140233458373
29,186,76,684000,1.5631488e+18,6.90875477931522
27,180,82,831000,1.5645312e+18,7.60140233458373
27,180,71,998000,1.5652224e+18,8.98732181285012
27,175,74,875000,1.629936e+18,7.60140233458373
28,180,76,574000,1.6272576e+18,6.21660610108486
27,179,70,675000,1.628208e+18,6.90875477931522
28,188,86,744000,1.6250976e+18,7.60140233458373
28,186,74,1100000,1.6278624e+18,6.21660610108486
32,191,83,525000,1.6275168e+18,7.60140233458373
26,173,67,1200000,1.5982272e+18,6.21660610108486
29,185,75,5e+05,1.6123104e+18,6.90875477931522
28,175,65,594000,1.521072e+18,6.90875477931522
27,182,70,625000,1.5917472e+18,6.90875477931522
28,183,78,725000,1.6250976e+18,7.60140233458373
30,183,76,594000,1.5472512e+18,6.90875477931522
26,183,80,958000,1.6257024e+18,8.00670084544037
31,185,84,406000,1.610496e+18,6.90875477931522
31,184,77,540000,1.597104e+18,7.60140233458373
28,190,84,675000,1.6266528e+18,8.00670084544037
29,180,79,723000,1.566e+18,8.8538082749772
27,170,63,625000,1.5477696e+18,6.90875477931522
29,182,70,594000,1.610064e+18,6.90875477931522
32,187,80,439000,1.6254432e+18,7.60140233458373
27,178,77,913000,1.6250976e+18,8.00670084544037
27,178,71,875000,1.5619392e+18,7.60140233458373
28,193,82,497000,1.5342912e+18,7.60140233458373
32,184,83,806000,1.6129152e+18,6.21660610108486
27,177,62,1e+06,1.5622848e+18,8.00670084544037
30,193,88,540000,1.5978816e+18,6.85751406254539
27,186,91,913000,1.5984864e+18,7.60140233458373
27,175,62,813000,1.5190848e+18,6.74641212857337
31,171,64,536000,1.2490848e+18,8.69968140098951
32,173,75,506000,1.598832e+18,6.21660610108486
27,180,78,976000,1.5955488e+18,8.00670084544037
27,181,77,594000,1.5787008e+18,7.60140233458373
27,191,76,913000,1.6268256e+18,7.60140233458373
26,174,69,1e+06,1.631232e+18,7.60140233458373
28,185,76,508000,1.3411008e+18,8.00670084544037
26,177,72,949000,1.6250976e+18,7.60140233458373
26,175,61,762000,1.6145568e+18,6.90875477931522
30,175,68,660000,1.6016832e+18,8.00670084544037
28,180,73,641000,1.6250976e+18,7.60140233458373
28,181,73,723000,1.6291584e+18,8.00670084544037
25,190,91,596000,1.5972768e+18,7.60140233458373
29,180,70,540000,1.5978816e+18,6.85751406254539
28,181,76,825000,1.5799968e+18,8.8538082749772
28,187,80,531000,1.578096e+18,7.60140233458373
24,174,71,855000,1.5805152e+18,7.60140233458373
27,176,70,725000,1.4673312e+18,8.00670084544037
29,187,79,641000,1.5619392e+18,6.90875477931522
29,190,84,580000,1.5935616e+18,6.90875477931522
27,178,68,775000,1.5784416e+18,6.80350525760834
24,170,74,1300000,1.6121376e+18,8.29429960885724
31,186,81,438000,1.6250976e+18,7.60140233458373
28,183,74,625000,1.6104096e+18,6.90875477931522
28,184,75,531000,1.6262208e+18,7.60140233458373
25,186,76,663000,1.6250976e+18,6.90875477931522
26,181,80,821000,1.5333408e+18,7.60140233458373
25,182,71,1200000,1.6250976e+18,7.60140233458373
25,183,80,1200000,1.5619392e+18,7.60140233458373
29,185,83,5e+05,1.6171488e+18,7.60140233458373
28,186,75,701000,1.600992e+18,8.00670084544037
26,175,70,992000,1.6022016e+18,8.5173931714189
29,180,72,531000,1.6250976e+18,6.90875477931522
25,188,74,1e+06,1.6250976e+18,8.00670084544037
31,185,78,313000,1.325376e+18,6.85751406254539
30,199,93,594000,1.6134336e+18,6.90875477931522
26,175,65,1e+06,1.6250976e+18,8.00670084544037
41,192,91,63000,1.613952e+18,6.21660610108486
30,185,81,744000,1.5804288e+18,7.60140233458373
25,169,68,828000,1.552608e+18,6.90875477931522
26,178,72,1e+06,1.630368e+18,8.29429960885724
26,180,83,831000,1.504224e+18,7.60140233458373
26,192,82,696000,1.5290208e+18,8.00670084544037
27,185,75,677000,1.5977088e+18,6.85751406254539
27,179,71,875000,1.5916608e+18,7.60140233458373
27,180,78,677000,1.6142112e+18,6.68586094706836
27,176,64,1e+06,1.5989184e+18,8.00670084544037
28,180,81,641000,1.5783552e+18,6.80350525760834
39,185,85,75000,1.5976224e+18,6.90875477931522
25,174,65,1100000,1.5964128e+18,7.60140233458373
25,171,67,831000,1.5613344e+18,8.00670084544037
32,189,80,439000,1.5961536e+18,7.60140233458373
30,183,85,641000,1.6242336e+18,8.00670084544037
28,195,88,531000,1.6250976e+18,7.60140233458373
26,181,70,1100000,1.3700448e+18,9.10509096125708
27,193,72,867000,1.6250976e+18,7.60140233458373
25,180,76,1e+06,1.5935616e+18,7.60140233458373
26,178,76,1e+06,1.6258752e+18,8.00670084544037
28,178,72,689000,1.5619392e+18,6.90875477931522
26,189,86,958000,1.628208e+18,7.60140233458373
27,178,81,763000,1.550016e+18,7.60140233458373
31,175,68,5e+05,1.5466464e+18,6.90875477931522
24,180,70,1300000,1.6151616e+18,7.60140233458373
26,180,77,1100000,1.6250976e+18,8.00670084544037
25,185,85,953000,1.626912e+18,7.60140233458373
27,182,75,831000,1.6250976e+18,8.29429960885724
27,189,85,784000,1.6257888e+18,7.60140233458373
27,203,94,763000,1.6112736e+18,7.60140233458373
27,179,70,913000,1.6250976e+18,7.60140233458373
26,178,70,958000,1.5299712e+18,7.60140233458373
28,183,70,1100000,1.6094592e+18,6.21660610108486
33,176,70,324000,1.5799104e+18,7.60140233458373
39,181,79,108000,1.5463008e+18,6.21660610108486
28,174,70,1e+06,1.6111872e+18,6.21660610108486
26,172,70,748000,1.5488928e+18,6.85751406254539
25,191,74,1e+06,1.5619392e+18,7.60140233458373
28,179,75,867000,1.6276032e+18,7.60140233458373
28,173,72,689000,1.5795648e+18,8.00670084544037
29,196,92,831000,1.5967584e+18,7.60140233458373
25,186,85,801000,1.5980544e+18,7.60140233458373
25,189,81,748000,1.626048e+18,6.90875477931522
24,173,66,1300000,1.5803424e+18,7.60140233458373
27,189,75,839000,1.5356736e+18,8.29429960885724
26,184,70,748000,1.562112e+18,7.60140233458373
24,186,78,1400000,1.5052608e+18,8.00670084544037
29,190,86,831000,1.6272576e+18,8.29429960885724
29,171,63,784000,1.5628896e+18,8.29429960885724
28,182,80,825000,1.5895008e+18,8.29429960885724
31,179,74,580000,1.625184e+18,8.00670084544037
32,175,74,406000,1.4516064e+18,6.90875477931522
28,183,80,594000,1.6140384e+18,6.90875477931522
31,185,80,7e+05,1.628208e+18,8.00670084544037
26,180,76,975000,1.5619392e+18,6.85751406254539
27,175,72,784000,1.6255296e+18,8.00670084544037
25,171,68,962000,1.5978816e+18,7.60140233458373
28,178,66,760000,1.5496704e+18,8.5173931714189
28,170,67,594000,1.610064e+18,7.60140233458373
29,177,72,531000,1.5507072e+18,6.90875477931522
28,190,80,609000,1.3885344e+18,8.00670084544037
25,182,71,894000,1.5469056e+18,6.90875477931522
30,180,77,620000,1.5175296e+18,8.00670084544037
25,191,75,1200000,1.5967584e+18,8.29429960885724
29,184,79,596000,1.5780096e+18,7.60140233458373
25,180,75,1200000,1.6266528e+18,8.00670084544037
26,188,87,729000,1.3885344e+18,6.85751406254539
24,188,76,1300000,1.6009056e+18,7.60140233458373
29,185,78,7e+05,1.6250976e+18,7.60140233458373
27,195,92,934000,1.6008192e+18,8.00670084544037
25,188,79,958000,1.6250976e+18,8.00670084544037
23,180,70,828000,1.550016e+18,6.85751406254539
23,174,62,926000,1.3922496e+18,7.60140233458373
25,178,73,991000,1.5623712e+18,6.21660610108486
25,183,72,1100000,1.5596064e+18,7.60140233458373
29,180,80,831000,1.5280704e+18,7.60140233458373
28,186,80,641000,1.6231968e+18,6.55250788703459
32,182,75,806000,1.5475104e+18,6.21660610108486
29,173,70,831000,1.6250976e+18,8.00670084544037
30,174,69,659000,1.4563584e+18,8.00670084544037
26,182,77,776000,1.5304032e+18,6.90875477931522
28,182,83,574000,1.5336864e+18,7.60140233458373
26,178,74,762000,1.4041728e+18,8.00670084544037
25,192,83,894000,1.6132608e+18,7.60140233458373
26,193,83,839000,1.6250976e+18,6.55250788703459
25,185,75,906000,1.3726368e+18,8.00670084544037
26,189,74,801000,1.5947712e+18,6.90875477931522
25,173,73,795000,1.532304e+18,6.90875477931522
25,192,78,953000,1.599696e+18,6.90875477931522
28,181,75,775000,1.3796352e+18,8.69968140098951
25,189,85,784000,1.5971904e+18,6.90875477931522
24,175,73,1500000,1.6036704e+18,6.80350525760834
26,183,82,877000,1.6098048e+18,6.90875477931522
24,188,76,1e+06,1.4988672e+18,6.90875477931522
25,185,70,762000,1.5538176e+18,6.90875477931522
24,175,64,1500000,1.5793056e+18,8.29429960885724
25,178,72,1200000,1.6263936e+18,7.60140233458373
24,180,74,1200000,1.5944256e+18,8.00670084544037
24,176,74,828000,1.5483744e+18,6.90875477931522
23,184,74,1800000,1.6119648e+18,7.60140233458373
27,177,70,863000,1.6013376e+18,8.29429960885724
24,183,76,1100000,1.600128e+18,7.60140233458373
25,176,70,819000,1.59624e+18,6.90875477931522
26,188,77,675000,1.6261344e+18,8.00670084544037
24,187,77,1500000,1.6265664e+18,6.90875477931522
38,172,73,160000,1.5005088e+18,7.60140233458373
22,180,65,1400000,1.595808e+18,7.60140233458373
26,183,75,975000,1.415664e+18,6.68586094706836
26,187,75,828000,1.6136928e+18,6.90875477931522
24,185,73,1200000,1.6250976e+18,8.00670084544037
24,189,80,1500000,1.6304544e+18,8.00670084544037
25,182,66,1300000,1.6254432e+18,6.90875477931522
23,180,77,861000,1.5018048e+18,6.85751406254539
30,179,73,594000,1.610928e+18,7.60140233458373
23,170,69,2100000,1.4357088e+18,7.60140233458373
23,180,74,1500000,1.6110144e+18,8.29429960885724
28,174,74,553000,1.5329952e+18,7.60140233458373
25,167,67,1e+06,1.5944256e+18,7.60140233458373
22,180,69,1200000,1.4244768e+18,8.00670084544037
24,177,75,1600000,1.4673312e+18,7.60140233458373
25,190,80,1e+06,1.6250976e+18,8.29429960885724
26,181,80,828000,1.4253408e+18,6.90875477931522
23,191,77,1400000,1.560816e+18,8.00670084544037
24,190,77,1200000,1.5964128e+18,8.00670084544037
27,179,75,641000,1.5463008e+18,6.68586094706836
29,175,70,638000,1.6133472e+18,7.60140233458373
25,186,82,979000,1.4282784e+18,6.90875477931522
25,179,75,795000,1.5339456e+18,6.90875477931522
29,185,81,594000,1.57896e+18,6.90875477931522
25,180,76,1200000,1.6085088e+18,8.00670084544037
24,178,71,861000,1.578528e+18,6.90875477931522
25,196,84,801000,1.5304032e+18,6.90875477931522
23,182,73,1300000,1.5991776e+18,7.60140233458373
24,186,82,877000,1.6250976e+18,6.55250788703459
25,178,75,1700000,1.599696e+18,8.8538082749772
27,184,74,663000,1.6038432e+18,6.90875477931522
30,187,78,641000,1.6272576e+18,7.60140233458373
24,188,79,1200000,1.5173568e+18,6.90875477931522
24,184,74,991000,1.5965856e+18,8.00670084544037
22,172,67,2e+06,1.5917472e+18,6.90875477931522
24,180,70,1200000,1.5964128e+18,8.00670084544037
31,178,73,439000,1.6111008e+18,6.90875477931522
27,182,80,1100000,1.6085088e+18,6.21660610108486
31,175,66,473000,1.6250976e+18,7.60140233458373
28,185,77,701000,1.599696e+18,8.00670084544037
26,194,84,877000,1.6239744e+18,8.00670084544037
22,183,73,1800000,1.5027552e+18,6.90875477931522
26,186,85,891000,1.6287264e+18,7.60140233458373
25,180,75,760000,1.6257024e+18,8.00670084544037
29,181,74,903000,1.6257024e+18,8.69968140098951
29,182,65,784000,1.5646176e+18,8.5173931714189
24,190,82,1e+06,1.5973632e+18,8.00670084544037
26,197,82,986000,1.4357088e+18,8.98732181285012
25,185,79,1100000,1.6121376e+18,9.21044036697652
23,170,75,1900000,1.6294176e+18,7.60140233458373
24,182,83,1500000,1.629936e+18,7.60140233458373
23,193,68,1400000,1.5931296e+18,6.90875477931522
24,195,90,1e+06,1.4942016e+18,6.90875477931522
29,191,80,641000,1.4988672e+18,8.29429960885724
25,188,80,891000,1.6254432e+18,7.60140233458373
23,175,70,795000,1.5488928e+18,6.85751406254539
25,183,67,1200000,1.630368e+18,7.60140233458373
26,183,80,1100000,1.595808e+18,8.5173931714189
23,174,73,961000,1.5804288e+18,7.60140233458373
22,175,65,1200000,1.6311456e+18,6.90875477931522
22,184,75,2e+06,1.597968e+18,7.60140233458373
28,185,87,629000,1.5961536e+18,6.90875477931522
23,175,77,961000,1.6288992e+18,7.60140233458373
23,185,81,1500000,1.5788736e+18,6.90875477931522
23,187,80,1200000,1.6050528e+18,6.90875477931522
25,185,79,1e+06,1.631664e+18,6.31173480915291
27,179,70,853000,1.6170624e+18,8.29429960885724
27,183,77,813000,1.5510528e+18,7.60140233458373
27,178,77,689000,1.5743808e+18,7.60140233458373
33,183,76,248000,1.5954624e+18,7.60140233458373
27,191,88,686000,1.6094592e+18,6.90875477931522
28,186,81,629000,1.5784416e+18,6.80350525760834
30,183,78,5e+05,1.5791328e+18,6.90875477931522
22,162,60,894000,1.603152e+18,6.80350525760834
32,186,90,3e+05,1.6101504e+18,6.90875477931522
34,169,67,288000,1.62648e+18,6.90875477931522
22,186,70,1600000,1.610064e+18,6.90875477931522
34,188,80,1e+05,1.6101504e+18,6.74641212857337
38,188,85,63000,1.38888e+18,6.90875477931522
24,174,67,961000,1.6121376e+18,6.90875477931522
31,180,76,406000,1.5147648e+18,6.90875477931522
24,185,71,1200000,1.600992e+18,7.60140233458373
24,187,77,1200000,1.6121376e+18,6.47850964220857
31,176,73,520000,1.6101504e+18,7.60140233458373
24,174,66,961000,1.4200704e+18,6.90875477931522
23,185,80,894000,1.6121376e+18,6.90875477931522
25,162,62,894000,1.6101504e+18,6.90875477931522
31,170,70,438000,1.5466464e+18,7.60140233458373
32,179,72,390000,1.5849216e+18,7.60140233458373
23,171,68,963000,1.4542848e+18,7.60140233458373
22,183,78,1200000,1.5950304e+18,7.60140233458373
24,183,71,1300000,1.5965856e+18,8.00670084544037
24,174,67,861000,1.5805152e+18,7.60140233458373
31,182,77,620000,1.5196032e+18,8.00670084544037
28,175,71,531000,1.4516064e+18,6.90875477931522
23,185,72,1600000,1.5761088e+18,6.62140565176413
33,187,77,288000,1.4516064e+18,6.90875477931522
23,180,66,1400000,1.6112736e+18,6.21660610108486
25,175,76,1400000,1.610064e+18,6.21660610108486
28,185,73,914000,1.6174944e+18,6.21660610108486
29,177,73,659000,1.6187904e+18,7.60140233458373
29,180,67,641000,1.626048e+18,7.60140233458373
25,183,85,1100000,1.612224e+18,8.00670084544037
23,183,80,1300000,1.4984352e+18,6.39859493453521
21,180,70,2100000,1.4619744e+18,7.60140233458373
25,190,80,729000,1.5501888e+18,6.62140565176413
24,182,80,1100000,1.630368e+18,7.60140233458373
25,178,76,1100000,1.5304032e+18,6.90875477931522
23,189,80,1900000,1.4357088e+18,8.69968140098951
25,180,74,1500000,1.60056e+18,8.00670084544037
32,168,69,619000,1.5637536e+18,8.29429960885724
22,170,71,2400000,1.5959808e+18,8.29429960885724
24,191,75,1e+06,1.5935616e+18,6.90875477931522
22,183,75,2300000,1.6263072e+18,8.00670084544037
25,177,72,1100000,1.6301088e+18,7.60140233458373
23,190,74,894000,1.465776e+18,8.00670084544037
23,182,66,1200000,1.5792192e+18,7.60140233458373
22,185,80,2e+06,1.6278624e+18,7.60140233458373
24,180,76,1100000,1.6250976e+18,6.90875477931522
23,180,65,1800000,1.6121376e+18,7.60140233458373
22,180,75,1600000,1.601856e+18,6.90875477931522
23,182,70,1200000,1.5619392e+18,8.00670084544037
21,184,81,1400000,1.5984e+18,6.90875477931522
24,180,74,961000,1.6170624e+18,6.80350525760834
25,177,63,949000,1.630368e+18,8.29429960885724
24,187,80,1200000,1.601424e+18,8.29429960885724
31,168,68,578000,1.5623712e+18,8.29429960885724
27,175,75,750000,1.5499296e+18,7.60140233458373
21,178,71,1400000,1.5941664e+18,8.00670084544037
26,184,78,784000,1.6266528e+18,7.60140233458373
23,185,73,1600000,1.6092e+18,6.39859493453521
23,178,75,1500000,1.5790464e+18,8.00670084544037
22,191,84,2e+06,1.610928e+18,7.60140233458373
22,175,74,2100000,1.5674688e+18,8.29429960885724
21,177,76,1700000,1.597104e+18,7.60140233458373
23,187,81,1500000,1.6250976e+18,7.60140233458373
22,173,64,2100000,1.4357088e+18,8.00670084544037
26,196,85,1100000,1.625616e+18,8.29429960885724
25,182,73,903000,1.6257024e+18,8.00670084544037
25,180,74,1e+06,1.6257024e+18,8.29429960885724
23,178,69,1500000,1.59408e+18,8.00670084544037
24,183,70,1200000,1.6250976e+18,7.60140233458373
26,185,69,1e+06,1.5958944e+18,6.90875477931522
24,185,78,1100000,1.5304032e+18,6.90875477931522
25,195,78,748000,1.603152e+18,6.80350525760834
21,179,80,1600000,1.4764896e+18,6.85751406254539
25,177,75,998000,1.6250976e+18,7.60140233458373
23,183,72,1600000,1.6297632e+18,8.00670084544037
26,188,83,1100000,1.6272576e+18,7.60140233458373
22,173,68,2500000,1.630368e+18,7.60140233458373
22,184,76,1800000,1.5996096e+18,8.00670084544037
22,185,80,1900000,1.560816e+18,6.90875477931522
22,184,74,1500000,1.6250976e+18,6.90875477931522
21,182,68,3e+06,1.5804288e+18,8.5173931714189
25,178,77,1100000,1.5741216e+18,7.60140233458373
28,191,75,875000,1.6250976e+18,8.5173931714189
26,192,86,629000,1.6101504e+18,6.74641212857337
27,177,68,729000,1.5640128e+18,6.90875477931522
23,178,70,2200000,1.6292448e+18,7.60140233458373
22,176,70,2100000,1.5652224e+18,8.8538082749772
22,177,82,1600000,1.5989184e+18,6.90875477931522
27,180,70,1100000,1.6136928e+18,6.21660610108486
35,186,80,65000,1.578096e+18,6.90875477931522
21,180,70,2500000,1.599696e+18,8.00670084544037
24,180,82,1700000,1.6094592e+18,6.90875477931522
22,180,78,1900000,1.625184e+18,8.00670084544037
23,186,78,1600000,1.5778368e+18,6.47850964220857
24,172,70,1200000,1.6249248e+18,8.00670084544037
23,175,70,2600000,1.6175808e+18,6.21660610108486
23,193,85,1600000,1.4516064e+18,7.60140233458373
32,183,75,504000,1.6173216e+18,8.00670084544037
24,180,72,1100000,1.5619392e+18,8.00670084544037
21,178,68,2100000,1.4854752e+18,6.90875477931522
22,180,74,2100000,1.625184e+18,7.60140233458373
21,183,64,2300000,1.4796864e+18,9.30574145673944
27,184,75,625000,1.5476832e+18,6.90875477931522
31,186,83,5e+05,1.5174432e+18,6.90875477931522
23,182,75,928000,1.6015968e+18,6.62140565176413
22,183,78,1800000,1.6250976e+18,7.60140233458373
30,172,69,689000,1.6101504e+18,6.90875477931522
24,184,75,1900000,1.5943392e+18,6.90875477931522
27,184,80,761000,1.5670368e+18,6.90875477931522
29,190,89,609000,1.580256e+18,7.60140233458373
23,179,70,1600000,1.6276032e+18,7.60140233458373
21,187,72,1900000,1.6261344e+18,8.8538082749772
20,182,71,2900000,1.4945472e+18,6.90875477931522
23,176,70,2e+06,1.4672448e+18,6.90875477931522
21,172,68,1700000,1.5147648e+18,6.90875477931522
24,187,77,1100000,1.6250976e+18,6.31173480915291
24,175,70,1300000,1.6250976e+18,8.00670084544037
22,174,65,1900000,1.4988672e+18,6.90875477931522
24,191,79,1e+06,1.5147648e+18,6.90875477931522
27,182,73,813000,1.6120512e+18,7.60140233458373
22,190,83,1600000,1.6304544e+18,7.60140233458373
22,190,77,1700000,1.4988672e+18,7.60140233458373
27,192,84,724000,1.5619392e+18,6.90875477931522
24,180,74,1800000,1.6307136e+18,7.60140233458373
26,183,79,761000,1.5481152e+18,6.47850964220857
23,189,74,1500000,1.599696e+18,7.60140233458373
23,194,88,1800000,1.6295904e+18,7.60140233458373
23,177,71,1800000,1.6250976e+18,6.90875477931522
26,176,64,1200000,1.4713056e+18,8.00670084544037
24,175,70,928000,1.6101504e+18,7.60140233458373
27,192,86,713000,1.6250976e+18,7.60140233458373
23,191,83,1800000,1.6095456e+18,6.90875477931522
27,197,85,625000,1.601856e+18,8.00670084544037
24,187,80,1100000,1.499472e+18,7.60140233458373
23,186,83,1700000,1.6238016e+18,6.80350525760834
27,189,82,763000,1.629936e+18,6.39859493453521
24,190,83,784000,1.491264e+18,7.60140233458373
23,183,78,1500000,1.6298496e+18,7.60140233458373
22,191,85,1200000,1.5947712e+18,7.60140233458373
23,178,65,1200000,1.4988672e+18,6.90875477931522
23,170,67,2100000,1.4988672e+18,8.00670084544037
22,174,67,2200000,1.6016832e+18,8.00670084544037
22,180,74,1500000,1.610064e+18,6.85751406254539
21,184,82,1300000,1.623888e+18,7.60140233458373
22,175,72,2e+06,1.6250976e+18,7.60140233458373
23,185,75,1500000,1.5470784e+18,7.60140233458373
23,169,68,961000,1.6022016e+18,7.60140233458373
22,175,72,1800000,1.6250976e+18,6.90875477931522
23,191,79,1600000,1.5985728e+18,7.60140233458373
21,180,69,1400000,1.4962752e+18,6.90875477931522
23,187,80,2100000,1.5310944e+18,7.60140233458373
21,175,70,1600000,1.5621984e+18,6.80350525760834
24,166,67,2200000,1.612656e+18,6.21660610108486
24,175,73,1200000,1.4832288e+18,7.60140233458373
24,185,74,1500000,1.59408e+18,8.29429960885724
26,174,63,992000,1.6261344e+18,8.00670084544037
21,175,63,2e+06,1.4988672e+18,7.60140233458373
20,177,63,2600000,1.4988672e+18,7.60140233458373
28,183,79,629000,1.6276032e+18,6.80350525760834
22,190,75,1500000,1.498608e+18,6.90875477931522
22,175,73,2e+06,1.4988672e+18,9.61587214452889
20,195,82,2600000,1.5463008e+18,8.00670084544037
21,185,78,2100000,1.6269984e+18,7.60140233458373
25,172,67,1e+06,1.5955488e+18,6.90875477931522
20,178,72,1800000,1.6106688e+18,6.90875477931522
21,191,75,2100000,1.5108768e+18,7.60140233458373
22,178,68,2e+06,1.6255296e+18,7.60140233458373
23,175,69,1900000,1.6250976e+18,8.00670084544037
26,185,77,891000,1.6250976e+18,7.60140233458373
32,175,70,504000,1.485216e+18,8.00670084544037
24,188,78,1800000,1.4685408e+18,8.29429960885724
23,177,80,2300000,1.4988672e+18,8.29429960885724
24,191,74,1800000,1.5640992e+18,7.60140233458373
21,184,77,1700000,1.4200704e+18,7.60140233458373
24,173,67,1200000,1.6170624e+18,7.60140233458373
21,192,86,1500000,1.5619392e+18,7.60140233458373
24,170,71,1400000,1.6105824e+18,6.21660610108486
21,180,78,2100000,1.5147648e+18,6.90875477931522
26,191,91,953000,1.6263072e+18,7.60140233458373
21,182,69,1100000,1.5147648e+18,6.90875477931522
22,178,67,1600000,1.627776e+18,7.60140233458373
26,187,75,762000,1.5480288e+18,6.90875477931522
25,185,85,997000,1.5473376e+18,8.00670084544037
21,170,64,1800000,1.6267392e+18,7.60140233458373
21,192,88,1600000,1.5151104e+18,6.90875477931522
23,179,81,1700000,1.613088e+18,6.90875477931522
27,190,78,839000,1.5947712e+18,6.90875477931522
24,185,85,1100000,1.5955488e+18,8.29429960885724
26,178,72,1100000,1.5637536e+18,8.98732181285012
23,183,78,1400000,1.625184e+18,8.00670084544037
25,178,70,1e+06,1.5939072e+18,8.00670084544037
21,182,80,2300000,1.6250976e+18,6.90875477931522
21,190,78,1800000,1.6250976e+18,6.31173480915291
23,180,72,1500000,1.6103232e+18,6.62140565176413
23,185,76,1900000,1.515456e+18,8.69968140098951
22,177,67,1100000,1.6101504e+18,7.60140233458373
25,175,71,953000,1.6094592e+18,7.60140233458373
24,175,66,1200000,1.6032384e+18,7.60140233458373
23,177,77,1200000,1.6262208e+18,6.90875477931522
25,175,73,828000,1.6244928e+18,7.60140233458373
21,189,81,2400000,1.5619392e+18,8.29429960885724
21,170,70,1600000,1.5946848e+18,7.60140233458373
20,191,78,2900000,1.6250976e+18,8.5173931714189
21,178,70,2300000,1.6095456e+18,7.60140233458373
22,182,71,1500000,1.5183072e+18,7.60140233458373
23,189,77,2100000,1.4988672e+18,7.60140233458373
20,185,75,1500000,1.5488928e+18,6.90875477931522
25,186,82,762000,1.6101504e+18,6.90875477931522
21,175,70,2e+06,1.5304032e+18,6.90875477931522
25,171,72,1100000,1.6276032e+18,6.90875477931522
23,186,82,1900000,1.4357088e+18,6.85751406254539
21,178,75,1500000,1.5282432e+18,6.90875477931522
21,184,84,1500000,1.4988672e+18,6.90875477931522
21,174,70,2400000,1.6111008e+18,8.5173931714189
28,187,74,641000,1.6007328e+18,6.90875477931522
29,184,70,744000,1.62216e+18,6.90875477931522
23,178,76,2600000,1.6181856e+18,6.21660610108486
22,180,71,1600000,1.5304032e+18,6.90875477931522
21,180,69,1400000,1.5147648e+18,7.60140233458373
28,176,65,831000,1.5634944e+18,7.60140233458373
21,183,75,2e+06,1.5977088e+18,7.60140233458373
23,195,87,1100000,1.609632e+18,8.00670084544037
20,183,75,2900000,1.5652224e+18,8.69968140098951
23,189,74,891000,1.612224e+18,7.60140233458373
26,177,63,1100000,1.5964992e+18,7.60140233458373
23,187,78,1800000,1.5304032e+18,8.8538082749772
24,177,69,1100000,1.597104e+18,7.60140233458373
23,190,85,1100000,1.6257888e+18,8.00670084544037
20,175,70,1600000,1.5792192e+18,6.55250788703459
22,182,74,1200000,1.6250976e+18,6.62140565176413
20,175,71,1600000,1.5964128e+18,7.60140233458373
24,184,85,1700000,1.532304e+18,8.00670084544037
24,172,65,1e+06,1.5321312e+18,6.21660610108486
23,173,67,891000,1.532304e+18,6.80350525760834
20,177,69,1700000,1.5304032e+18,8.00670084544037
21,178,72,2e+06,1.5179616e+18,7.60140233458373
22,180,75,1800000,1.59624e+18,7.60140233458373
21,172,71,2700000,1.5749856e+18,8.98732181285012
27,170,65,839000,1.5619392e+18,8.00670084544037
26,184,78,762000,1.6142976e+18,6.74641212857337
22,182,80,2e+06,1.5173568e+18,6.90875477931522
21,174,66,1600000,1.4997312e+18,6.90875477931522
22,183,74,1500000,1.6281216e+18,6.90875477931522
22,188,80,1700000,1.5947712e+18,6.47850964220857
21,190,77,1700000,1.630368e+18,6.90875477931522
30,178,74,594000,1.610064e+18,6.90875477931522
22,193,93,1700000,1.6215552e+18,7.60140233458373
20,178,67,2400000,1.6250976e+18,6.90875477931522
23,180,72,1300000,1.6285536e+18,6.74641212857337
25,167,66,915000,1.6268256e+18,7.60140233458373
23,177,78,1600000,1.5304032e+18,6.90875477931522
29,180,77,531000,1.6101504e+18,6.90875477931522
21,181,68,2100000,1.4673312e+18,7.60140233458373
20,170,66,1600000,1.6150752e+18,6.31173480915291
22,180,75,2300000,1.5977952e+18,8.29429960885724
19,170,67,2100000,1.6008192e+18,7.60140233458373
21,180,82,1700000,1.5371424e+18,6.90875477931522
26,187,85,1100000,1.6183584e+18,6.21660610108486
26,187,70,1300000,1.5778368e+18,6.21660610108486
20,176,77,2600000,1.5405984e+18,7.60140233458373
21,180,70,1600000,1.5368832e+18,6.90875477931522
21,185,72,1600000,1.6250976e+18,7.60140233458373
20,173,64,2300000,1.4988672e+18,8.00670084544037
20,178,72,2700000,1.6294176e+18,7.60140233458373
20,175,76,2400000,1.541808e+18,6.68586094706836
22,179,72,1800000,1.543536e+18,8.00670084544037
29,182,75,5e+05,1.5147648e+18,6.90875477931522
19,185,72,2200000,1.5428448e+18,6.90875477931522
18,167,59,2900000,1.5456096e+18,8.29429960885724
21,191,70,2100000,1.6121376e+18,8.00670084544037
33,183,83,2e+05,1.54656e+18,7.60140233458373
23,180,70,1700000,1.5463008e+18,9.10509096125708
22,183,74,1800000,1.6015104e+18,8.00670084544037
21,191,80,2100000,1.6098048e+18,8.69968140098951
21,177,70,2100000,1.630368e+18,7.60140233458373
28,188,77,531000,1.6154208e+18,6.90875477931522
25,180,75,1400000,1.5619392e+18,8.00670084544037
21,174,68,2900000,1.628208e+18,6.90875477931522
22,168,66,1900000,1.6041888e+18,8.00670084544037
21,180,79,2e+06,1.548288e+18,8.00670084544037
22,175,70,1600000,1.5484608e+18,7.60140233458373
23,179,71,2500000,1.6250976e+18,7.60140233458373
34,196,91,108000,1.5619392e+18,7.60140233458373
19,175,65,2300000,1.6280352e+18,7.60140233458373
20,173,67,1800000,1.5488928e+18,7.60140233458373
26,184,77,756000,1.6101504e+18,8.00670084544037
20,163,62,2400000,1.548288e+18,6.90875477931522
21,177,78,1600000,1.5502752e+18,6.31173480915291
23,187,75,1300000,1.6104096e+18,6.47850964220857
20,193,85,1600000,1.5516576e+18,6.90875477931522
20,176,68,2300000,1.551744e+18,9.10509096125708
22,188,79,2e+06,1.6013376e+18,7.60140233458373
23,180,72,1100000,1.4357088e+18,7.60140233458373
31,175,68,473000,1.3794624e+18,7.60140233458373
31,185,85,338000,1.5619392e+18,6.90875477931522
29,196,90,439000,1.5971904e+18,6.90875477931522
32,181,79,439000,1.6250976e+18,7.60140233458373
22,179,72,1700000,1.6242336e+18,7.60140233458373
19,183,72,3500000,1.5619392e+18,6.90875477931522
22,173,65,2400000,1.5304032e+18,8.5173931714189
21,179,73,1600000,1.6120512e+18,7.60140233458373
20,168,67,2e+06,1.6136928e+18,7.60140233458373
19,183,74,1500000,1.5304032e+18,7.60140233458373
27,172,70,625000,1.6128288e+18,7.60140233458373
19,182,65,2100000,1.5501888e+18,6.90875477931522
20,173,64,3e+06,1.580256e+18,8.69968140098951
18,173,62,2500000,1.6292448e+18,6.62140565176413
21,188,79,2e+06,1.6149024e+18,7.60140233458373
25,184,70,1200000,1.5973632e+18,7.60140233458373
19,175,62,2300000,1.6250976e+18,7.60140233458373
23,188,73,1900000,1.5619392e+18,8.00670084544037
19,172,70,2400000,1.5147648e+18,6.21660610108486
21,180,70,2e+06,1.5619392e+18,6.90875477931522
20,183,69,2600000,1.5558048e+18,6.90875477931522
20,194,78,2e+06,1.5304032e+18,7.60140233458373
18,179,77,2400000,1.5619392e+18,7.60140233458373
20,180,70,2300000,1.6013376e+18,7.60140233458373
24,194,80,991000,1.5619392e+18,6.21660610108486
23,180,76,1200000,1.5619392e+18,6.21660610108486
29,180,77,831000,1.5921792e+18,6.90875477931522
24,180,74,991000,1.5619392e+18,6.80350525760834
24,178,72,991000,1.5619392e+18,6.90875477931522
35,183,75,176000,1.5304032e+18,6.90875477931522
29,185,83,540000,1.5964992e+18,6.85751406254539
23,189,81,1400000,1.6104096e+18,6.90875477931522
32,181,75,506000,1.6250976e+18,7.60140233458373
26,193,85,879000,1.6250976e+18,8.00670084544037
32,180,74,645000,1.6104096e+18,6.21660610108486
30,185,77,616000,1.4041728e+18,6.90875477931522
20,176,75,2100000,1.5619392e+18,7.60140233458373
23,186,72,1800000,1.5624576e+18,7.60140233458373
22,185,79,1700000,1.5626304e+18,7.60140233458373
21,189,85,1600000,1.6250976e+18,7.60140233458373
33,185,80,311000,1.5626304e+18,8.00670084544037
20,190,78,2400000,1.6145568e+18,8.00670084544037
27,175,65,725000,1.6067808e+18,8.00670084544037
25,178,68,992000,1.599696e+18,8.29429960885724
25,175,70,762000,1.5631488e+18,6.90875477931522
20,175,69,2500000,1.5619392e+18,6.55250788703459
25,193,80,891000,1.5997824e+18,7.60140233458373
31,177,73,473000,1.6111008e+18,7.60140233458373
22,173,65,1700000,1.5947712e+18,7.60140233458373
18,170,61,2300000,1.57896e+18,6.21660610108486
19,173,70,1500000,1.5619392e+18,6.90875477931522
20,176,75,2e+06,1.5619392e+18,6.74641212857337
22,184,75,2e+06,1.6237152e+18,6.90875477931522
20,188,82,2100000,1.5304032e+18,7.60140233458373
22,180,70,1800000,1.5619392e+18,7.60140233458373
25,174,75,855000,1.5978816e+18,7.60140233458373
28,170,73,914000,1.6111008e+18,6.21660610108486
21,191,81,1800000,1.5304032e+18,6.90875477931522
21,181,70,2100000,1.597104e+18,7.60140233458373
21,192,88,1400000,1.5304032e+18,6.90875477931522
21,175,68,2400000,1.5619392e+18,6.21660610108486
21,188,82,2500000,1.5619392e+18,6.90875477931522
24,185,73,894000,1.6292448e+18,6.90875477931522
19,172,68,2e+06,1.6285536e+18,7.60140233458373
22,175,70,2500000,1.5619392e+18,8.5173931714189
22,177,70,1100000,1.5947712e+18,6.90875477931522
22,175,70,1800000,1.6094592e+18,7.60140233458373
26,187,75,855000,1.6250976e+18,8.00670084544037
24,185,78,2200000,1.5978816e+18,7.60140233458373
20,171,67,2300000,1.5656544e+18,6.90875477931522
26,173,72,1400000,1.6142976e+18,6.21660610108486
19,190,76,2200000,1.6115328e+18,6.85751406254539
27,178,68,1100000,1.456704e+18,6.21660610108486
32,183,77,516000,1.485216e+18,6.21660610108486
22,196,93,1500000,1.6250976e+18,7.60140233458373
21,170,67,1500000,1.6276032e+18,6.90875477931522
18,193,94,2500000,1.5619392e+18,6.55250788703459
21,185,76,1600000,1.6093728e+18,6.21660610108486
24,166,61,1200000,1.5790464e+18,6.80350525760834
19,176,68,2800000,1.5952032e+18,6.90875477931522
23,173,68,2400000,1.5794784e+18,6.21660610108486
41,183,75,108000,1.325376e+18,6.21660610108486
34,174,70,495000,1.5463008e+18,6.21660610108486
32,182,75,645000,1.5463008e+18,6.21660610108486
26,188,80,1100000,1.4516064e+18,6.21660610108486
22,175,69,1700000,1.5619392e+18,6.21660610108486
28,169,69,1e+06,1.4832288e+18,6.21660610108486
39,184,80,344000,1.4516064e+18,6.21660610108486
21,176,74,1900000,1.5619392e+18,7.60140233458373
19,198,78,2400000,1.5719616e+18,7.60140233458373
22,172,75,2600000,1.4832288e+18,6.21660610108486
20,182,81,2500000,1.625184e+18,6.90875477931522
18,191,75,2800000,1.5692832e+18,8.29429960885724
21,181,70,2300000,1.5734304e+18,6.90875477931522
19,184,75,1500000,1.5781824e+18,6.80350525760834
28,185,70,1e+06,1.6098048e+18,6.21660610108486
20,183,75,3300000,1.6008192e+18,8.00670084544037
25,186,71,828000,1.5338592e+18,6.80350525760834
21,188,79,2200000,1.5488064e+18,6.90875477931522
29,173,71,1e+06,1.5147648e+18,6.21660610108486
26,188,78,1100000,1.6258752e+18,6.21660610108486
36,179,80,108000,1.6094592e+18,6.21660610108486
27,180,77,1e+06,1.6104096e+18,6.21660610108486
34,170,72,495000,1.5147648e+18,6.21660610108486
27,172,71,1200000,1.5778368e+18,6.21660610108486
22,178,69,1900000,1.5619392e+18,8.29429960885724
19,184,73,3e+06,1.5972768e+18,8.8538082749772
22,174,70,2e+06,1.531872e+18,8.00670084544037
22,184,76,2100000,1.596672e+18,6.21660610108486
20,175,69,2e+06,1.6129152e+18,6.90875477931522
24,180,84,1800000,1.5463008e+18,6.21660610108486
25,175,72,1100000,1.6106688e+18,6.21660610108486
27,175,69,1200000,1.6105824e+18,6.21660610108486
20,169,56,3100000,1.5743808e+18,6.90875477931522
18,180,66,2200000,1.5805152e+18,6.21660610108486
24,173,70,894000,1.5778368e+18,7.60140233458373
23,185,79,928000,1.5778368e+18,7.60140233458373
24,170,67,1500000,1.6115328e+18,6.21660610108486
25,184,73,1400000,1.6136928e+18,6.21660610108486
22,175,72,1700000,1.608768e+18,6.21660610108486
24,188,83,2400000,1.5778368e+18,6.21660610108486
22,188,77,1900000,1.578528e+18,7.60140233458373
23,177,72,894000,1.5805152e+18,7.60140233458373
19,183,79,1900000,1.5787872e+18,6.21660610108486
24,185,79,953000,1.578528e+18,6.90875477931522
27,183,78,709000,1.610496e+18,8.00670084544037
18,175,68,2600000,1.6008192e+18,7.60140233458373
19,175,66,1500000,1.5791328e+18,6.47850964220857
25,187,82,748000,1.6137792e+18,7.60140233458373
27,173,68,1200000,1.5788736e+18,6.21660610108486
24,192,86,1500000,1.61136e+18,7.60140233458373
24,194,85,1100000,1.590624e+18,6.90875477931522
21,178,70,2600000,1.5596928e+18,8.00670084544037
20,175,70,2400000,1.5778368e+18,6.85751406254539
23,173,71,1200000,1.579824e+18,6.39859493453521
24,183,73,961000,1.6124832e+18,6.90875477931522
23,173,67,1600000,1.603152e+18,6.21660610108486
23,186,81,2300000,1.5304032e+18,6.90875477931522
19,171,60,2500000,1.5803424e+18,7.60140233458373
22,192,81,2300000,1.5803424e+18,6.68586094706836
21,180,70,1500000,1.5784416e+18,6.39859493453521
20,184,72,1600000,1.5805152e+18,6.90875477931522
22,175,74,1100000,1.580256e+18,6.85751406254539
22,173,65,1400000,1.6121376e+18,7.60140233458373
23,175,68,1300000,1.5794784e+18,7.60140233458373
20,180,75,2500000,1.5761952e+18,7.60140233458373
24,177,78,1400000,1.6093728e+18,6.21660610108486
24,176,69,1800000,1.6226784e+18,6.21660610108486
24,193,84,984000,1.6094592e+18,6.90875477931522
22,181,73,2300000,1.5974496e+18,7.60140233458373
21,186,78,3100000,1.5810336e+18,6.21660610108486
19,188,86,2700000,1.6263072e+18,7.60140233458373
19,175,64,3300000,1.5619392e+18,7.60140233458373
19,182,78,2200000,1.5593472e+18,7.60140233458373
17,171,65,2900000,1.6250976e+18,6.55250788703459
19,178,74,2100000,1.5827616e+18,6.62140565176413
25,194,87,1e+06,1.6263936e+18,6.47850964220857
20,176,70,1900000,1.582848e+18,7.60140233458373
19,170,63,1700000,1.577664e+18,7.60140233458373
24,176,60,998000,1.5969312e+18,6.90875477931522
24,178,68,1900000,1.4357088e+18,6.90875477931522
27,185,80,763000,1.5978816e+18,7.60140233458373
22,185,71,1900000,1.4707008e+18,7.60140233458373
27,186,75,729000,1.5356736e+18,8.00670084544037
19,182,72,2600000,1.62864e+18,6.90875477931522
21,185,79,3300000,1.5792192e+18,7.60140233458373
19,179,76,2300000,1.5918336e+18,7.60140233458373
34,173,70,403000,1.2464064e+18,7.60140233458373
17,188,78,2200000,1.5924384e+18,6.21660610108486
21,185,79,1600000,1.5925248e+18,6.90875477931522
29,173,69,616000,1.4673312e+18,6.90875477931522
20,185,75,2100000,1.6302816e+18,7.60140233458373
18,182,83,2800000,1.5924384e+18,8.29429960885724
17,188,83,3e+06,1.5935616e+18,6.90875477931522
23,187,77,1e+06,1.6250976e+18,6.90875477931522
22,170,65,1400000,1.6121376e+18,6.90875477931522
24,181,73,991000,1.630368e+18,6.31173480915291
24,196,92,1200000,1.5947712e+18,7.60140233458373
19,183,80,2600000,1.5945984e+18,7.60140233458373
23,190,87,877000,1.5964128e+18,8.00670084544037
23,190,82,1200000,1.594944e+18,6.21660610108486
23,179,79,1500000,1.5954624e+18,7.60140233458373
21,185,71,2e+06,1.6250976e+18,6.90875477931522
25,180,70,1100000,1.595808e+18,8.00670084544037
23,183,78,1100000,1.5955488e+18,6.90875477931522
22,175,70,2e+06,1.5645312e+18,7.60140233458373
26,190,85,677000,1.6255296e+18,7.60140233458373
23,187,76,1100000,1.5961536e+18,7.60140233458373
20,185,80,2200000,1.5619392e+18,7.60140233458373
19,183,67,2400000,1.6280352e+18,6.90875477931522
29,176,71,641000,1.4520384e+18,7.60140233458373
30,177,75,574000,1.5619392e+18,7.60140233458373
29,172,68,574000,1.6250976e+18,7.60140233458373
28,193,79,867000,1.5619392e+18,8.00670084544037
29,183,74,831000,1.5843168e+18,8.00670084544037
18,177,73,2200000,1.5964992e+18,6.55250788703459
23,175,72,998000,1.596672e+18,6.80350525760834
19,180,70,2100000,1.5967584e+18,8.00670084544037
20,185,75,1900000,1.5967584e+18,8.29429960885724
21,183,73,3200000,1.6311456e+18,8.29429960885724
26,186,76,784000,1.5958944e+18,6.21660610108486
23,184,80,1700000,1.595376e+18,7.60140233458373
19,176,78,3700000,1.4988672e+18,6.21660610108486
21,188,80,2e+06,1.5935616e+18,8.00670084544037
21,185,73,1500000,1.5971904e+18,6.90875477931522
21,173,70,1800000,1.59624e+18,7.60140233458373
26,189,84,1200000,1.6255296e+18,7.60140233458373
21,191,83,1600000,1.5977952e+18,7.60140233458373
26,181,76,877000,1.5977952e+18,6.55250788703459
18,195,63,2300000,1.5935616e+18,6.90875477931522
19,178,65,2300000,1.5982272e+18,7.60140233458373
19,189,77,3e+06,1.5619392e+18,7.60140233458373
27,188,88,875000,1.5977088e+18,8.00670084544037
23,180,77,2500000,1.5980544e+18,7.60140233458373
24,176,80,991000,1.598832e+18,7.60140233458373
20,176,69,1600000,1.5990912e+18,7.60140233458373
20,189,83,2e+06,1.5935616e+18,7.60140233458373
20,181,76,2200000,1.5964992e+18,6.90875477931522
17,178,66,3400000,1.5964128e+18,6.21660610108486
23,177,73,2500000,1.5304032e+18,6.90875477931522
20,186,78,2700000,1.59624e+18,7.60140233458373
18,197,93,1900000,1.5955488e+18,6.21660610108486
27,177,67,675000,1.6003008e+18,7.60140233458373
20,176,65,2600000,1.6111008e+18,8.00670084544037
19,182,72,3100000,1.599696e+18,6.21660610108486
20,178,72,2e+06,1.5911424e+18,7.60140233458373
27,192,75,1e+06,1.6015968e+18,7.60140233458373
17,185,75,2300000,1.6015968e+18,6.21660610108486
17,171,66,3900000,1.5935616e+18,6.47850964220857
20,177,64,2500000,1.5935616e+18,8.29429960885724
21,178,75,2e+06,1.601856e+18,7.60140233458373
24,192,82,1600000,1.6276896e+18,8.00670084544037
21,175,75,2600000,1.6190496e+18,6.21660610108486
17,183,70,4400000,1.6138656e+18,6.90875477931522
19,177,64,3e+06,1.5321312e+18,8.00670084544037
18,178,72,3300000,1.5935616e+18,7.60140233458373
19,176,76,1700000,1.625184e+18,6.31173480915291
19,192,78,1700000,1.6041888e+18,7.60140233458373
19,194,80,2700000,1.5619392e+18,6.90875477931522
30,188,94,860000,1.6190496e+18,6.21660610108486
28,176,78,914000,1.5463008e+18,6.21660610108486
21,180,80,2900000,1.5304032e+18,8.29429960885724
18,181,72,1700000,1.6065216e+18,6.90875477931522
24,160,60,1400000,1.6085088e+18,6.21660610108486
18,178,67,3e+06,1.6068672e+18,8.29429960885724
28,170,59,1e+06,1.5779232e+18,6.21660610108486
33,175,78,516000,1.595376e+18,6.21660610108486
21,193,85,1300000,1.564704e+18,6.39859493453521
25,179,63,1400000,1.5015456e+18,6.21660610108486
20,182,78,2400000,1.6094592e+18,6.21660610108486
27,186,78,968000,1.6094592e+18,6.21660610108486
20,193,81,3300000,1.5778368e+18,6.21660610108486
18,175,71,2400000,1.608336e+18,6.85751406254539
20,194,85,2100000,1.5304032e+18,8.00670084544037
21,187,73,1100000,1.6095456e+18,6.90875477931522
31,182,76,313000,1.5805152e+18,6.74641212857337
28,175,69,596000,1.5174432e+18,6.90875477931522
24,168,64,894000,1.5489792e+18,6.80350525760834
18,185,76,3400000,1.5609024e+18,6.21660610108486
34,171,70,387000,1.5470784e+18,6.21660610108486
21,176,72,2600000,1.5304032e+18,6.21660610108486
20,181,73,2600000,1.5147648e+18,6.21660610108486
25,181,72,795000,1.6098912e+18,6.90875477931522
27,184,80,629000,1.6101504e+18,6.90875477931522
25,177,75,819000,1.6104096e+18,7.60140233458373
34,184,76,288000,1.4227488e+18,6.90875477931522
28,185,85,497000,1.5805152e+18,6.80350525760834
23,178,67,1e+06,1.4417568e+18,6.80350525760834
19,182,75,3500000,1.5619392e+18,7.60140233458373
24,183,82,861000,1.6101504e+18,6.90875477931522
23,178,69,997000,1.6101504e+18,7.60140233458373
25,184,80,894000,1.6101504e+18,6.90875477931522
25,164,61,762000,1.5805152e+18,6.90875477931522
25,177,72,1300000,1.6094592e+18,6.21660610108486
24,173,65,928000,1.6101504e+18,6.90875477931522
24,171,67,1800000,1.6105824e+18,6.21660610108486
20,189,73,2400000,1.5917472e+18,6.90875477931522
29,184,78,574000,1.6108416e+18,7.60140233458373
21,170,64,2e+06,1.5463008e+18,7.60140233458373
20,185,80,3100000,1.5935616e+18,8.00670084544037
28,189,77,625000,1.6115328e+18,6.90875477931522
22,180,80,1200000,1.6118784e+18,7.60140233458373
21,181,77,2400000,1.6117056e+18,6.21660610108486
26,187,82,1200000,1.6094592e+18,6.21660610108486
19,175,70,3e+06,1.5778368e+18,8.00670084544037
20,170,64,1800000,1.597104e+18,7.60140233458373
19,183,74,2700000,1.6250976e+18,8.29429960885724
18,181,82,3e+06,1.6121376e+18,6.55250788703459
21,186,76,1400000,1.6127424e+18,6.68586094706836
17,179,73,4400000,1.6063488e+18,8.00670084544037
27,176,72,839000,1.5619392e+18,7.60140233458373
23,168,66,1600000,1.60704e+18,8.00670084544037
24,176,63,2300000,1.6111872e+18,6.21660610108486
19,178,69,3100000,1.6136064e+18,6.21660610108486
20,186,72,3700000,1.5797376e+18,6.21660610108486
22,180,69,1900000,1.613952e+18,8.00670084544037
25,170,67,1400000,1.6094592e+18,6.21660610108486
33,188,82,344000,1.6094592e+18,6.21660610108486
26,175,72,1200000,1.6095456e+18,6.21660610108486
24,175,72,2400000,1.6094592e+18,6.21660610108486
18,172,63,3800000,1.626912e+18,8.5173931714189
23,175,71,2200000,1.6134336e+18,6.21660610108486
33,182,82,334000,1.5147648e+18,8.00670084544037
27,175,71,968000,1.6154208e+18,6.21660610108486
33,184,80,495000,1.6142976e+18,6.21660610108486
21,177,68,1900000,1.6111872e+18,7.60140233458373
21,174,69,2e+06,1.60272e+18,7.60140233458373
18,170,60,2600000,1.6110144e+18,6.90875477931522
19,179,75,2400000,1.6155936e+18,6.90875477931522
22,169,72,1900000,1.553904e+18,7.60140233458373
17,183,75,3e+06,1.6174944e+18,6.21660610108486
23,170,67,2300000,1.6190496e+18,6.21660610108486
17,178,70,2700000,1.5987456e+18,6.21660610108486
19,193,87,2900000,1.6193088e+18,7.60140233458373
22,193,85,1700000,1.6250976e+18,7.60140233458373
20,174,69,2100000,1.6231968e+18,6.90875477931522
19,175,75,2600000,1.5619392e+18,8.5173931714189
17,180,75,2600000,1.620432e+18,6.21660610108486
27,180,74,763000,1.5935616e+18,8.00670084544037
23,179,72,1200000,1.6207776e+18,7.60140233458373
21,172,65,1900000,1.6211232e+18,8.00670084544037
22,174,69,2500000,1.6259616e+18,8.98732181285012
19,180,68,1700000,1.5935616e+18,7.60140233458373
21,179,70,1800000,1.5935616e+18,7.60140233458373
23,188,80,1500000,1.6250976e+18,7.60140233458373
24,180,76,1400000,1.5304032e+18,6.90875477931522
24,181,74,1e+06,1.5976224e+18,7.60140233458373
27,173,68,689000,1.5304032e+18,7.60140233458373
21,190,81,1700000,1.6250976e+18,7.60140233458373
26,180,81,1e+06,1.578528e+18,7.60140233458373
22,184,77,2100000,1.6270848e+18,6.90875477931522
24,195,92,1400000,1.5935616e+18,6.90875477931522
27,176,74,784000,1.5022368e+18,7.60140233458373
26,178,70,709000,1.547424e+18,7.60140233458373
29,178,71,659000,1.5628032e+18,7.60140233458373
27,187,82,894000,1.5935616e+18,7.60140233458373
28,192,80,775000,1.5306624e+18,7.60140233458373
21,178,75,1800000,1.5619392e+18,6.90875477931522
20,177,74,2100000,1.5943392e+18,6.90875477931522
23,177,76,1900000,1.6250976e+18,7.60140233458373
21,181,75,2600000,1.5304032e+18,6.21660610108486
18,182,74,3100000,1.5964992e+18,6.90875477931522
30,171,71,829000,1.5991776e+18,8.00670084544037
26,187,82,801000,1.5947712e+18,6.90875477931522
20,188,79,2200000,1.6250976e+18,8.29429960885724
19,180,72,2700000,1.6250976e+18,8.00670084544037
32,175,74,506000,1.33056e+18,6.90875477931522
32,188,82,405000,1.5978816e+18,6.90875477931522
24,180,75,1700000,1.6238016e+18,7.60140233458373
29,176,71,641000,1.6250976e+18,7.60140233458373
21,179,79,1100000,1.4988672e+18,6.85751406254539
30,194,87,580000,1.5510528e+18,6.21660610108486
27,187,75,763000,1.4357088e+18,6.21660610108486
28,172,68,689000,1.4357088e+18,6.39859493453521
23,181,71,1200000,1.6238016e+18,7.60140233458373
28,183,78,574000,1.6250976e+18,7.60140233458373
23,182,70,2200000,1.6249248e+18,6.21660610108486
18,187,78,2600000,1.624752e+18,8.00670084544037
24,186,78,926000,1.625184e+18,7.60140233458373
23,182,77,1900000,1.6250976e+18,7.60140233458373
18,181,73,2900000,1.6030656e+18,7.60140233458373
23,180,70,1600000,1.6250976e+18,7.60140233458373
20,180,72,1700000,1.6250976e+18,6.80350525760834
19,183,78,2300000,1.6250976e+18,6.21660610108486
27,190,78,677000,1.6250976e+18,7.60140233458373
17,167,58,3e+06,1.6250976e+18,8.00670084544037
25,188,80,801000,1.6250976e+18,7.60140233458373
24,189,77,998000,1.6250976e+18,7.60140233458373
19,190,83,3e+06,1.6094592e+18,6.90875477931522
19,196,84,2800000,1.6261344e+18,8.00670084544037
20,167,63,3300000,1.6262208e+18,6.21660610108486
19,188,86,2600000,1.5464736e+18,6.90875477931522
22,172,70,1300000,1.6111872e+18,7.60140233458373
16,172,68,3100000,1.6034112e+18,6.21660610108486
26,182,75,1100000,1.625184e+18,8.00670084544037
25,180,70,877000,1.6250976e+18,7.60140233458373
20,175,70,1800000,1.6228512e+18,7.60140233458373
19,173,76,1700000,1.6266528e+18,6.90875477931522
21,190,77,2300000,1.6267392e+18,7.60140233458373
19,177,70,2400000,1.5994368e+18,6.90875477931522
19,187,70,2300000,1.5935616e+18,7.60140233458373
19,179,66,2600000,1.6250976e+18,7.60140233458373
24,187,81,2200000,1.6250976e+18,6.90875477931522
17,182,81,3300000,1.5935616e+18,6.21660610108486
25,180,72,762000,1.6271712e+18,7.60140233458373
24,190,79,1e+06,1.627344e+18,6.90875477931522
20,187,80,2700000,1.5304032e+18,7.60140233458373
26,183,74,1200000,1.6280352e+18,8.00670084544037
19,180,70,2900000,1.6285536e+18,8.00670084544037
19,185,78,3100000,1.5304032e+18,8.00670084544037
19,193,79,3300000,1.5935616e+18,7.60140233458373
19,172,71,3400000,1.5935616e+18,8.00670084544037
21,177,75,1600000,1.62864e+18,6.90875477931522
18,176,71,2500000,1.5935616e+18,7.60140233458373
20,190,76,2700000,1.5984864e+18,9.30574145673944
19,180,75,2400000,1.6250976e+18,6.90875477931522
20,172,67,2700000,1.5935616e+18,7.60140233458373
20,181,75,2800000,1.5619392e+18,7.60140233458373
20,178,72,2500000,1.6094592e+18,7.60140233458373
18,181,73,2500000,1.6275168e+18,6.90875477931522
23,177,66,1e+06,1.6294176e+18,7.60140233458373
22,182,78,2500000,1.629504e+18,7.60140233458373
28,177,75,641000,1.6238016e+18,6.74641212857337
26,194,87,828000,1.6297632e+18,8.00670084544037
18,185,75,2700000,1.6250976e+18,6.80350525760834
21,178,74,1800000,1.630368e+18,6.21660610108486
25,173,73,891000,1.630368e+18,6.55250788703459
20,186,77,2200000,1.630368e+18,8.8538082749772
26,185,72,1400000,1.630368e+18,7.60140233458373
20,178,72,1600000,1.630368e+18,6.62140565176413
22,186,78,1600000,1.5989184e+18,6.21660610108486
37,186,83,245000,1.4988672e+18,7.60140233458373
37,173,73,228000,1.0720512e+18,6.90875477931522
36,178,80,301000,1.5168384e+18,6.21660610108486
37,185,84,151000,1.5984864e+18,6.21660610108486
36,188,87,79000,1.6250976e+18,6.90875477931522
40,188,85,61000,1.2148704e+18,6.68586094706836
36,185,79,123000,1.59624e+18,7.60140233458373
34,184,80,176000,1.6250976e+18,6.90875477931522
37,180,74,189000,1.6136064e+18,7.60140233458373
37,182,78,88000,1.1676096e+18,6.74641212857337
33,178,65,368000,1.5028416e+18,7.60140233458373
34,180,71,228000,1.6269984e+18,7.60140233458373
38,185,83,77000,1.6094592e+18,6.90875477931522
35,183,79,193000,1.5039648e+18,6.68586094706836
33,185,87,333000,1.6272576e+18,7.60140233458373
32,175,68,481000,1.630368e+18,7.60140233458373
34,185,73,228000,1.6250112e+18,7.60140233458373
32,181,67,569000,1.630368e+18,8.29429960885724
33,191,79,333000,1.5970176e+18,7.60140233458373
35,185,72,193000,1.6250976e+18,7.60140233458373
31,180,73,569000,1.6250976e+18,8.00670084544037
34,180,70,333000,1.630368e+18,7.60140233458373
37,189,87,65000,1.5958944e+18,6.90875477931522
32,168,74,569000,1.4041728e+18,7.60140233458373
35,185,84,248000,1.550016e+18,7.60140233458373
34,188,78,333000,1.5959808e+18,7.60140233458373
34,180,81,203000,1.5990048e+18,6.68586094706836
33,183,78,420000,1.5952032e+18,7.60140233458373
36,190,84,95000,1.6244064e+18,6.47850964220857
33,180,79,396000,1.6250976e+18,7.60140233458373
33,184,83,238000,1.45368e+18,6.90875477931522
30,185,84,481000,1.5967584e+18,7.60140233458373
32,188,85,350000,1.5304032e+18,8.00670084544037
33,190,81,202000,1.3620096e+18,7.60140233458373
33,180,73,368000,1.6297632e+18,7.60140233458373
35,188,78,213000,1.5278112e+18,6.31173480915291
33,188,80,333000,1.5619392e+18,8.00670084544037
30,193,76,7e+05,1.578528e+18,8.29429960885724
31,195,89,368000,1.5935616e+18,8.00670084544037
31,188,83,368000,1.5619392e+18,6.90875477931522
33,181,75,348000,1.6261344e+18,8.00670084544037
32,170,71,481000,1.4147136e+18,7.60140233458373
32,181,73,406000,1.59624e+18,6.80350525760834
32,188,78,438000,1.6250976e+18,7.60140233458373
30,186,78,7e+05,1.596672e+18,7.60140233458373
33,188,76,176000,1.5964128e+18,6.47850964220857
36,184,77,151000,1.6111872e+18,6.21660610108486
30,183,75,656000,1.4417568e+18,7.60140233458373
31,181,70,481000,1.502928e+18,6.90875477931522
35,184,74,230000,1.5463872e+18,6.21660610108486
31,170,75,569000,1.6250976e+18,8.00670084544037
31,180,75,569000,1.5977952e+18,7.60140233458373
31,175,73,399000,1.6287264e+18,6.21660610108486
32,190,83,270000,1.4041728e+18,6.90875477931522
30,184,79,506000,1.6250976e+18,6.80350525760834
30,188,79,509000,1.6250976e+18,7.60140233458373
29,183,71,569000,1.6250976e+18,7.60140233458373
30,178,81,656000,1.4673312e+18,8.00670084544037
29,180,77,5e+05,1.6287264e+18,6.90875477931522
31,191,85,344000,1.6072128e+18,6.85751406254539
32,191,86,250000,1.4834016e+18,6.74641212857337
31,182,74,344000,1.6098912e+18,7.60140233458373
29,172,67,7e+05,1.6250976e+18,7.60140233458373
29,173,58,7e+05,1.6250976e+18,8.00670084544037
31,184,81,426000,1.5437952e+18,8.00670084544037
30,178,72,613000,1.6250976e+18,8.29429960885724
29,185,83,569000,1.6250976e+18,8.00670084544037
33,173,77,516000,1.5783552e+18,6.21660610108486
29,178,74,7e+05,1.515024e+18,7.60140233458373
30,180,80,7e+05,1.629072e+18,8.00670084544037
31,177,79,504000,1.5309216e+18,6.80350525760834
28,180,75,7e+05,1.625184e+18,8.00670084544037
32,180,77,504000,1.5960672e+18,6.80350525760834
33,189,82,338000,1.629504e+18,6.39859493453521
30,175,75,569000,1.5990912e+18,7.60140233458373
30,187,75,613000,1.630368e+18,7.60140233458373
32,180,74,481000,1.6028064e+18,7.60140233458373
29,191,82,569000,1.5964128e+18,7.60140233458373
31,182,78,439000,1.6309728e+18,6.90875477931522
27,179,76,867000,1.6250976e+18,8.00670084544037
27,176,72,731000,1.5494112e+18,6.74641212857337
28,190,75,7e+05,1.610928e+18,7.60140233458373
32,174,70,471000,1.4673312e+18,6.55250788703459
26,180,72,531000,1.5791328e+18,6.90875477931522
28,185,78,512000,1.610064e+18,6.90875477931522
34,188,85,202000,1.3732416e+18,6.62140565176413
31,191,90,263000,1.6206912e+18,6.62140565176413
33,189,87,238000,1.6266528e+18,6.90875477931522
30,180,70,508000,1.5937344e+18,8.00670084544037
30,190,86,5e+05,1.6206048e+18,6.90875477931522
28,190,88,464000,1.5185664e+18,6.85751406254539
27,191,84,596000,1.5784416e+18,6.74641212857337
29,184,75,406000,1.6094592e+18,6.74641212857337
28,173,72,753000,1.5304032e+18,6.21660610108486
28,191,96,691000,1.546992e+18,8.5173931714189
30,185,78,468000,1.5476832e+18,8.29429960885724
27,192,82,544000,1.4228352e+18,8.00670084544037
27,191,74,730000,1.6121376e+18,8.00670084544037
28,173,70,7e+05,1.6250976e+18,7.60140233458373
28,184,84,7e+05,1.6098048e+18,7.60140233458373
27,180,80,821000,1.5970176e+18,8.29429960885724
30,195,85,569000,1.6282944e+18,7.60140233458373
28,175,81,7e+05,1.6250976e+18,8.00670084544037
33,177,72,263000,1.5784416e+18,6.90875477931522
28,183,74,7e+05,1.560816e+18,7.60140233458373
26,188,75,867000,1.6255296e+18,8.00670084544037
28,175,74,7e+05,1.6269984e+18,8.00670084544037
28,186,80,561000,1.3326336e+18,6.90875477931522
27,180,80,744000,1.4858208e+18,7.60140233458373
28,185,76,7e+05,1.6255296e+18,7.60140233458373
28,187,85,610000,1.6250976e+18,6.74641212857337
31,190,79,471000,1.6276032e+18,6.85751406254539
29,178,72,438000,1.37592e+18,7.60140233458373
28,190,87,5e+05,1.610064e+18,6.90875477931522
32,188,92,406000,1.5619392e+18,6.90875477931522
31,188,85,406000,1.5801696e+18,8.00670084544037
26,184,76,748000,1.631232e+18,6.90875477931522
31,175,74,699000,1.6094592e+18,6.21660610108486
33,172,68,372000,1.4516064e+18,8.00670084544037
28,184,81,7e+05,1.5972768e+18,8.00670084544037
28,183,77,543000,1.6099776e+18,6.62140565176413
31,185,81,344000,1.5467328e+18,6.90875477931522
30,175,72,540000,1.6124832e+18,7.60140233458373
31,193,86,471000,1.6129152e+18,7.60140233458373
31,176,75,520000,1.5480288e+18,6.90875477931522
27,185,77,684000,1.6282944e+18,7.60140233458373
34,182,73,228000,1.6250976e+18,7.60140233458373
30,177,72,454000,1.5278112e+18,7.60140233458373
30,186,71,454000,1.630368e+18,8.29429960885724
28,196,98,534000,1.5935616e+18,6.55250788703459
30,176,69,508000,1.5304032e+18,6.90875477931522
28,189,85,431000,1.6085088e+18,6.31173480915291
30,181,72,544000,1.4992128e+18,7.60140233458373
27,180,77,641000,1.6250976e+18,6.90875477931522
27,183,78,629000,1.4836608e+18,7.60140233458373
34,181,68,215000,1.599696e+18,8.00670084544037
26,189,93,596000,1.5469056e+18,6.62140565176413
28,173,77,613000,1.6190496e+18,7.60140233458373
26,186,75,867000,1.5408576e+18,6.90875477931522
26,177,76,1100000,1.613952e+18,6.21660610108486
27,194,86,606000,1.627344e+18,7.60140233458373
27,183,73,806000,1.6106688e+18,6.21660610108486
28,180,76,7e+05,1.6278624e+18,8.29429960885724
26,178,72,7e+05,1.6302816e+18,7.60140233458373
28,175,70,438000,1.3464576e+18,6.90875477931522
30,195,90,399000,1.5833664e+18,6.90875477931522
31,175,72,495000,1.5804288e+18,7.60140233458373
28,178,72,473000,1.626048e+18,6.85751406254539
28,179,68,580000,1.5304032e+18,6.90875477931522
32,178,82,363000,1.5619392e+18,6.85751406254539
30,180,67,533000,1.599696e+18,8.5173931714189
26,176,69,867000,1.6250976e+18,8.29429960885724
25,190,80,464000,1.5472512e+18,6.62140565176413
29,179,69,5e+05,1.4219712e+18,6.90875477931522
30,178,83,6e+05,1.6257024e+18,7.60140233458373
30,178,76,406000,1.5463008e+18,6.90875477931522
26,190,85,722000,1.62864e+18,8.00670084544037
30,174,70,469000,1.5821568e+18,6.55250788703459
26,188,74,913000,1.6257024e+18,8.29429960885724
25,178,79,958000,1.5337728e+18,7.60140233458373
25,186,80,1e+06,1.6250976e+18,7.60140233458373
25,183,73,958000,1.6250976e+18,8.00670084544037
25,193,84,958000,1.5469056e+18,7.60140233458373
25,188,74,975000,1.5619392e+18,7.60140233458373
27,178,76,776000,1.5965856e+18,7.60140233458373
27,190,85,776000,1.5797376e+18,7.60140233458373
26,176,64,663000,1.566432e+18,7.60140233458373
26,183,79,821000,1.6250976e+18,7.60140233458373
28,195,87,534000,1.4673312e+18,6.21660610108486
33,182,74,284000,1.5778368e+18,6.55250788703459
28,182,74,540000,1.548288e+18,6.21660610108486
23,180,76,1200000,1.3569984e+18,6.74641212857337
27,190,80,677000,1.6309728e+18,6.90875477931522
27,182,80,572000,1.3726368e+18,7.60140233458373
28,187,86,580000,1.5804288e+18,7.60140233458373
25,188,73,669000,1.3700448e+18,7.60140233458373
27,180,75,724000,1.5948576e+18,8.00670084544037
26,197,95,731000,1.6102368e+18,6.62140565176413
27,180,75,648000,1.4059008e+18,6.31173480915291
24,176,71,1e+06,1.59624e+18,7.60140233458373
26,193,89,572000,1.6250976e+18,7.60140233458373
27,185,78,469000,1.6000416e+18,7.60140233458373
30,183,70,504000,1.6274304e+18,7.60140233458373
25,178,73,958000,1.5597792e+18,6.90875477931522
25,187,85,913000,1.6250976e+18,7.60140233458373
27,182,75,733000,1.601424e+18,8.5173931714189
27,168,60,596000,1.580256e+18,6.90875477931522
25,185,75,729000,1.627344e+18,6.55250788703459
24,188,85,958000,1.6250976e+18,7.60140233458373
25,180,70,853000,1.5501888e+18,6.55250788703459
27,174,72,819000,1.5640992e+18,8.29429960885724
25,184,78,797000,1.5990048e+18,8.5173931714189
29,185,80,6e+05,1.5628032e+18,7.60140233458373
31,187,83,326000,1.4524704e+18,6.90875477931522
30,188,79,504000,1.6187904e+18,7.60140233458373
28,188,85,497000,1.3885344e+18,6.90875477931522
24,188,80,821000,1.6250976e+18,7.60140233458373
23,191,77,1600000,1.4409792e+18,8.69968140098951
28,186,82,530000,1.5784416e+18,6.68586094706836
32,180,75,504000,1.5481152e+18,8.00670084544037
31,190,79,326000,1.6188768e+18,6.90875477931522
31,170,68,504000,1.580688e+18,8.00670084544037
28,185,81,609000,1.596672e+18,8.00670084544037
27,181,76,659000,1.6187904e+18,7.60140233458373
29,191,88,398000,1.4838336e+18,6.85751406254539
29,176,69,438000,1.610064e+18,6.90875477931522
25,182,72,867000,1.3885344e+18,7.60140233458373
26,191,75,776000,1.5990912e+18,7.60140233458373
24,188,75,894000,1.5751584e+18,6.47850964220857
26,190,82,861000,1.5792192e+18,7.60140233458373
33,188,80,215000,1.4989536e+18,8.00670084544037
24,198,90,725000,1.4598144e+18,6.47850964220857
30,190,85,439000,1.5619392e+18,6.80350525760834
24,193,73,1e+06,1.594944e+18,8.00670084544037
25,174,65,1e+06,1.4360544e+18,7.60140233458373
24,195,81,867000,1.627344e+18,7.60140233458373
24,191,87,1400000,1.6250976e+18,7.60140233458373
25,181,72,772000,1.6188768e+18,8.00670084544037
26,178,77,838000,1.5494976e+18,8.29429960885724
25,178,70,867000,1.5640992e+18,8.00670084544037
28,170,69,595000,1.6258752e+18,8.29429960885724
27,170,69,659000,1.5825024e+18,7.60140233458373
30,190,75,620000,1.452816e+18,8.00670084544037
32,184,81,388000,1.6188768e+18,7.60140233458373
26,180,79,801000,1.5964128e+18,6.90875477931522
24,175,72,1100000,1.611792e+18,7.60140233458373
25,180,76,867000,1.623888e+18,6.90875477931522
24,178,75,894000,1.6085952e+18,6.62140565176413
25,193,83,776000,1.5947712e+18,8.00670084544037
23,186,76,1200000,1.5964128e+18,6.47850964220857
26,188,88,663000,1.6121376e+18,6.90875477931522
25,172,71,877000,1.6291584e+18,6.21660610108486
26,192,80,776000,1.625616e+18,8.00670084544037
30,172,70,753000,1.602288e+18,6.21660610108486
24,183,70,1100000,1.59624e+18,7.60140233458373
26,174,63,819000,1.6250112e+18,8.29429960885724
25,179,72,827000,1.532304e+18,7.60140233458373
26,187,83,629000,1.5782688e+18,8.00670084544037
23,183,77,1700000,1.5165792e+18,6.90875477931522
24,176,64,1100000,1.6255296e+18,7.60140233458373
34,166,67,409000,1.5790464e+18,6.21660610108486
27,183,71,638000,1.5736032e+18,7.60140233458373
24,174,66,915000,1.6250976e+18,8.00670084544037
25,180,75,1e+06,1.628208e+18,8.29429960885724
28,187,73,530000,1.5464736e+18,7.60140233458373
29,183,75,438000,1.4383872e+18,6.90875477931522
25,190,85,762000,1.441584e+18,6.80350525760834
24,177,71,1200000,1.5021504e+18,8.29429960885724
24,188,77,1400000,1.6085952e+18,6.55250788703459
25,188,76,629000,1.6032384e+18,6.90875477931522
26,196,90,469000,1.6263072e+18,6.90875477931522
24,174,77,1100000,1.6250976e+18,7.60140233458373
24,193,80,975000,1.5804288e+18,6.90875477931522
24,185,75,958000,1.5804288e+18,7.60140233458373
25,172,70,801000,1.533168e+18,6.85751406254539
31,183,84,481000,1.6250976e+18,7.60140233458373
24,190,70,825000,1.4673312e+18,6.90875477931522
22,175,70,1800000,1.6270848e+18,6.90875477931522
24,188,82,1700000,1.5619392e+18,8.5173931714189
25,176,74,949000,1.625184e+18,7.60140233458373
24,170,67,1e+06,1.6280352e+18,8.00670084544037
23,175,73,1500000,1.6097184e+18,6.21660610108486
26,178,70,616000,1.6094592e+18,7.60140233458373
24,183,73,1e+06,1.6250976e+18,6.90875477931522
22,180,70,1800000,1.630368e+18,8.29429960885724
33,193,88,247000,1.6257024e+18,7.60140233458373
21,187,82,903000,1.625616e+18,7.60140233458373
21,174,74,808000,1.6257024e+18,7.60140233458373
29,190,85,481000,1.4357088e+18,7.60140233458373
23,176,70,1200000,1.610064e+18,6.80350525760834
23,173,70,1200000,1.6250976e+18,7.60140233458373
24,175,69,1200000,1.5935616e+18,6.90875477931522
23,185,70,1300000,1.6263072e+18,6.90875477931522
24,176,70,795000,1.6098048e+18,6.90875477931522
23,180,75,1100000,1.6038432e+18,6.68586094706836
22,185,70,1700000,1.6056576e+18,7.60140233458373
24,196,72,1100000,1.6250976e+18,6.90875477931522
22,178,73,1800000,1.6250976e+18,7.60140233458373
29,180,74,7e+05,1.6288128e+18,8.00670084544037
23,184,75,915000,1.56384e+18,7.60140233458373
29,183,75,753000,1.608768e+18,6.21660610108486
27,181,71,659000,1.5952032e+18,7.60140233458373
29,182,72,473000,1.5596928e+18,6.47850964220857
23,178,65,906000,1.5278112e+18,7.60140233458373
29,199,92,7e+05,1.6242336e+18,8.29429960885724
22,177,73,1500000,1.6250976e+18,6.90875477931522
31,181,74,406000,1.515456e+18,7.60140233458373
25,174,68,696000,1.6101504e+18,6.90875477931522
25,174,62,608000,1.6285536e+18,6.90875477931522
28,185,83,431000,1.5782688e+18,7.60140233458373
23,166,59,1200000,1.4516064e+18,6.90875477931522
35,187,72,59000,1.6101504e+18,6.74641212857337
31,186,80,273000,1.6101504e+18,6.90875477931522
29,175,70,520000,1.6101504e+18,7.60140233458373
28,179,82,5e+05,1.6101504e+18,6.90875477931522
30,178,78,406000,1.5813792e+18,6.47850964220857
27,176,76,733000,1.5804288e+18,8.5173931714189
36,170,67,163000,1.3569984e+18,6.62140565176413
27,188,75,563000,1.6098912e+18,6.90875477931522
31,173,70,406000,1.2832992e+18,6.90875477931522
27,185,80,596000,1.4836608e+18,6.90875477931522
25,187,84,843000,1.5619392e+18,8.8538082749772
21,183,80,1800000,1.4557536e+18,6.90875477931522
22,190,85,1100000,1.42776e+18,6.55250788703459
28,178,72,5e+05,1.630368e+18,6.90875477931522
24,183,73,1100000,1.5592608e+18,7.60140233458373
23,183,78,1600000,1.4673312e+18,8.29429960885724
22,174,69,1500000,1.5791328e+18,6.90875477931522
27,185,72,596000,1.4836608e+18,6.90875477931522
23,183,85,1200000,1.612224e+18,7.60140233458373
23,175,70,696000,1.62648e+18,7.60140233458373
25,185,80,724000,1.6225056e+18,6.21660610108486
21,185,78,1300000,1.4625792e+18,7.60140233458373
22,186,78,1700000,1.5330816e+18,8.29429960885724
22,173,70,1600000,1.6123104e+18,6.47850964220857
23,188,80,1500000,1.5959808e+18,7.60140233458373
21,179,77,1300000,1.4516064e+18,6.55250788703459
26,188,70,867000,1.5619392e+18,8.00670084544037
24,183,75,696000,1.5605568e+18,7.60140233458373
25,190,88,958000,1.630368e+18,6.90875477931522
22,195,89,1100000,1.4200704e+18,6.90875477931522
25,183,80,724000,1.6250976e+18,7.60140233458373
24,173,67,1300000,1.6250976e+18,6.80350525760834
28,176,75,572000,1.630368e+18,6.47850964220857
26,183,78,748000,1.6136064e+18,7.60140233458373
24,180,77,1e+06,1.5822432e+18,7.60140233458373
24,189,86,784000,1.6306272e+18,6.85751406254539
23,175,60,1500000,1.4617152e+18,7.60140233458373
25,170,64,819000,1.6253568e+18,8.29429960885724
28,180,75,7e+05,1.5619392e+18,8.00670084544037
24,178,70,724000,1.6294176e+18,6.90875477931522
23,175,70,1700000,1.5304032e+18,6.90875477931522
25,170,64,975000,1.6257024e+18,7.60140233458373
23,168,62,729000,1.6203456e+18,6.39859493453521
21,181,78,1700000,1.5985728e+18,7.60140233458373
23,178,79,1500000,1.6250976e+18,6.90875477931522
28,190,80,723000,1.6107552e+18,6.21660610108486
22,180,70,1700000,1.6250976e+18,6.90875477931522
27,180,71,531000,1.6250976e+18,6.90875477931522
24,178,68,1100000,1.5309216e+18,6.55250788703459
23,194,88,1100000,1.627344e+18,7.60140233458373
27,172,73,506000,1.5619392e+18,7.60140233458373
23,180,68,1100000,1.597104e+18,7.60140233458373
25,185,73,958000,1.6250976e+18,7.60140233458373
22,177,70,943000,1.47528e+18,6.90875477931522
23,190,73,1200000,1.598832e+18,8.00670084544037
23,183,73,629000,1.6272576e+18,7.60140233458373
22,188,72,1400000,1.4673312e+18,6.90875477931522
24,183,75,1e+06,1.5304032e+18,7.60140233458373
22,188,79,1100000,1.5741216e+18,7.60140233458373
23,185,70,1300000,1.4832288e+18,6.90875477931522
24,188,79,801000,1.5319584e+18,8.00670084544037
26,178,68,709000,1.5190848e+18,6.90875477931522
27,188,84,630000,1.5747264e+18,6.90875477931522
21,185,84,1700000,1.4846976e+18,8.00670084544037
35,182,73,59000,1.5805152e+18,6.90875477931522
27,177,72,563000,1.5805152e+18,7.60140233458373
33,182,73,238000,1.5654816e+18,7.60140233458373
28,190,88,534000,1.6250976e+18,7.60140233458373
22,182,75,1900000,1.4842656e+18,8.69968140098951
24,183,72,894000,1.5492384e+18,6.21660610108486
24,186,82,1400000,1.6130016e+18,8.00670084544037
21,186,84,1e+06,1.4842656e+18,6.21660610108486
21,175,70,1700000,1.4878944e+18,7.60140233458373
27,178,70,596000,1.4884128e+18,6.90875477931522
23,179,75,729000,1.488672e+18,7.60140233458373
26,173,76,776000,1.4356224e+18,8.5173931714189
24,178,71,855000,1.4832288e+18,6.21660610108486
23,185,76,834000,1.4891904e+18,7.60140233458373
22,195,85,1600000,1.4832288e+18,7.60140233458373
22,189,89,1200000,1.5788736e+18,6.62140565176413
25,183,75,763000,1.6250976e+18,6.39859493453521
32,165,55,536000,1.6262208e+18,8.29429960885724
26,165,63,677000,1.4988672e+18,6.90875477931522
25,172,67,801000,1.5935616e+18,6.74641212857337
28,201,85,593000,1.5619392e+18,6.90875477931522
22,175,68,1900000,1.5969312e+18,7.60140233458373
24,185,78,1800000,1.5619392e+18,8.00670084544037
22,175,68,1200000,1.5801696e+18,7.60140233458373
23,178,73,906000,1.5823296e+18,6.90875477931522
32,174,72,371000,1.6147296e+18,6.55250788703459
22,188,82,1500000,1.5948576e+18,7.60140233458373
27,170,65,616000,1.6130016e+18,8.00670084544037
21,191,86,1700000,1.4694048e+18,6.90875477931522
21,176,70,1300000,1.4988672e+18,7.60140233458373
26,178,70,867000,1.6250976e+18,7.60140233458373
23,188,78,1300000,1.5304032e+18,6.90875477931522
22,184,72,1500000,1.5619392e+18,7.60140233458373
28,187,80,534000,1.53792e+18,6.85751406254539
24,194,84,850000,1.597968e+18,6.90875477931522
25,197,105,724000,1.5978816e+18,7.60140233458373
22,182,73,1300000,1.626048e+18,8.00670084544037
22,180,70,1700000,1.4988672e+18,7.60140233458373
23,179,78,949000,1.5404256e+18,6.55250788703459
23,181,74,1e+06,1.6276032e+18,6.90875477931522
24,187,80,784000,1.5964128e+18,7.60140233458373
29,171,63,7e+05,1.6255296e+18,7.60140233458373
28,169,70,540000,1.6250976e+18,7.60140233458373
21,176,67,1500000,1.6248384e+18,6.90875477931522
22,180,73,1900000,1.564704e+18,9.21044036697652
22,186,80,1300000,1.5646176e+18,6.90875477931522
22,189,83,1200000,1.5622848e+18,7.60140233458373
23,186,72,1500000,1.6252704e+18,7.60140233458373
22,182,80,1800000,1.6250976e+18,8.00670084544037
29,185,80,7e+05,1.6250976e+18,7.60140233458373
22,176,70,1600000,1.5985728e+18,7.60140233458373
22,178,68,1500000,1.4835744e+18,8.00670084544037
22,183,70,1800000,1.630368e+18,6.90875477931522
24,185,74,1100000,1.47312e+18,8.69968140098951
21,165,63,2200000,1.5027552e+18,6.21660610108486
23,183,87,1200000,1.4859072e+18,7.60140233458373
27,184,82,629000,1.6115328e+18,6.90875477931522
21,176,68,1600000,1.4928192e+18,8.00670084544037
22,177,73,1600000,1.5667776e+18,6.80350525760834
24,190,79,677000,1.5990048e+18,6.62140565176413
22,175,68,2200000,1.597104e+18,7.60140233458373
22,172,73,1600000,1.5619392e+18,7.60140233458373
20,166,64,2e+06,1.59408e+18,6.90875477931522
22,179,78,1700000,1.5304032e+18,8.29429960885724
22,187,79,1300000,1.4673312e+18,8.00670084544037
22,181,77,1100000,1.4832288e+18,7.60140233458373
22,195,97,1500000,1.5963264e+18,7.60140233458373
20,175,70,1400000,1.5903648e+18,6.68586094706836
20,173,58,1600000,1.5078528e+18,6.21660610108486
23,184,77,1200000,1.5942528e+18,7.60140233458373
21,173,70,2300000,1.4357088e+18,8.5173931714189
24,169,71,1200000,1.6026336e+18,7.60140233458373
22,188,73,1400000,1.6250976e+18,8.29429960885724
28,178,76,660000,1.603584e+18,8.00670084544037
24,175,66,1300000,1.5488928e+18,7.60140233458373
28,181,75,5e+05,1.615248e+18,6.90875477931522
22,188,79,1200000,1.4988672e+18,7.60140233458373
21,178,70,1300000,1.4988672e+18,6.21660610108486
20,194,89,2e+06,1.5304032e+18,6.74641212857337
23,178,70,1e+06,1.5136416e+18,6.39859493453521
21,180,66,2e+06,1.6250976e+18,6.90875477931522
22,178,73,1300000,1.5149376e+18,6.90875477931522
20,188,81,2400000,1.631232e+18,8.29429960885724
22,185,74,1800000,1.5656544e+18,8.5173931714189
21,173,64,2200000,1.5147648e+18,8.29429960885724
22,176,70,1300000,1.5147648e+18,7.60140233458373
31,182,74,263000,1.5147648e+18,6.62140565176413
26,172,70,596000,1.6101504e+18,6.90875477931522
22,190,71,1300000,1.6271712e+18,8.00670084544037
23,175,63,1300000,1.6009056e+18,6.74641212857337
25,183,60,853000,1.5454368e+18,6.68586094706836
21,183,73,1900000,1.628208e+18,6.90875477931522
25,193,88,709000,1.5973632e+18,6.90875477931522
21,188,78,1600000,1.5998688e+18,6.90875477931522
25,193,82,763000,1.5813792e+18,6.90875477931522
20,178,75,2200000,1.601856e+18,8.00670084544037
34,182,73,175000,1.5470784e+18,6.90875477931522
22,185,80,1200000,1.5207264e+18,6.62140565176413
22,185,78,1900000,1.5652224e+18,9.21044036697652
22,172,60,2100000,1.6253568e+18,8.29429960885724
26,186,76,596000,1.5492384e+18,6.74641212857337
26,173,69,724000,1.5174432e+18,6.90875477931522
18,184,80,2300000,1.6094592e+18,6.90875477931522
19,178,70,2300000,1.628208e+18,6.80350525760834
20,183,77,2600000,1.5317856e+18,7.60140233458373
20,186,78,1700000,1.601856e+18,8.00670084544037
25,169,65,696000,1.5147648e+18,6.90875477931522
21,178,68,2100000,1.6130016e+18,7.60140233458373
20,182,73,2200000,1.6281216e+18,6.90875477931522
23,186,85,641000,1.4991264e+18,6.90875477931522
20,193,80,1400000,1.5260832e+18,6.90875477931522
21,182,64,1400000,1.6123968e+18,6.90875477931522
23,171,65,1700000,1.6098048e+18,6.90875477931522
20,177,65,2400000,1.5247008e+18,7.60140233458373
26,178,78,724000,1.6250976e+18,6.90875477931522
28,183,73,578000,1.6301952e+18,8.5173931714189
22,188,75,1200000,1.625184e+18,7.60140233458373
21,180,72,2e+06,1.6263936e+18,6.85751406254539
23,190,81,1600000,1.5991776e+18,7.60140233458373
24,187,78,801000,1.5619392e+18,6.21660610108486
22,177,68,1400000,1.6263072e+18,8.29429960885724
20,179,71,2e+06,1.6250976e+18,6.90875477931522
28,188,85,613000,1.5935616e+18,6.90875477931522
22,191,80,713000,1.5222816e+18,6.90875477931522
32,184,76,290000,1.4041728e+18,6.90875477931522
21,194,90,1800000,1.6250976e+18,6.21660610108486
31,173,69,481000,1.4848704e+18,6.90875477931522
21,169,68,1800000,1.5304032e+18,7.60140233458373
24,184,75,686000,1.5882912e+18,6.21660610108486
24,176,65,819000,1.6284672e+18,6.80350525760834
22,182,65,1500000,1.6250976e+18,6.85751406254539
21,168,74,1500000,1.5317856e+18,6.90875477931522
22,175,68,877000,1.5317856e+18,6.90875477931522
24,177,69,1e+06,1.6288128e+18,8.00670084544037
22,185,75,1200000,1.601856e+18,7.60140233458373
22,188,83,891000,1.5965856e+18,6.55250788703459
20,177,72,1400000,1.5304032e+18,7.60140233458373
25,180,76,839000,1.6254432e+18,6.90875477931522
21,182,75,1400000,1.5825888e+18,6.90875477931522
22,176,73,1600000,1.53144e+18,8.00670084544037
20,185,78,1600000,1.53144e+18,7.60140233458373
25,198,86,648000,1.5329952e+18,6.90875477931522
22,187,74,1800000,1.5307488e+18,8.69968140098951
19,183,75,1800000,1.5970176e+18,7.60140233458373
21,177,65,1300000,1.5986592e+18,6.90875477931522
23,169,60,1300000,1.4987808e+18,6.21660610108486
23,198,92,1500000,1.630368e+18,7.60140233458373
20,175,61,2500000,1.5337728e+18,8.69968140098951
24,179,71,1500000,1.532736e+18,8.00670084544037
24,184,65,976000,1.47312e+18,8.5173931714189
24,178,70,976000,1.47312e+18,8.5173931714189
21,183,76,1400000,1.5173568e+18,6.90875477931522
21,185,77,1300000,1.6101504e+18,6.74641212857337
22,170,68,1500000,1.5346368e+18,6.21660610108486
23,170,70,1600000,1.5784416e+18,8.00670084544037
24,180,74,795000,1.5147648e+18,6.85751406254539
21,178,70,1900000,1.6015968e+18,7.60140233458373
19,178,70,2500000,1.5304032e+18,8.69968140098951
24,182,72,1200000,1.610928e+18,6.90875477931522
18,168,62,2500000,1.5804288e+18,8.00670084544037
20,182,78,1900000,1.5304032e+18,7.60140233458373
20,185,81,1100000,1.5388704e+18,6.90875477931522
21,178,65,1800000,1.6245792e+18,7.60140233458373
28,183,79,497000,1.6281216e+18,6.90875477931522
24,191,84,1700000,1.5935616e+18,8.00670084544037
27,174,68,506000,1.5812928e+18,7.60140233458373
24,178,68,1300000,1.5147648e+18,6.21660610108486
22,173,69,1e+06,1.5304032e+18,6.90875477931522
25,195,83,696000,1.6300224e+18,6.90875477931522
20,185,80,2200000,1.6269984e+18,7.60140233458373
20,179,70,1200000,1.5463008e+18,6.90875477931522
21,185,80,1200000,1.630368e+18,7.60140233458373
20,178,68,2200000,1.4988672e+18,8.69968140098951
23,172,67,819000,1.6127424e+18,7.60140233458373
20,185,77,2300000,1.6268256e+18,8.8538082749772
27,187,78,584000,1.5469056e+18,6.90875477931522
19,184,70,2500000,1.5476832e+18,8.69968140098951
21,196,76,1900000,1.54656e+18,8.00670084544037
22,193,86,1700000,1.6300224e+18,8.8538082749772
23,175,71,1400000,1.5481152e+18,6.21660610108486
26,179,71,563000,1.5983136e+18,6.62140565176413
22,176,69,1400000,1.5485472e+18,6.39859493453521
22,178,68,1400000,1.6111008e+18,7.60140233458373
20,167,65,1800000,1.5463008e+18,6.62140565176413
32,187,79,538000,1.5781824e+18,6.21660610108486
21,181,72,1800000,1.530576e+18,8.29429960885724
21,187,87,949000,1.5520896e+18,6.90875477931522
20,181,73,1700000,1.5520896e+18,6.90875477931522
22,158,58,1300000,1.5463008e+18,6.39859493453521
20,180,70,1900000,1.5520896e+18,7.60140233458373
23,176,70,1200000,1.5463008e+18,6.62140565176413
25,173,68,1300000,1.6106688e+18,6.21660610108486
31,185,81,439000,1.600992e+18,7.60140233458373
26,185,80,641000,1.6242336e+18,7.60140233458373
31,176,73,405000,1.6285536e+18,7.60140233458373
23,183,74,1900000,1.6255296e+18,8.29429960885724
24,186,76,1e+06,1.6276896e+18,8.00670084544037
23,183,72,1600000,1.6280352e+18,7.60140233458373
21,193,86,1300000,1.5519168e+18,6.62140565176413
19,180,73,2e+06,1.5463008e+18,6.90875477931522
19,186,74,2200000,1.5433632e+18,8.5173931714189
19,186,80,1900000,1.6250976e+18,6.90875477931522
21,188,67,1700000,1.5436224e+18,6.85751406254539
22,176,73,1500000,1.5619392e+18,7.60140233458373
21,192,84,1400000,1.5174432e+18,7.60140233458373
20,178,73,2300000,1.5619392e+18,6.90875477931522
19,176,60,2e+06,1.60272e+18,7.60140233458373
27,188,80,570000,1.5978816e+18,6.80350525760834
26,182,76,677000,1.6250976e+18,7.60140233458373
22,179,74,1e+06,1.4673312e+18,6.90875477931522
30,183,65,540000,1.3121568e+18,7.60140233458373
21,177,68,1500000,1.6281216e+18,6.90875477931522
29,178,74,540000,1.6094592e+18,7.60140233458373
27,175,76,574000,1.6263072e+18,6.90875477931522
19,178,70,2500000,1.5619392e+18,8.00670084544037
20,194,80,975000,1.5609024e+18,6.39859493453521
25,173,67,1200000,1.5619392e+18,6.21660610108486
19,179,76,1700000,1.5619392e+18,8.00670084544037
20,175,71,1500000,1.6250976e+18,6.90875477931522
22,186,79,1300000,1.6250976e+18,6.90875477931522
25,178,76,677000,1.5619392e+18,6.90875477931522
26,187,78,713000,1.5619392e+18,7.60140233458373
19,175,66,2e+06,1.5489792e+18,6.90875477931522
22,178,77,1600000,1.6103232e+18,7.60140233458373
21,177,70,1600000,1.6250976e+18,6.90875477931522
20,175,66,1500000,1.501632e+18,6.90875477931522
21,184,82,1400000,1.6263072e+18,6.90875477931522
20,174,66,2200000,1.6294176e+18,7.60140233458373
20,168,68,2200000,1.5562368e+18,6.90875477931522
21,181,66,2300000,1.5320448e+18,8.00670084544037
21,175,73,1500000,1.5935616e+18,6.90875477931522
20,185,80,2100000,1.6121376e+18,6.90875477931522
24,187,75,1400000,1.5935616e+18,6.90875477931522
39,185,84,151000,1.3726368e+18,6.21660610108486
22,182,71,1100000,1.6170624e+18,6.47850964220857
20,170,64,1400000,1.5805152e+18,6.62140565176413
20,185,77,1300000,1.562544e+18,6.21660610108486
22,173,70,1300000,1.6288992e+18,7.60140233458373
20,172,63,1900000,1.5971904e+18,6.21660610108486
19,187,79,1200000,1.5620256e+18,6.90875477931522
24,179,75,763000,1.6250976e+18,6.90875477931522
22,190,70,2e+06,1.5619392e+18,7.60140233458373
28,180,70,7e+05,1.62432e+18,7.60140233458373
18,176,70,1800000,1.6002144e+18,6.68586094706836
23,178,76,1200000,1.5476832e+18,6.90875477931522
25,180,73,729000,1.54872e+18,6.90875477931522
20,178,70,2600000,1.6252704e+18,6.80350525760834
21,179,64,1500000,1.5645312e+18,7.60140233458373
22,189,72,2e+06,1.5619392e+18,6.21660610108486
18,175,68,2500000,1.5619392e+18,6.80350525760834
23,171,65,1900000,1.5619392e+18,7.60140233458373
20,174,62,1900000,1.5507072e+18,6.90875477931522
20,184,77,1900000,1.5313536e+18,6.90875477931522
22,185,75,1700000,1.5652224e+18,6.90875477931522
21,182,78,1800000,1.59624e+18,6.74641212857337
23,185,78,819000,1.6262208e+18,7.60140233458373
19,177,66,2200000,1.5592608e+18,6.21660610108486
21,175,65,1400000,1.562976e+18,6.90875477931522
21,178,64,1900000,1.5619392e+18,8.69968140098951
18,175,65,2200000,1.6293312e+18,6.90875477931522
23,170,61,1500000,1.5671232e+18,6.90875477931522
20,186,75,1400000,1.567296e+18,8.00670084544037
22,175,70,1500000,1.6094592e+18,6.21660610108486
19,190,67,1800000,1.5619392e+18,6.55250788703459
21,179,75,1400000,1.5685056e+18,7.60140233458373
21,193,83,1300000,1.5304032e+18,6.90875477931522
20,182,65,1300000,1.5693696e+18,7.60140233458373
20,175,66,1400000,1.6118784e+18,6.90875477931522
22,175,66,2100000,1.5645312e+18,6.21660610108486
33,178,78,409000,1.5466464e+18,6.21660610108486
26,180,75,946000,1.5806016e+18,6.21660610108486
21,174,63,1200000,1.5463008e+18,7.60140233458373
20,181,72,2200000,1.625616e+18,8.29429960885724
25,173,70,1200000,1.5619392e+18,6.21660610108486
21,189,73,1800000,1.4988672e+18,6.21660610108486
31,186,82,591000,1.5463008e+18,6.21660610108486
20,172,67,1900000,1.5463008e+18,6.21660610108486
29,179,76,753000,1.6190496e+18,6.21660610108486
20,173,70,1300000,1.5656544e+18,6.90875477931522
21,185,75,1800000,1.5684192e+18,6.90875477931522
24,193,78,1100000,1.569888e+18,6.21660610108486
19,172,72,2200000,1.5712704e+18,7.60140233458373
21,184,84,1900000,1.5463008e+18,6.21660610108486
18,175,63,2500000,1.5731712e+18,7.60140233458373
20,175,75,2100000,1.5304032e+18,8.00670084544037
26,180,75,563000,1.4520384e+18,6.62140565176413
26,184,85,1200000,1.610496e+18,6.21660610108486
21,170,63,1600000,1.6304544e+18,6.74641212857337
21,181,78,1800000,1.5153696e+18,6.62140565176413
21,175,68,1600000,1.5713568e+18,8.00670084544037
29,168,79,860000,1.6104096e+18,6.21660610108486
23,190,87,1600000,1.6094592e+18,6.21660610108486
29,178,72,860000,1.6015104e+18,6.21660610108486
19,174,74,1300000,1.5778368e+18,6.90875477931522
24,184,83,629000,1.578096e+18,6.39859493453521
20,178,67,2e+06,1.5782688e+18,6.90875477931522
22,180,72,1300000,1.5784416e+18,7.60140233458373
26,179,79,1e+06,1.5778368e+18,6.21660610108486
25,184,75,1200000,1.5778368e+18,6.21660610108486
22,181,74,2100000,1.4988672e+18,6.90875477931522
18,171,68,2300000,1.5778368e+18,6.55250788703459
28,171,65,834000,1.5786144e+18,6.21660610108486
19,178,72,1400000,1.57896e+18,6.62140565176413
19,177,69,1300000,1.578096e+18,6.90875477931522
20,188,83,1400000,1.5368832e+18,6.90875477931522
19,170,63,2e+06,1.6121376e+18,6.85751406254539
19,183,73,2400000,1.5778368e+18,6.21660610108486
22,187,83,1500000,1.5935616e+18,7.60140233458373
24,176,65,969000,1.600128e+18,6.68586094706836
21,179,71,943000,1.5797376e+18,6.74641212857337
22,182,80,1600000,1.5463008e+18,6.21660610108486
21,184,71,1500000,1.560384e+18,7.60140233458373
22,173,66,1400000,1.5800832e+18,6.90875477931522
19,184,77,1800000,1.5778368e+18,6.21660610108486
20,170,65,1900000,1.5778368e+18,6.21660610108486
23,177,74,795000,1.5805152e+18,6.90875477931522
20,177,72,1200000,1.5463008e+18,6.47850964220857
19,178,67,2700000,1.5540768e+18,6.21660610108486
25,183,79,696000,1.5784416e+18,6.55250788703459
22,180,63,1800000,1.5778368e+18,6.21660610108486
23,173,73,1100000,1.5805152e+18,6.68586094706836
23,190,83,1900000,1.6133472e+18,6.21660610108486
20,177,69,1700000,1.5782688e+18,7.60140233458373
22,175,73,990000,1.5996096e+18,6.90875477931522
25,188,75,724000,1.57896e+18,6.90875477931522
23,190,82,1100000,1.578528e+18,7.60140233458373
23,171,61,2e+06,1.5983136e+18,8.29429960885724
21,187,87,1800000,1.5778368e+18,6.21660610108486
21,173,73,1600000,1.5778368e+18,7.60140233458373
20,188,86,1800000,1.5825024e+18,6.62140565176413
19,183,71,1700000,1.6218144e+18,6.68586094706836
23,183,83,949000,1.5977088e+18,6.90875477931522
24,186,77,729000,1.6287264e+18,6.90875477931522
21,192,85,978000,1.577664e+18,7.60140233458373
19,187,80,2400000,1.589328e+18,8.00670084544037
27,177,71,776000,1.62216e+18,6.90875477931522
25,184,77,958000,1.4041728e+18,6.90875477931522
21,175,70,1800000,1.4685408e+18,6.90875477931522
18,174,70,1600000,1.5904512e+18,6.21660610108486
19,174,69,1600000,1.5908832e+18,7.60140233458373
21,185,78,1700000,1.5619392e+18,8.5173931714189
20,174,66,2200000,1.6250976e+18,8.98732181285012
32,188,84,481000,1.3107744e+18,6.90875477931522
19,175,75,2300000,1.5935616e+18,8.29429960885724
21,187,85,1300000,1.474848e+18,6.90875477931522
24,185,77,1400000,1.6003872e+18,6.90875477931522
20,181,74,2100000,1.5935616e+18,7.60140233458373
24,193,93,1300000,1.592784e+18,6.90875477931522
21,173,70,1600000,1.5924384e+18,6.90875477931522
17,182,70,2e+06,1.593648e+18,6.21660610108486
21,180,75,1500000,1.5937344e+18,7.60140233458373
28,188,87,543000,1.6267392e+18,7.60140233458373
18,175,65,2100000,1.5799104e+18,6.90875477931522
21,171,63,1800000,1.5939936e+18,6.90875477931522
25,184,80,763000,1.5943392e+18,8.00670084544037
19,176,72,2200000,1.6250976e+18,6.21660610108486
21,182,76,1400000,1.5947712e+18,6.47850964220857
20,194,83,1900000,1.5619392e+18,8.29429960885724
20,180,71,1200000,1.5922656e+18,6.39859493453521
23,182,68,1600000,1.5620256e+18,8.00670084544037
17,177,63,2400000,1.5657408e+18,6.21660610108486
19,175,74,2300000,1.5935616e+18,7.60140233458373
20,188,75,1400000,1.5960672e+18,7.60140233458373
34,176,73,203000,1.5619392e+18,6.90875477931522
32,182,79,371000,1.6111008e+18,6.90875477931522
28,192,85,371000,1.5984864e+18,6.90875477931522
21,188,78,1500000,1.4988672e+18,6.55250788703459
31,178,72,525000,1.4516064e+18,7.60140233458373
20,190,88,1400000,1.5967584e+18,7.60140233458373
21,173,68,1900000,1.59624e+18,7.60140233458373
22,176,70,2e+06,1.5970176e+18,6.90875477931522
21,188,80,1900000,1.5935616e+18,6.80350525760834
23,184,76,1e+06,1.597104e+18,7.60140233458373
29,188,80,439000,1.6250976e+18,7.60140233458373
18,182,70,3700000,1.5935616e+18,8.69968140098951
20,170,65,1900000,1.5778368e+18,7.60140233458373
21,166,67,1400000,1.59624e+18,7.60140233458373
20,175,62,2600000,1.626048e+18,8.29429960885724
23,193,88,1300000,1.5977088e+18,6.90875477931522
18,193,77,1700000,1.5980544e+18,6.21660610108486
22,183,73,1200000,1.5980544e+18,6.90875477931522
18,177,65,2200000,1.5619392e+18,6.90875477931522
24,188,88,855000,1.6116192e+18,6.90875477931522
22,179,74,990000,1.6250976e+18,6.21660610108486
23,172,65,1e+06,1.59624e+18,8.00670084544037
20,191,65,1600000,1.5304032e+18,6.90875477931522
24,186,80,877000,1.5985728e+18,7.60140233458373
25,190,82,839000,1.6117056e+18,6.55250788703459
21,181,74,1700000,1.5619392e+18,6.80350525760834
20,183,74,1400000,1.5304032e+18,6.90875477931522
19,171,63,2400000,1.593648e+18,8.00670084544037
21,190,70,1800000,1.5935616e+18,6.39859493453521
23,178,73,1700000,1.4357088e+18,8.69968140098951
18,175,67,2700000,1.5964128e+18,6.21660610108486
22,192,92,1300000,1.5947712e+18,6.39859493453521
22,181,70,1300000,1.6002144e+18,6.90875477931522
32,191,86,439000,1.6002144e+18,7.60140233458373
20,186,75,1500000,1.5935616e+18,6.90875477931522
21,190,83,2e+06,1.6257024e+18,7.60140233458373
20,187,79,2100000,1.5619392e+18,6.90875477931522
20,185,73,1700000,1.6304544e+18,6.90875477931522
25,176,67,1300000,1.6008192e+18,6.21660610108486
26,188,83,1100000,1.6006464e+18,7.60140233458373
22,178,69,1400000,1.6094592e+18,6.90875477931522
18,179,63,1900000,1.601424e+18,7.60140233458373
19,170,72,1900000,1.5954624e+18,6.55250788703459
23,198,85,1e+06,1.601856e+18,8.00670084544037
20,180,75,1300000,1.601856e+18,6.39859493453521
20,196,79,1500000,1.6013376e+18,8.00670084544037
19,179,68,2e+06,1.6019424e+18,6.90875477931522
19,188,83,2500000,1.5618528e+18,6.90875477931522
18,178,73,2100000,1.5679872e+18,6.80350525760834
17,180,70,2300000,1.6019424e+18,7.60140233458373
21,186,76,1900000,1.5658272e+18,8.00670084544037
20,177,66,2100000,1.5935616e+18,6.90875477931522
20,190,80,1700000,1.5619392e+18,7.60140233458373
22,172,70,1500000,1.5619392e+18,7.60140233458373
20,186,76,2500000,1.597968e+18,8.00670084544037
20,185,78,2500000,1.5778368e+18,6.21660610108486
22,170,58,2100000,1.5825888e+18,6.21660610108486
21,180,84,2700000,1.5778368e+18,6.21660610108486
20,175,70,1700000,1.5976224e+18,6.90875477931522
20,181,72,1500000,1.4988672e+18,6.90875477931522
19,169,67,2600000,1.6190496e+18,6.21660610108486
22,180,72,1900000,1.6190496e+18,6.21660610108486
18,191,80,2e+06,1.6062624e+18,6.90875477931522
18,173,64,2200000,1.5619392e+18,6.47850964220857
22,190,82,1500000,1.6250976e+18,6.85751406254539
20,185,76,1700000,1.5935616e+18,6.90875477931522
20,178,67,1200000,1.6066944e+18,6.90875477931522
20,184,74,1300000,1.5989184e+18,6.21660610108486
19,175,71,1600000,1.6272576e+18,6.90875477931522
24,173,77,1200000,1.5196032e+18,6.21660610108486
18,177,68,2500000,1.5619392e+18,6.21660610108486
26,194,93,550000,1.62864e+18,6.90875477931522
24,186,80,906000,1.5778368e+18,6.74641212857337
34,193,92,151000,1.6020288e+18,6.21660610108486
21,173,63,2e+06,1.5778368e+18,6.21660610108486
18,166,57,2800000,1.5778368e+18,6.21660610108486
21,186,79,1400000,1.5628896e+18,6.90875477931522
20,180,77,2100000,1.5778368e+18,6.21660610108486
28,192,85,647000,1.625184e+18,7.60140233458373
18,174,60,2500000,1.5761952e+18,8.29429960885724
20,182,70,1800000,1.610064e+18,6.55250788703459
20,192,83,2400000,1.5619392e+18,7.60140233458373
24,184,80,1400000,1.6092e+18,6.21660610108486
25,175,72,795000,1.6098048e+18,6.90875477931522
29,176,65,860000,1.5795648e+18,6.21660610108486
25,180,74,784000,1.6104096e+18,7.60140233458373
24,176,69,1300000,1.608768e+18,6.21660610108486
25,183,75,1200000,1.5168384e+18,6.21660610108486
26,178,70,696000,1.578096e+18,6.90875477931522
20,198,80,2200000,1.6098048e+18,8.00670084544037
28,171,65,860000,1.5463008e+18,6.21660610108486
24,173,73,722000,1.6101504e+18,6.90875477931522
21,176,70,1300000,1.6101504e+18,6.74641212857337
26,182,71,619000,1.6101504e+18,7.60140233458373
19,180,77,1900000,1.6101504e+18,6.39859493453521
25,186,83,663000,1.6103232e+18,6.90875477931522
19,198,86,2400000,1.5304032e+18,6.74641212857337
22,182,78,9e+05,1.6101504e+18,7.60140233458373
26,181,79,1e+06,1.4805504e+18,6.21660610108486
19,175,72,1900000,1.6104096e+18,6.74641212857337
18,176,70,2100000,1.5984864e+18,6.90875477931522
21,179,67,2400000,1.6108416e+18,8.5173931714189
19,192,76,1700000,1.606608e+18,6.21660610108486
18,174,65,2300000,1.5619392e+18,6.90875477931522
19,176,65,1600000,1.6255296e+18,7.60140233458373
23,172,62,906000,1.6111008e+18,6.90875477931522
23,183,79,1100000,1.6114464e+18,8.5173931714189
30,170,67,806000,1.6094592e+18,6.21660610108486
24,191,93,1100000,1.6118784e+18,7.60140233458373
20,172,68,2700000,1.6120512e+18,8.00670084544037
22,185,74,943000,1.6121376e+18,7.60140233458373
29,179,81,699000,1.6094592e+18,6.21660610108486
17,173,67,2e+06,1.5967584e+18,6.21660610108486
18,189,70,2100000,1.5622848e+18,7.60140233458373
17,175,70,3400000,1.6127424e+18,7.60140233458373
19,186,79,1800000,1.6250976e+18,7.60140233458373
21,180,76,1300000,1.6125696e+18,7.60140233458373
24,183,80,1100000,1.610064e+18,6.21660610108486
26,189,84,890000,1.6094592e+18,6.21660610108486
25,184,81,1200000,1.611792e+18,6.21660610108486
22,180,79,1300000,1.61352e+18,6.90875477931522
25,185,82,825000,1.613952e+18,7.60140233458373
23,194,89,1400000,1.6140384e+18,7.60140233458373
19,188,81,2400000,1.5463008e+18,6.21660610108486
24,180,72,1800000,1.5778368e+18,6.21660610108486
19,179,77,1600000,1.612224e+18,7.60140233458373
26,179,75,1100000,1.6094592e+18,6.21660610108486
20,175,70,2100000,1.6094592e+18,6.21660610108486
24,178,71,1800000,1.6121376e+18,6.21660610108486
20,175,74,2200000,1.6094592e+18,6.21660610108486
20,175,72,2100000,1.6094592e+18,6.21660610108486
23,185,79,978000,1.6163712e+18,6.90875477931522
20,184,76,1900000,1.610496e+18,7.60140233458373
17,185,78,2900000,1.5935616e+18,6.55250788703459
18,186,75,2400000,1.5889824e+18,6.31173480915291
20,172,68,2e+06,1.6094592e+18,6.21660610108486
28,184,78,860000,1.6190496e+18,6.21660610108486
19,185,74,1400000,1.6180992e+18,6.90875477931522
27,195,83,563000,1.6121376e+18,6.62140565176413
16,187,75,3100000,1.6003008e+18,6.21660610108486
18,173,65,2500000,1.6278624e+18,7.60140233458373
21,182,76,1500000,1.5778368e+18,7.60140233458373
19,190,77,1600000,1.6257888e+18,6.74641212857337
19,182,75,2100000,1.6210368e+18,6.74641212857337
23,192,86,1200000,1.6304544e+18,6.90875477931522
23,182,74,1400000,1.5619392e+18,6.85751406254539
20,188,78,1300000,1.6106688e+18,6.85751406254539
20,171,68,1600000,1.6120512e+18,6.90875477931522
32,188,82,438000,1.538352e+18,6.90875477931522
26,180,74,867000,1.622592e+18,6.90875477931522
23,180,60,763000,1.4673312e+18,7.60140233458373
24,188,72,724000,1.5304032e+18,7.60140233458373
21,190,78,1400000,1.5952032e+18,6.90875477931522
21,186,76,1400000,1.6010784e+18,6.90875477931522
26,181,73,853000,1.5619392e+18,6.90875477931522
25,182,77,894000,1.5313536e+18,7.60140233458373
21,170,70,1600000,1.5619392e+18,6.90875477931522
20,185,78,2100000,1.6225056e+18,6.21660610108486
24,194,82,839000,1.4673312e+18,6.55250788703459
24,189,83,984000,1.6254432e+18,8.5173931714189
26,187,83,686000,1.6250976e+18,7.60140233458373
20,180,72,1400000,1.6254432e+18,7.60140233458373
21,183,71,1300000,1.6250976e+18,6.90875477931522
22,176,71,1600000,1.6250976e+18,8.00670084544037
19,171,65,1400000,1.6094592e+18,6.47850964220857
23,185,76,784000,1.5313536e+18,6.68586094706836
24,182,77,748000,1.5619392e+18,6.90875477931522
21,180,70,1800000,1.6225056e+18,8.00670084544037
23,186,79,949000,1.5671232e+18,6.21660610108486
20,186,80,1400000,1.6241472e+18,7.60140233458373
30,193,85,481000,1.6250976e+18,7.60140233458373
24,194,83,1e+06,1.6250976e+18,6.90875477931522
23,189,81,1e+06,1.6250976e+18,6.90875477931522
21,169,63,1500000,1.6250976e+18,6.62140565176413
26,194,84,724000,1.6250976e+18,6.31173480915291
29,190,80,534000,1.6250976e+18,7.60140233458373
21,176,66,1400000,1.6250976e+18,8.00670084544037
21,181,76,1400000,1.6250976e+18,6.90875477931522
21,182,80,1400000,1.6250976e+18,6.90875477931522
21,182,76,1500000,1.6250976e+18,7.60140233458373
17,179,71,3200000,1.6250976e+18,6.39859493453521
27,184,79,724000,1.4988672e+18,6.31173480915291
29,185,78,580000,1.6250976e+18,6.31173480915291
22,180,76,1500000,1.6250976e+18,6.74641212857337
26,184,83,934000,1.5475968e+18,8.00670084544037
23,179,69,1100000,1.6250976e+18,7.60140233458373
25,185,78,801000,1.6254432e+18,8.00670084544037
21,170,70,915000,1.6250976e+18,6.21660610108486
22,179,70,1100000,1.6250976e+18,6.21660610108486
22,188,74,1200000,1.6250976e+18,6.21660610108486
24,184,72,915000,1.6250976e+18,7.60140233458373
23,169,66,1300000,1.6255296e+18,7.60140233458373
20,184,83,1900000,1.625616e+18,6.21660610108486
23,180,70,915000,1.6257888e+18,7.60140233458373
18,176,70,1600000,1.6250976e+18,6.31173480915291
20,174,70,1500000,1.6055712e+18,7.60140233458373
24,187,78,819000,1.5973632e+18,6.85751406254539
23,186,75,784000,1.6248384e+18,7.60140233458373
21,189,86,1600000,1.6261344e+18,6.90875477931522
21,176,72,1300000,1.6262208e+18,6.21660610108486
22,171,73,1800000,1.6250976e+18,6.90875477931522
21,188,80,1900000,1.6250976e+18,6.90875477931522
19,170,69,1900000,1.6120512e+18,6.80350525760834
23,175,69,1500000,1.6250976e+18,6.21660610108486
17,181,75,3400000,1.6094592e+18,6.55250788703459
20,186,80,1300000,1.6250976e+18,6.85751406254539
17,170,70,2700000,1.5935616e+18,6.21660610108486
23,187,73,1300000,1.6200864e+18,6.90875477931522
19,178,76,2400000,1.5935616e+18,6.74641212857337
22,180,70,1600000,1.597104e+18,6.90875477931522
24,190,84,978000,1.6274304e+18,7.60140233458373
22,182,74,1200000,1.6276032e+18,6.80350525760834
20,179,66,1900000,1.6250976e+18,7.60140233458373
21,178,74,2e+06,1.5935616e+18,7.60140233458373
25,185,77,696000,1.627776e+18,6.74641212857337
21,175,74,1600000,1.6280352e+18,7.60140233458373
18,180,70,1800000,1.6250976e+18,6.21660610108486
23,189,80,877000,1.6279488e+18,7.60140233458373
19,183,73,2500000,1.6094592e+18,6.80350525760834
18,167,71,3100000,1.6282944e+18,8.8538082749772
18,176,62,2100000,1.6172352e+18,8.00670084544037
21,170,67,906000,1.6284672e+18,6.90875477931522
22,175,70,819000,1.6285536e+18,7.60140233458373
18,178,70,2800000,1.5935616e+18,7.60140233458373
23,182,67,2e+06,1.594944e+18,8.29429960885724
17,184,70,2300000,1.6250976e+18,6.21660610108486
22,160,60,1600000,1.6121376e+18,6.90875477931522
22,180,70,1600000,1.625616e+18,7.60140233458373
20,188,74,1700000,1.5935616e+18,7.60140233458373
20,173,67,2100000,1.5935616e+18,6.90875477931522
18,182,73,1800000,1.6288992e+18,6.62140565176413
19,197,85,2100000,1.5935616e+18,6.74641212857337
20,178,70,1400000,1.6250976e+18,7.60140233458373
26,178,70,914000,1.6288992e+18,6.21660610108486
19,186,79,2e+06,1.5935616e+18,6.80350525760834
19,189,81,2200000,1.6250976e+18,7.60140233458373
21,182,67,1500000,1.629936e+18,7.60140233458373
23,194,91,949000,1.630368e+18,6.90875477931522
20,173,65,2e+06,1.630368e+18,6.90875477931522
20,192,81,1600000,1.6250976e+18,7.60140233458373
22,185,80,1300000,1.6293312e+18,8.00670084544037
28,172,70,5e+05,1.6310592e+18,6.55250788703459
19,178,73,2600000,1.5463008e+18,6.21660610108486
21,175,71,2100000,1.5463008e+18,6.21660610108486
19,185,77,2100000,1.5778368e+18,8.5173931714189
29,187,80,473000,1.6315776e+18,6.31173480915291
39,188,88,61000,1.5980544e+18,6.74641212857337
36,181,76,125000,1.5511392e+18,6.55250788703459
38,183,83,54000,1.581552e+18,6.21660610108486
35,188,84,160000,1.472688e+18,8.5173931714189
33,183,80,350000,1.600992e+18,8.29429960885724
35,179,71,163000,1.29384e+18,6.55250788703459
32,185,77,326000,1.6257024e+18,6.21660610108486
35,185,79,158000,1.59624e+18,7.60140233458373
33,188,94,193000,1.6116192e+18,6.90875477931522
34,179,72,210000,1.5646176e+18,7.60140233458373
35,181,75,113000,1.2148704e+18,6.31173480915291
36,183,77,105000,1.4332032e+18,6.90875477931522
37,189,87,125000,1.6176672e+18,6.47850964220857
30,185,78,385000,1.6250976e+18,6.90875477931522
30,190,73,385000,1.6250976e+18,7.60140233458373
31,184,79,344000,1.5522624e+18,6.90875477931522
31,188,77,473000,1.6257888e+18,6.21660610108486
33,180,77,305000,1.5653088e+18,7.60140233458373
35,186,76,113000,1.612224e+18,6.55250788703459
32,187,70,2e+05,1.6121376e+18,6.55250788703459
32,197,93,208000,1.5467328e+18,7.60140233458373
31,181,67,371000,1.6244064e+18,6.90875477931522
30,185,75,344000,1.5650496e+18,6.90875477931522
32,176,72,484000,1.6250976e+18,6.21660610108486
30,186,80,297000,1.5640128e+18,6.90875477931522
34,187,82,160000,1.5977088e+18,6.90875477931522
29,190,82,569000,1.6250976e+18,8.00670084544037
31,190,82,297000,1.6015104e+18,6.74641212857337
33,180,78,284000,1.6288128e+18,6.21660610108486
34,183,79,105000,1.5935616e+18,6.90875477931522
29,188,78,569000,1.6254432e+18,8.00670084544037
30,168,65,504000,1.482192e+18,6.55250788703459
28,185,79,344000,1.6272576e+18,7.60140233458373
29,178,83,645000,1.5973632e+18,6.21660610108486
32,180,76,357000,1.6081632e+18,6.31173480915291
31,188,94,247000,1.6145568e+18,6.90875477931522
33,188,86,160000,1.6118784e+18,6.90875477931522
30,186,80,569000,1.6019424e+18,6.90875477931522
30,191,90,406000,1.6160256e+18,6.85751406254539
26,180,75,530000,1.6104096e+18,6.90875477931522
30,185,80,344000,1.5784416e+18,6.74641212857337
27,180,75,593000,1.6250976e+18,8.00670084544037
29,180,75,6e+05,1.6244928e+18,7.60140233458373
29,192,90,439000,1.5768e+18,6.21660610108486
28,175,69,406000,1.5469056e+18,6.85751406254539
29,193,77,569000,1.611792e+18,7.60140233458373
27,182,75,569000,1.6140384e+18,6.47850964220857
27,188,79,613000,1.599696e+18,7.60140233458373
28,181,73,405000,1.6262208e+18,7.60140233458373
26,191,84,639000,1.6250976e+18,6.90875477931522
29,189,79,569000,1.6267392e+18,8.00670084544037
27,183,90,639000,1.6250976e+18,8.00670084544037
31,181,77,344000,1.6015968e+18,6.80350525760834
26,183,80,730000,1.5952032e+18,7.60140233458373
29,180,75,569000,1.551312e+18,8.00670084544037
28,182,82,456000,1.5661728e+18,7.60140233458373
27,185,75,569000,1.5751584e+18,6.21660610108486
25,172,73,821000,1.62864e+18,7.60140233458373
31,175,68,380000,1.5974496e+18,8.00670084544037
31,180,66,380000,1.551744e+18,8.00670084544037
31,175,77,481000,1.4950656e+18,7.60140233458373
26,193,80,639000,1.6266528e+18,6.90875477931522
29,184,85,364000,1.480032e+18,6.90875477931522
29,188,86,471000,1.5989184e+18,7.60140233458373
30,182,72,553000,1.6250976e+18,8.8538082749772
26,187,75,656000,1.6250976e+18,8.29429960885724
29,176,67,536000,1.6034112e+18,8.29429960885724
28,191,88,406000,1.6250976e+18,8.00670084544037
26,183,82,593000,1.62432e+18,8.00670084544037
26,188,71,639000,1.6232832e+18,6.90875477931522
28,191,79,439000,1.6115328e+18,6.85751406254539
30,170,65,344000,1.6114464e+18,6.90875477931522
25,193,78,840000,1.5637536e+18,7.60140233458373
26,183,86,650000,1.4812416e+18,6.39859493453521
25,181,78,684000,1.4854752e+18,8.00670084544037
26,185,68,639000,1.5990912e+18,8.00670084544037
27,181,78,593000,1.4380416e+18,6.90875477931522
26,183,76,684000,1.6257024e+18,7.60140233458373
28,178,70,406000,1.5304032e+18,7.60140233458373
28,182,76,525000,1.6250976e+18,8.00670084544037
25,184,75,563000,1.3753152e+18,6.80350525760834
25,198,82,639000,1.628208e+18,6.90875477931522
26,174,74,497000,1.3768704e+18,6.55250788703459
26,174,68,610000,1.5049152e+18,7.60140233458373
26,190,77,779000,1.626912e+18,6.21660610108486
25,181,75,620000,1.6103232e+18,6.21660610108486
26,180,76,406000,1.464048e+18,6.80350525760834
32,178,77,288000,1.5147648e+18,6.90875477931522
26,176,70,684000,1.6292448e+18,6.90875477931522
26,190,75,733000,1.6102368e+18,7.60140233458373
24,189,72,761000,1.627776e+18,6.74641212857337
25,185,75,730000,1.6257888e+18,8.00670084544037
28,183,79,465000,1.325376e+18,8.00670084544037
31,171,66,426000,1.6188768e+18,8.00670084544037
28,177,74,504000,1.3569984e+18,8.00670084544037
25,180,75,641000,1.6267392e+18,7.60140233458373
28,186,70,357000,1.6170624e+18,8.00670084544037
34,180,74,186000,1.2343968e+18,7.60140233458373
23,181,72,821000,1.5619392e+18,7.60140233458373
27,181,75,593000,1.4041728e+18,6.85751406254539
24,181,64,821000,1.5804288e+18,8.00670084544037
25,180,70,730000,1.6250976e+18,7.60140233458373
26,182,69,499000,1.5805152e+18,6.74641212857337
31,187,72,481000,1.5619392e+18,7.60140233458373
24,183,73,926000,1.6274304e+18,7.60140233458373
23,187,85,906000,1.5614208e+18,6.47850964220857
25,175,70,650000,1.3885344e+18,8.00670084544037
28,176,73,465000,1.398816e+18,8.29429960885724
33,181,74,310000,1.4198976e+18,8.00670084544037
25,187,81,796000,1.6302816e+18,6.74641212857337
25,180,73,530000,1.5831936e+18,6.74641212857337
25,186,80,867000,1.5952032e+18,7.60140233458373
34,178,68,186000,1.3280544e+18,7.60140233458373
26,172,72,569000,1.612656e+18,6.21660610108486
25,169,68,677000,1.4988672e+18,6.85751406254539
23,170,65,1300000,1.6086816e+18,6.39859493453521
23,187,94,596000,1.6049664e+18,6.62140565176413
29,186,77,398000,1.3885344e+18,6.90875477931522
22,188,91,1500000,1.5994368e+18,8.00670084544037
22,184,79,1700000,1.5915744e+18,7.60140233458373
29,191,93,394000,1.6094592e+18,6.90875477931522
32,191,83,263000,1.5320448e+18,6.68586094706836
24,185,72,913000,1.6250976e+18,7.60140233458373
28,182,80,465000,1.3726368e+18,8.00670084544037
30,183,80,413000,1.6155072e+18,6.90875477931522
25,181,75,530000,1.4065056e+18,7.60140233458373
27,184,72,447000,1.6103232e+18,7.60140233458373
23,172,61,1200000,1.5978816e+18,7.60140233458373
25,180,73,830000,1.5628896e+18,7.60140233458373
23,186,81,570000,1.6244064e+18,6.62140565176413
24,190,80,990000,1.5673824e+18,6.21660610108486
26,185,80,639000,1.5619392e+18,8.00670084544037
24,182,78,906000,1.610064e+18,6.55250788703459
23,180,74,1e+06,1.5641856e+18,8.00670084544037
24,197,91,871000,1.5960672e+18,7.60140233458373
21,188,80,665000,1.6257024e+18,8.00670084544037
24,190,80,829000,1.6233696e+18,7.60140233458373
23,192,85,979000,1.5162336e+18,6.90875477931522
24,184,87,808000,1.603152e+18,8.29429960885724
24,188,70,1100000,1.6250976e+18,6.90875477931522
24,183,72,813000,1.6291584e+18,6.31173480915291
25,178,75,684000,1.6255296e+18,7.60140233458373
24,190,81,1300000,1.4383872e+18,8.00670084544037
30,179,77,454000,1.6263936e+18,8.00670084544037
24,180,70,596000,1.6266528e+18,6.90875477931522
22,186,80,1400000,1.630368e+18,7.60140233458373
23,179,76,926000,1.5640128e+18,8.00670084544037
24,167,61,814000,1.5672096e+18,6.21660610108486
34,190,82,75000,1.4516064e+18,6.85751406254539
27,179,74,464000,1.578096e+18,6.74641212857337
24,182,74,530000,1.4200704e+18,6.90875477931522
24,182,70,1100000,1.4516064e+18,8.5173931714189
27,168,67,647000,1.600992e+18,8.00670084544037
28,173,71,536000,1.599696e+18,8.29429960885724
26,166,65,690000,1.6282944e+18,8.00670084544037
23,189,74,908000,1.4518656e+18,6.90875477931522
27,175,72,455000,1.6101504e+18,7.60140233458373
31,183,77,324000,1.4991264e+18,6.74641212857337
31,187,79,341000,1.5964128e+18,7.60140233458373
27,190,77,431000,1.6267392e+18,6.90875477931522
23,190,73,979000,1.5978816e+18,7.60140233458373
21,186,74,1200000,1.59624e+18,7.60140233458373
24,191,80,808000,1.6269984e+18,8.5173931714189
22,185,79,1200000,1.6094592e+18,6.90875477931522
24,180,76,772000,1.610496e+18,6.47850964220857
22,175,65,1200000,1.6261344e+18,7.60140233458373
25,171,82,596000,1.6291584e+18,7.60140233458373
24,181,84,1500000,1.6189632e+18,6.21660610108486
22,187,76,1e+06,1.5673824e+18,6.62140565176413
25,187,88,656000,1.4673312e+18,8.00670084544037
28,187,81,471000,1.5004224e+18,8.00670084544037
23,185,73,1400000,1.625616e+18,7.60140233458373
31,178,80,281000,1.3411008e+18,7.60140233458373
28,184,83,723000,1.6214688e+18,6.21660610108486
23,185,77,1100000,1.5619392e+18,6.90875477931522
29,187,82,618000,1.6257024e+18,8.5173931714189
20,184,70,1600000,1.6150752e+18,6.90875477931522
23,185,79,926000,1.494288e+18,6.90875477931522
21,188,80,1500000,1.6287264e+18,6.85751406254539
24,168,58,888000,1.4041728e+18,8.69968140098951
22,185,84,1500000,1.6250976e+18,7.60140233458373
23,183,73,761000,1.4516064e+18,6.90875477931522
27,175,70,464000,1.5779232e+18,6.90875477931522
27,176,69,406000,1.6099776e+18,6.90875477931522
22,168,64,1200000,1.5983136e+18,6.21660610108486
27,183,79,433000,1.6098048e+18,6.90875477931522
23,191,74,1400000,1.5782688e+18,7.60140233458373
26,186,72,730000,1.6250976e+18,8.29429960885724
22,190,72,1400000,1.6111872e+18,7.60140233458373
23,185,80,1500000,1.4988672e+18,8.00670084544037
21,189,79,1400000,1.625184e+18,6.90875477931522
22,182,83,1700000,1.625184e+18,7.60140233458373
22,175,70,1500000,1.57896e+18,7.60140233458373
22,193,79,1200000,1.5935616e+18,6.21660610108486
22,180,75,1100000,1.627776e+18,6.80350525760834
23,173,65,1e+06,1.4835744e+18,6.80350525760834
25,177,73,629000,1.610064e+18,6.90875477931522
23,175,70,1100000,1.5990912e+18,6.21660610108486
22,180,75,1400000,1.59624e+18,7.60140233458373
22,177,74,761000,1.6017696e+18,7.60140233458373
25,175,72,629000,1.6110144e+18,6.90875477931522
22,189,74,1400000,1.601856e+18,8.00670084544037
25,194,88,648000,1.5961536e+18,6.90875477931522
23,188,81,930000,1.6111008e+18,6.21660610108486
23,176,75,1300000,1.627344e+18,7.60140233458373
23,183,72,784000,1.5967584e+18,7.60140233458373
21,188,87,943000,1.6050528e+18,6.21660610108486
26,176,69,666000,1.599696e+18,8.5173931714189
29,185,86,623000,1.5304032e+18,8.00670084544037
25,170,69,690000,1.6021152e+18,8.00670084544037
22,185,78,1500000,1.4984352e+18,8.69968140098951
21,187,96,1100000,1.6262208e+18,6.55250788703459
23,175,72,1e+06,1.4988672e+18,7.60140233458373
22,177,73,1200000,1.49904e+18,6.90875477931522
22,181,72,1100000,1.630368e+18,7.60140233458373
21,185,80,1400000,1.5304032e+18,8.29429960885724
34,190,77,237000,1.5778368e+18,6.21660610108486
22,180,73,1500000,1.5989184e+18,7.60140233458373
21,190,84,2200000,1.5984e+18,7.60140233458373
23,177,65,1400000,1.6097184e+18,8.00670084544037
22,191,85,1800000,1.6254432e+18,7.60140233458373
25,189,80,653000,1.5464736e+18,6.90875477931522
25,175,68,776000,1.527984e+18,8.00670084544037
21,182,75,1600000,1.5015456e+18,7.60140233458373
19,175,70,1500000,1.5778368e+18,6.21660610108486
24,185,73,831000,1.6170624e+18,7.60140233458373
21,172,66,1200000,1.6072992e+18,6.21660610108486
20,186,76,1400000,1.5267744e+18,6.21660610108486
22,166,65,663000,1.5022368e+18,6.74641212857337
24,185,75,761000,1.6146432e+18,6.85751406254539
22,173,68,1400000,1.629936e+18,6.80350525760834
22,176,65,1400000,1.6232832e+18,7.60140233458373
26,189,80,761000,1.625616e+18,8.00670084544037
22,182,75,1400000,1.6261344e+18,6.90875477931522
22,178,64,1400000,1.6104096e+18,6.39859493453521
21,187,81,867000,1.6269984e+18,7.60140233458373
23,178,80,1e+06,1.6302816e+18,7.60140233458373
22,185,76,1400000,1.6293312e+18,7.60140233458373
22,174,58,1600000,1.5304032e+18,6.90875477931522
21,180,71,1200000,1.6250976e+18,6.31173480915291
21,183,74,979000,1.5472512e+18,6.68586094706836
25,187,74,629000,1.5784416e+18,6.90875477931522
22,195,88,1100000,1.6257024e+18,6.90875477931522
21,184,72,1200000,1.6250976e+18,6.90875477931522
24,183,75,813000,1.4369184e+18,8.29429960885724
25,173,63,796000,1.6188768e+18,8.29429960885724
30,182,72,504000,1.6170624e+18,7.60140233458373
20,178,67,2100000,1.4988672e+18,8.69968140098951
22,181,78,1400000,1.6274304e+18,7.60140233458373
22,187,75,1e+06,1.5619392e+18,7.60140233458373
21,185,71,1100000,1.564704e+18,6.74641212857337
19,177,68,1500000,1.5644448e+18,8.00670084544037
19,174,68,1500000,1.5544224e+18,6.68586094706836
22,174,70,1500000,1.5619392e+18,7.60140233458373
23,180,75,1300000,1.6231968e+18,6.80350525760834
20,175,60,2e+06,1.5015456e+18,8.8538082749772
21,173,65,1500000,1.4786496e+18,8.29429960885724
22,176,66,1400000,1.6269984e+18,8.29429960885724
22,180,74,1100000,1.5147648e+18,6.74641212857337
24,187,81,813000,1.499904e+18,8.00670084544037
22,181,70,1600000,1.630368e+18,6.21660610108486
23,182,79,1400000,1.6248384e+18,8.00670084544037
22,170,75,1300000,1.6263072e+18,6.31173480915291
26,163,59,497000,1.6104096e+18,6.90875477931522
21,175,68,1200000,1.6094592e+18,6.90875477931522
20,191,88,1700000,1.6294176e+18,8.00670084544037
23,190,84,926000,1.5619392e+18,6.90875477931522
25,196,93,591000,1.614816e+18,6.90875477931522
23,178,70,1e+06,1.6250976e+18,6.90875477931522
22,190,83,1100000,1.6102368e+18,6.85751406254539
26,193,82,508000,1.5809472e+18,7.60140233458373
25,187,86,698000,1.5790464e+18,6.21660610108486
24,176,61,1200000,1.5935616e+18,7.60140233458373
19,188,83,1400000,1.5244416e+18,6.74641212857337
20,186,76,1200000,1.6250976e+18,6.39859493453521
24,178,73,686000,1.6094592e+18,6.90875477931522
21,178,72,1500000,1.4848704e+18,6.21660610108486
22,176,65,1e+06,1.519776e+18,6.74641212857337
21,173,64,2e+06,1.5272928e+18,8.29429960885724
21,192,80,979000,1.5976224e+18,6.90875477931522
19,180,68,979000,1.5286752e+18,6.90875477931522
21,178,76,1e+06,1.6250976e+18,6.39859493453521
23,173,69,1100000,1.6242336e+18,7.60140233458373
22,180,74,1400000,1.5304032e+18,8.00670084544037
22,185,81,1100000,1.5304032e+18,6.21660610108486
27,179,74,439000,1.5792192e+18,6.74641212857337
21,177,68,1200000,1.5619392e+18,6.21660610108486
26,187,81,496000,1.53144e+18,6.90875477931522
22,177,67,1700000,1.6197408e+18,6.90875477931522
21,183,73,1200000,1.5147648e+18,7.60140233458373
19,180,72,2e+06,1.5316128e+18,6.90875477931522
21,168,60,1400000,1.6293312e+18,7.60140233458373
22,170,65,761000,1.5320448e+18,6.74641212857337
21,178,70,1600000,1.6231968e+18,7.60140233458373
23,189,80,1100000,1.6288992e+18,6.90875477931522
21,186,77,2e+06,1.6268256e+18,6.21660610108486
21,168,61,1100000,1.5329952e+18,6.68586094706836
21,179,70,1900000,1.5619392e+18,7.60140233458373
25,186,78,570000,1.5972768e+18,6.47850964220857
22,177,77,1500000,1.6250976e+18,6.90875477931522
23,191,77,1200000,1.4988672e+18,8.29429960885724
22,178,70,1600000,1.6266528e+18,7.60140233458373
21,168,63,1200000,1.5356736e+18,6.68586094706836
22,188,80,1700000,1.595376e+18,8.00670084544037
23,192,87,1400000,1.6257024e+18,6.90875477931522
22,187,75,1100000,1.5356736e+18,7.60140233458373
21,179,75,1300000,1.6276032e+18,6.31173480915291
19,185,80,2e+06,1.5317856e+18,8.69968140098951
21,174,68,1500000,1.5304032e+18,8.69968140098951
21,175,68,1e+06,1.6275168e+18,6.47850964220857
23,187,84,1200000,1.54008e+18,8.29429960885724
20,174,65,2200000,1.5619392e+18,7.60140233458373
20,182,68,1200000,1.5991776e+18,7.60140233458373
21,184,74,1100000,1.5147648e+18,6.90875477931522
22,178,82,1e+06,1.5436224e+18,7.60140233458373
22,186,80,1400000,1.5619392e+18,8.00670084544037
23,179,76,784000,1.6254432e+18,6.55250788703459
19,196,83,1900000,1.5368832e+18,8.00670084544037
21,194,77,1e+06,1.5463008e+18,7.60140233458373
21,177,71,1600000,1.543536e+18,6.85751406254539
20,167,65,1400000,1.6272576e+18,8.69968140098951
25,173,70,530000,1.6101504e+18,6.68586094706836
23,182,72,761000,1.6163712e+18,6.74641212857337
22,185,88,1200000,1.5619392e+18,6.39859493453521
24,193,87,979000,1.6171488e+18,6.90875477931522
21,183,75,1300000,1.601856e+18,6.90875477931522
21,176,75,1600000,1.5480288e+18,8.00670084544037
23,183,76,1100000,1.6280352e+18,6.21660610108486
24,183,79,1e+06,1.5481152e+18,6.90875477931522
20,182,75,1400000,1.6269984e+18,7.60140233458373
19,176,70,2e+06,1.5475104e+18,8.69968140098951
20,188,78,1400000,1.62432e+18,7.60140233458373
27,185,84,497000,1.549584e+18,6.80350525760834
18,188,73,2e+06,1.6288128e+18,6.90875477931522
21,191,86,1500000,1.6118784e+18,6.90875477931522
22,181,68,1100000,1.5147648e+18,6.31173480915291
21,185,71,1200000,1.5645312e+18,8.00670084544037
21,173,71,1200000,1.5471648e+18,6.90875477931522
23,179,72,1e+06,1.4832288e+18,6.31173480915291
19,175,65,1500000,1.5502752e+18,6.90875477931522
22,182,70,988000,1.5672096e+18,8.8538082749772
28,168,61,435000,1.5511392e+18,6.90875477931522
32,182,75,495000,1.3411008e+18,6.21660610108486
21,173,67,1700000,1.5516576e+18,6.21660610108486
19,171,68,1700000,1.5520032e+18,6.21660610108486
23,168,66,1100000,1.5459552e+18,6.90875477931522
20,178,70,979000,1.5527808e+18,6.90875477931522
25,188,78,606000,1.3885344e+18,6.90875477931522
28,178,73,439000,1.62648e+18,6.90875477931522
19,168,55,1900000,1.5473376e+18,6.90875477931522
21,197,87,1e+06,1.5778368e+18,6.90875477931522
25,172,70,506000,1.6274304e+18,6.55250788703459
22,179,73,1100000,1.6242336e+18,7.60140233458373
19,177,71,1500000,1.6242336e+18,6.90875477931522
20,178,71,1700000,1.5538176e+18,7.60140233458373
20,191,77,2300000,1.5304032e+18,8.29429960885724
28,174,70,405000,1.500768e+18,6.21660610108486
26,167,63,534000,1.500768e+18,6.21660610108486
21,183,75,1500000,1.5607296e+18,7.60140233458373
21,185,76,1400000,1.5619392e+18,6.90875477931522
25,189,81,606000,1.6009056e+18,7.60140233458373
22,183,78,1400000,1.6094592e+18,6.90875477931522
22,181,77,1300000,1.6282944e+18,8.5173931714189
21,180,70,1500000,1.5463008e+18,6.90875477931522
20,183,75,1200000,1.5494112e+18,6.90875477931522
24,188,81,1e+06,1.6263936e+18,8.00670084544037
21,180,72,1400000,1.5429312e+18,6.68586094706836
19,184,77,2e+06,1.6012512e+18,8.5173931714189
30,176,74,634000,1.5985728e+18,8.00670084544037
21,182,70,1400000,1.558656e+18,6.90875477931522
25,183,64,730000,1.6250976e+18,6.90875477931522
20,172,67,1900000,1.6304544e+18,6.90875477931522
23,182,75,1100000,1.6302816e+18,6.21660610108486
22,184,70,1200000,1.6233696e+18,6.80350525760834
21,178,71,1100000,1.5995232e+18,6.90875477931522
19,179,67,1400000,1.6278624e+18,6.90875477931522
22,181,77,713000,1.4673312e+18,6.90875477931522
22,196,87,1200000,1.59408e+18,7.60140233458373
17,168,60,1800000,1.5685056e+18,6.21660610108486
21,186,72,1400000,1.5257376e+18,6.90875477931522
20,185,71,1300000,1.596672e+18,7.60140233458373
21,178,68,1200000,1.5610752e+18,6.90875477931522
21,187,82,1200000,1.6250976e+18,6.90875477931522
20,184,75,1900000,1.5540768e+18,8.5173931714189
21,187,75,1200000,1.5619392e+18,6.90875477931522
23,175,71,1500000,1.5619392e+18,8.69968140098951
23,181,78,1500000,1.562544e+18,8.8538082749772
25,179,80,606000,1.630368e+18,6.68586094706836
19,185,77,1700000,1.5768864e+18,6.21660610108486
34,178,78,129000,1.5312672e+18,6.21660610108486
20,180,74,1800000,1.5304032e+18,6.90875477931522
22,177,74,677000,1.5015456e+18,6.90875477931522
22,175,68,1200000,1.5619392e+18,6.90875477931522
20,170,69,1300000,1.5619392e+18,7.60140233458373
21,181,81,1200000,1.6120512e+18,6.80350525760834
25,183,77,946000,1.5778368e+18,6.21660610108486
19,179,70,1900000,1.55304e+18,6.47850964220857
20,174,68,1600000,1.6250976e+18,6.90875477931522
21,180,61,1500000,1.6257888e+18,7.60140233458373
35,174,72,280000,1.5307488e+18,6.21660610108486
18,179,64,1400000,1.5640128e+18,6.68586094706836
19,169,60,1600000,1.5619392e+18,6.90875477931522
21,194,90,1500000,1.6225056e+18,7.60140233458373
17,177,65,1400000,1.5619392e+18,6.21660610108486
22,176,71,1100000,1.5964128e+18,6.90875477931522
22,178,70,975000,1.5644448e+18,7.60140233458373
20,175,68,2200000,1.6274304e+18,7.60140233458373
21,168,67,1300000,1.6022016e+18,7.60140233458373
20,175,67,1300000,1.55736e+18,6.90875477931522
22,170,64,1400000,1.5653952e+18,6.90875477931522
20,175,68,1900000,1.631232e+18,8.29429960885724
20,183,69,2e+06,1.6121376e+18,8.29429960885724
22,186,80,1700000,1.5304032e+18,8.00670084544037
19,183,67,2e+06,1.566432e+18,7.60140233458373
20,182,78,1200000,1.6284672e+18,7.60140233458373
20,183,85,1200000,1.6261344e+18,6.90875477931522
21,176,68,1700000,1.567296e+18,6.21660610108486
21,176,68,1700000,1.5304032e+18,6.21660610108486
22,178,66,1600000,1.6146432e+18,6.21660610108486
28,181,72,668000,1.6154208e+18,6.21660610108486
20,165,60,1900000,1.5309216e+18,6.21660610108486
27,176,75,753000,1.5162336e+18,6.21660610108486
24,178,78,1e+06,1.5463008e+18,6.21660610108486
35,176,72,194000,1.5463008e+18,6.21660610108486
23,179,72,1700000,1.5463008e+18,6.21660610108486
27,184,80,779000,1.5316128e+18,6.21660610108486
32,176,74,495000,1.6094592e+18,6.21660610108486
20,169,60,1300000,1.5814656e+18,6.90875477931522
25,180,65,946000,1.5147648e+18,6.21660610108486
22,190,78,1600000,1.5463008e+18,6.90875477931522
21,164,68,1700000,1.5507936e+18,6.21660610108486
36,186,80,75000,1.6105824e+18,6.21660610108486
29,185,73,473000,1.610496e+18,6.21660610108486
18,178,73,1600000,1.5731712e+18,6.47850964220857
17,191,83,2100000,1.5722208e+18,6.21660610108486
20,188,73,1800000,1.6250976e+18,8.69968140098951
23,184,88,1300000,1.6094592e+18,6.21660610108486
26,176,73,563000,1.5153696e+18,6.55250788703459
23,185,80,689000,1.5805152e+18,6.62140565176413
26,191,81,497000,1.5472512e+18,6.31173480915291
22,172,70,1500000,1.6129152e+18,6.21660610108486
22,178,72,1200000,1.5778368e+18,6.90875477931522
24,186,80,1100000,1.5463008e+18,7.60140233458373
22,173,70,1700000,1.606176e+18,6.21660610108486
23,173,67,1500000,1.610928e+18,6.21660610108486
21,188,79,1500000,1.5713568e+18,6.90875477931522
19,184,70,1900000,1.5775776e+18,6.90875477931522
22,179,66,1200000,1.6250976e+18,7.60140233458373
23,182,77,1e+06,1.5778368e+18,6.90875477931522
19,178,64,1800000,1.5780096e+18,6.90875477931522
25,179,76,641000,1.5795648e+18,6.90875477931522
21,183,78,1500000,1.578528e+18,7.60140233458373
27,180,77,406000,1.5787872e+18,6.90875477931522
25,177,73,596000,1.5174432e+18,6.68586094706836
18,180,71,2600000,1.5646176e+18,8.29429960885724
22,188,73,1200000,1.5107904e+18,7.60140233458373
34,184,79,138000,1.5463008e+18,7.60140233458373
22,171,66,1600000,1.5619392e+18,6.90875477931522
19,183,79,1600000,1.6288128e+18,6.90875477931522
18,170,66,1600000,1.5797376e+18,6.31173480915291
18,181,66,1700000,1.5778368e+18,6.90875477931522
17,178,70,2900000,1.5463008e+18,6.21660610108486
21,175,72,1700000,1.4516064e+18,6.21660610108486
22,179,72,1700000,1.5971904e+18,8.00670084544037
20,182,69,1700000,1.5106176e+18,6.21660610108486
27,175,69,779000,1.5778368e+18,6.21660610108486
22,188,82,1500000,1.5463008e+18,6.21660610108486
20,178,72,1100000,1.5805152e+18,7.60140233458373
20,168,66,1800000,1.629936e+18,6.90875477931522
22,180,72,1700000,1.5619392e+18,6.21660610108486
23,188,98,1500000,1.578096e+18,6.21660610108486
19,170,65,2e+06,1.5619392e+18,7.60140233458373
22,190,83,978000,1.5977952e+18,8.00670084544037
19,186,81,2800000,1.5778368e+18,6.21660610108486
22,193,80,1e+06,1.5831072e+18,6.62140565176413
20,170,60,1400000,1.5795648e+18,6.90875477931522
19,193,70,1900000,1.5304032e+18,8.00670084544037
19,189,77,1500000,1.5304032e+18,6.90875477931522
19,183,72,1800000,1.5915744e+18,8.00670084544037
19,176,70,1500000,1.588896e+18,6.80350525760834
17,176,67,1700000,1.5914016e+18,6.21660610108486
19,186,71,2500000,1.6295904e+18,8.8538082749772
22,183,78,1400000,1.5619392e+18,6.85751406254539
19,190,75,2200000,1.630368e+18,6.74641212857337
22,200,90,834000,1.6121376e+18,6.62140565176413
22,179,71,761000,1.6101504e+18,6.68586094706836
21,173,66,1400000,1.5915744e+18,6.55250788703459
20,190,79,1700000,1.5935616e+18,6.90875477931522
21,178,73,1600000,1.5935616e+18,7.60140233458373
19,167,62,2200000,1.5935616e+18,8.00670084544037
20,180,79,1700000,1.5645312e+18,6.90875477931522
20,185,82,1800000,1.5935616e+18,7.60140233458373
20,186,77,1900000,1.49904e+18,8.29429960885724
22,188,76,1200000,1.5947712e+18,6.21660610108486
19,189,70,2200000,1.5935616e+18,8.00670084544037
20,172,70,1100000,1.6266528e+18,7.60140233458373
25,181,76,606000,1.6127424e+18,6.90875477931522
36,176,72,81000,1.5984e+18,6.90875477931522
26,176,73,534000,1.4673312e+18,6.90875477931522
23,180,75,1e+06,1.5619392e+18,6.90875477931522
31,189,80,230000,1.5818976e+18,6.90875477931522
29,188,83,428000,1.5619392e+18,7.60140233458373
30,191,77,385000,1.6269984e+18,7.60140233458373
22,176,69,1300000,1.5965856e+18,7.60140233458373
22,183,78,1e+06,1.5935616e+18,6.90875477931522
20,185,78,1600000,1.5935616e+18,8.00670084544037
21,181,74,1200000,1.5970176e+18,7.60140233458373
22,178,70,1300000,1.5971904e+18,6.90875477931522
17,178,68,1600000,1.5935616e+18,6.21660610108486
21,180,76,1200000,1.597104e+18,6.21660610108486
18,184,83,1700000,1.5973632e+18,6.21660610108486
20,168,68,1200000,1.59624e+18,7.60140233458373
20,174,66,1100000,1.597536e+18,6.39859493453521
21,188,70,1200000,1.599696e+18,6.68586094706836
19,176,68,1800000,1.5935616e+18,6.55250788703459
21,185,80,1300000,1.5935616e+18,7.60140233458373
20,175,68,1700000,1.5973632e+18,7.60140233458373
20,170,66,2e+06,1.601856e+18,8.5173931714189
21,177,68,1500000,1.597968e+18,8.00670084544037
20,184,76,2e+06,1.5935616e+18,6.90875477931522
19,179,71,1200000,1.6263072e+18,6.90875477931522
21,189,75,1200000,1.6268256e+18,6.90875477931522
21,175,65,1400000,1.5998688e+18,6.90875477931522
22,176,65,1100000,1.4516064e+18,6.21660610108486
19,179,71,1600000,1.6002144e+18,6.90875477931522
21,171,63,1200000,1.6002144e+18,8.00670084544037
22,173,64,653000,1.6101504e+18,6.90875477931522
22,178,72,1400000,1.5619392e+18,7.60140233458373
21,182,75,1600000,1.600128e+18,6.90875477931522
20,178,72,2e+06,1.6007328e+18,8.5173931714189
20,198,88,1100000,1.6004736e+18,6.80350525760834
30,190,91,504000,1.5989184e+18,8.00670084544037
20,185,79,1300000,1.5935616e+18,8.00670084544037
20,177,73,2100000,1.5977952e+18,8.8538082749772
21,185,81,1200000,1.5304032e+18,7.60140233458373
21,185,75,1400000,1.6003008e+18,6.90875477931522
24,172,64,1200000,1.6016832e+18,8.00670084544037
21,184,75,1700000,1.6257888e+18,7.60140233458373
21,181,73,1200000,1.601856e+18,7.60140233458373
19,187,81,1600000,1.5796512e+18,6.90875477931522
24,178,69,1e+06,1.6275168e+18,8.00670084544037
26,191,81,413000,1.4859072e+18,7.60140233458373
24,175,73,1100000,1.6025472e+18,6.74641212857337
18,175,78,1500000,1.6026336e+18,6.21660610108486
24,176,70,1500000,1.6015104e+18,7.60140233458373
17,178,68,3100000,1.5935616e+18,7.60140233458373
19,175,71,1700000,1.5935616e+18,6.80350525760834
21,185,76,1900000,1.5619392e+18,7.60140233458373
22,195,80,1500000,1.6045344e+18,6.90875477931522
19,179,67,1600000,1.6047072e+18,6.90875477931522
21,187,81,1800000,1.6190496e+18,6.21660610108486
21,175,67,1400000,1.59624e+18,6.90875477931522
21,190,82,1100000,1.6263072e+18,6.47850964220857
21,173,75,1500000,1.562544e+18,8.29429960885724
29,182,85,473000,1.5147648e+18,6.21660610108486
23,181,78,890000,1.448928e+18,6.21660610108486
19,177,69,1800000,1.5935616e+18,6.90875477931522
24,179,71,641000,1.616112e+18,6.21660610108486
20,172,68,2200000,1.54656e+18,6.21660610108486
23,183,78,1100000,1.6071264e+18,7.60140233458373
26,186,78,946000,1.5320448e+18,6.21660610108486
29,187,80,398000,1.5153696e+18,6.62140565176413
23,182,74,1700000,1.5162336e+18,6.21660610108486
19,180,73,2100000,1.6067808e+18,7.60140233458373
20,180,75,1700000,1.5147648e+18,6.21660610108486
19,182,78,2e+06,1.5778368e+18,6.21660610108486
17,185,75,1300000,1.6028064e+18,6.21660610108486
25,180,83,946000,1.6088544e+18,6.21660610108486
35,180,70,113000,1.4227488e+18,6.39859493453521
23,167,68,943000,1.4859072e+18,6.68586094706836
18,176,60,1700000,1.6097184e+18,6.90875477931522
24,171,66,641000,1.6104096e+18,7.60140233458373
20,165,61,1900000,1.5778368e+18,6.21660610108486
18,183,85,1700000,1.627344e+18,6.90875477931522
33,180,78,366000,1.5168384e+18,6.21660610108486
25,168,72,596000,1.6101504e+18,6.90875477931522
20,176,73,1300000,1.6094592e+18,7.60140233458373
22,170,62,788000,1.6101504e+18,7.60140233458373
19,185,80,1200000,1.610064e+18,6.74641212857337
24,177,71,1e+06,1.6094592e+18,6.21660610108486
26,178,64,753000,1.6098912e+18,6.21660610108486
26,184,80,464000,1.6101504e+18,6.55250788703459
19,192,80,1500000,1.5970176e+18,6.90875477931522
17,183,76,1700000,1.6106688e+18,6.31173480915291
24,188,77,870000,1.6111872e+18,6.90875477931522
22,177,68,825000,1.5304032e+18,7.60140233458373
19,188,70,2e+06,1.5935616e+18,8.69968140098951
27,192,86,668000,1.6116192e+18,6.21660610108486
20,185,79,1100000,1.6121376e+18,6.55250788703459
20,170,63,1100000,1.5361056e+18,6.55250788703459
20,170,65,1900000,1.612224e+18,6.80350525760834
17,180,67,2100000,1.612656e+18,6.55250788703459
21,185,80,1100000,1.6125696e+18,6.90875477931522
19,175,67,1600000,1.6094592e+18,6.90875477931522
18,180,70,2100000,1.6115328e+18,8.29429960885724
25,193,86,1e+06,1.5939936e+18,6.90875477931522
21,180,78,1500000,1.6050528e+18,8.00670084544037
18,179,70,2e+06,1.5810336e+18,7.60140233458373
17,178,68,2100000,1.6146432e+18,6.62140565176413
21,190,85,1800000,1.611792e+18,6.21660610108486
26,182,74,610000,1.6250976e+18,6.39859493453521
20,172,67,1400000,1.5661728e+18,7.60140233458373
22,178,69,1200000,1.5778368e+18,7.60140233458373
20,175,72,1700000,1.6094592e+18,6.21660610108486
26,187,81,497000,1.6158528e+18,6.55250788703459
25,177,72,629000,1.6106688e+18,6.74641212857337
19,169,67,2100000,1.5147648e+18,6.21660610108486
22,172,62,1100000,1.6094592e+18,6.21660610108486
20,173,67,1700000,1.6094592e+18,6.21660610108486
17,190,82,2300000,1.6250976e+18,6.21660610108486
19,175,72,1600000,1.6094592e+18,6.21660610108486
18,175,72,2200000,1.6094592e+18,6.21660610108486
18,175,68,2100000,1.6094592e+18,6.21660610108486
19,175,67,1600000,1.6094592e+18,6.21660610108486
21,177,68,1400000,1.5619392e+18,6.90875477931522
17,164,59,1600000,1.6176672e+18,6.21660610108486
19,175,68,1600000,1.6180992e+18,7.60140233458373
21,174,68,1700000,1.6190496e+18,6.21660610108486
18,175,70,2300000,1.6094592e+18,6.21660610108486
17,170,67,2800000,1.6094592e+18,6.21660610108486
18,178,69,2100000,1.627776e+18,6.74641212857337
18,179,69,1800000,1.6190496e+18,6.21660610108486
22,180,78,1e+06,1.6172352e+18,6.74641212857337
21,181,75,1600000,1.6205184e+18,6.90875477931522
22,178,69,1100000,1.5488928e+18,7.60140233458373
19,174,65,1800000,1.5619392e+18,8.29429960885724
21,185,78,1300000,1.6210368e+18,6.90875477931522
21,183,70,1100000,1.6136064e+18,6.80350525760834
24,193,78,572000,1.4673312e+18,6.85751406254539
20,186,80,1500000,1.5619392e+18,7.60140233458373
17,169,62,1800000,1.6200864e+18,6.21660610108486
18,171,68,1200000,1.6225056e+18,6.47850964220857
26,175,60,604000,1.6011648e+18,8.00670084544037
29,179,66,569000,1.562112e+18,6.90875477931522
24,169,68,821000,1.595808e+18,6.90875477931522
21,194,80,1200000,1.5935616e+18,6.90875477931522
29,178,75,405000,1.504656e+18,7.60140233458373
21,178,71,1200000,1.5506208e+18,6.90875477931522
22,184,80,1200000,1.5935616e+18,6.90875477931522
21,183,78,1700000,1.59624e+18,6.90875477931522
30,180,67,471000,1.5619392e+18,6.68586094706836
20,190,83,1500000,1.591056e+18,6.21660610108486
19,178,72,2200000,1.6250976e+18,6.21660610108486
23,194,81,784000,1.6302816e+18,6.74641212857337
19,190,96,1600000,1.6250976e+18,6.90875477931522
21,187,80,1200000,1.5304032e+18,6.39859493453521
20,182,79,1200000,1.5935616e+18,6.68586094706836
25,191,90,698000,1.6250976e+18,7.60140233458373
25,180,72,648000,1.5619392e+18,6.21660610108486
22,171,72,1200000,1.62216e+18,7.60140233458373
26,184,77,534000,1.6300224e+18,6.90875477931522
25,188,73,867000,1.6250976e+18,7.60140233458373
22,202,88,784000,1.6250976e+18,6.21660610108486
21,189,78,1100000,1.6250976e+18,7.60140233458373
22,180,70,866000,1.6250976e+18,6.90875477931522
22,186,78,1e+06,1.6250976e+18,6.62140565176413
18,191,77,1600000,1.6250976e+18,6.39859493453521
24,175,77,648000,1.4988672e+18,6.62140565176413
20,192,83,2100000,1.6232832e+18,8.29429960885724
21,185,74,1400000,1.6254432e+18,8.29429960885724
20,180,69,1700000,1.5619392e+18,6.90875477931522
22,188,78,1200000,1.6250976e+18,6.21660610108486
19,180,77,1300000,1.6250976e+18,7.60140233458373
18,173,64,2100000,1.6257024e+18,8.29429960885724
23,181,73,1100000,1.5989184e+18,6.80350525760834
23,181,75,870000,1.6257888e+18,7.60140233458373
25,189,80,731000,1.6257024e+18,6.90875477931522
23,185,82,831000,1.6257024e+18,6.90875477931522
26,175,64,684000,1.625184e+18,6.90875477931522
19,190,76,1800000,1.5973632e+18,6.39859493453521
26,175,70,572000,1.59624e+18,6.68586094706836
20,183,80,1200000,1.6267392e+18,6.55250788703459
20,189,84,1300000,1.6250976e+18,7.60140233458373
21,176,70,1200000,1.5935616e+18,6.80350525760834
22,175,69,866000,1.6262208e+18,7.60140233458373
22,169,62,1300000,1.625616e+18,7.60140233458373
26,192,81,779000,1.6262208e+18,6.21660610108486
18,173,60,1900000,1.6263072e+18,8.29429960885724
17,177,70,1800000,1.6226784e+18,6.21660610108486
18,178,76,1800000,1.6250976e+18,6.90875477931522
19,176,69,1300000,1.6265664e+18,7.60140233458373
17,187,71,2900000,1.6132608e+18,6.90875477931522
19,180,68,2e+06,1.6250976e+18,7.60140233458373
22,178,76,866000,1.6250976e+18,7.60140233458373
19,190,80,2300000,1.5935616e+18,6.21660610108486
19,188,85,1e+06,1.6098912e+18,6.68586094706836
21,177,70,1300000,1.6250976e+18,7.60140233458373
19,185,70,1800000,1.6250976e+18,8.00670084544037
20,186,75,1200000,1.5978816e+18,6.85751406254539
18,176,80,1900000,1.5298848e+18,6.80350525760834
22,178,73,1200000,1.5619392e+18,6.90875477931522
19,179,70,1500000,1.5619392e+18,6.90875477931522
18,174,57,1900000,1.6250976e+18,8.00670084544037
17,186,81,1600000,1.6250976e+18,6.21660610108486
21,181,83,1400000,1.6250976e+18,7.60140233458373
22,185,79,1400000,1.6250976e+18,8.00670084544037
22,178,74,866000,1.6198272e+18,7.60140233458373
18,164,62,1600000,1.627344e+18,6.68586094706836
22,176,70,1300000,1.6274304e+18,6.90875477931522
20,184,79,1800000,1.6250976e+18,8.00670084544037
19,178,68,2e+06,1.6279488e+18,7.60140233458373
23,168,65,1200000,1.6282944e+18,8.8538082749772
17,183,76,1600000,1.5935616e+18,6.21660610108486
18,178,68,2e+06,1.5990912e+18,8.00670084544037
18,178,73,2100000,1.6181856e+18,8.29429960885724
20,185,79,853000,1.6094592e+18,6.21660610108486
18,190,90,2e+06,1.60488e+18,7.60140233458373
22,186,88,1e+06,1.62864e+18,6.74641212857337
25,190,87,464000,1.62864e+18,6.62140565176413
19,183,72,2700000,1.5935616e+18,6.90875477931522
20,178,72,1200000,1.6261344e+18,6.85751406254539
20,175,72,1300000,1.5935616e+18,6.85751406254539
18,186,77,1600000,1.628208e+18,6.68586094706836
22,179,74,1700000,1.6121376e+18,8.29429960885724
17,173,63,2500000,1.5816384e+18,6.21660610108486
17,180,63,1700000,1.5619392e+18,6.39859493453521
19,172,63,2300000,1.625184e+18,8.00670084544037
20,175,75,1200000,1.629936e+18,7.60140233458373
18,190,75,1500000,1.6288992e+18,6.21660610108486
17,184,76,2800000,1.5619392e+18,6.21660610108486
22,170,70,979000,1.627776e+18,6.31173480915291
18,187,78,2e+06,1.5935616e+18,8.69968140098951
20,183,75,1500000,1.6250976e+18,7.60140233458373
18,177,74,1700000,1.630368e+18,6.39859493453521
21,187,79,1200000,1.5619392e+18,6.80350525760834
27,175,70,438000,1.5792192e+18,8.00670084544037
22,191,74,1e+06,1.6301088e+18,7.60140233458373
19,175,72,1e+06,1.6094592e+18,6.21660610108486
23,175,72,946000,1.5778368e+18,6.21660610108486
24,190,83,499000,1.61568e+18,6.21660610108486
20,174,70,1600000,1.5778368e+18,6.21660610108486
17,187,80,1800000,1.5935616e+18,6.21660610108486
20,170,63,1700000,1.6094592e+18,6.21660610108486
36,193,81,78000,1.6269984e+18,6.21660610108486
36,183,77,44000,1.562976e+18,6.90875477931522
38,191,88,124000,1.5991776e+18,6.21660610108486
35,193,87,44000,1.5041376e+18,6.80350525760834
36,180,70,70000,1.6188768e+18,7.60140233458373
36,180,74,79000,1.5628032e+18,7.60140233458373
34,185,71,193000,1.5316992e+18,7.60140233458373
33,185,75,233000,1.607904e+18,6.55250788703459
32,185,76,295000,1.6257024e+18,6.31173480915291
29,191,76,298000,1.5619392e+18,6.90875477931522
31,193,79,280000,1.5428448e+18,6.21660610108486
32,177,73,264000,1.262736e+18,6.39859493453521
31,185,84,452000,1.6265664e+18,6.21660610108486
34,188,83,52000,1.4836608e+18,6.90875477931522
30,185,81,208000,1.230768e+18,7.60140233458373
35,190,86,41000,1.6004736e+18,6.90875477931522
32,188,81,186000,1.170288e+18,7.60140233458373
30,193,83,272000,1.5038784e+18,8.5173931714189
32,191,83,250000,1.6098048e+18,7.60140233458373
27,175,66,403000,1.5990912e+18,7.60140233458373
28,171,65,425000,1.625184e+18,8.00670084544037
29,180,71,326000,1.5151104e+18,6.39859493453521
29,175,78,372000,1.58112e+18,6.21660610108486
28,190,70,420000,1.6263936e+18,7.60140233458373
26,181,74,548000,1.6261344e+18,7.60140233458373
28,189,75,431000,1.601856e+18,8.69968140098951
31,184,76,326000,1.5825024e+18,6.68586094706836
27,182,71,364000,1.6250976e+18,7.60140233458373
25,190,76,834000,1.5986592e+18,6.21660610108486
26,178,70,548000,1.6287264e+18,6.90875477931522
32,184,70,204000,1.6246656e+18,8.29429960885724
32,185,77,264000,1.6257024e+18,8.00670084544037
32,176,67,330000,1.5803424e+18,7.60140233458373
28,178,71,440000,1.4974848e+18,8.00670084544037
29,162,58,363000,1.6255296e+18,8.00670084544037
28,178,81,363000,1.6250112e+18,8.00670084544037
31,179,77,215000,1.3094784e+18,8.00670084544037
29,182,84,263000,1.5797376e+18,6.85751406254539
27,191,78,502000,1.5935616e+18,8.00670084544037
26,184,76,447000,1.5751584e+18,6.21660610108486
26,170,62,428000,1.6121376e+18,6.74641212857337
24,183,72,684000,1.6280352e+18,8.00670084544037
26,178,74,364000,1.6293312e+18,6.31173480915291
29,175,72,324000,1.5463008e+18,6.55250788703459
27,183,76,419000,1.6276032e+18,7.60140233458373
28,173,73,338000,1.6151616e+18,6.74641212857337
26,195,84,593000,1.6250976e+18,7.60140233458373
31,203,92,228000,1.6255296e+18,6.90875477931522
27,179,69,438000,1.5964128e+18,7.60140233458373
28,182,77,297000,1.6305408e+18,6.90875477931522
26,180,74,372000,1.5768e+18,6.39859493453521
26,180,72,463000,1.6121376e+18,7.60140233458373
25,186,80,495000,1.630368e+18,7.60140233458373
27,186,74,431000,1.5653088e+18,8.00670084544037
26,185,75,463000,1.6003872e+18,7.60140233458373
24,200,93,398000,1.6133472e+18,6.47850964220857
30,187,85,3e+05,1.6282944e+18,6.80350525760834
28,188,76,341000,1.6188768e+18,7.60140233458373
28,185,76,326000,1.5825024e+18,7.60140233458373
28,188,70,264000,1.5964128e+18,6.90875477931522
31,187,77,264000,1.4227488e+18,8.00670084544037
31,182,76,264000,1.6170624e+18,7.60140233458373
31,189,87,263000,1.6146432e+18,6.90875477931522
24,177,66,684000,1.5965856e+18,6.90875477931522
24,180,70,780000,1.6250976e+18,7.60140233458373
25,175,67,623000,1.5990912e+18,7.60140233458373
33,186,81,150000,1.6250976e+18,6.80350525760834
25,180,72,502000,1.5952896e+18,7.60140233458373
25,190,85,548000,1.4858208e+18,7.60140233458373
27,182,75,474000,1.625184e+18,7.60140233458373
26,174,65,447000,1.562544e+18,6.90875477931522
26,181,69,488000,1.3569984e+18,7.60140233458373
28,182,80,341000,1.6188768e+18,7.60140233458373
27,184,73,392000,1.6144704e+18,6.62140565176413
24,185,82,398000,1.5173568e+18,6.90875477931522
28,187,84,347000,1.5635808e+18,7.60140233458373
23,176,77,725000,1.610064e+18,6.62140565176413
25,188,75,398000,1.5816384e+18,6.74641212857337
24,172,62,780000,1.6250976e+18,6.90875477931522
25,188,80,496000,1.6250976e+18,6.21660610108486
24,191,76,569000,1.6098048e+18,6.21660610108486
25,181,73,593000,1.6019424e+18,6.90875477931522
26,185,65,577000,1.6288992e+18,8.29429960885724
31,182,70,264000,1.601424e+18,7.60140233458373
26,175,78,593000,1.6003872e+18,8.00670084544037
25,188,80,431000,1.3912992e+18,6.62140565176413
30,175,70,348000,1.5982272e+18,7.60140233458373
24,174,65,780000,1.5316992e+18,7.60140233458373
31,191,88,264000,1.4848704e+18,7.60140233458373
23,183,68,975000,1.62864e+18,6.90875477931522
31,175,72,326000,1.4540256e+18,8.00670084544037
27,183,78,488000,1.4227488e+18,8.00670084544037
29,171,64,297000,1.6026336e+18,6.39859493453521
27,172,67,338000,1.4988672e+18,6.47850964220857
24,180,73,975000,1.5633216e+18,8.00670084544037
26,171,62,474000,1.5304896e+18,8.29429960885724
24,183,77,975000,1.5653952e+18,7.60140233458373
29,194,90,252000,1.6106688e+18,6.68586094706836
27,193,93,303000,1.4200704e+18,6.90875477931522
30,180,87,264000,1.4978304e+18,7.60140233458373
23,189,76,659000,1.4041728e+18,6.90875477931522
24,192,87,701000,1.6267392e+18,6.47850964220857
23,169,73,798000,1.6263072e+18,6.62140565176413
23,185,70,926000,1.5304032e+18,7.60140233458373
24,180,73,689000,1.630368e+18,6.47850964220857
25,183,81,465000,1.5784416e+18,6.21660610108486
26,185,76,548000,1.6049664e+18,7.60140233458373
22,185,70,7e+05,1.5778368e+18,6.39859493453521
24,188,71,593000,1.5990912e+18,7.60140233458373
23,186,71,926000,1.4386464e+18,7.60140233458373
24,182,74,580000,1.5784416e+18,6.85751406254539
24,194,78,903000,1.5960672e+18,8.29429960885724
26,190,85,331000,1.628208e+18,6.68586094706836
28,175,70,363000,1.6275168e+18,8.00670084544037
24,194,78,578000,1.5801696e+18,6.90875477931522
23,188,76,701000,1.5304032e+18,6.90875477931522
27,165,60,413000,1.6127424e+18,8.00670084544037
25,186,82,431000,1.5784416e+18,6.39859493453521
21,180,70,684000,1.4357088e+18,6.90875477931522
30,196,83,250000,1.6259616e+18,6.68586094706836
29,178,64,341000,1.543968e+18,6.31173480915291
24,176,73,534000,1.6250976e+18,7.60140233458373
30,192,84,2e+05,1.6101504e+18,6.90875477931522
24,190,83,364000,1.4516064e+18,6.90875477931522
23,177,75,833000,1.6246656e+18,7.60140233458373
24,180,78,569000,1.6123104e+18,6.21660610108486
24,178,75,875000,1.4668128e+18,7.60140233458373
23,179,73,572000,1.4518656e+18,7.60140233458373
27,180,72,313000,1.5787872e+18,6.68586094706836
24,173,72,464000,1.6281216e+18,6.62140565176413
24,185,78,780000,1.6272576e+18,6.90875477931522
22,190,73,1e+06,1.6111008e+18,7.60140233458373
23,178,66,528000,1.5810336e+18,7.60140233458373
23,183,64,1e+06,1.6263936e+18,7.60140233458373
24,185,78,725000,1.6133472e+18,6.85751406254539
29,182,83,385000,1.6257024e+18,8.00670084544037
24,180,83,398000,1.5613344e+18,6.21660610108486
22,191,85,1100000,1.4516064e+18,6.21660610108486
26,182,84,518000,1.6003008e+18,8.5173931714189
21,192,82,760000,1.4673312e+18,6.74641212857337
27,183,75,3e+05,1.5644448e+18,7.60140233458373
24,200,90,689000,1.4721696e+18,6.31173480915291
26,165,64,561000,1.612656e+18,8.00670084544037
21,177,75,1200000,1.579392e+18,7.60140233458373
23,190,79,975000,1.4673312e+18,7.60140233458373
21,180,75,908000,1.6250976e+18,6.62140565176413
30,193,87,372000,1.6278624e+18,8.00670084544037
23,191,88,578000,1.5304032e+18,7.60140233458373
23,179,76,1100000,1.6250976e+18,6.90875477931522
22,186,77,572000,1.5805152e+18,8.00670084544037
21,185,70,1100000,1.5469056e+18,6.62140565176413
26,175,67,474000,1.599696e+18,8.00670084544037
25,183,75,593000,1.5935616e+18,7.60140233458373
31,177,69,452000,1.610928e+18,6.21660610108486
21,178,64,1100000,1.6250976e+18,6.90875477931522
23,189,81,1e+06,1.5165792e+18,8.5173931714189
24,178,72,620000,1.5147648e+18,6.90875477931522
25,184,77,398000,1.48392e+18,6.80350525760834
21,175,72,798000,1.5639264e+18,6.21660610108486
21,174,66,1500000,1.486512e+18,8.69968140098951
23,171,73,1200000,1.5792192e+18,6.21660610108486
23,185,70,698000,1.56384e+18,6.21660610108486
21,185,78,963000,1.6250976e+18,6.21660610108486
22,183,85,613000,1.6104096e+18,6.31173480915291
25,173,65,833000,1.603584e+18,8.00670084544037
28,187,75,363000,1.5935616e+18,6.68586094706836
23,195,88,653000,1.6123104e+18,6.90875477931522
27,185,77,548000,1.5619392e+18,7.60140233458373
22,191,83,1e+06,1.6254432e+18,7.60140233458373
23,184,75,616000,1.5982272e+18,6.90875477931522
25,176,65,639000,1.6315776e+18,6.90875477931522
22,191,80,1300000,1.4972256e+18,6.21660610108486
25,184,84,402000,1.3411008e+18,6.31173480915291
20,177,73,1200000,1.4995584e+18,6.62140565176413
22,178,70,1100000,1.630368e+18,7.60140233458373
31,180,72,279000,1.4685408e+18,8.00670084544037
22,185,70,1e+06,1.5964128e+18,7.60140233458373
22,185,75,908000,1.4988672e+18,7.60140233458373
21,180,78,1e+06,1.5935616e+18,7.60140233458373
22,194,85,1100000,1.4988672e+18,6.39859493453521
30,193,90,420000,1.6257888e+18,7.60140233458373
22,180,73,926000,1.5298848e+18,7.60140233458373
24,176,75,577000,1.5672096e+18,8.5173931714189
23,182,70,1100000,1.4962752e+18,6.90875477931522
22,185,72,1e+06,1.4962752e+18,7.60140233458373
21,176,71,1100000,1.6250976e+18,6.90875477931522
22,178,70,1100000,1.5983136e+18,8.00670084544037
22,167,60,780000,1.4988672e+18,7.60140233458373
22,178,67,1100000,1.6300224e+18,7.60140233458373
21,179,78,1200000,1.5324768e+18,6.21660610108486
22,185,80,808000,1.4987808e+18,7.60140233458373
21,183,83,1400000,1.5982272e+18,6.90875477931522
24,182,81,808000,1.4878944e+18,6.90875477931522
20,172,65,1500000,1.5040512e+18,9.21044036697652
24,180,73,609000,1.619136e+18,7.60140233458373
21,178,70,1100000,1.630368e+18,6.90875477931522
25,186,84,488000,1.6170624e+18,7.60140233458373
20,170,69,853000,1.4988672e+18,6.39859493453521
22,187,73,7e+05,1.613952e+18,6.21660610108486
22,192,80,1e+06,1.5628896e+18,6.90875477931522
21,173,66,1300000,1.5780096e+18,6.90875477931522
21,177,74,1100000,1.5153696e+18,6.90875477931522
21,173,75,1100000,1.5147648e+18,8.00670084544037
22,185,74,1200000,1.5147648e+18,6.21660610108486
29,168,60,396000,1.603584e+18,8.29429960885724
24,189,74,971000,1.6123968e+18,7.60140233458373
23,175,65,760000,1.517616e+18,8.69968140098951
23,174,66,950000,1.5147648e+18,8.5173931714189
20,170,65,1300000,1.5052608e+18,7.60140233458373
23,178,67,1100000,1.610928e+18,7.60140233458373
26,183,74,474000,1.5663456e+18,8.29429960885724
21,170,62,1300000,1.611792e+18,6.21660610108486
23,173,70,1e+06,1.5935616e+18,7.60140233458373
29,182,74,313000,1.5983136e+18,6.90875477931522
21,183,67,1e+06,1.6263936e+18,7.60140233458373
21,180,71,1200000,1.5147648e+18,6.55250788703459
21,180,77,825000,1.5147648e+18,6.90875477931522
20,173,69,1200000,1.5213312e+18,8.69968140098951
25,182,72,551000,1.575936e+18,6.90875477931522
19,183,75,1e+06,1.5151104e+18,6.21660610108486
21,185,76,1300000,1.5335136e+18,8.00670084544037
26,189,70,419000,1.5637536e+18,6.90875477931522
21,193,86,736000,1.6250976e+18,6.47850964220857
22,187,80,536000,1.5304032e+18,6.21660610108486
21,173,64,1e+06,1.6015104e+18,6.90875477931522
22,172,70,870000,1.6116192e+18,6.55250788703459
21,178,77,1200000,1.5285888e+18,8.00670084544037
20,190,77,990000,1.5935616e+18,6.62140565176413
21,179,70,731000,1.5786144e+18,6.80350525760834
24,185,78,534000,1.6121376e+18,6.21660610108486
23,185,78,784000,1.6058304e+18,6.21660610108486
23,192,84,784000,1.5304032e+18,6.68586094706836
22,173,68,572000,1.6252704e+18,6.90875477931522
22,182,75,1100000,1.6289856e+18,8.00670084544037
22,182,73,866000,1.6250976e+18,6.21660610108486
22,183,72,881000,1.6181856e+18,6.21660610108486
25,190,79,9e+05,1.550016e+18,7.60140233458373
21,190,80,784000,1.5304032e+18,6.21660610108486
19,192,87,1200000,1.6250976e+18,6.21660610108486
26,183,74,548000,1.5986592e+18,8.00670084544037
21,180,85,908000,1.6252704e+18,6.90875477931522
24,172,66,621000,1.4041728e+18,8.5173931714189
24,179,72,903000,1.5304032e+18,7.60140233458373
21,190,78,908000,1.5961536e+18,6.21660610108486
21,186,76,866000,1.5315264e+18,6.90875477931522
21,181,77,866000,1.5662592e+18,6.31173480915291
21,187,67,798000,1.627776e+18,6.47850964220857
23,170,62,879000,1.6253568e+18,8.00670084544037
29,167,61,363000,1.470096e+18,8.00670084544037
22,180,74,1300000,1.6250976e+18,6.90875477931522
21,177,72,1300000,1.6272576e+18,8.5173931714189
20,188,79,1400000,1.5339456e+18,6.80350525760834
21,185,80,963000,1.5619392e+18,6.90875477931522
21,181,75,1100000,1.5354144e+18,7.60140233458373
20,176,64,1300000,1.6120512e+18,8.29429960885724
20,173,64,1200000,1.5391296e+18,7.60140233458373
22,173,68,1e+06,1.625184e+18,7.60140233458373
23,193,77,743000,1.5412032e+18,7.60140233458373
21,171,66,893000,1.5411168e+18,6.90875477931522
20,182,74,798000,1.5437952e+18,6.68586094706836
28,184,80,275000,1.5438816e+18,6.90875477931522
24,179,74,463000,1.4041728e+18,6.74641212857337
22,185,80,660000,1.5812928e+18,7.60140233458373
19,173,70,1200000,1.540512e+18,6.90875477931522
22,187,73,975000,1.6250976e+18,7.60140233458373
25,193,88,473000,1.5464736e+18,6.90875477931522
18,175,63,1500000,1.547424e+18,6.21660610108486
21,175,70,1400000,1.4828832e+18,8.69968140098951
19,178,70,761000,1.5476832e+18,6.31173480915291
17,177,60,1100000,1.5477696e+18,6.21660610108486
22,168,65,1300000,1.4832288e+18,6.21660610108486
26,181,71,612000,1.3726368e+18,6.21660610108486
19,183,73,1100000,1.5483744e+18,6.68586094706836
22,178,78,784000,1.6094592e+18,6.90875477931522
20,175,70,1500000,1.5486336e+18,8.98732181285012
20,187,85,1100000,1.597968e+18,6.80350525760834
23,186,88,553000,1.5285888e+18,6.90875477931522
22,177,73,893000,1.5471648e+18,6.90875477931522
23,176,74,726000,1.5933888e+18,7.60140233458373
24,179,70,775000,1.504656e+18,6.21660610108486
25,183,77,512000,1.6098912e+18,6.90875477931522
20,186,75,1e+06,1.5833664e+18,6.39859493453521
20,175,70,725000,1.5489792e+18,6.31173480915291
20,188,72,908000,1.623888e+18,7.60140233458373
21,176,69,620000,1.5463008e+18,6.80350525760834
22,176,67,814000,1.5977952e+18,6.90875477931522
22,187,77,893000,1.5463008e+18,7.60140233458373
18,180,68,1300000,1.4988672e+18,6.90875477931522
32,182,74,270000,1.610496e+18,6.90875477931522
26,172,65,428000,1.5330816e+18,6.39859493453521
30,179,75,284000,1.6293312e+18,6.31173480915291
21,186,70,761000,1.5488928e+18,6.39859493453521
18,174,70,814000,1.5463008e+18,6.21660610108486
20,186,77,1100000,1.5492384e+18,6.90875477931522
22,175,70,775000,1.610928e+18,6.55250788703459
24,190,83,496000,1.5304032e+18,6.47850964220857
22,197,83,998000,1.5663456e+18,8.5173931714189
19,180,71,1400000,1.6250976e+18,6.90875477931522
20,180,71,1400000,1.5079392e+18,7.60140233458373
21,178,68,798000,1.5336864e+18,6.90875477931522
28,181,74,297000,1.5976224e+18,6.74641212857337
21,187,82,1100000,1.630368e+18,7.60140233458373
20,174,65,853000,1.4884992e+18,6.90875477931522
21,175,69,908000,1.6281216e+18,6.39859493453521
21,185,86,689000,1.54656e+18,6.55250788703459
22,184,80,1100000,1.560816e+18,6.90875477931522
21,186,81,1500000,1.560816e+18,6.90875477931522
34,168,64,149000,1.532304e+18,7.60140233458373
22,184,76,880000,1.6270848e+18,8.00670084544037
20,180,70,1500000,1.6121376e+18,8.00670084544037
22,182,70,1100000,1.6121376e+18,8.00670084544037
20,175,65,1200000,1.5619392e+18,7.60140233458373
23,188,90,1e+06,1.5579648e+18,7.60140233458373
24,185,75,731000,1.5620256e+18,7.60140233458373
20,172,66,853000,1.5619392e+18,6.90875477931522
20,174,65,1300000,1.5604704e+18,6.21660610108486
27,182,69,474000,1.5012e+18,8.00670084544037
19,179,75,1500000,1.5620256e+18,8.5173931714189
23,190,76,798000,1.610064e+18,6.55250788703459
20,183,79,1200000,1.6163712e+18,6.80350525760834
20,176,69,1200000,1.600992e+18,7.60140233458373
22,175,74,814000,1.56384e+18,6.90875477931522
24,185,80,736000,1.523664e+18,6.21660610108486
19,184,70,1500000,1.5610752e+18,7.60140233458373
26,174,65,518000,1.630368e+18,8.00670084544037
23,181,78,950000,1.5619392e+18,7.60140233458373
22,175,79,998000,1.625184e+18,7.60140233458373
20,183,73,1200000,1.5639264e+18,6.90875477931522
20,175,67,908000,1.5619392e+18,7.60140233458373
22,167,66,775000,1.5619392e+18,6.90875477931522
20,178,71,1400000,1.534032e+18,7.60140233458373
19,176,66,1100000,1.6015968e+18,6.80350525760834
21,182,84,798000,1.5662592e+18,6.62140565176413
20,182,76,1100000,1.6281216e+18,6.90875477931522
21,175,67,930000,1.5567552e+18,6.90875477931522
26,173,73,533000,1.5634944e+18,8.98732181285012
20,168,63,834000,1.5805152e+18,6.31173480915291
21,183,75,866000,1.61568e+18,6.31173480915291
20,189,66,1e+06,1.5783552e+18,6.55250788703459
20,189,76,975000,1.5619392e+18,7.60140233458373
17,177,68,1400000,1.5619392e+18,6.21660610108486
20,165,67,1400000,1.630368e+18,6.90875477931522
19,185,70,1700000,1.563408e+18,7.60140233458373
19,176,77,1100000,1.5661728e+18,6.21660610108486
26,195,95,431000,1.5797376e+18,6.68586094706836
20,195,83,1600000,1.5977952e+18,7.60140233458373
20,171,63,1700000,1.5147648e+18,6.21660610108486
28,180,70,556000,1.5161472e+18,6.21660610108486
19,182,84,1100000,1.6121376e+18,6.47850964220857
20,183,72,1500000,1.5695424e+18,7.60140233458373
23,174,69,1300000,1.6111008e+18,6.21660610108486
20,180,75,1200000,1.5778368e+18,6.21660610108486
20,190,82,1e+06,1.62864e+18,6.21660610108486
21,161,65,1200000,1.5463008e+18,6.21660610108486
23,185,85,764000,1.5147648e+18,6.21660610108486
30,185,70,401000,1.6158528e+18,6.21660610108486
22,178,66,1100000,1.5463008e+18,6.21660610108486
22,181,70,1100000,1.5463008e+18,6.21660610108486
19,190,83,1200000,1.6021152e+18,7.60140233458373
17,188,75,1500000,1.6300224e+18,6.21660610108486
21,175,71,940000,1.5463008e+18,6.21660610108486
21,171,62,870000,1.5338592e+18,6.31173480915291
25,187,75,431000,1.5784416e+18,6.85751406254539
21,165,62,853000,1.5658272e+18,6.68586094706836
18,182,81,1900000,1.5745536e+18,6.90875477931522
18,182,70,1900000,1.5731712e+18,6.90875477931522
19,178,72,1e+06,1.6121376e+18,6.90875477931522
22,190,78,1100000,1.5970176e+18,6.21660610108486
20,184,75,1200000,1.6111008e+18,6.85751406254539
23,172,70,834000,1.5147648e+18,6.21660610108486
18,183,75,2e+06,1.6250976e+18,8.00670084544037
21,177,70,1100000,1.5778368e+18,6.90875477931522
23,161,59,497000,1.5805152e+18,7.60140233458373
19,180,70,1100000,1.5805152e+18,6.74641212857337
29,182,80,326000,1.610496e+18,6.21660610108486
19,172,68,1300000,1.5778368e+18,7.60140233458373
25,184,85,435000,1.5730848e+18,6.21660610108486
22,165,68,935000,1.5758496e+18,6.90875477931522
20,173,67,1200000,1.5783552e+18,6.74641212857337
30,178,75,396000,1.578528e+18,7.60140233458373
20,177,75,1300000,1.5985728e+18,6.21660610108486
20,188,73,1600000,1.5805152e+18,6.21660610108486
21,155,66,1100000,1.626912e+18,7.60140233458373
21,182,62,1500000,1.6272576e+18,7.60140233458373
24,180,81,578000,1.5790464e+18,6.90875477931522
18,168,55,1300000,1.5792192e+18,6.21660610108486
20,186,80,1100000,1.5633216e+18,6.39859493453521
21,177,74,1600000,1.5665184e+18,7.60140233458373
25,185,80,855000,1.6250976e+18,8.00670084544037
19,179,69,1900000,1.59624e+18,7.60140233458373
20,190,85,853000,1.5778368e+18,6.31173480915291
20,189,83,866000,1.6279488e+18,6.90875477931522
23,175,68,725000,1.5783552e+18,6.39859493453521
24,189,75,723000,1.5778368e+18,6.21660610108486
22,175,69,779000,1.5778368e+18,6.21660610108486
20,195,80,1500000,1.580256e+18,6.21660610108486
28,178,77,275000,1.5778368e+18,6.55250788703459
20,174,70,990000,1.5804288e+18,6.47850964220857
21,190,74,1100000,1.5304032e+18,6.21660610108486
20,178,70,1200000,1.5147648e+18,6.21660610108486
22,176,79,1200000,1.5659136e+18,7.60140233458373
26,183,80,398000,1.5631488e+18,6.47850964220857
22,170,64,660000,1.5787008e+18,6.90875477931522
22,167,65,1300000,1.6105824e+18,6.21660610108486
23,183,67,1200000,1.5778368e+18,6.21660610108486
20,171,59,750000,1.5356736e+18,6.90875477931522
21,183,75,1200000,1.5793056e+18,7.60140233458373
25,184,75,577000,1.6246656e+18,8.5173931714189
30,167,60,3e+05,1.578096e+18,6.85751406254539
19,172,69,1200000,1.5463008e+18,6.21660610108486
21,165,64,1200000,1.5778368e+18,6.21660610108486
18,186,72,1600000,1.5778368e+18,6.68586094706836
18,189,91,963000,1.5805152e+18,6.21660610108486
20,181,78,1600000,1.5463008e+18,6.21660610108486
20,182,74,1200000,1.6115328e+18,7.60140233458373
24,189,80,9e+05,1.5778368e+18,6.21660610108486
20,169,63,1200000,1.5147648e+18,6.21660610108486
23,175,70,689000,1.6101504e+18,6.68586094706836
21,183,73,1100000,1.5304032e+18,6.90875477931522
22,181,77,619000,1.5780096e+18,7.60140233458373
24,187,82,578000,1.6281216e+18,6.74641212857337
18,177,65,1500000,1.5840576e+18,7.60140233458373
19,176,66,1300000,1.6149024e+18,6.68586094706836
17,188,81,2e+06,1.6250976e+18,6.21660610108486
20,188,72,866000,1.5619392e+18,6.90875477931522
18,165,60,1500000,1.5653088e+18,8.5173931714189
20,173,68,1100000,1.5784416e+18,6.74641212857337
24,189,70,639000,1.5304032e+18,6.62140565176413
21,195,81,689000,1.5304032e+18,6.85751406254539
19,185,79,653000,1.5933024e+18,6.31173480915291
25,180,74,593000,1.6276032e+18,6.90875477931522
27,180,71,396000,1.5935616e+18,7.60140233458373
18,188,80,1e+06,1.591488e+18,6.39859493453521
17,168,62,1400000,1.59192e+18,6.55250788703459
18,172,69,1300000,1.5619392e+18,6.68586094706836
19,190,83,1100000,1.5935616e+18,6.90875477931522
20,175,74,990000,1.5935616e+18,8.00670084544037
24,183,73,580000,1.5924384e+18,6.68586094706836
17,167,63,1100000,1.5943392e+18,6.21660610108486
19,185,80,1300000,1.626048e+18,7.60140233458373
19,178,73,1600000,1.5633216e+18,8.29429960885724
19,177,75,1300000,1.5765408e+18,8.29429960885724
20,174,70,798000,1.5964128e+18,6.90875477931522
18,170,61,1500000,1.59192e+18,7.60140233458373
22,180,68,1e+06,1.5955488e+18,8.00670084544037
26,173,70,548000,1.5954624e+18,6.90875477931522
20,194,84,1200000,1.6313184e+18,8.5173931714189
19,186,85,1600000,1.5778368e+18,6.31173480915291
19,184,72,1500000,1.5935616e+18,6.90875477931522
21,182,80,875000,1.6272576e+18,6.90875477931522
21,191,72,926000,1.5943392e+18,6.90875477931522
22,186,71,908000,1.5958944e+18,6.31173480915291
19,172,70,1500000,1.600992e+18,8.29429960885724
20,192,83,998000,1.5961536e+18,7.60140233458373
23,171,67,660000,1.5823296e+18,6.90875477931522
19,178,71,1400000,1.611792e+18,7.60140233458373
20,189,83,853000,1.5304032e+18,6.90875477931522
26,175,68,428000,1.5619392e+18,7.60140233458373
20,180,70,775000,1.5304032e+18,6.90875477931522
20,172,62,919000,1.5935616e+18,7.60140233458373
20,166,64,1400000,1.6272576e+18,8.5173931714189
21,193,87,808000,1.5970176e+18,6.90875477931522
18,182,68,1500000,1.5935616e+18,8.29429960885724
20,190,82,825000,1.6254432e+18,6.90875477931522
19,173,62,1300000,1.59624e+18,6.90875477931522
17,175,70,1100000,1.5935616e+18,6.21660610108486
18,181,77,978000,1.5935616e+18,6.62140565176413
17,183,76,1200000,1.5935616e+18,6.21660610108486
27,192,85,392000,1.5971904e+18,6.90875477931522
18,179,74,1300000,1.584144e+18,6.85751406254539
18,168,60,1800000,1.5917472e+18,8.00670084544037
18,183,71,1300000,1.5782688e+18,6.90875477931522
21,188,82,1100000,1.5619392e+18,6.47850964220857
20,183,75,725000,1.6094592e+18,6.21660610108486
23,196,87,808000,1.59624e+18,6.90875477931522
30,193,84,350000,1.627776e+18,7.60140233458373
18,178,64,1500000,1.5976224e+18,6.90875477931522
19,181,72,1400000,1.5973632e+18,6.47850964220857
23,196,84,548000,1.5974496e+18,6.68586094706836
18,197,90,1300000,1.5980544e+18,6.21660610108486
19,175,72,1300000,1.5982272e+18,6.74641212857337
19,185,72,1300000,1.5619392e+18,6.21660610108486
19,177,74,1200000,1.6250976e+18,7.60140233458373
21,178,70,935000,1.5985728e+18,8.00670084544037
17,188,85,1200000,1.5970176e+18,6.21660610108486
20,177,74,1500000,1.5622848e+18,8.98732181285012
24,178,70,593000,1.6250976e+18,7.60140233458373
19,182,69,1200000,1.5989184e+18,6.68586094706836
19,180,75,1500000,1.6253568e+18,8.29429960885724
19,188,68,1200000,1.5935616e+18,7.60140233458373
20,181,78,784000,1.599696e+18,6.90875477931522
21,180,75,1100000,1.5998688e+18,6.90875477931522
29,167,67,396000,1.5995232e+18,8.00670084544037
23,182,80,431000,1.4541984e+18,6.90875477931522
21,177,71,761000,1.6002144e+18,6.47850964220857
18,175,70,1200000,1.6259616e+18,6.90875477931522
17,184,75,1200000,1.5822432e+18,6.21660610108486
19,185,74,1200000,1.5935616e+18,6.90875477931522
20,197,97,1100000,1.5619392e+18,6.85751406254539
22,175,70,990000,1.5619392e+18,7.60140233458373
20,177,68,1200000,1.5989184e+18,6.90875477931522
21,185,75,935000,1.550016e+18,7.60140233458373
21,170,64,1300000,1.6009056e+18,7.60140233458373
20,175,67,1300000,1.59624e+18,6.21660610108486
20,182,78,1200000,1.6304544e+18,6.74641212857337
24,188,81,648000,1.6012512e+18,8.29429960885724
20,176,69,866000,1.6250976e+18,7.60140233458373
19,186,78,975000,1.6244064e+18,6.39859493453521
21,189,81,814000,1.6016832e+18,6.62140565176413
22,170,64,935000,1.5993504e+18,7.60140233458373
25,178,79,458000,1.6026336e+18,7.60140233458373
19,193,86,1200000,1.6003872e+18,7.60140233458373
21,167,56,1300000,1.6004736e+18,9.10509096125708
19,192,81,1200000,1.6028064e+18,6.90875477931522
18,187,84,1500000,1.6028928e+18,8.00670084544037
27,178,75,431000,1.6250976e+18,8.29429960885724
18,177,71,2100000,1.5935616e+18,8.98732181285012
20,191,81,1200000,1.6300224e+18,6.85751406254539
19,192,75,1100000,1.5935616e+18,6.31173480915291
20,175,70,1200000,1.5935616e+18,7.60140233458373
21,180,75,1200000,1.6190496e+18,6.21660610108486
20,183,75,935000,1.5989184e+18,7.60140233458373
19,185,69,1300000,1.5989184e+18,8.00670084544037
20,180,69,1200000,1.552608e+18,7.60140233458373
21,185,78,668000,1.5463008e+18,6.21660610108486
20,188,78,1200000,1.5794784e+18,6.21660610108486
21,177,71,990000,1.6072128e+18,7.60140233458373
19,179,67,1500000,1.5463008e+18,6.21660610108486
24,191,82,653000,1.5472512e+18,6.31173480915291
21,171,66,1300000,1.5929568e+18,6.21660610108486
19,183,69,1300000,1.6062624e+18,7.60140233458373
19,170,65,1400000,1.5147648e+18,6.21660610108486
20,183,77,1300000,1.5935616e+18,7.60140233458373
19,188,75,1500000,1.5619392e+18,8.00670084544037
19,185,72,1200000,1.5679872e+18,6.74641212857337
21,173,69,1300000,1.5304032e+18,6.21660610108486
20,187,78,1500000,1.5935616e+18,6.21660610108486
18,180,65,1100000,1.6101504e+18,6.21660610108486
18,188,82,1400000,1.6097184e+18,7.60140233458373
19,181,70,1200000,1.5778368e+18,6.21660610108486
21,184,80,999000,1.5147648e+18,6.21660610108486
20,192,75,1200000,1.6098048e+18,7.60140233458373
24,181,67,431000,1.6101504e+18,6.55250788703459
23,174,67,464000,1.5805152e+18,6.55250788703459
19,179,62,950000,1.6094592e+18,7.60140233458373
26,184,82,577000,1.6094592e+18,8.8538082749772
23,178,64,647000,1.6094592e+18,7.60140233458373
19,168,64,1200000,1.6094592e+18,6.21660610108486
21,178,71,1200000,1.5463008e+18,6.21660610108486
21,181,72,1200000,1.6094592e+18,6.21660610108486
21,170,67,1300000,1.6094592e+18,6.21660610108486
18,175,68,1200000,1.6079904e+18,6.21660610108486
19,178,70,1200000,1.6104096e+18,6.47850964220857
17,180,68,1200000,1.6051392e+18,6.21660610108486
25,177,73,508000,1.6107552e+18,6.80350525760834
23,176,70,544000,1.6101504e+18,6.55250788703459
18,188,81,1500000,1.6094592e+18,6.90875477931522
21,183,75,855000,1.5622848e+18,6.85751406254539
18,188,70,1100000,1.610928e+18,6.21660610108486
18,181,74,1200000,1.5730848e+18,6.39859493453521
23,170,64,660000,1.5619392e+18,7.60140233458373
19,181,75,1500000,1.611792e+18,8.00670084544037
22,186,82,850000,1.6120512e+18,7.60140233458373
21,174,70,761000,1.630368e+18,6.31173480915291
21,183,77,1e+06,1.6121376e+18,7.60140233458373
21,170,70,1200000,1.5803424e+18,8.00670084544037
19,191,80,1400000,1.612224e+18,6.21660610108486
21,185,79,1100000,1.5619392e+18,7.60140233458373
27,175,77,556000,1.6094592e+18,6.21660610108486
20,180,72,698000,1.6128288e+18,6.90875477931522
31,183,79,189000,1.4037408e+18,7.60140233458373
23,184,73,940000,1.6129152e+18,6.21660610108486
22,181,72,935000,1.5653088e+18,7.60140233458373
22,166,67,908000,1.6136928e+18,7.60140233458373
23,180,74,660000,1.61352e+18,7.60140233458373
19,185,72,1500000,1.6002144e+18,6.80350525760834
19,170,60,1300000,1.5970176e+18,7.60140233458373
17,169,66,1300000,1.5778368e+18,6.21660610108486
31,184,85,452000,1.6110144e+18,6.21660610108486
22,175,70,1200000,1.6094592e+18,6.21660610108486
19,181,70,1500000,1.6257024e+18,7.60140233458373
20,183,75,775000,1.5961536e+18,6.31173480915291
23,180,77,569000,1.5463008e+18,6.21660610108486
21,190,85,1100000,1.6094592e+18,6.21660610108486
20,180,75,1300000,1.6094592e+18,6.21660610108486
20,175,70,1400000,1.6105824e+18,6.21660610108486
19,179,67,2e+06,1.5304032e+18,8.69968140098951
21,178,69,866000,1.4988672e+18,6.80350525760834
24,183,81,760000,1.6111872e+18,6.21660610108486
21,190,73,1e+06,1.5463008e+18,6.21660610108486
18,185,75,761000,1.6155072e+18,6.31173480915291
17,172,64,1100000,1.6155936e+18,6.21660610108486
20,182,79,1100000,1.6094592e+18,6.21660610108486
23,183,84,1300000,1.5463008e+18,6.21660610108486
29,174,69,516000,1.6094592e+18,6.21660610108486
17,175,72,1600000,1.6094592e+18,6.21660610108486
19,180,70,1200000,1.6185312e+18,6.90875477931522
21,174,65,1300000,1.6094592e+18,6.21660610108486
21,190,90,1300000,1.6094592e+18,6.21660610108486
20,171,60,814000,1.5825888e+18,6.21660610108486
24,180,70,398000,1.5805152e+18,6.90875477931522
18,178,76,1200000,1.6153344e+18,6.55250788703459
19,173,67,1600000,1.5935616e+18,7.60140233458373
17,190,80,1400000,1.617408e+18,6.21660610108486
26,175,70,591000,1.6094592e+18,6.21660610108486
25,173,70,593000,1.6242336e+18,6.90875477931522
26,176,76,723000,1.6190496e+18,6.21660610108486
21,179,70,580000,1.6279488e+18,6.68586094706836
18,175,64,1500000,1.6181856e+18,6.21660610108486
17,181,76,1500000,1.6180128e+18,6.21660610108486
21,173,68,1300000,1.5304032e+18,6.85751406254539
27,186,80,556000,1.6190496e+18,6.21660610108486
22,167,63,853000,1.6162848e+18,6.39859493453521
22,177,75,1200000,1.6255296e+18,6.90875477931522
19,189,79,1200000,1.5572736e+18,6.90875477931522
19,175,70,1200000,1.6094592e+18,6.21660610108486
18,174,70,1600000,1.6250976e+18,8.29429960885724
22,193,87,866000,1.6250976e+18,6.68586094706836
19,180,74,1200000,1.6167168e+18,7.60140233458373
19,189,82,893000,1.6167168e+18,7.60140233458373
23,180,73,534000,1.6250976e+18,7.60140233458373
19,180,75,1300000,1.5996096e+18,6.90875477931522
20,181,71,825000,1.59624e+18,6.90875477931522
22,170,66,1100000,1.4988672e+18,6.90875477931522
18,183,73,814000,1.5935616e+18,6.31173480915291
27,178,74,372000,1.4988672e+18,6.90875477931522
22,194,82,578000,1.5935616e+18,6.39859493453521
22,186,76,725000,1.5935616e+18,7.60140233458373
20,193,82,1300000,1.6250976e+18,6.21660610108486
21,189,79,784000,1.6250976e+18,6.21660610108486
21,175,69,660000,1.5619392e+18,6.39859493453521
24,173,70,753000,1.5909696e+18,7.60140233458373
27,185,79,458000,1.5935616e+18,6.68586094706836
21,175,67,1100000,1.5945984e+18,6.80350525760834
24,180,76,572000,1.6250976e+18,7.60140233458373
19,185,84,1100000,1.6055712e+18,6.21660610108486
18,175,65,2200000,1.6094592e+18,8.00670084544037
31,182,79,230000,1.2464064e+18,6.68586094706836
27,192,86,392000,1.600128e+18,6.90875477931522
19,194,77,1100000,1.6206912e+18,6.47850964220857
19,186,78,1400000,1.6250976e+18,6.62140565176413
22,185,75,619000,1.5304032e+18,6.21660610108486
23,180,79,926000,1.623024e+18,6.90875477931522
20,182,71,775000,1.6250976e+18,6.55250788703459
20,184,71,893000,1.6250112e+18,6.90875477931522
21,180,80,908000,1.6250976e+18,6.90875477931522
20,180,70,935000,1.6250976e+18,7.60140233458373
27,175,65,363000,1.5647904e+18,6.62140565176413
20,191,83,1200000,1.6250976e+18,6.90875477931522
20,187,82,866000,1.6250976e+18,6.21660610108486
19,178,68,1500000,1.6250976e+18,6.90875477931522
19,183,77,1600000,1.6250976e+18,6.21660610108486
27,190,82,519000,1.6112736e+18,8.00670084544037
23,175,65,908000,1.6250976e+18,7.60140233458373
19,181,73,1300000,1.6250976e+18,7.60140233458373
20,174,65,866000,1.625184e+18,7.60140233458373
23,183,77,580000,1.625184e+18,6.31173480915291
18,196,75,2200000,1.5935616e+18,8.29429960885724
18,166,60,875000,1.6250976e+18,6.21660610108486
19,193,78,1500000,1.6261344e+18,8.29429960885724
21,193,94,855000,1.5935616e+18,8.00670084544037
23,183,78,853000,1.6257888e+18,6.21660610108486
21,170,70,990000,1.6250976e+18,7.60140233458373
22,184,75,866000,1.6262208e+18,7.60140233458373
18,173,58,1600000,1.6250976e+18,6.90875477931522
18,181,70,1400000,1.5935616e+18,6.21660610108486
21,170,68,1100000,1.6250976e+18,6.90875477931522
18,176,70,866000,1.6250976e+18,6.68586094706836
21,186,72,1e+06,1.6250976e+18,6.90875477931522
18,175,70,1200000,1.6265664e+18,6.62140565176413
20,195,75,1100000,1.6250976e+18,8.00670084544037
22,180,70,850000,1.5935616e+18,8.00670084544037
24,178,73,499000,1.6257024e+18,6.90875477931522
20,180,78,1200000,1.6250976e+18,6.90875477931522
20,176,70,1e+06,1.6250976e+18,7.60140233458373
19,182,76,1100000,1.6263072e+18,6.21660610108486
24,191,85,653000,1.625616e+18,6.90875477931522
25,185,78,623000,1.6250976e+18,7.60140233458373
17,179,62,1400000,1.62432e+18,6.55250788703459
19,183,71,1600000,1.612224e+18,8.00670084544037
19,174,71,1500000,1.6269984e+18,6.21660610108486
19,183,71,1700000,1.5935616e+18,6.90875477931522
22,190,84,903000,1.6265664e+18,8.29429960885724
20,189,76,1200000,1.6266528e+18,6.74641212857337
19,178,72,1500000,1.5935616e+18,8.00670084544037
27,183,67,331000,1.627344e+18,7.60140233458373
18,179,70,1200000,1.6250976e+18,6.90875477931522
20,175,75,990000,1.6304544e+18,6.90875477931522
21,167,71,1100000,1.6275168e+18,7.60140233458373
21,172,70,998000,1.6094592e+18,8.5173931714189
21,162,51,1e+06,1.6094592e+18,8.5173931714189
21,185,83,893000,1.6250976e+18,6.90875477931522
20,180,75,875000,1.6116192e+18,6.90875477931522
20,180,75,875000,1.625616e+18,6.90875477931522
19,180,65,1400000,1.592352e+18,7.60140233458373
19,202,80,878000,1.6281216e+18,6.21660610108486
25,175,74,496000,1.6274304e+18,7.60140233458373
18,172,74,1300000,1.628208e+18,6.90875477931522
19,176,72,1400000,1.5604704e+18,6.90875477931522
20,183,76,1200000,1.6250976e+18,7.60140233458373
19,171,60,1500000,1.621728e+18,7.60140233458373
22,181,72,963000,1.6094592e+18,6.90875477931522
21,185,77,1600000,1.6257888e+18,8.00670084544037
18,185,87,1500000,1.5935616e+18,7.60140233458373
20,179,73,875000,1.6261344e+18,6.80350525760834
20,175,72,908000,1.5304032e+18,7.60140233458373
22,192,88,808000,1.6287264e+18,6.90875477931522
20,180,69,935000,1.6287264e+18,6.90875477931522
19,183,80,1300000,1.59624e+18,7.60140233458373
20,172,72,1300000,1.5935616e+18,8.00670084544037
20,184,76,1600000,1.5622848e+18,8.00670084544037
21,173,66,945000,1.5935616e+18,6.90875477931522
16,175,71,1300000,1.6296768e+18,6.21660610108486
18,182,76,1900000,1.6250976e+18,8.00670084544037
19,181,72,1600000,1.6250976e+18,7.60140233458373
21,182,71,1100000,1.6289856e+18,8.00670084544037
21,180,75,660000,1.62864e+18,7.60140233458373
22,187,70,978000,1.629072e+18,6.68586094706836
24,185,78,770000,1.6250976e+18,7.60140233458373
19,190,81,1400000,1.5935616e+18,6.31173480915291
17,178,66,1300000,1.5935616e+18,6.21660610108486
18,181,65,1e+06,1.5935616e+18,6.39859493453521
20,180,75,990000,1.5959808e+18,6.90875477931522
19,188,80,945000,1.5935616e+18,7.60140233458373
31,176,72,396000,1.630368e+18,6.21660610108486
22,181,74,798000,1.4988672e+18,7.60140233458373
19,177,72,1100000,1.6094592e+18,6.21660610108486
20,177,72,1300000,1.5778368e+18,6.21660610108486
19,175,72,1500000,1.5778368e+18,6.21660610108486
18,178,73,1500000,1.6302816e+18,8.00670084544037
20,175,72,1200000,1.6094592e+18,6.21660610108486
19,183,74,1600000,1.6314048e+18,8.00670084544037
21,177,69,998000,1.6250976e+18,6.90875477931522
20,178,72,908000,1.6250976e+18,6.90875477931522
19,170,68,1200000,1.6094592e+18,6.21660610108486
37,183,88,44000,1.5958944e+18,6.90875477931522
34,183,79,70000,1.5998688e+18,6.90875477931522
33,176,75,171000,1.6077312e+18,6.21660610108486
30,182,81,263000,1.62216e+18,6.68586094706836
33,183,74,171000,1.610064e+18,6.21660610108486
31,187,77,233000,1.5774912e+18,6.21660610108486
31,190,85,174000,1.6262208e+18,7.60140233458373
32,185,75,233000,1.6187904e+18,6.90875477931522
29,178,70,341000,1.5540768e+18,8.00670084544037
28,189,90,288000,1.630368e+18,6.85751406254539
29,175,75,385000,1.627776e+18,8.00670084544037
30,176,77,295000,1.6254432e+18,6.21660610108486
27,186,74,516000,1.6257888e+18,6.21660610108486
27,193,71,420000,1.6250976e+18,7.60140233458373
28,188,83,403000,1.6269984e+18,7.60140233458373
30,177,72,473000,1.5619392e+18,6.21660610108486
28,189,87,383000,1.5991776e+18,6.90875477931522
28,173,74,357000,1.5147648e+18,6.31173480915291
27,193,89,292000,1.325376e+18,6.47850964220857
26,183,75,502000,1.5967584e+18,7.60140233458373
33,189,85,88000,1.5475104e+18,6.62140565176413
31,190,87,198000,1.601424e+18,7.60140233458373
27,180,68,406000,1.6116192e+18,6.55250788703459
29,175,69,350000,1.5309216e+18,7.60140233458373
26,180,75,438000,1.4673312e+18,6.90875477931522
26,173,68,502000,1.6121376e+18,6.90875477931522
34,182,64,108000,1.6121376e+18,6.39859493453521
31,182,71,238000,1.5784416e+18,6.90875477931522
26,182,85,447000,1.611792e+18,6.31173480915291
26,191,88,342000,1.6255296e+18,6.90875477931522
25,184,73,398000,1.6106688e+18,6.90875477931522
25,188,76,593000,1.6293312e+18,7.60140233458373
32,176,73,216000,1.6263072e+18,6.21660610108486
26,187,72,443000,1.6142976e+18,7.60140233458373
28,184,70,250000,1.6025472e+18,6.90875477931522
25,188,73,593000,1.6250976e+18,7.60140233458373
25,175,71,364000,1.5639264e+18,6.74641212857337
32,187,82,233000,1.6142112e+18,7.60140233458373
30,177,73,341000,1.2779424e+18,8.00670084544037
29,186,80,341000,1.6187904e+18,7.60140233458373
31,191,80,333000,1.6288992e+18,7.60140233458373
29,188,80,319000,1.5626304e+18,7.60140233458373
25,191,88,580000,1.4063328e+18,6.62140565176413
28,178,72,341000,1.6171488e+18,7.60140233458373
27,173,68,406000,1.3885344e+18,8.00670084544037
24,187,78,488000,1.6255296e+18,6.90875477931522
24,188,81,508000,1.6278624e+18,6.74641212857337
23,192,79,999000,1.5935616e+18,6.21660610108486
28,173,67,341000,1.6187904e+18,7.60140233458373
27,178,76,324000,1.625616e+18,6.90875477931522
24,173,73,744000,1.5751584e+18,6.21660610108486
22,193,75,630000,1.4229216e+18,8.00670084544037
24,174,72,569000,1.6259616e+18,6.21660610108486
23,178,75,926000,1.6107552e+18,8.00670084544037
24,185,76,464000,1.6149024e+18,6.68586094706836
24,180,73,613000,1.6133472e+18,8.00670084544037
26,184,78,406000,1.6170624e+18,7.60140233458373
25,180,75,488000,1.5463872e+18,6.21660610108486
28,173,64,330000,1.6019424e+18,8.00670084544037
28,173,72,380000,1.5619392e+18,8.5173931714189
30,176,76,363000,1.563408e+18,8.29429960885724
23,175,65,683000,1.5964128e+18,7.60140233458373
24,193,95,502000,1.5967584e+18,6.90875477931522
22,188,82,975000,1.625184e+18,8.00670084544037
25,172,64,518000,1.5994368e+18,7.60140233458373
23,180,76,878000,1.596672e+18,7.60140233458373
22,191,79,831000,1.5791328e+18,6.21660610108486
23,177,70,698000,1.5964992e+18,6.90875477931522
27,181,75,444000,1.562976e+18,8.5173931714189
25,183,84,433000,1.5304032e+18,6.90875477931522
23,180,80,639000,1.6268256e+18,7.60140233458373
22,192,80,875000,1.53144e+18,8.00670084544037
22,188,80,926000,1.6285536e+18,7.60140233458373
21,179,67,775000,1.5673824e+18,6.90875477931522
22,180,70,1100000,1.5977952e+18,6.21660610108486
28,170,70,380000,1.5619392e+18,8.5173931714189
24,185,80,736000,1.599264e+18,6.21660610108486
22,181,73,504000,1.4673312e+18,6.90875477931522
25,186,90,454000,1.598832e+18,6.90875477931522
26,184,84,458000,1.5778368e+18,7.60140233458373
27,189,75,414000,1.6012512e+18,8.00670084544037
21,180,72,855000,1.5463008e+18,8.5173931714189
21,182,78,1100000,1.6250976e+18,8.29429960885724
23,180,69,639000,1.5619392e+18,7.60140233458373
21,180,68,926000,1.6306272e+18,6.90875477931522
23,175,74,744000,1.5436224e+18,6.21660610108486
22,180,67,831000,1.597968e+18,6.21660610108486
22,183,70,788000,1.4516064e+18,6.21660610108486
30,179,82,238000,1.29384e+18,6.62140565176413
24,191,76,331000,1.4796864e+18,6.90875477931522
22,173,61,488000,1.4803776e+18,6.21660610108486
24,172,69,698000,1.5994368e+18,7.60140233458373
24,184,78,465000,1.4835744e+18,6.21660610108486
21,187,74,1e+06,1.59624e+18,6.90875477931522
23,178,66,569000,1.6075584e+18,6.21660610108486
22,186,73,508000,1.625184e+18,6.21660610108486
22,183,79,634000,1.5989184e+18,7.60140233458373
30,187,80,279000,1.6179264e+18,7.60140233458373
21,177,69,543000,1.4859936e+18,6.90875477931522
21,183,68,1e+06,1.627776e+18,6.39859493453521
22,188,74,926000,1.6250976e+18,6.90875477931522
22,187,78,855000,1.6268256e+18,6.80350525760834
22,184,83,736000,1.4612832e+18,6.90875477931522
24,189,83,406000,1.6189632e+18,6.90875477931522
27,176,75,431000,1.6252704e+18,7.60140233458373
25,184,68,518000,1.6032384e+18,8.00670084544037
22,181,80,825000,1.549152e+18,7.60140233458373
22,186,73,1e+06,1.5488064e+18,8.00670084544037
21,186,81,1e+06,1.598832e+18,7.60140233458373
32,182,75,248000,1.6187904e+18,8.00670084544037
29,178,72,310000,1.5970176e+18,7.60140233458373
22,185,73,1100000,1.4988672e+18,8.5173931714189
21,176,73,725000,1.5069888e+18,6.47850964220857
21,174,65,926000,1.598832e+18,7.60140233458373
21,175,67,798000,1.5834528e+18,6.55250788703459
22,183,68,744000,1.5436224e+18,6.21660610108486
23,178,70,1200000,1.616112e+18,6.21660610108486
22,163,60,925000,1.5139008e+18,8.29429960885724
27,185,83,612000,1.6121376e+18,6.21660610108486
23,180,65,829000,1.6250976e+18,7.60140233458373
21,194,91,698000,1.600128e+18,6.31173480915291
25,175,68,593000,1.4991264e+18,7.60140233458373
20,194,75,975000,1.6274304e+18,6.90875477931522
20,188,81,1e+06,1.5075072e+18,9.21044036697652
20,183,65,1400000,1.5990048e+18,8.69968140098951
26,189,89,318000,1.506816e+18,6.74641212857337
23,184,81,950000,1.5632352e+18,8.69968140098951
31,181,73,279000,1.5194304e+18,7.60140233458373
24,173,77,553000,1.51632e+18,6.90875477931522
27,190,78,406000,1.6142112e+18,7.60140233458373
26,188,74,488000,1.5148512e+18,7.60140233458373
20,170,65,1400000,1.566864e+18,7.60140233458373
22,185,75,784000,1.5267744e+18,6.55250788703459
25,178,75,503000,1.5194304e+18,8.29429960885724
23,185,75,831000,1.6170624e+18,6.90875477931522
22,170,68,879000,1.5012e+18,8.00670084544037
23,176,72,725000,1.5777504e+18,6.74641212857337
20,185,70,1100000,1.550016e+18,6.90875477931522
24,178,70,578000,1.5947712e+18,6.55250788703459
20,184,77,725000,1.6118784e+18,6.68586094706836
21,186,75,878000,1.6250976e+18,6.90875477931522
23,186,77,926000,1.626912e+18,6.90875477931522
25,174,70,398000,1.5788736e+18,6.85751406254539
20,179,80,825000,1.6242336e+18,7.60140233458373
20,188,87,1200000,1.6296768e+18,6.80350525760834
22,190,81,701000,1.5982272e+18,6.90875477931522
22,191,76,810000,1.5304032e+18,7.60140233458373
21,183,72,908000,1.6301088e+18,6.47850964220857
24,179,76,534000,1.6006464e+18,6.47850964220857
20,180,81,1e+06,1.611792e+18,6.68586094706836
28,192,92,257000,1.5958944e+18,6.90875477931522
19,174,71,1e+06,1.5181344e+18,6.90875477931522
21,194,99,698000,1.6171488e+18,6.21660610108486
23,166,63,648000,1.625184e+18,7.60140233458373
21,177,68,926000,1.5294528e+18,7.60140233458373
22,179,75,878000,1.6231968e+18,7.60140233458373
21,191,78,736000,1.5324768e+18,6.21660610108486
24,187,78,465000,1.567296e+18,6.21660610108486
21,188,83,743000,1.628208e+18,6.21660610108486
23,190,88,808000,1.5788736e+18,7.60140233458373
20,181,74,1100000,1.6263072e+18,6.90875477931522
21,176,71,616000,1.6140384e+18,6.39859493453521
22,176,65,648000,1.5663456e+18,7.60140233458373
21,178,73,508000,1.572912e+18,6.21660610108486
20,190,77,1400000,1.5989184e+18,7.60140233458373
20,176,61,1500000,1.5619392e+18,8.8538082749772
22,180,74,855000,1.6250976e+18,6.47850964220857
22,180,78,1200000,1.59624e+18,8.29429960885724
21,201,85,914000,1.5317856e+18,7.60140233458373
25,164,65,398000,1.626912e+18,7.60140233458373
19,177,72,1500000,1.527552e+18,6.21660610108486
22,175,72,925000,1.6021152e+18,7.60140233458373
22,182,81,765000,1.5466464e+18,6.90875477931522
20,193,77,893000,1.51632e+18,6.80350525760834
30,192,88,341000,1.5475104e+18,6.39859493453521
21,183,75,878000,1.5483744e+18,6.47850964220857
21,192,74,1400000,1.5477696e+18,8.00670084544037
24,195,85,536000,1.5494112e+18,7.60140233458373
20,180,82,1200000,1.5386976e+18,8.5173931714189
23,180,74,630000,1.5619392e+18,8.00670084544037
23,183,75,850000,1.5520032e+18,6.90875477931522
20,180,75,926000,1.6250976e+18,6.55250788703459
19,193,80,1100000,1.5199488e+18,6.31173480915291
20,192,82,659000,1.6107552e+18,6.21660610108486
23,169,68,504000,1.59624e+18,6.21660610108486
24,168,62,543000,1.5619392e+18,6.21660610108486
26,173,70,518000,1.6033248e+18,8.00670084544037
19,172,60,1600000,1.54656e+18,8.00670084544037
20,188,78,744000,1.6263072e+18,6.68586094706836
23,178,73,925000,1.6269984e+18,6.90875477931522
20,181,73,825000,1.4988672e+18,7.60140233458373
18,191,79,1900000,1.5935616e+18,6.21660610108486
27,182,79,474000,1.5602976e+18,8.29429960885724
21,183,73,1300000,1.6250976e+18,8.00670084544037
21,193,82,825000,1.601856e+18,6.47850964220857
21,178,61,659000,1.4673312e+18,6.85751406254539
22,185,83,465000,1.5486336e+18,6.62140565176413
20,165,60,1300000,1.6010784e+18,7.60140233458373
26,183,68,456000,1.6110144e+18,6.90875477931522
18,177,62,1100000,1.559952e+18,6.21660610108486
19,183,74,1500000,1.6250976e+18,8.5173931714189
19,187,76,1100000,1.5942528e+18,6.90875477931522
20,182,70,653000,1.5463008e+18,6.47850964220857
21,173,65,784000,1.5619392e+18,6.90875477931522
20,184,75,1100000,1.6007328e+18,8.69968140098951
31,180,70,257000,1.6015968e+18,6.90875477931522
20,178,72,1500000,1.5475968e+18,6.21660610108486
20,183,73,1200000,1.5488064e+18,7.60140233458373
21,165,62,9e+05,1.6275168e+18,8.5173931714189
20,175,72,1100000,1.6250976e+18,7.60140233458373
20,182,75,1200000,1.625184e+18,6.90875477931522
20,185,74,701000,1.4988672e+18,6.68586094706836
22,182,73,736000,1.5631488e+18,6.47850964220857
21,173,70,975000,1.5647904e+18,7.60140233458373
19,183,70,1100000,1.564704e+18,6.90875477931522
29,178,63,363000,1.6300224e+18,8.29429960885724
20,177,74,825000,1.5619392e+18,6.62140565176413
19,172,70,1100000,1.6281216e+18,8.00670084544037
20,178,72,725000,1.5649632e+18,6.55250788703459
20,178,70,893000,1.6259616e+18,7.60140233458373
19,180,65,689000,1.5656544e+18,6.21660610108486
21,182,76,784000,1.5657408e+18,6.90875477931522
21,177,68,1100000,1.562976e+18,7.60140233458373
22,176,71,1100000,1.5619392e+18,8.29429960885724
21,185,70,775000,1.5659136e+18,6.90875477931522
19,170,77,1300000,1.627344e+18,6.90875477931522
19,175,71,725000,1.5619392e+18,6.21660610108486
19,185,85,926000,1.5669504e+18,6.90875477931522
19,191,82,1100000,1.6085088e+18,6.62140565176413
24,183,63,743000,1.5672096e+18,6.90875477931522
20,171,60,1400000,1.5647904e+18,8.29429960885724
23,176,70,779000,1.5463008e+18,6.21660610108486
21,175,72,1200000,1.5463008e+18,6.21660610108486
20,177,68,1e+06,1.6288128e+18,6.21660610108486
19,177,74,1100000,1.5463008e+18,6.21660610108486
19,186,72,1500000,1.6250976e+18,8.5173931714189
20,190,82,1100000,1.5646176e+18,6.21660610108486
22,178,69,1100000,1.5463008e+18,6.21660610108486
27,175,74,516000,1.6190496e+18,6.21660610108486
20,180,74,1100000,1.5671232e+18,6.21660610108486
18,186,80,1200000,1.6288128e+18,6.31173480915291
21,177,73,689000,1.566864e+18,6.47850964220857
19,183,76,9e+05,1.6121376e+18,6.90875477931522
22,176,69,736000,1.5619392e+18,7.60140233458373
21,180,75,926000,1.5713568e+18,6.47850964220857
20,178,68,1400000,1.567296e+18,8.00670084544037
22,181,79,701000,1.6180128e+18,6.90875477931522
21,178,70,825000,1.5790464e+18,6.90875477931522
19,183,72,1500000,1.5796512e+18,8.29429960885724
21,178,69,1100000,1.56816e+18,8.69968140098951
19,179,67,1e+06,1.578096e+18,6.85751406254539
18,180,70,689000,1.5787872e+18,6.21660610108486
25,189,80,398000,1.5783552e+18,6.55250788703459
26,175,67,431000,1.580256e+18,8.00670084544037
19,186,70,1300000,1.5175296e+18,8.00670084544037
22,173,65,653000,1.5778368e+18,7.60140233458373
21,178,73,1100000,1.5778368e+18,6.21660610108486
19,175,83,1200000,1.5778368e+18,6.21660610108486
19,170,65,1100000,1.5804288e+18,6.31173480915291
18,172,64,1100000,1.5805152e+18,6.31173480915291
19,180,75,1400000,1.6266528e+18,6.55250788703459
19,176,70,984000,1.5805152e+18,6.21660610108486
21,180,70,736000,1.581552e+18,6.90875477931522
22,178,71,1100000,1.5463008e+18,6.21660610108486
20,185,78,725000,1.5463008e+18,6.39859493453521
20,182,80,689000,1.6274304e+18,6.21660610108486
18,187,75,938000,1.581984e+18,6.21660610108486
20,188,80,1200000,1.5028416e+18,7.60140233458373
22,181,68,950000,1.5593472e+18,8.00670084544037
18,180,70,1e+06,1.6123104e+18,6.90875477931522
22,185,82,960000,1.5147648e+18,6.21660610108486
23,185,88,808000,1.5812064e+18,6.90875477931522
29,184,73,314000,1.5804288e+18,8.00670084544037
21,177,61,903000,1.5833664e+18,8.00670084544037
18,175,60,1100000,1.5856992e+18,6.21660610108486
19,183,76,1300000,1.5771456e+18,7.60140233458373
20,183,65,1100000,1.5915744e+18,8.00670084544037
21,180,75,1e+06,1.5935616e+18,8.00670084544037
19,178,71,1100000,1.534032e+18,6.68586094706836
19,182,75,798000,1.5909696e+18,7.60140233458373
21,177,82,683000,1.5619392e+18,6.62140565176413
19,181,65,1200000,1.5935616e+18,7.60140233458373
20,180,70,1400000,1.547424e+18,8.29429960885724
20,184,79,855000,1.5935616e+18,7.60140233458373
20,183,73,9e+05,1.5935616e+18,8.00670084544037
19,170,67,1300000,1.5909696e+18,8.00670084544037
18,173,64,2e+06,1.6250976e+18,7.60140233458373
18,185,70,1600000,1.593648e+18,8.00670084544037
24,181,77,715000,1.5804288e+18,7.60140233458373
23,197,80,829000,1.5935616e+18,6.80350525760834
19,183,78,725000,1.6006464e+18,6.90875477931522
19,189,75,1500000,1.5948576e+18,8.00670084544037
22,186,78,743000,1.5954624e+18,6.47850964220857
19,168,62,1e+06,1.5935616e+18,7.60140233458373
23,179,73,903000,1.6268256e+18,7.60140233458373
21,181,69,784000,1.595808e+18,6.90875477931522
25,173,65,447000,1.6150752e+18,6.21660610108486
20,192,89,1200000,1.625184e+18,7.60140233458373
24,184,78,463000,1.6250976e+18,6.90875477931522
21,179,74,701000,1.5935616e+18,6.74641212857337
24,175,70,504000,1.598832e+18,6.74641212857337
29,187,81,297000,1.5304032e+18,6.90875477931522
18,180,72,1500000,1.5619392e+18,6.74641212857337
24,193,77,548000,1.5961536e+18,6.90875477931522
29,196,88,218000,1.5963264e+18,7.60140233458373
22,194,78,825000,1.5935616e+18,6.90875477931522
24,179,75,903000,1.6269984e+18,8.69968140098951
19,186,80,9e+05,1.5935616e+18,7.60140233458373
18,170,65,1600000,1.5778368e+18,6.21660610108486
27,172,66,534000,1.6094592e+18,6.21660610108486
18,187,73,1400000,1.5619392e+18,6.85751406254539
31,186,78,295000,1.5978816e+18,6.21660610108486
20,185,75,784000,1.630368e+18,6.90875477931522
18,181,70,1500000,1.5778368e+18,6.21660610108486
19,178,68,1200000,1.5935616e+18,6.74641212857337
19,172,67,1200000,1.59624e+18,7.60140233458373
23,185,71,536000,1.5982272e+18,7.60140233458373
18,184,72,1600000,1.5977088e+18,6.80350525760834
21,172,64,975000,1.5935616e+18,6.74641212857337
20,192,82,908000,1.599696e+18,6.90875477931522
19,188,77,1400000,1.5303168e+18,6.68586094706836
19,180,75,1300000,1.5935616e+18,8.29429960885724
19,184,80,1200000,1.6006464e+18,7.60140233458373
18,190,75,1200000,1.567296e+18,6.21660610108486
20,171,73,698000,1.5935616e+18,6.55250788703459
18,174,67,1200000,1.5463008e+18,6.55250788703459
29,172,70,385000,1.569888e+18,6.90875477931522
19,184,78,689000,1.6013376e+18,6.90875477931522
18,173,57,1300000,1.5619392e+18,8.00670084544037
28,182,79,319000,1.5743808e+18,6.90875477931522
21,188,75,831000,1.601856e+18,6.90875477931522
17,173,69,1200000,1.6104096e+18,6.21660610108486
16,190,80,1700000,1.5902784e+18,6.21660610108486
23,183,76,689000,1.604016e+18,6.55250788703459
18,181,76,1200000,1.5935616e+18,6.90875477931522
19,188,78,1100000,1.5778368e+18,6.21660610108486
21,191,84,1100000,1.6052256e+18,6.90875477931522
20,177,70,1500000,1.6190496e+18,6.21660610108486
19,172,65,1100000,1.5935616e+18,7.60140233458373
22,183,73,1100000,1.5463008e+18,6.21660610108486
22,170,65,725000,1.6041888e+18,6.68586094706836
18,173,73,1400000,1.5958944e+18,7.60140233458373
21,184,91,903000,1.5935616e+18,8.5173931714189
23,194,86,447000,1.630368e+18,7.60140233458373
19,180,58,1500000,1.5935616e+18,8.29429960885724
28,172,74,250000,1.5147648e+18,6.68586094706836
29,181,80,275000,1.5472512e+18,6.85751406254539
21,173,69,1200000,1.5935616e+18,6.21660610108486
19,180,78,1300000,1.5778368e+18,6.21660610108486
18,181,76,855000,1.5935616e+18,6.21660610108486
18,186,75,1300000,1.5644448e+18,7.60140233458373
19,182,72,1400000,1.5935616e+18,6.21660610108486
19,176,64,1500000,1.6097184e+18,8.5173931714189
21,183,76,1200000,1.6094592e+18,6.21660610108486
19,190,77,1600000,1.5935616e+18,8.00670084544037
17,177,68,2e+06,1.6095456e+18,6.85751406254539
17,193,80,1500000,1.6095456e+18,6.31173480915291
22,175,72,725000,1.6101504e+18,6.80350525760834
18,168,78,1200000,1.6104096e+18,6.39859493453521
18,177,65,1400000,1.6094592e+18,6.21660610108486
19,175,66,1200000,1.6094592e+18,6.21660610108486
20,180,79,1100000,1.594944e+18,6.80350525760834
17,180,73,1100000,1.5976224e+18,6.21660610108486
20,181,79,736000,1.6115328e+18,6.90875477931522
27,180,75,392000,1.6105824e+18,6.90875477931522
17,181,73,725000,1.6094592e+18,6.21660610108486
20,182,70,1400000,1.5778368e+18,6.21660610108486
18,180,76,1800000,1.6107552e+18,7.60140233458373
19,180,72,1300000,1.6015104e+18,8.29429960885724
19,175,70,1100000,1.5899328e+18,6.90875477931522
30,175,68,409000,1.6111008e+18,6.21660610108486
18,172,64,689000,1.6103232e+18,6.21660610108486
18,175,65,1500000,1.6094592e+18,6.21660610108486
18,168,72,1200000,1.6115328e+18,6.21660610108486
18,180,71,1400000,1.6094592e+18,6.21660610108486
20,176,67,1100000,1.6121376e+18,7.60140233458373
21,182,71,1100000,1.5831936e+18,7.60140233458373
19,178,70,1300000,1.6119648e+18,6.90875477931522
21,194,84,1e+06,1.6119648e+18,7.60140233458373
19,170,65,1400000,1.6116192e+18,6.90875477931522
20,183,75,1e+06,1.612224e+18,6.85751406254539
23,187,82,935000,1.6281216e+18,6.90875477931522
19,178,74,1100000,1.6034976e+18,6.90875477931522
19,170,60,1600000,1.6121376e+18,6.21660610108486
19,175,69,1200000,1.6094592e+18,6.21660610108486
21,185,76,808000,1.5778368e+18,7.60140233458373
23,173,72,512000,1.6134336e+18,6.90875477931522
19,184,72,814000,1.5961536e+18,6.21660610108486
18,180,73,2e+06,1.6253568e+18,8.00670084544037
18,188,74,1100000,1.6253568e+18,6.31173480915291
18,181,70,1300000,1.6142976e+18,8.29429960885724
18,178,68,1500000,1.5935616e+18,7.60140233458373
19,188,81,760000,1.5619392e+18,6.62140565176413
19,170,65,1100000,1.5147648e+18,6.21660610108486
22,175,77,850000,1.6149024e+18,6.90875477931522
20,179,72,765000,1.5983136e+18,6.90875477931522
22,185,80,940000,1.61136e+18,6.21660610108486
21,182,73,1100000,1.6150752e+18,6.21660610108486
17,173,67,1500000,1.614816e+18,6.21660610108486
20,180,62,1400000,1.6155936e+18,8.5173931714189
21,186,80,855000,1.62216e+18,6.90875477931522
20,184,79,1400000,1.6094592e+18,6.21660610108486
19,185,75,1100000,1.5619392e+18,7.60140233458373
18,173,68,1500000,1.6094592e+18,6.21660610108486
19,183,77,1300000,1.616112e+18,8.00670084544037
26,164,59,534000,1.6084224e+18,6.21660610108486
19,182,75,1400000,1.6161984e+18,7.60140233458373
20,175,63,1200000,1.6121376e+18,6.21660610108486
21,180,77,940000,1.6121376e+18,6.21660610108486
22,170,67,1100000,1.6094592e+18,6.21660610108486
19,175,67,1e+06,1.6094592e+18,6.21660610108486
22,192,85,9e+05,1.6174944e+18,8.29429960885724
22,175,75,765000,1.617408e+18,6.90875477931522
19,183,75,1400000,1.6250976e+18,7.60140233458373
20,187,76,723000,1.6250976e+18,6.90875477931522
26,175,76,612000,1.6190496e+18,6.21660610108486
21,175,74,1200000,1.5909696e+18,8.5173931714189
19,175,72,1200000,1.6094592e+18,6.21660610108486
22,185,86,553000,1.6184448e+18,6.90875477931522
20,180,73,999000,1.6094592e+18,6.21660610108486
18,162,49,1100000,1.5619392e+18,6.90875477931522
21,183,74,850000,1.5252192e+18,7.60140233458373
30,184,80,218000,1.4357088e+18,7.60140233458373
18,183,74,1100000,1.6211232e+18,6.21660610108486
22,181,75,736000,1.6186176e+18,7.60140233458373
20,182,82,765000,1.6188768e+18,7.60140233458373
20,167,70,975000,1.572912e+18,6.90875477931522
28,180,79,350000,1.5523488e+18,7.60140233458373
19,180,69,784000,1.5622848e+18,6.90875477931522
21,187,74,825000,1.5619392e+18,6.90875477931522
18,175,65,984000,1.5935616e+18,6.74641212857337
22,189,76,725000,1.6017696e+18,7.60140233458373
24,176,65,518000,1.4673312e+18,8.00670084544037
19,185,75,1200000,1.6229376e+18,6.21660610108486
20,181,75,784000,1.5935616e+18,6.31173480915291
20,174,74,825000,1.5619392e+18,6.47850964220857
21,185,75,775000,1.5977952e+18,6.90875477931522
26,181,81,356000,1.6262208e+18,6.90875477931522
25,182,76,504000,1.5978816e+18,6.85751406254539
23,188,83,502000,1.6250976e+18,6.90875477931522
20,184,83,825000,1.6250976e+18,6.62140565176413
28,178,75,290000,1.5304032e+18,6.21660610108486
26,187,79,366000,1.5153696e+18,6.21660610108486
21,188,75,825000,1.5619392e+18,6.21660610108486
20,178,70,775000,1.6250976e+18,6.90875477931522
19,186,84,765000,1.6250976e+18,6.90875477931522
19,185,71,1100000,1.6250976e+18,7.60140233458373
19,180,73,1100000,1.6250976e+18,7.60140233458373
23,180,70,743000,1.6250976e+18,6.55250788703459
20,185,79,963000,1.6250976e+18,6.90875477931522
18,176,70,1100000,1.6250976e+18,6.21660610108486
18,181,79,784000,1.6250976e+18,6.21660610108486
22,175,63,825000,1.6250976e+18,7.60140233458373
18,184,76,1600000,1.6250976e+18,6.21660610108486
18,191,78,1200000,1.5935616e+18,6.21660610108486
18,188,82,1200000,1.614384e+18,6.90875477931522
19,171,64,945000,1.6250976e+18,8.00670084544037
18,186,75,1400000,1.6250976e+18,6.85751406254539
19,191,88,1300000,1.6250976e+18,6.90875477931522
20,176,72,775000,1.6250976e+18,6.90875477931522
21,171,70,698000,1.597104e+18,6.47850964220857
21,175,69,736000,1.62432e+18,6.90875477931522
18,176,68,1200000,1.5935616e+18,6.31173480915291
18,187,80,1200000,1.6302816e+18,6.62140565176413
18,182,75,1300000,1.6262208e+18,6.62140565176413
20,185,75,878000,1.6250976e+18,6.90875477931522
18,176,64,1300000,1.6263072e+18,7.60140233458373
18,181,74,1300000,1.6263072e+18,7.60140233458373
22,177,70,578000,1.6263936e+18,6.90875477931522
28,188,80,350000,1.6250976e+18,7.60140233458373
19,180,70,808000,1.6250976e+18,6.90875477931522
18,191,76,1200000,1.6250976e+18,6.21660610108486
21,190,83,850000,1.4988672e+18,7.60140233458373
21,180,71,975000,1.6250976e+18,6.90875477931522
19,180,71,926000,1.6263936e+18,6.47850964220857
20,181,72,1100000,1.62648e+18,6.90875477931522
19,182,72,1100000,1.625184e+18,8.5173931714189
21,187,85,736000,1.6268256e+18,6.31173480915291
27,180,74,480000,1.6250976e+18,7.60140233458373
21,182,73,1200000,1.6255296e+18,6.90875477931522
18,178,68,950000,1.6270848e+18,6.21660610108486
28,191,83,320000,1.4673312e+18,6.21660610108486
21,188,81,831000,1.6250976e+18,7.60140233458373
24,186,81,503000,1.6250976e+18,8.00670084544037
20,175,55,1200000,1.6250976e+18,7.60140233458373
21,173,63,950000,1.6250976e+18,7.60140233458373
17,185,70,1100000,1.6250976e+18,6.21660610108486
21,173,66,736000,1.6261344e+18,6.31173480915291
20,181,68,990000,1.6271712e+18,8.69968140098951
19,192,78,914000,1.5304032e+18,6.62140565176413
18,172,64,1200000,1.627776e+18,7.60140233458373
18,192,80,1300000,1.6250976e+18,7.60140233458373
21,178,76,689000,1.627776e+18,6.31173480915291
22,180,71,1e+06,1.6250976e+18,7.60140233458373
18,186,74,1400000,1.6055712e+18,6.90875477931522
19,185,74,1200000,1.6250976e+18,6.90875477931522
18,182,75,788000,1.6257888e+18,6.21660610108486
18,180,81,1700000,1.6250976e+18,7.60140233458373
24,193,85,548000,1.6250976e+18,7.60140233458373
24,175,70,543000,1.6285536e+18,6.90875477931522
19,175,65,1100000,1.5571872e+18,6.80350525760834
22,181,70,831000,1.625616e+18,6.80350525760834
21,180,75,963000,1.6105824e+18,6.90875477931522
19,187,83,950000,1.6288992e+18,7.60140233458373
18,188,86,1300000,1.6288992e+18,6.90875477931522
20,178,74,875000,1.6250976e+18,6.90875477931522
20,181,78,784000,1.6289856e+18,6.90875477931522
18,171,65,1400000,1.6289856e+18,6.90875477931522
18,175,71,1400000,1.6289856e+18,7.60140233458373
21,195,85,990000,1.5619392e+18,6.90875477931522
20,182,72,1500000,1.6172352e+18,6.21660610108486
19,179,70,1400000,1.6250976e+18,8.00670084544037
22,182,75,9e+05,1.6250976e+18,6.90875477931522
22,180,75,9e+05,1.6250976e+18,6.90875477931522
23,178,73,1e+06,1.6250976e+18,7.60140233458373
18,188,79,1300000,1.6288992e+18,6.90875477931522
19,175,70,698000,1.6094592e+18,6.21660610108486
19,177,77,736000,1.6094592e+18,6.21660610108486
19,181,77,1500000,1.5463008e+18,6.21660610108486
19,189,82,698000,1.5778368e+18,6.21660610108486
19,177,75,736000,1.5778368e+18,6.21660610108486
18,185,82,988000,1.5778368e+18,6.21660610108486
19,182,80,736000,1.5463008e+18,6.21660610108486
18,179,75,1500000,1.5778368e+18,6.21660610108486
18,174,64,1300000,1.6250976e+18,6.68586094706836
36,194,97,39000,1.582848e+18,6.90875477931522
35,180,70,93000,1.48392e+18,7.60140233458373
36,186,75,70000,1.5175296e+18,7.60140233458373
34,184,76,44000,1.4836608e+18,6.47850964220857
34,187,80,44000,1.4524704e+18,6.62140565176413
34,183,80,47000,1.5652224e+18,6.21660610108486
29,183,71,279000,1.619136e+18,6.21660610108486
30,190,98,264000,1.5787872e+18,6.21660610108486
31,185,86,171000,1.5561504e+18,6.21660610108486
29,178,76,310000,1.5120864e+18,6.31173480915291
31,179,77,218000,1.5304032e+18,6.21660610108486
32,182,88,163000,1.4522112e+18,6.47850964220857
27,193,88,423000,1.4988672e+18,6.21660610108486
26,179,69,341000,1.608336e+18,6.21660610108486
33,187,84,88000,1.483488e+18,6.90875477931522
25,173,64,502000,1.567296e+18,7.60140233458373
26,196,91,383000,1.6278624e+18,6.90875477931522
29,191,86,242000,1.5304032e+18,6.39859493453521
31,183,71,264000,1.4832288e+18,8.00670084544037
24,180,85,502000,1.6280352e+18,7.60140233458373
30,175,74,264000,1.325376e+18,7.60140233458373
25,179,71,390000,1.4516064e+18,6.21660610108486
32,178,72,248000,1.4832288e+18,8.00670084544037
27,185,73,341000,1.6171488e+18,7.60140233458373
27,183,78,341000,1.5512256e+18,7.60140233458373
27,176,70,299000,1.6249248e+18,6.21660610108486
31,172,71,264000,1.48824e+18,7.60140233458373
23,185,77,820000,1.6250976e+18,6.90875477931522
26,189,88,397000,1.5643584e+18,7.60140233458373
26,171,57,414000,1.601856e+18,8.00670084544037
24,198,90,331000,1.628208e+18,6.21660610108486
39,173,70,109000,1.3582944e+18,6.90875477931522
23,182,69,7e+05,1.5343776e+18,6.21660610108486
33,178,75,155000,1.6007328e+18,7.60140233458373
24,178,68,656000,1.593648e+18,6.21660610108486
24,172,68,447000,1.6067808e+18,6.21660610108486
25,181,71,364000,1.5516576e+18,6.55250788703459
27,174,68,305000,1.4200704e+18,6.90875477931522
27,179,66,297000,1.5972768e+18,6.21660610108486
22,186,82,743000,1.6250976e+18,7.60140233458373
22,185,74,780000,1.4572224e+18,6.90875477931522
24,190,80,502000,1.5298848e+18,7.60140233458373
25,184,78,713000,1.6269984e+18,7.60140233458373
24,190,83,9e+05,1.6255296e+18,6.21660610108486
28,168,63,279000,1.5821568e+18,7.60140233458373
23,181,81,398000,1.4962752e+18,6.21660610108486
23,187,72,820000,1.5994368e+18,8.69968140098951
23,182,71,580000,1.451952e+18,6.90875477931522
21,181,80,945000,1.5311808e+18,8.5173931714189
22,178,71,878000,1.4514336e+18,8.00670084544037
28,184,83,278000,1.551312e+18,6.90875477931522
24,180,80,580000,1.6112736e+18,6.47850964220857
23,185,84,550000,1.579824e+18,7.60140233458373
23,182,78,620000,1.630368e+18,6.21660610108486
21,176,70,725000,1.55304e+18,6.21660610108486
22,183,77,829000,1.626048e+18,7.60140233458373
24,179,70,428000,1.566864e+18,6.21660610108486
23,171,64,760000,1.5329952e+18,8.5173931714189
25,184,78,374000,1.6133472e+18,6.21660610108486
24,188,75,668000,1.5619392e+18,6.21660610108486
22,174,63,659000,1.6123104e+18,6.21660610108486
23,169,60,740000,1.6297632e+18,7.60140233458373
26,188,77,292000,1.3569984e+18,6.74641212857337
21,181,74,1100000,1.6257024e+18,8.29429960885724
23,188,77,580000,1.5457824e+18,6.74641212857337
22,178,70,808000,1.6015968e+18,8.29429960885724
21,182,84,810000,1.4988672e+18,8.00670084544037
22,180,77,660000,1.4988672e+18,6.68586094706836
22,168,62,833000,1.6250976e+18,6.90875477931522
20,192,79,619000,1.4988672e+18,6.21660610108486
24,196,96,419000,1.4918688e+18,7.60140233458373
24,180,75,406000,1.4685408e+18,7.60140233458373
21,174,70,990000,1.4991264e+18,8.69968140098951
24,179,85,435000,1.5015456e+18,6.90875477931522
23,185,79,659000,1.4998176e+18,6.90875477931522
22,180,80,653000,1.626048e+18,7.60140233458373
21,193,78,878000,1.6281216e+18,7.60140233458373
23,185,80,743000,1.6250976e+18,6.21660610108486
23,174,70,786000,1.5660864e+18,7.60140233458373
22,176,80,780000,1.612224e+18,7.60140233458373
22,173,70,829000,1.602288e+18,7.60140233458373
22,184,70,653000,1.6105824e+18,6.85751406254539
24,187,88,744000,1.5499296e+18,6.90875477931522
23,175,66,525000,1.6075584e+18,6.21660610108486
22,195,75,786000,1.6284672e+18,8.00670084544037
23,185,76,788000,1.6291584e+18,6.55250788703459
23,178,65,518000,1.4974848e+18,8.00670084544037
21,172,64,1100000,1.4988672e+18,7.60140233458373
23,170,60,740000,1.5147648e+18,8.29429960885724
24,184,75,435000,1.5147648e+18,6.68586094706836
20,188,75,891000,1.5169248e+18,6.90875477931522
29,188,77,210000,1.6308864e+18,6.90875477931522
26,196,93,347000,1.610064e+18,6.90875477931522
22,183,78,701000,1.5194304e+18,7.60140233458373
21,195,81,829000,1.6278624e+18,6.90875477931522
20,170,64,935000,1.5991776e+18,8.5173931714189
21,183,70,829000,1.6002144e+18,6.90875477931522
21,183,70,829000,1.5619392e+18,7.60140233458373
25,174,70,331000,1.610496e+18,6.85751406254539
20,185,70,619000,1.59408e+18,6.90875477931522
21,186,75,975000,1.6269984e+18,7.60140233458373
22,191,83,945000,1.4988672e+18,8.5173931714189
20,194,81,544000,1.6021152e+18,6.21660610108486
19,185,82,988000,1.5129504e+18,6.62140565176413
22,186,82,8e+05,1.5304032e+18,7.60140233458373
19,175,68,984000,1.6121376e+18,6.31173480915291
23,168,62,855000,1.6252704e+18,7.60140233458373
20,175,65,743000,1.5325632e+18,7.60140233458373
20,180,70,926000,1.5257376e+18,6.90875477931522
25,189,78,318000,1.53144e+18,6.90875477931522
25,186,87,414000,1.5050016e+18,8.00670084544037
22,175,66,698000,1.6117056e+18,6.55250788703459
24,177,73,780000,1.5337728e+18,6.21660610108486
22,181,75,698000,1.6052256e+18,7.60140233458373
22,174,66,698000,1.5107904e+18,6.90875477931522
21,184,69,1100000,1.5266016e+18,8.5173931714189
22,175,70,808000,1.53144e+18,8.5173931714189
20,183,85,1100000,1.563408e+18,6.55250788703459
19,178,70,1100000,1.595808e+18,6.80350525760834
21,180,72,1300000,1.5622848e+18,9.21044036697652
20,173,68,1100000,1.530576e+18,7.60140233458373
20,192,88,544000,1.5402528e+18,6.90875477931522
20,177,78,1e+06,1.626912e+18,8.5173931714189
21,189,81,891000,1.5783552e+18,6.85751406254539
19,175,70,1300000,1.4988672e+18,8.69968140098951
21,184,79,829000,1.543536e+18,6.80350525760834
21,170,67,653000,1.544832e+18,6.90875477931522
20,173,70,825000,1.5935616e+18,6.47850964220857
22,197,82,580000,1.5472512e+18,6.74641212857337
23,194,79,7e+05,1.5488928e+18,7.60140233458373
20,187,79,616000,1.5463008e+18,6.62140565176413
31,190,77,171000,1.55088e+18,6.90875477931522
20,189,77,581000,1.5535584e+18,6.21660610108486
20,187,83,616000,1.57464e+18,6.21660610108486
26,182,78,288000,1.607904e+18,6.47850964220857
25,188,78,392000,1.5983136e+18,6.47850964220857
30,178,73,243000,1.6255296e+18,6.39859493453521
26,174,64,356000,1.5600384e+18,6.39859493453521
21,178,72,878000,1.5619392e+18,8.00670084544037
22,178,72,786000,1.6125696e+18,8.00670084544037
20,180,70,1300000,1.6016832e+18,8.8538082749772
20,178,69,1e+06,1.6250976e+18,6.90875477931522
18,178,72,988000,1.6242336e+18,6.21660610108486
19,172,70,1400000,1.538352e+18,6.90875477931522
24,185,75,488000,1.4673312e+18,6.39859493453521
22,189,78,786000,1.6022016e+18,7.60140233458373
22,186,78,999000,1.6121376e+18,6.21660610108486
20,175,70,1200000,1.5169248e+18,8.00670084544037
23,190,80,7e+05,1.5619392e+18,7.60140233458373
21,190,75,990000,1.5614208e+18,6.90875477931522
20,198,86,1200000,1.5614208e+18,8.00670084544037
20,171,64,1300000,1.5619392e+18,8.5173931714189
20,195,85,656000,1.5619392e+18,6.85751406254539
20,201,83,1200000,1.5619392e+18,8.00670084544037
23,181,73,715000,1.5354144e+18,7.60140233458373
20,176,69,659000,1.6250976e+18,6.85751406254539
19,178,71,938000,1.5619392e+18,6.90875477931522
19,175,69,1200000,1.554336e+18,6.90875477931522
20,188,75,1200000,1.5513984e+18,6.68586094706836
21,188,84,878000,1.5304032e+18,6.62140565176413
19,186,77,934000,1.5644448e+18,6.85751406254539
18,192,82,790000,1.5519168e+18,6.21660610108486
21,172,68,659000,1.5647904e+18,6.90875477931522
21,180,71,743000,1.5619392e+18,6.62140565176413
22,174,69,435000,1.5783552e+18,6.55250788703459
24,178,74,548000,1.6250976e+18,7.60140233458373
20,179,72,1200000,1.5660864e+18,7.60140233458373
32,186,79,165000,1.599696e+18,7.60140233458373
21,180,75,950000,1.5633216e+18,8.5173931714189
18,172,65,1300000,1.5808608e+18,6.21660610108486
24,179,72,612000,1.5818976e+18,6.21660610108486
22,189,90,653000,1.568592e+18,6.74641212857337
24,188,92,660000,1.4673312e+18,6.31173480915291
21,200,93,743000,1.6250976e+18,6.31173480915291
21,182,71,743000,1.5676416e+18,7.60140233458373
20,174,70,1200000,1.569456e+18,8.00670084544037
25,183,76,646000,1.6106688e+18,6.21660610108486
18,180,72,1600000,1.5723936e+18,8.29429960885724
19,179,68,1300000,1.5725664e+18,6.90875477931522
20,170,60,619000,1.5761088e+18,6.80350525760834
25,178,72,612000,1.5463008e+18,6.21660610108486
19,181,78,1300000,1.5935616e+18,8.29429960885724
21,189,83,891000,1.578096e+18,6.62140565176413
24,175,71,780000,1.5782688e+18,8.00670084544037
20,180,68,725000,1.546992e+18,6.90875477931522
19,164,61,653000,1.546992e+18,6.90875477931522
23,168,67,1100000,1.5786144e+18,6.21660610108486
19,181,70,914000,1.57896e+18,6.90875477931522
17,171,72,1e+06,1.5792192e+18,6.21660610108486
20,180,68,878000,1.5499296e+18,6.90875477931522
20,178,70,736000,1.5795648e+18,6.90875477931522
23,177,77,544000,1.5795648e+18,6.55250788703459
17,175,63,1600000,1.5797376e+18,6.21660610108486
22,169,69,569000,1.6166304e+18,6.39859493453521
19,181,68,1500000,1.5778368e+18,6.80350525760834
20,170,66,1100000,1.5799104e+18,6.90875477931522
19,173,65,1500000,1.5463008e+18,6.21660610108486
20,173,63,963000,1.578096e+18,6.90875477931522
19,178,70,1200000,1.6250976e+18,8.00670084544037
22,190,86,508000,1.4832288e+18,6.31173480915291
19,178,63,1100000,1.6094592e+18,6.21660610108486
22,188,71,743000,1.5984864e+18,6.62140565176413
19,173,67,1300000,1.5147648e+18,6.21660610108486
26,188,83,467000,1.5463008e+18,6.21660610108486
19,173,63,1300000,1.5778368e+18,6.21660610108486
17,186,89,938000,1.58112e+18,6.21660610108486
20,176,67,616000,1.5805152e+18,6.90875477931522
20,193,87,1e+06,1.5770592e+18,6.74641212857337
24,182,74,780000,1.6231968e+18,7.60140233458373
20,192,89,1200000,1.5778368e+18,6.21660610108486
20,175,65,975000,1.610064e+18,6.90875477931522
19,180,80,881000,1.5778368e+18,6.21660610108486
23,178,73,553000,1.5822432e+18,6.90875477931522
19,175,65,1e+06,1.6094592e+18,6.21660610108486
20,174,70,1200000,1.5805152e+18,6.21660610108486
19,181,65,1300000,1.5463008e+18,6.21660610108486
21,172,74,855000,1.597104e+18,8.00670084544037
20,174,73,825000,1.5666048e+18,7.60140233458373
18,187,75,1800000,1.5838848e+18,8.00670084544037
20,186,75,923000,1.5304032e+18,8.29429960885724
18,175,70,962000,1.5778368e+18,6.80350525760834
19,181,77,743000,1.5903648e+18,6.74641212857337
22,183,77,435000,1.6121376e+18,7.60140233458373
19,186,85,984000,1.5757632e+18,6.90875477931522
19,183,72,1100000,1.5304032e+18,7.60140233458373
20,177,70,1100000,1.5920064e+18,7.60140233458373
19,180,70,855000,1.5926976e+18,7.60140233458373
21,189,83,7e+05,1.5935616e+18,7.60140233458373
23,168,65,563000,1.5805152e+18,7.60140233458373
20,190,85,765000,1.5935616e+18,6.90875477931522
17,183,73,1400000,1.6115328e+18,6.21660610108486
25,183,72,392000,1.6262208e+18,6.90875477931522
18,184,75,830000,1.5719616e+18,6.21660610108486
18,177,70,938000,1.5952032e+18,6.31173480915291
21,186,79,7e+05,1.595808e+18,6.85751406254539
21,177,70,653000,1.5727392e+18,7.60140233458373
32,181,78,216000,1.5935616e+18,6.90875477931522
19,183,73,1e+06,1.59624e+18,7.60140233458373
18,180,80,934000,1.59624e+18,6.47850964220857
18,179,74,1100000,1.6077312e+18,6.21660610108486
19,168,71,1100000,1.5593472e+18,6.47850964220857
20,179,75,1e+06,1.5619392e+18,7.60140233458373
18,184,73,1200000,1.597536e+18,7.60140233458373
22,185,82,680000,1.5976224e+18,6.74641212857337
18,187,78,1600000,1.5619392e+18,6.90875477931522
20,182,70,950000,1.59624e+18,6.62140565176413
18,184,74,1100000,1.595376e+18,6.74641212857337
19,179,67,1100000,1.595376e+18,7.60140233458373
23,185,74,9e+05,1.5804288e+18,6.90875477931522
20,192,83,765000,1.5965856e+18,6.90875477931522
18,197,83,1100000,1.5935616e+18,6.21660610108486
18,172,65,1400000,1.5996096e+18,6.90875477931522
19,185,74,891000,1.5996096e+18,6.85751406254539
20,182,71,701000,1.59624e+18,6.90875477931522
18,180,70,1200000,1.5989184e+18,6.21660610108486
20,182,83,701000,1.5977088e+18,6.90875477931522
20,176,76,1200000,1.5958944e+18,6.85751406254539
17,170,72,1600000,1.5935616e+18,6.47850964220857
19,195,80,979000,1.629936e+18,6.90875477931522
19,186,71,1300000,1.5934752e+18,8.69968140098951
19,180,70,1300000,1.5619392e+18,8.29429960885724
20,177,70,9e+05,1.625184e+18,6.74641212857337
19,188,72,698000,1.5778368e+18,6.31173480915291
19,192,80,1200000,1.5619392e+18,6.74641212857337
17,165,62,1e+06,1.5700608e+18,6.21660610108486
19,166,56,1100000,1.6012512e+18,6.90875477931522
19,187,81,1e+06,1.5990048e+18,6.21660610108486
22,172,65,743000,1.6250976e+18,7.60140233458373
20,186,78,956000,1.6016832e+18,6.90875477931522
20,188,72,829000,1.6016832e+18,6.62140565176413
20,187,77,934000,1.601856e+18,6.85751406254539
20,191,79,850000,1.625616e+18,6.62140565176413
20,189,86,946000,1.5989184e+18,6.80350525760834
21,190,80,701000,1.5834528e+18,6.80350525760834
23,175,68,653000,1.6024608e+18,6.85751406254539
24,178,68,694000,1.600992e+18,8.00670084544037
19,176,72,1100000,1.5954624e+18,6.21660610108486
21,182,73,765000,1.603584e+18,8.5173931714189
19,179,69,1500000,1.6167168e+18,6.21660610108486
18,187,72,784000,1.605312e+18,6.47850964220857
18,183,67,1100000,1.6060032e+18,6.47850964220857
18,176,66,1800000,1.5619392e+18,6.21660610108486
19,178,72,689000,1.6060032e+18,6.90875477931522
23,164,67,653000,1.6041888e+18,6.68586094706836
17,180,72,1100000,1.6071264e+18,6.21660610108486
28,187,80,252000,1.5631488e+18,6.31173480915291
24,186,81,471000,1.5778368e+18,6.55250788703459
20,193,80,882000,1.6094592e+18,6.47850964220857
18,181,72,1300000,1.6067808e+18,6.90875477931522
20,185,80,924000,1.5463008e+18,6.21660610108486
22,176,73,999000,1.6094592e+18,6.21660610108486
20,183,79,765000,1.6080768e+18,6.90875477931522
17,192,78,1100000,1.6097184e+18,6.80350525760834
22,190,87,544000,1.6094592e+18,6.47850964220857
22,177,67,659000,1.6115328e+18,6.90875477931522
20,184,79,544000,1.5489792e+18,6.21660610108486
37,186,81,31000,1.6101504e+18,6.80350525760834
24,188,78,331000,1.6101504e+18,6.31173480915291
22,180,76,694000,1.6094592e+18,6.90875477931522
19,186,75,743000,1.5619392e+18,6.74641212857337
19,179,63,1300000,1.610496e+18,6.21660610108486
28,169,62,452000,1.6095456e+18,6.21660610108486
17,170,60,1100000,1.5977952e+18,6.21660610108486
21,188,82,850000,1.6105824e+18,6.90875477931522
21,185,73,616000,1.6094592e+18,6.55250788703459
19,173,66,1e+06,1.6110144e+18,6.68586094706836
25,176,75,364000,1.6110144e+18,6.74641212857337
19,178,70,998000,1.5935616e+18,6.90875477931522
20,173,68,1300000,1.6094592e+18,6.21660610108486
19,173,68,1400000,1.6119648e+18,6.90875477931522
18,188,80,1200000,1.6080768e+18,6.90875477931522
18,177,65,1300000,1.5800832e+18,8.00670084544037
19,175,67,938000,1.6123104e+18,6.47850964220857
20,177,72,1200000,1.6127424e+18,8.5173931714189
27,192,87,318000,1.6094592e+18,6.68586094706836
19,172,67,1200000,1.5998688e+18,6.62140565176413
23,183,79,653000,1.6127424e+18,6.68586094706836
23,188,82,701000,1.61352e+18,6.90875477931522
20,175,68,1e+06,1.6111872e+18,6.90875477931522
22,179,76,999000,1.6104096e+18,6.21660610108486
19,186,78,743000,1.6144704e+18,6.21660610108486
20,188,68,829000,1.6094592e+18,6.80350525760834
18,180,70,1100000,1.5989184e+18,6.90875477931522
18,161,63,1400000,1.5778368e+18,6.21660610108486
19,178,88,1100000,1.6094592e+18,6.90875477931522
18,186,90,934000,1.6250976e+18,6.21660610108486
20,185,72,725000,1.615248e+18,6.55250788703459
17,185,81,1100000,1.614816e+18,6.21660610108486
20,176,66,808000,1.6094592e+18,7.60140233458373
20,165,62,1100000,1.6094592e+18,6.21660610108486
18,168,63,1200000,1.5617664e+18,6.21660610108486
18,170,64,1400000,1.5778368e+18,6.21660610108486
19,185,72,1100000,1.6124832e+18,6.90875477931522
20,175,70,1100000,1.6094592e+18,6.21660610108486
22,165,63,1100000,1.6094592e+18,6.21660610108486
19,180,75,1e+06,1.6094592e+18,6.31173480915291
19,177,65,1100000,1.5778368e+18,6.21660610108486
21,170,62,653000,1.5225408e+18,7.60140233458373
28,185,73,326000,1.6151616e+18,8.00670084544037
20,184,78,731000,1.6269984e+18,6.68586094706836
23,178,82,764000,1.6190496e+18,6.21660610108486
21,185,77,723000,1.61784e+18,6.80350525760834
17,195,82,1100000,1.6168032e+18,6.21660610108486
20,170,65,1200000,1.6177536e+18,6.90875477931522
20,175,67,1100000,1.6094592e+18,6.21660610108486
21,180,75,938000,1.5935616e+18,6.80350525760834
21,178,75,646000,1.6111008e+18,6.21660610108486
20,183,68,1100000,1.5463008e+18,6.21660610108486
20,178,73,825000,1.6198272e+18,7.60140233458373
19,185,79,891000,1.6121376e+18,6.21660610108486
20,193,75,1100000,1.5540768e+18,8.5173931714189
18,180,66,956000,1.605744e+18,6.55250788703459
19,182,75,1100000,1.5935616e+18,6.68586094706836
22,177,63,833000,1.6015104e+18,8.00670084544037
21,185,75,653000,1.6207776e+18,6.47850964220857
33,172,74,228000,1.4988672e+18,7.60140233458373
20,184,75,701000,1.5619392e+18,6.90875477931522
28,180,77,242000,1.51632e+18,6.90875477931522
32,182,78,176000,1.600992e+18,6.90875477931522
21,185,81,979000,1.6118784e+18,6.47850964220857
18,176,73,1400000,1.5406848e+18,6.21660610108486
20,180,74,743000,1.5935616e+18,6.39859493453521
22,190,80,660000,1.6250976e+18,6.90875477931522
18,178,70,1300000,1.6232832e+18,6.90875477931522
21,181,71,743000,1.5947712e+18,6.47850964220857
19,190,84,659000,1.6250976e+18,6.21660610108486
19,186,79,743000,1.5935616e+18,6.21660610108486
21,178,68,701000,1.5619392e+18,6.31173480915291
22,185,69,698000,1.4859072e+18,6.74641212857337
25,192,81,342000,1.5967584e+18,6.90875477931522
23,180,75,428000,1.5974496e+18,6.90875477931522
19,184,79,934000,1.6250976e+18,6.21660610108486
19,187,70,825000,1.6225056e+18,6.90875477931522
18,188,70,1e+06,1.6238016e+18,7.60140233458373
19,180,70,1500000,1.5778368e+18,6.21660610108486
38,195,90,36000,1.5304032e+18,6.21660610108486
21,191,79,723000,1.6215552e+18,6.80350525760834
28,182,73,243000,1.5278112e+18,6.74641212857337
20,183,77,675000,1.6244064e+18,6.74641212857337
19,180,71,889000,1.6250976e+18,6.74641212857337
19,188,77,934000,1.624752e+18,6.47850964220857
18,174,67,986000,1.6250976e+18,6.21660610108486
19,175,68,784000,1.6250976e+18,6.21660610108486
18,178,68,1200000,1.6250976e+18,6.85751406254539
20,172,70,1100000,1.4516064e+18,6.21660610108486
17,179,75,934000,1.6250976e+18,6.21660610108486
23,168,65,488000,1.6250976e+18,6.90875477931522
16,180,70,1e+06,1.5939936e+18,6.39859493453521
18,179,67,1200000,1.6257024e+18,8.00670084544037
18,195,80,1100000,1.6257888e+18,6.21660610108486
24,182,70,392000,1.6250976e+18,6.90875477931522
21,176,67,698000,1.5935616e+18,6.68586094706836
17,185,67,938000,1.59624e+18,6.21660610108486
18,190,82,1e+06,1.6250976e+18,6.55250788703459
28,186,82,284000,1.6246656e+18,6.90875477931522
18,194,80,1200000,1.625184e+18,7.60140233458373
17,178,68,1200000,1.5935616e+18,6.21660610108486
21,173,73,465000,1.5941664e+18,6.31173480915291
21,171,65,659000,1.6250976e+18,6.90875477931522
20,178,75,878000,1.6250976e+18,6.90875477931522
18,178,62,1100000,1.6263072e+18,7.60140233458373
19,183,70,784000,1.6250976e+18,6.74641212857337
21,176,61,9e+05,1.6250976e+18,6.90875477931522
17,175,60,934000,1.6250976e+18,6.21660610108486
18,188,75,986000,1.6250976e+18,6.90875477931522
20,180,70,701000,1.6250976e+18,7.60140233458373
18,175,70,1100000,1.6250976e+18,6.21660610108486
21,187,82,653000,1.6254432e+18,6.90875477931522
18,191,78,956000,1.6250976e+18,6.21660610108486
20,181,70,619000,1.6250976e+18,6.90875477931522
22,183,82,829000,1.6266528e+18,6.90875477931522
21,189,79,1e+06,1.5619392e+18,6.21660610108486
17,185,72,1300000,1.6261344e+18,6.68586094706836
17,186,74,979000,1.6250976e+18,6.21660610108486
20,180,75,495000,1.567296e+18,6.21660610108486
22,191,80,829000,1.6262208e+18,6.90875477931522
22,176,71,698000,1.6269984e+18,7.60140233458373
18,185,75,938000,1.626912e+18,6.21660610108486
23,173,67,780000,1.6257024e+18,6.90875477931522
23,188,88,569000,1.4988672e+18,6.47850964220857
17,186,79,986000,1.6250976e+18,6.21660610108486
22,190,80,585000,1.627344e+18,6.74641212857337
18,183,74,844000,1.5386112e+18,6.21660610108486
21,182,74,878000,1.5460416e+18,6.90875477931522
26,177,75,275000,1.6276896e+18,6.80350525760834
18,168,67,1200000,1.6280352e+18,6.85751406254539
20,185,69,829000,1.6281216e+18,6.80350525760834
21,180,70,810000,1.627776e+18,8.5173931714189
22,190,82,616000,1.6281216e+18,7.60140233458373
24,175,68,723000,1.6280352e+18,6.90875477931522
21,183,70,653000,1.6280352e+18,6.39859493453521
21,187,80,935000,1.6120512e+18,7.60140233458373
18,173,65,984000,1.6278624e+18,6.21660610108486
28,178,71,297000,1.612656e+18,8.00670084544037
18,165,65,1e+06,1.6094592e+18,6.21660610108486
20,178,70,743000,1.6199136e+18,6.90875477931522
19,178,73,1300000,1.59624e+18,7.60140233458373
19,174,70,1300000,1.59624e+18,7.60140233458373
20,179,76,808000,1.6250976e+18,6.90875477931522
17,170,64,1200000,1.5935616e+18,6.21660610108486
23,192,85,616000,1.62864e+18,6.62140565176413
17,177,73,1900000,1.6272576e+18,6.90875477931522
21,186,75,659000,1.627776e+18,6.68586094706836
20,184,76,713000,1.5619392e+18,6.90875477931522
22,180,75,9e+05,1.6250976e+18,6.90875477931522
17,183,70,1700000,1.6104096e+18,6.21660610108486
18,190,74,850000,1.6239744e+18,6.21660610108486
17,175,70,1e+06,1.6289856e+18,6.21660610108486
20,185,76,850000,1.629504e+18,7.60140233458373
19,175,73,1300000,1.6250976e+18,8.00670084544037
18,171,67,1100000,1.6250976e+18,6.39859493453521
19,186,75,855000,1.6301088e+18,7.60140233458373
17,193,82,911000,1.5935616e+18,6.21660610108486
16,175,68,1200000,1.6297632e+18,6.21660610108486
19,180,75,1200000,1.6250976e+18,6.90875477931522
19,192,80,1e+06,1.626048e+18,6.74641212857337
20,186,73,616000,1.629504e+18,6.90875477931522
18,168,60,1200000,1.6294176e+18,6.90875477931522
17,178,66,988000,1.6094592e+18,6.21660610108486
19,171,68,698000,1.6094592e+18,6.21660610108486
18,176,72,889000,1.6094592e+18,6.21660610108486
17,187,83,2e+06,1.5778368e+18,6.21660610108486
18,163,58,988000,1.5463008e+18,6.21660610108486
17,185,82,1700000,1.5778368e+18,6.21660610108486
18,172,69,1300000,1.5778368e+18,6.21660610108486
17,182,72,1700000,1.6094592e+18,6.21660610108486
19,176,65,1100000,1.5778368e+18,6.21660610108486
37,188,76,31000,1.6136064e+18,6.21660610108486
30,178,77,189000,1.6041888e+18,6.21660610108486
35,178,67,78000,1.6170624e+18,7.60140233458373
31,196,80,158000,1.5619392e+18,6.90875477931522
39,188,86,31000,1.625184e+18,6.21660610108486
34,182,74,41000,1.59624e+18,6.21660610108486
32,184,82,202000,1.6075584e+18,6.21660610108486
29,177,76,248000,1.5771456e+18,6.21660610108486
29,183,79,2e+05,1.610064e+18,6.62140565176413
26,183,71,329000,1.5021504e+18,7.60140233458373
28,191,85,217000,1.5748992e+18,6.21660610108486
30,170,63,264000,1.6127424e+18,8.29429960885724
25,178,70,438000,1.6263936e+18,7.60140233458373
29,175,66,2e+05,1.6110144e+18,6.90875477931522
29,197,90,218000,1.4364864e+18,8.00670084544037
31,187,76,171000,1.4832288e+18,7.60140233458373
24,180,65,456000,1.5633216e+18,7.60140233458373
28,177,64,248000,1.5196896e+18,7.60140233458373
25,171,71,325000,1.3753152e+18,6.21660610108486
26,184,75,276000,1.6219008e+18,7.60140233458373
28,177,73,264000,1.6170624e+18,7.60140233458373
25,175,75,390000,1.5955488e+18,6.39859493453521
25,182,75,358000,1.4370048e+18,7.60140233458373
22,176,73,504000,1.4673312e+18,6.21660610108486
31,187,81,140000,1.4561856e+18,7.60140233458373
28,185,83,211000,1.5463008e+18,6.21660610108486
28,185,70,248000,1.6188768e+18,7.60140233458373
28,174,65,248000,1.519776e+18,7.60140233458373
30,170,68,189000,1.5998688e+18,6.21660610108486
26,181,75,305000,1.626048e+18,7.60140233458373
23,186,74,536000,1.6279488e+18,6.90875477931522
23,188,91,553000,1.4470272e+18,6.74641212857337
27,183,76,225000,1.5933888e+18,6.90875477931522
24,178,65,331000,1.6294176e+18,6.21660610108486
30,185,74,248000,1.5998688e+18,8.00670084544037
23,165,66,648000,1.5666912e+18,7.60140233458373
24,187,74,265000,1.4516064e+18,6.90875477931522
40,185,78,26000,1.6101504e+18,6.80350525760834
23,176,68,788000,1.6294176e+18,8.29429960885724
29,183,82,186000,1.4853024e+18,6.55250788703459
25,170,66,314000,1.4053824e+18,6.21660610108486
26,178,61,305000,1.6094592e+18,6.90875477931522
25,188,72,370000,1.6288992e+18,6.90875477931522
23,175,67,438000,1.519776e+18,7.60140233458373
23,178,77,456000,1.5991776e+18,7.60140233458373
23,180,64,581000,1.4357088e+18,6.39859493453521
30,172,65,189000,1.603152e+18,6.21660610108486
24,183,70,585000,1.6261344e+18,6.90875477931522
24,175,71,463000,1.4673312e+18,8.5173931714189
24,183,70,397000,1.6248384e+18,8.00670084544037
24,175,74,555000,1.3726368e+18,8.29429960885724
22,180,75,731000,1.6254432e+18,7.60140233458373
24,194,91,553000,1.5198624e+18,6.74641212857337
21,172,75,731000,1.59624e+18,7.60140233458373
22,191,79,613000,1.6094592e+18,6.21660610108486
21,183,78,731000,1.610496e+18,7.60140233458373
21,175,67,891000,1.6254432e+18,6.55250788703459
22,173,67,613000,1.6293312e+18,6.31173480915291
21,172,63,544000,1.5316992e+18,7.60140233458373
21,190,80,750000,1.4883264e+18,6.47850964220857
22,175,61,731000,1.4937696e+18,7.60140233458373
22,173,68,580000,1.630368e+18,6.55250788703459
22,178,73,471000,1.4673312e+18,6.62140565176413
19,183,73,744000,1.4988672e+18,6.62140565176413
20,188,74,950000,1.60272e+18,6.90875477931522
22,186,80,569000,1.6291584e+18,6.21660610108486
21,177,68,656000,1.5948576e+18,6.90875477931522
20,185,70,947000,1.5306624e+18,8.69968140098951
23,188,80,634000,1.5964128e+18,8.00670084544037
23,176,68,613000,1.6188768e+18,8.00670084544037
32,192,80,171000,1.48392e+18,7.60140233458373
22,174,60,683000,1.6250976e+18,7.60140233458373
21,185,70,683000,1.4815008e+18,6.80350525760834
21,185,75,683000,1.631232e+18,6.90875477931522
21,184,76,581000,1.4962752e+18,6.90875477931522
23,187,84,348000,1.5779232e+18,6.90875477931522
21,168,78,580000,1.6304544e+18,6.68586094706836
20,173,64,891000,1.59408e+18,7.60140233458373
21,170,65,435000,1.6193952e+18,6.90875477931522
20,180,66,990000,1.519344e+18,8.98732181285012
20,188,79,884000,1.51632e+18,8.00670084544037
22,175,64,581000,1.5218496e+18,6.21660610108486
20,191,80,656000,1.5225408e+18,6.90875477931522
21,190,78,703000,1.6291584e+18,6.31173480915291
20,178,74,928000,1.5619392e+18,9.21044036697652
21,178,66,613000,1.501632e+18,6.21660610108486
22,166,62,471000,1.6121376e+18,6.90875477931522
22,182,81,715000,1.601856e+18,7.60140233458373
20,178,70,870000,1.6276032e+18,6.21660610108486
20,185,74,1e+06,1.5304032e+18,8.8538082749772
22,180,77,536000,1.5619392e+18,6.31173480915291
20,186,82,504000,1.6250976e+18,6.21660610108486
21,183,74,581000,1.6250976e+18,6.90875477931522
19,174,64,830000,1.6013376e+18,6.90875477931522
24,172,69,618000,1.6008192e+18,8.69968140098951
19,183,64,536000,1.5304032e+18,6.90875477931522
28,170,70,213000,1.5781824e+18,6.90875477931522
22,173,70,536000,1.5463008e+18,6.90875477931522
22,167,70,543000,1.4673312e+18,6.21660610108486
20,177,72,816000,1.5619392e+18,7.60140233458373
24,174,64,431000,1.6042752e+18,8.00670084544037
25,184,72,345000,1.5004224e+18,8.00670084544037
22,183,72,543000,1.5351552e+18,6.21660610108486
20,168,64,703000,1.5147648e+18,6.31173480915291
21,186,75,634000,1.6250112e+18,6.21660610108486
21,182,78,872000,1.597104e+18,7.60140233458373
22,185,75,544000,1.6263072e+18,6.31173480915291
20,178,75,731000,1.5393888e+18,6.90875477931522
20,174,64,950000,1.5432768e+18,7.60140233458373
24,170,65,648000,1.6246656e+18,8.00670084544037
21,177,68,872000,1.5470784e+18,8.29429960885724
20,186,78,471000,1.5463008e+18,6.62140565176413
20,180,71,703000,1.5463008e+18,6.47850964220857
24,187,88,315000,1.5486336e+18,6.74641212857337
20,180,75,870000,1.54872e+18,7.60140233458373
34,175,64,93000,1.325376e+18,7.60140233458373
19,188,77,797000,1.6185312e+18,6.47850964220857
21,192,80,834000,1.5490656e+18,7.60140233458373
21,189,80,580000,1.6281216e+18,6.80350525760834
20,190,75,450000,1.5466464e+18,6.68586094706836
24,185,84,495000,1.5464736e+18,6.90875477931522
22,185,79,544000,1.6206912e+18,6.55250788703459
22,180,75,638000,1.546992e+18,6.90875477931522
20,180,70,691000,1.6106688e+18,6.21660610108486
22,188,79,508000,1.5459552e+18,6.39859493453521
20,172,59,950000,1.630368e+18,6.90875477931522
25,172,68,314000,1.5304032e+18,6.39859493453521
22,175,65,544000,1.5808608e+18,6.85751406254539
22,183,74,508000,1.5463008e+18,6.74641212857337
27,189,87,242000,1.59624e+18,6.21660610108486
24,182,67,388000,1.61136e+18,6.21660610108486
28,180,75,214000,1.5995232e+18,6.21660610108486
19,170,57,830000,1.6250976e+18,6.90875477931522
20,188,70,471000,1.5570144e+18,6.47850964220857
20,188,80,634000,1.5593472e+18,7.60140233458373
19,186,77,683000,1.5948576e+18,7.60140233458373
21,179,72,703000,1.627776e+18,6.47850964220857
20,176,68,683000,1.6297632e+18,6.90875477931522
20,179,65,928000,1.5619392e+18,8.98732181285012
20,179,75,508000,1.5639264e+18,6.90875477931522
20,182,72,544000,1.5593472e+18,7.60140233458373
20,175,70,620000,1.5463008e+18,6.90875477931522
20,184,93,675000,1.5619392e+18,7.60140233458373
23,180,69,488000,1.6250976e+18,7.60140233458373
19,182,78,930000,1.5619392e+18,8.00670084544037
21,187,79,6e+05,1.5489792e+18,6.90875477931522
21,189,77,578000,1.5619392e+18,6.55250788703459
22,183,67,770000,1.5613344e+18,7.60140233458373
20,167,66,1e+06,1.562544e+18,8.98732181285012
19,195,85,495000,1.5628032e+18,6.55250788703459
25,183,74,350000,1.5628032e+18,6.90875477931522
20,194,89,619000,1.6250976e+18,6.62140565176413
20,183,79,495000,1.5619392e+18,6.90875477931522
27,176,73,271000,1.6271712e+18,6.31173480915291
22,174,70,619000,1.5619392e+18,6.90875477931522
21,183,70,778000,1.6250976e+18,6.85751406254539
24,180,73,457000,1.5646176e+18,7.60140233458373
20,190,75,790000,1.5630624e+18,6.21660610108486
19,181,72,790000,1.5540768e+18,6.80350525760834
19,183,70,891000,1.5619392e+18,6.80350525760834
18,189,79,691000,1.6272576e+18,6.21660610108486
22,171,60,881000,1.5619392e+18,6.21660610108486
21,177,66,750000,1.5464736e+18,6.90875477931522
24,174,75,360000,1.5805152e+18,7.60140233458373
22,193,81,683000,1.6281216e+18,7.60140233458373
21,199,95,578000,1.5670368e+18,6.74641212857337
23,185,77,471000,1.6099776e+18,6.74641212857337
18,175,72,947000,1.5304032e+18,7.60140233458373
20,180,76,1200000,1.5619392e+18,6.21660610108486
25,183,80,423000,1.5494112e+18,6.21660610108486
21,180,73,675000,1.601856e+18,7.60140233458373
20,183,71,990000,1.5619392e+18,8.98732181285012
22,177,64,581000,1.6231968e+18,6.39859493453521
30,163,66,189000,1.5657408e+18,6.21660610108486
21,167,63,581000,1.5609888e+18,6.21660610108486
24,170,61,823000,1.581552e+18,6.21660610108486
22,174,67,543000,1.567296e+18,6.21660610108486
21,185,76,569000,1.5485472e+18,6.90875477931522
18,180,73,984000,1.5712704e+18,7.60140233458373
21,170,66,850000,1.5778368e+18,6.90875477931522
18,195,81,1400000,1.5482016e+18,8.00670084544037
20,180,75,797000,1.6250976e+18,7.60140233458373
20,180,75,1100000,1.627776e+18,6.21660610108486
19,186,78,750000,1.5766272e+18,6.21660610108486
20,177,71,683000,1.5450912e+18,6.90875477931522
21,173,70,544000,1.5783552e+18,6.74641212857337
22,171,62,580000,1.5783552e+18,6.85751406254539
20,168,56,950000,1.6142976e+18,6.90875477931522
19,180,82,1e+06,1.599696e+18,6.90875477931522
20,175,68,881000,1.5463008e+18,6.21660610108486
19,190,72,674000,1.578096e+18,6.21660610108486
22,185,73,544000,1.5787872e+18,6.85751406254539
21,185,80,830000,1.5797376e+18,8.00670084544037
21,182,71,881000,1.5778368e+18,6.21660610108486
24,183,76,360000,1.5805152e+18,7.60140233458373
22,176,75,881000,1.5778368e+18,6.21660610108486
19,186,81,971000,1.5778368e+18,6.21660610108486
22,176,74,823000,1.5778368e+18,6.21660610108486
19,168,69,750000,1.5778368e+18,6.68586094706836
19,184,67,823000,1.5778368e+18,6.21660610108486
23,178,79,413000,1.5825888e+18,6.90875477931522
20,185,70,731000,1.6250976e+18,6.85751406254539
18,187,70,1100000,1.5778368e+18,6.21660610108486
20,185,78,465000,1.5463008e+18,6.47850964220857
22,191,83,508000,1.6101504e+18,6.68586094706836
18,169,58,1100000,1.6244928e+18,7.60140233458373
19,178,78,1100000,1.5778368e+18,6.90875477931522
21,183,82,504000,1.6171488e+18,6.21660610108486
18,173,60,741000,1.5778368e+18,6.21660610108486
21,174,67,731000,1.5018048e+18,6.90875477931522
22,192,87,399000,1.5649632e+18,7.60140233458373
21,183,83,544000,1.5225408e+18,6.62140565176413
22,184,74,634000,1.5304032e+18,6.55250788703459
21,172,68,619000,1.6245792e+18,7.60140233458373
20,181,81,882000,1.5913152e+18,7.60140233458373
19,182,70,680000,1.5918336e+18,6.90875477931522
20,190,85,471000,1.5875136e+18,6.31173480915291
18,176,69,947000,1.59192e+18,7.60140233458373
20,191,78,585000,1.5926112e+18,6.39859493453521
19,178,70,818000,1.5818976e+18,8.00670084544037
19,185,79,797000,1.592352e+18,6.47850964220857
20,184,80,778000,1.5929568e+18,7.60140233458373
20,192,83,536000,1.5619392e+18,6.55250788703459
20,194,85,660000,1.5935616e+18,6.90875477931522
23,182,79,638000,1.5935616e+18,6.90875477931522
19,186,82,675000,1.5935616e+18,7.60140233458373
18,173,70,839000,1.6250976e+18,6.21660610108486
24,181,67,523000,1.5935616e+18,7.60140233458373
19,175,65,1100000,1.5948576e+18,8.29429960885724
20,184,74,471000,1.5935616e+18,6.90875477931522
20,175,70,750000,1.6145568e+18,6.55250788703459
20,170,62,544000,1.5950304e+18,6.31173480915291
19,184,75,741000,1.5957216e+18,6.62140565176413
19,183,65,950000,1.5948576e+18,6.90875477931522
18,184,73,950000,1.5619392e+18,6.21660610108486
21,177,71,581000,1.6250976e+18,6.90875477931522
22,183,75,683000,1.59624e+18,7.60140233458373
19,170,65,830000,1.596672e+18,7.60140233458373
20,181,73,703000,1.596672e+18,6.90875477931522
24,170,67,314000,1.5627168e+18,6.21660610108486
21,182,81,585000,1.626912e+18,8.00670084544037
20,180,74,950000,1.5303168e+18,6.90875477931522
17,190,77,691000,1.5665184e+18,6.21660610108486
18,181,74,741000,1.6102368e+18,6.21660610108486
19,183,70,970000,1.6250976e+18,6.31173480915291
19,180,70,634000,1.5619392e+18,6.90875477931522
17,187,74,947000,1.5619392e+18,6.21660610108486
22,180,75,481000,1.5304032e+18,6.80350525760834
20,170,64,1e+06,1.562112e+18,8.00670084544037
19,184,79,790000,1.5990912e+18,6.68586094706836
25,183,73,299000,1.5997824e+18,7.60140233458373
19,190,70,1100000,1.629072e+18,8.69968140098951
20,187,78,797000,1.59624e+18,7.60140233458373
21,191,81,638000,1.6145568e+18,7.60140233458373
19,182,72,1e+06,1.5935616e+18,6.21660610108486
19,183,75,830000,1.6094592e+18,6.68586094706836
19,189,88,1100000,1.5989184e+18,6.21660610108486
28,174,74,230000,1.601424e+18,6.21660610108486
23,169,67,555000,1.6015104e+18,8.29429960885724
22,180,78,578000,1.57896e+18,6.47850964220857
19,182,70,619000,1.6023744e+18,6.31173480915291
19,179,68,504000,1.6028064e+18,6.21660610108486
27,180,70,271000,1.612224e+18,6.21660610108486
20,181,65,950000,1.6028064e+18,6.90875477931522
18,191,78,1400000,1.6021152e+18,6.90875477931522
21,180,75,638000,1.6032384e+18,6.90875477931522
17,175,67,1e+06,1.5463008e+18,6.21660610108486
21,171,70,656000,1.6060032e+18,6.90875477931522
18,182,68,989000,1.5778368e+18,6.21660610108486
23,189,78,544000,1.6041888e+18,6.21660610108486
18,173,67,903000,1.6062624e+18,6.90875477931522
28,187,82,175000,1.630368e+18,6.68586094706836
19,182,75,508000,1.5463008e+18,6.21660610108486
17,192,75,909000,1.6060032e+18,6.21660610108486
20,183,67,797000,1.6067808e+18,7.60140233458373
28,187,82,186000,1.6094592e+18,6.68586094706836
22,185,80,399000,1.5778368e+18,6.31173480915291
20,185,82,638000,1.5978816e+18,6.90875477931522
17,174,61,1e+06,1.6062624e+18,6.39859493453521
20,171,69,665000,1.6094592e+18,7.60140233458373
19,178,71,665000,1.6094592e+18,7.60140233458373
28,184,79,213000,1.610064e+18,6.68586094706836
20,171,68,839000,1.6104096e+18,7.60140233458373
25,185,83,252000,1.610496e+18,6.74641212857337
23,186,79,305000,1.6101504e+18,6.39859493453521
20,175,67,770000,1.6006464e+18,7.60140233458373
20,178,75,1100000,1.610928e+18,7.60140233458373
22,173,68,544000,1.6111872e+18,6.90875477931522
17,168,59,850000,1.6116192e+18,6.21660610108486
21,180,74,544000,1.6106688e+18,6.68586094706836
20,170,65,940000,1.6094592e+18,6.21660610108486
19,175,68,580000,1.611792e+18,6.90875477931522
23,181,70,450000,1.6121376e+18,6.90875477931522
19,170,66,7e+05,1.5778368e+18,6.21660610108486
21,175,74,850000,1.6094592e+18,6.90875477931522
18,178,64,1100000,1.583712e+18,6.21660610108486
22,169,69,881000,1.6111008e+18,6.21660610108486
20,185,80,471000,1.60704e+18,6.85751406254539
21,178,70,543000,1.612224e+18,6.90875477931522
20,173,69,680000,1.597104e+18,7.60140233458373
22,193,84,396000,1.6111872e+18,6.90875477931522
19,180,73,823000,1.5463008e+18,6.21660610108486
21,181,60,823000,1.6136064e+18,6.21660610108486
21,195,80,613000,1.6142976e+18,6.21660610108486
29,169,67,301000,1.6104096e+18,6.21660610108486
19,168,65,1100000,1.5844896e+18,8.00670084544037
20,185,75,797000,1.5463008e+18,7.60140233458373
19,184,80,471000,1.62864e+18,6.21660610108486
21,170,72,1e+06,1.6104096e+18,6.21660610108486
19,173,70,940000,1.5593472e+18,6.21660610108486
18,170,61,1e+06,1.5593472e+18,6.21660610108486
18,191,77,1100000,1.5909696e+18,6.21660610108486
20,175,67,764000,1.5909696e+18,6.21660610108486
22,185,79,823000,1.6094592e+18,6.21660610108486
19,172,67,543000,1.6094592e+18,6.21660610108486
20,173,68,6e+05,1.6094592e+18,6.21660610108486
22,180,73,638000,1.6163712e+18,6.90875477931522
24,182,77,278000,1.6155936e+18,6.31173480915291
21,187,80,508000,1.6094592e+18,6.31173480915291
22,183,73,508000,1.6160256e+18,6.62140565176413
17,183,75,1500000,1.6051392e+18,6.21660610108486
22,188,79,553000,1.6110144e+18,6.90875477931522
19,190,82,1e+06,1.6094592e+18,6.21660610108486
19,174,68,967000,1.6094592e+18,6.90875477931522
22,179,68,823000,1.6190496e+18,6.21660610108486
18,174,69,778000,1.6250976e+18,6.85751406254539
19,187,75,890000,1.629504e+18,6.90875477931522
23,180,77,362000,1.6185312e+18,6.90875477931522
21,181,70,840000,1.5463008e+18,6.21660610108486
18,185,75,850000,1.5619392e+18,6.55250788703459
19,196,85,536000,1.6201728e+18,6.21660610108486
19,180,76,1e+06,1.5574464e+18,6.62140565176413
17,189,78,830000,1.6211232e+18,6.21660610108486
18,173,69,778000,1.593648e+18,6.47850964220857
18,188,79,658000,1.6020288e+18,6.21660610108486
19,183,74,778000,1.5985728e+18,6.55250788703459
18,175,66,703000,1.520208e+18,6.21660610108486
19,180,80,731000,1.6210368e+18,6.21660610108486
25,194,84,342000,1.5945984e+18,7.60140233458373
30,192,88,149000,1.5359328e+18,6.90875477931522
18,177,71,741000,1.5619392e+18,6.31173480915291
29,176,69,231000,1.6258752e+18,8.00670084544037
20,182,72,731000,1.623024e+18,6.68586094706836
19,182,71,966000,1.5964992e+18,6.90875477931522
20,177,70,536000,1.5619392e+18,6.31173480915291
20,172,70,578000,1.5619392e+18,6.31173480915291
24,194,91,285000,1.6237152e+18,6.90875477931522
20,182,74,536000,1.5935616e+18,6.21660610108486
20,189,81,585000,1.6238016e+18,6.62140565176413
20,184,76,508000,1.62432e+18,6.90875477931522
20,191,80,543000,1.6250976e+18,6.90875477931522
20,184,74,718000,1.6245792e+18,7.60140233458373
21,180,78,578000,1.6111872e+18,6.80350525760834
19,185,80,619000,1.6250976e+18,6.21660610108486
19,188,76,778000,1.6250976e+18,6.21660610108486
18,187,80,726000,1.6250976e+18,6.21660610108486
19,177,70,778000,1.6236288e+18,6.31173480915291
24,193,84,413000,1.6236288e+18,6.90875477931522
24,182,74,414000,1.6250976e+18,8.00670084544037
18,175,65,988000,1.6250976e+18,7.60140233458373
21,198,81,715000,1.6250976e+18,8.29429960885724
24,174,67,645000,1.6253568e+18,7.60140233458373
18,185,75,726000,1.6250976e+18,6.21660610108486
18,183,72,741000,1.6250976e+18,6.21660610108486
18,175,64,872000,1.6250976e+18,6.90875477931522
19,187,75,619000,1.6250976e+18,6.85751406254539
26,180,75,274000,1.6254432e+18,6.90875477931522
18,181,77,613000,1.6250976e+18,6.74641212857337
18,185,75,770000,1.6254432e+18,7.60140233458373
20,181,72,543000,1.625616e+18,6.90875477931522
22,180,75,683000,1.6219008e+18,8.8538082749772
19,184,79,741000,1.5463008e+18,6.47850964220857
21,188,79,543000,1.6250976e+18,6.80350525760834
24,183,75,488000,1.6257888e+18,7.60140233458373
18,171,65,726000,1.6250976e+18,6.31173480915291
25,169,65,345000,1.6022016e+18,8.00670084544037
21,178,72,504000,1.6262208e+18,7.60140233458373
19,188,78,831000,1.6250976e+18,6.21660610108486
19,175,68,731000,1.5619392e+18,6.62140565176413
21,187,81,569000,1.6267392e+18,6.90875477931522
20,189,81,585000,1.6268256e+18,7.60140233458373
19,178,61,890000,1.6269984e+18,6.90875477931522
19,180,72,780000,1.6270848e+18,6.80350525760834
18,190,71,797000,1.6106688e+18,6.21660610108486
21,189,84,540000,1.6250976e+18,6.31173480915291
20,192,82,454000,1.6269984e+18,6.21660610108486
18,176,68,1e+06,1.6255296e+18,7.60140233458373
20,173,72,543000,1.5567552e+18,6.39859493453521
23,173,69,504000,1.6274304e+18,6.21660610108486
22,185,78,578000,1.6250976e+18,7.60140233458373
18,178,70,722000,1.59624e+18,7.60140233458373
22,175,75,683000,1.6275168e+18,7.60140233458373
18,192,80,674000,1.6250976e+18,6.21660610108486
20,188,79,619000,1.6279488e+18,6.90875477931522
28,180,80,189000,1.6280352e+18,6.21660610108486
19,173,62,947000,1.5935616e+18,6.90875477931522
18,188,72,1e+06,1.6261344e+18,7.60140233458373
19,178,64,683000,1.5619392e+18,8.29429960885724
20,186,84,634000,1.628208e+18,6.80350525760834
18,175,71,1100000,1.578528e+18,8.5173931714189
20,179,74,9e+05,1.6094592e+18,6.21660610108486
16,180,70,1500000,1.6102368e+18,6.90875477931522
21,188,70,779000,1.6263072e+18,6.68586094706836
20,182,77,779000,1.5935616e+18,6.80350525760834
17,177,68,1300000,1.5964992e+18,6.31173480915291
18,178,73,872000,1.6288992e+18,8.00670084544037
18,190,80,830000,1.5935616e+18,6.31173480915291
20,190,79,1100000,1.621296e+18,8.00670084544037
17,186,78,816000,1.6250976e+18,6.21660610108486
18,182,70,884000,1.581552e+18,7.60140233458373
19,187,75,620000,1.59408e+18,6.80350525760834
19,193,78,909000,1.6288992e+18,6.39859493453521
18,170,63,1e+06,1.5778368e+18,6.21660610108486
17,176,65,1e+06,1.5778368e+18,6.21660610108486
18,186,79,1100000,1.5463008e+18,6.21660610108486
18,170,68,581000,1.5463008e+18,6.21660610108486
19,190,85,989000,1.5778368e+18,6.21660610108486
18,182,79,971000,1.5778368e+18,6.21660610108486
17,177,75,1100000,1.5778368e+18,6.21660610108486
19,165,64,1100000,1.5778368e+18,6.21660610108486
17,174,70,1300000,1.5778368e+18,6.21660610108486
18,187,83,741000,1.6094592e+18,6.21660610108486
41,188,80,19000,1.2674016e+18,6.39859493453521
36,178,75,23000,1.6154208e+18,6.21660610108486
36,175,60,70000,1.262304e+18,6.90875477931522
37,188,80,23000,1.5794784e+18,6.62140565176413
29,170,70,217000,1.6141248e+18,6.31173480915291
32,176,73,155000,1.48392e+18,6.31173480915291
29,189,80,202000,1.4988672e+18,6.31173480915291
26,188,93,252000,1.6117056e+18,6.90875477931522
31,183,81,120000,1.519344e+18,6.90875477931522
25,178,66,347000,1.5984864e+18,7.60140233458373
26,184,75,244000,1.5778368e+18,6.31173480915291
32,180,72,95000,1.567296e+18,6.21660610108486
29,182,82,170000,1.2543552e+18,8.5173931714189
27,176,75,233000,1.6188768e+18,7.60140233458373
27,182,73,244000,1.4516064e+18,7.60140233458373
26,187,80,293000,1.3885344e+18,7.60140233458373
27,181,67,233000,1.3885344e+18,8.29429960885724
26,178,70,276000,1.4200704e+18,8.00670084544037
26,185,75,276000,1.6026336e+18,7.60140233458373
26,178,64,242000,1.5645312e+18,7.60140233458373
25,178,75,463000,1.5619392e+18,8.29429960885724
24,188,73,368000,1.5628896e+18,6.21660610108486
23,186,81,504000,1.6121376e+18,6.90875477931522
24,188,75,348000,1.6315776e+18,6.47850964220857
24,192,80,348000,1.4902272e+18,6.90875477931522
24,192,82,315000,1.610496e+18,6.21660610108486
23,182,74,465000,1.500768e+18,6.21660610108486
24,172,65,399000,1.5470784e+18,6.90875477931522
24,182,72,309000,1.5810336e+18,7.60140233458373
22,178,63,683000,1.5488064e+18,8.98732181285012
25,190,73,351000,1.6262208e+18,6.74641212857337
22,176,70,634000,1.6282944e+18,7.60140233458373
28,185,81,183000,1.6146432e+18,6.90875477931522
34,180,78,61000,1.6291584e+18,6.21660610108486
27,185,76,186000,1.5780096e+18,6.80350525760834
22,174,77,683000,1.4931648e+18,8.00670084544037
22,168,65,403000,1.4988672e+18,7.60140233458373
24,196,90,319000,1.6250976e+18,8.00670084544037
23,198,92,399000,1.6263936e+18,6.90875477931522
22,190,89,399000,1.6115328e+18,6.74641212857337
22,173,63,634000,1.5483744e+18,7.60140233458373
20,182,74,713000,1.4647392e+18,6.74641212857337
22,178,70,585000,1.4988672e+18,7.60140233458373
20,178,75,634000,1.4988672e+18,7.60140233458373
26,179,75,248000,1.5489792e+18,8.00670084544037
22,175,70,634000,1.6250976e+18,8.00670084544037
23,185,81,385000,1.61352e+18,8.00670084544037
21,183,67,831000,1.5017184e+18,7.60140233458373
24,175,68,426000,1.566e+18,8.00670084544037
21,174,63,601000,1.6263072e+18,7.60140233458373
23,170,66,601000,1.601856e+18,8.00670084544037
21,175,70,569000,1.57896e+18,6.21660610108486
28,170,63,202000,1.5182208e+18,7.60140233458373
20,176,76,919000,1.5987456e+18,7.60140233458373
21,182,83,674000,1.5304032e+18,7.60140233458373
21,185,71,707000,1.5147648e+18,7.60140233458373
22,185,70,403000,1.4939424e+18,6.21660610108486
21,181,74,543000,1.6079904e+18,6.21660610108486
21,176,64,634000,1.5179616e+18,7.60140233458373
21,174,64,525000,1.5211584e+18,6.21660610108486
21,171,75,866000,1.6076448e+18,8.69968140098951
20,180,72,831000,1.6281216e+18,6.68586094706836
19,176,67,656000,1.5278112e+18,6.85751406254539
22,178,62,585000,1.5982272e+18,7.60140233458373
21,180,70,585000,1.6250976e+18,6.90875477931522
21,185,75,609000,1.6136928e+18,6.39859493453521
21,180,72,585000,1.6013376e+18,6.90875477931522
22,181,72,380000,1.630368e+18,6.55250788703459
21,183,67,634000,1.5990048e+18,6.68586094706836
20,191,80,585000,1.6275168e+18,6.90875477931522
20,182,67,495000,1.4988672e+18,6.90875477931522
24,181,78,293000,1.5935616e+18,6.90875477931522
23,176,70,569000,1.53144e+18,8.00670084544037
20,178,66,891000,1.5381792e+18,7.60140233458373
20,182,66,831000,1.6115328e+18,6.90875477931522
20,185,74,831000,1.545264e+18,7.60140233458373
24,175,70,358000,1.5751584e+18,6.39859493453521
19,189,85,399000,1.6145568e+18,6.21660610108486
27,191,88,221000,1.6173216e+18,6.90875477931522
27,172,69,203000,1.6281216e+18,6.21660610108486
25,191,82,225000,1.5463008e+18,6.90875477931522
20,183,65,703000,1.5360192e+18,6.47850964220857
21,177,67,504000,1.6067808e+18,6.85751406254539
22,175,68,465000,1.5990912e+18,6.21660610108486
24,165,59,426000,1.53792e+18,6.21660610108486
23,170,68,504000,1.5304032e+18,6.21660610108486
31,188,80,135000,1.59624e+18,6.21660610108486
20,174,65,471000,1.5548544e+18,7.60140233458373
19,187,75,884000,1.6274304e+18,8.29429960885724
19,187,76,884000,1.6250976e+18,8.29429960885724
23,187,65,426000,1.5619392e+18,6.21660610108486
19,186,78,884000,1.5453504e+18,8.29429960885724
24,192,81,420000,1.5463008e+18,6.90875477931522
20,194,83,642000,1.6250976e+18,6.90875477931522
18,178,64,744000,1.554768e+18,6.21660610108486
21,183,78,536000,1.62648e+18,6.74641212857337
21,183,70,536000,1.6250976e+18,6.47850964220857
21,180,69,735000,1.5619392e+18,8.00670084544037
20,178,72,756000,1.5304032e+18,6.90875477931522
22,188,81,413000,1.6250976e+18,6.90875477931522
20,175,68,605000,1.559088e+18,7.60140233458373
28,176,69,231000,1.6250112e+18,8.29429960885724
21,184,76,465000,1.5630624e+18,6.21660610108486
20,177,71,744000,1.5619392e+18,7.60140233458373
18,187,78,772000,1.5635808e+18,6.31173480915291
23,184,80,764000,1.5767136e+18,6.21660610108486
21,181,69,504000,1.5537312e+18,6.90875477931522
21,193,75,454000,1.6250976e+18,6.55250788703459
20,182,73,947000,1.6120512e+18,8.69968140098951
20,185,73,831000,1.6267392e+18,7.60140233458373
20,180,73,831000,1.5998688e+18,6.90875477931522
19,188,78,634000,1.5659136e+18,6.80350525760834
20,185,70,585000,1.5619392e+18,6.55250788703459
21,170,64,761000,1.625184e+18,6.21660610108486
28,170,68,2e+05,1.5619392e+18,6.21660610108486
22,180,70,634000,1.6267392e+18,6.74641212857337
18,163,57,884000,1.5304032e+18,6.90875477931522
19,178,68,454000,1.5683328e+18,6.21660610108486
21,188,74,772000,1.6250976e+18,6.90875477931522
23,188,75,380000,1.6300224e+18,8.5173931714189
21,183,77,435000,1.5674688e+18,6.90875477931522
22,179,69,465000,1.6249248e+18,6.31173480915291
19,185,68,947000,1.5991776e+18,8.29429960885724
20,189,81,642000,1.5375744e+18,6.21660610108486
23,181,69,426000,1.5634944e+18,6.21660610108486
23,166,69,426000,1.604016e+18,6.21660610108486
19,175,66,778000,1.5702336e+18,7.60140233458373
20,173,73,309000,1.56168e+18,6.21660610108486
20,175,66,705000,1.5463008e+18,6.21660610108486
19,192,82,743000,1.5619392e+18,6.55250788703459
20,195,81,691000,1.5657408e+18,6.74641212857337
20,180,68,884000,1.6121376e+18,8.00670084544037
20,184,74,495000,1.5744672e+18,6.90875477931522
17,179,75,744000,1.575072e+18,6.21660610108486
20,191,91,726000,1.575936e+18,6.80350525760834
21,174,66,919000,1.5330816e+18,7.60140233458373
24,178,70,396000,1.5015456e+18,7.60140233458373
22,178,70,510000,1.5788736e+18,6.90875477931522
23,186,80,432000,1.5725664e+18,8.00670084544037
20,174,69,555000,1.6127424e+18,6.90875477931522
22,183,79,454000,1.5797376e+18,6.90875477931522
21,183,71,504000,1.599696e+18,6.90875477931522
25,173,72,252000,1.578528e+18,6.90875477931522
18,172,63,902000,1.5619392e+18,6.21660610108486
19,188,79,691000,1.5778368e+18,6.47850964220857
21,168,61,764000,1.59624e+18,6.21660610108486
20,191,79,691000,1.5626304e+18,6.80350525760834
19,175,72,656000,1.5805152e+18,6.47850964220857
20,179,71,471000,1.5810336e+18,6.90875477931522
22,183,79,399000,1.6101504e+18,6.55250788703459
18,180,74,626000,1.6121376e+18,6.21660610108486
20,180,74,834000,1.5619392e+18,8.69968140098951
21,187,80,609000,1.6160256e+18,6.47850964220857
23,181,73,399000,1.5821568e+18,6.55250788703459
20,185,69,821000,1.5667776e+18,8.29429960885724
19,182,77,9e+05,1.5778368e+18,6.90875477931522
18,178,67,831000,1.5574464e+18,6.21660610108486
19,173,65,656000,1.591056e+18,6.31173480915291
20,182,72,674000,1.5915744e+18,6.90875477931522
25,183,75,347000,1.5928704e+18,7.60140233458373
18,186,77,713000,1.5933024e+18,6.21660610108486
19,173,65,744000,1.59408e+18,7.60140233458373
19,177,68,804000,1.5937344e+18,6.90875477931522
21,173,70,683000,1.59624e+18,7.60140233458373
25,181,71,337000,1.5935616e+18,8.00670084544037
19,174,64,1100000,1.5935616e+18,7.60140233458373
18,183,73,831000,1.5954624e+18,6.31173480915291
18,181,79,674000,1.5935616e+18,6.21660610108486
20,182,74,726000,1.5935616e+18,6.62140565176413
20,171,70,634000,1.5935616e+18,6.90875477931522
20,179,67,508000,1.5935616e+18,6.90875477931522
19,193,83,465000,1.6276032e+18,6.90875477931522
18,178,71,726000,1.5829344e+18,6.21660610108486
21,185,80,831000,1.4988672e+18,6.90875477931522
20,181,72,683000,1.55952e+18,7.60140233458373
18,183,76,772000,1.5559776e+18,6.21660610108486
18,180,76,866000,1.5970176e+18,6.39859493453521
18,170,61,971000,1.5778368e+18,6.21660610108486
19,177,76,756000,1.5974496e+18,6.90875477931522
18,180,70,642000,1.6242336e+18,6.47850964220857
26,175,73,242000,1.5980544e+18,6.21660610108486
17,170,64,691000,1.5989184e+18,6.21660610108486
19,180,70,585000,1.5304032e+18,6.90875477931522
21,189,77,633000,1.5996096e+18,6.90875477931522
27,168,62,248000,1.601856e+18,8.00670084544037
18,173,67,788000,1.5829344e+18,6.90875477931522
21,183,66,613000,1.5619392e+18,6.90875477931522
20,186,75,585000,1.5983136e+18,7.60140233458373
18,175,70,656000,1.5971904e+18,6.21660610108486
19,183,75,585000,1.6016832e+18,6.21660610108486
18,180,62,761000,1.5768864e+18,6.21660610108486
21,167,63,739000,1.6257024e+18,7.60140233458373
19,165,70,510000,1.6019424e+18,6.80350525760834
18,192,85,626000,1.603584e+18,6.90875477931522
24,179,70,357000,1.6028064e+18,6.90875477931522
19,192,87,608000,1.5935616e+18,6.47850964220857
21,168,61,618000,1.625184e+18,7.60140233458373
19,175,70,1e+06,1.5778368e+18,6.21660610108486
28,179,68,2e+05,1.6041024e+18,6.21660610108486
18,194,85,691000,1.59624e+18,6.21660610108486
22,175,80,471000,1.6041888e+18,6.21660610108486
18,170,65,1400000,1.5825888e+18,6.74641212857337
19,172,69,465000,1.5935616e+18,6.21660610108486
20,176,68,504000,1.626912e+18,6.80350525760834
19,175,66,674000,1.6121376e+18,6.90875477931522
22,183,80,239000,1.5463008e+18,6.21660610108486
21,185,75,435000,1.5463008e+18,6.31173480915291
19,181,70,656000,1.6097184e+18,7.60140233458373
18,178,63,726000,1.6052256e+18,6.80350525760834
18,180,79,563000,1.6101504e+18,6.21660610108486
19,191,82,471000,1.6094592e+18,6.21660610108486
20,179,78,435000,1.6099776e+18,6.90875477931522
19,175,66,989000,1.4832288e+18,6.21660610108486
18,175,65,656000,1.6104096e+18,6.21660610108486
26,181,74,225000,1.610496e+18,6.90875477931522
23,176,68,401000,1.6099776e+18,6.21660610108486
19,178,73,609000,1.610928e+18,6.21660610108486
21,178,66,6e+05,1.6112736e+18,7.60140233458373
19,201,88,691000,1.6094592e+18,6.21660610108486
24,187,73,368000,1.610064e+18,6.31173480915291
22,178,70,634000,1.6115328e+18,7.60140233458373
24,195,89,315000,1.6098048e+18,6.21660610108486
18,186,73,674000,1.6121376e+18,6.31173480915291
22,187,81,375000,1.6121376e+18,6.90875477931522
18,169,63,674000,1.6121376e+18,6.39859493453521
19,175,73,626000,1.6121376e+18,6.90875477931522
22,175,70,325000,1.5463008e+18,6.21660610108486
19,193,84,638000,1.6094592e+18,6.21660610108486
18,184,74,709000,1.6125696e+18,6.21660610108486
20,168,67,471000,1.5489792e+18,6.47850964220857
26,191,91,186000,1.6124832e+18,6.39859493453521
25,184,79,265000,1.6128288e+18,6.39859493453521
21,185,79,536000,1.6134336e+18,6.90875477931522
17,192,80,1100000,1.6136928e+18,6.21660610108486
18,185,71,1400000,1.5778368e+18,6.21660610108486
20,175,70,761000,1.5463008e+18,6.21660610108486
21,170,70,569000,1.4859072e+18,6.21660610108486
23,183,70,319000,1.6132608e+18,6.62140565176413
19,190,85,525000,1.5935616e+18,6.21660610108486
21,182,68,764000,1.6104096e+18,6.21660610108486
19,170,65,884000,1.5935616e+18,7.60140233458373
20,194,80,902000,1.6104096e+18,6.21660610108486
18,180,70,1100000,1.6121376e+18,6.21660610108486
19,176,69,759000,1.6150752e+18,6.21660610108486
21,185,74,471000,1.6278624e+18,6.68586094706836
18,170,64,902000,1.6159392e+18,6.21660610108486
19,172,65,764000,1.5778368e+18,6.21660610108486
20,169,60,764000,1.5593472e+18,6.21660610108486
18,190,83,1e+06,1.6159392e+18,6.21660610108486
18,171,70,1300000,1.6094592e+18,6.21660610108486
18,182,77,1200000,1.6094592e+18,6.21660610108486
18,187,71,1200000,1.6094592e+18,6.21660610108486
18,174,62,691000,1.5778368e+18,6.21660610108486
21,164,64,471000,1.5225408e+18,6.90875477931522
29,185,85,189000,1.614816e+18,6.90875477931522
18,192,84,609000,1.6172352e+18,6.21660610108486
20,180,74,553000,1.6175808e+18,6.80350525760834
19,191,77,971000,1.6190496e+18,6.21660610108486
22,180,75,495000,1.6177536e+18,6.90875477931522
19,194,87,495000,1.6142976e+18,6.85751406254539
21,174,79,447000,1.5778368e+18,6.21660610108486
24,180,75,510000,1.615248e+18,6.90875477931522
17,173,68,1100000,1.619136e+18,6.21660610108486
17,175,65,1100000,1.619136e+18,6.21660610108486
22,184,78,413000,1.5225408e+18,6.90875477931522
18,171,63,609000,1.6201728e+18,6.68586094706836
19,182,74,630000,1.5619392e+18,8.00670084544037
18,188,79,772000,1.6282944e+18,6.85751406254539
19,174,65,674000,1.6211232e+18,6.47850964220857
19,174,70,465000,1.612224e+18,6.47850964220857
19,192,80,454000,1.5935616e+18,6.21660610108486
21,180,70,585000,1.5736896e+18,6.55250788703459
24,177,64,383000,1.5619392e+18,6.85751406254539
25,194,86,329000,1.5787008e+18,7.60140233458373
18,190,83,642000,1.5909696e+18,6.21660610108486
24,175,67,357000,1.4988672e+18,7.60140233458373
22,188,88,425000,1.6215552e+18,6.74641212857337
20,185,73,699000,1.5304032e+18,7.60140233458373
19,183,75,674000,1.6250976e+18,6.21660610108486
20,182,71,691000,1.6121376e+18,6.90875477931522
21,175,70,504000,1.621296e+18,6.85751406254539
20,190,87,450000,1.6250976e+18,8.00670084544037
23,196,97,396000,1.6111872e+18,6.74641212857337
19,175,67,726000,1.6250976e+18,6.21660610108486
18,190,80,788000,1.6145568e+18,6.21660610108486
18,180,72,674000,1.6250976e+18,6.55250788703459
18,190,80,623000,1.6250976e+18,6.21660610108486
20,175,69,739000,1.6253568e+18,6.90875477931522
19,178,73,726000,1.6250976e+18,6.31173480915291
20,190,85,593000,1.6250976e+18,6.31173480915291
17,182,75,674000,1.6250976e+18,6.21660610108486
23,175,65,495000,1.6250976e+18,7.60140233458373
20,187,75,650000,1.625616e+18,6.62140565176413
26,175,64,276000,1.6257024e+18,8.00670084544037
18,198,80,728000,1.6250976e+18,6.21660610108486
19,179,65,585000,1.6250976e+18,6.47850964220857
21,176,67,465000,1.5507072e+18,6.90875477931522
18,178,76,726000,1.6250976e+18,6.21660610108486
18,182,77,674000,1.6250976e+18,6.21660610108486
18,173,65,778000,1.6263936e+18,6.55250788703459
18,174,66,980000,1.6263936e+18,6.31173480915291
21,178,71,504000,1.6257024e+18,6.31173480915291
20,185,81,550000,1.6159392e+18,6.39859493453521
18,183,70,6e+05,1.6250976e+18,6.31173480915291
19,178,64,831000,1.5935616e+18,6.55250788703459
20,180,70,536000,1.6250976e+18,7.60140233458373
22,183,77,450000,1.6250976e+18,7.60140233458373
19,186,77,585000,1.6250976e+18,6.21660610108486
21,180,71,553000,1.6250976e+18,8.00670084544037
21,187,82,720000,1.6250976e+18,6.21660610108486
18,182,70,488000,1.6250976e+18,6.21660610108486
19,176,65,726000,1.6269984e+18,6.62140565176413
20,176,63,6e+05,1.6270848e+18,6.68586094706836
18,180,69,772000,1.6047072e+18,6.21660610108486
18,173,67,831000,1.6270848e+18,6.21660610108486
21,180,68,634000,1.625616e+18,6.90875477931522
19,194,83,698000,1.6250976e+18,6.74641212857337
22,185,82,475000,1.6250976e+18,6.90875477931522
18,192,70,758000,1.6255296e+18,7.60140233458373
19,182,68,928000,1.6066944e+18,7.60140233458373
18,190,80,741000,1.5905376e+18,6.55250788703459
17,177,70,744000,1.6275168e+18,6.21660610108486
19,189,76,756000,1.6250976e+18,8.00670084544037
22,183,78,540000,1.6250976e+18,8.00670084544037
20,184,70,713000,1.6280352e+18,6.74641212857337
20,191,84,634000,1.6280352e+18,6.90875477931522
17,185,69,674000,1.6250976e+18,6.21660610108486
19,180,72,683000,1.5304032e+18,6.90875477931522
19,186,78,585000,1.6250976e+18,6.21660610108486
19,180,70,744000,1.6250976e+18,6.90875477931522
19,175,65,778000,1.6250976e+18,6.90875477931522
21,177,70,634000,1.6282944e+18,6.74641212857337
17,191,80,884000,1.5935616e+18,6.85751406254539
18,175,70,884000,1.6250976e+18,6.85751406254539
21,183,75,656000,1.6287264e+18,6.74641212857337
20,176,70,495000,1.6288128e+18,6.90875477931522
22,192,84,660000,1.6250976e+18,7.60140233458373
20,181,73,660000,1.6254432e+18,7.60140233458373
17,179,74,1300000,1.6250976e+18,6.21660610108486
18,178,71,756000,1.6294176e+18,6.90875477931522
18,182,74,814000,1.6294176e+18,6.90875477931522
18,178,77,504000,1.6225056e+18,6.21660610108486
21,180,70,971000,1.6281216e+18,6.21660610108486
17,190,78,1100000,1.6106688e+18,6.21660610108486
20,178,70,536000,1.630368e+18,7.60140233458373
21,185,80,471000,1.6276032e+18,6.62140565176413
18,172,77,756000,1.5646176e+18,7.60140233458373
20,182,75,709000,1.6059168e+18,6.90875477931522
18,178,70,683000,1.605744e+18,6.90875477931522
17,178,72,1200000,1.5778368e+18,6.21660610108486
36,185,86,23000,1.6121376e+18,6.21660610108486
29,186,83,149000,1.5974496e+18,7.60140233458373
33,179,67,66000,1.5672096e+18,7.60140233458373
26,175,64,260000,1.5012e+18,6.21660610108486
30,180,80,186000,1.6188768e+18,7.60140233458373
29,178,65,162000,1.566e+18,6.31173480915291
31,183,83,123000,1.630368e+18,6.90875477931522
23,165,68,481000,1.6123104e+18,6.21660610108486
30,163,58,162000,1.603152e+18,6.21660610108486
28,183,77,202000,1.4516064e+18,7.60140233458373
22,188,75,525000,1.4583456e+18,6.90875477931522
23,184,80,348000,1.4599008e+18,6.55250788703459
23,187,74,578000,1.5844032e+18,8.00670084544037
22,188,75,475000,1.5028416e+18,8.00670084544037
25,166,59,293000,1.4357088e+18,8.00670084544037
22,183,79,536000,1.5463008e+18,7.60140233458373
25,175,65,357000,1.500768e+18,6.21660610108486
22,175,68,481000,1.630368e+18,6.21660610108486
22,185,70,488000,1.6072992e+18,6.90875477931522
22,187,72,399000,1.6144704e+18,6.39859493453521
21,179,74,623000,1.558656e+18,6.90875477931522
23,183,76,454000,1.5009408e+18,7.60140233458373
25,162,57,293000,1.6003872e+18,8.29429960885724
22,172,63,536000,1.4988672e+18,7.60140233458373
21,192,75,536000,1.5039648e+18,6.74641212857337
31,176,73,140000,1.4669856e+18,7.60140233458373
24,181,73,309000,1.4880672e+18,7.60140233458373
20,178,69,772000,1.511136e+18,6.90875477931522
21,182,72,399000,1.6105824e+18,6.62140565176413
32,183,76,140000,1.5148512e+18,6.90875477931522
25,185,72,403000,1.580688e+18,8.00670084544037
23,188,70,293000,1.5195168e+18,7.60140233458373
21,175,67,713000,1.628208e+18,6.80350525760834
22,171,64,509000,1.6282944e+18,8.00670084544037
23,183,73,420000,1.5509664e+18,6.90875477931522
19,186,78,413000,1.6250976e+18,6.31173480915291
19,191,87,531000,1.6055712e+18,6.55250788703459
20,189,70,758000,1.5304032e+18,7.60140233458373
23,169,61,463000,1.6015968e+18,8.00670084544037
20,193,80,481000,1.6275168e+18,6.90875477931522
21,182,75,413000,1.5304032e+18,6.21660610108486
20,180,73,707000,1.6170624e+18,7.60140233458373
26,180,76,214000,1.6231968e+18,6.21660610108486
23,179,67,509000,1.5999552e+18,7.60140233458373
21,184,72,608000,1.5778368e+18,6.90875477931522
20,178,64,609000,1.610928e+18,6.74641212857337
21,189,77,488000,1.5430176e+18,6.90875477931522
20,186,73,516000,1.6275168e+18,6.90875477931522
23,180,69,388000,1.626048e+18,6.21660610108486
22,183,72,413000,1.6254432e+18,6.90875477931522
19,186,76,623000,1.5454368e+18,6.39859493453521
18,191,69,525000,1.6140384e+18,6.21660610108486
24,186,80,228000,1.550016e+18,6.21660610108486
20,177,74,630000,1.5619392e+18,8.69968140098951
20,193,93,667000,1.5514848e+18,7.60140233458373
21,175,70,399000,1.6133472e+18,6.90875477931522
19,173,70,363000,1.5619392e+18,6.21660610108486
18,173,66,1e+06,1.5529536e+18,6.21660610108486
18,176,71,609000,1.6037568e+18,6.21660610108486
21,181,74,642000,1.5463008e+18,6.68586094706836
18,194,87,563000,1.5540768e+18,6.31173480915291
23,181,73,426000,1.5363648e+18,6.21660610108486
21,168,63,698000,1.5463008e+18,8.29429960885724
33,175,72,54000,1.625616e+18,6.21660610108486
29,175,70,149000,1.5984864e+18,6.21660610108486
23,173,65,426000,1.580256e+18,6.21660610108486
28,173,72,176000,1.626912e+18,6.21660610108486
25,173,65,242000,1.5304032e+18,6.21660610108486
25,178,64,214000,1.5304032e+18,6.21660610108486
23,170,66,372000,1.5304032e+18,6.21660610108486
26,166,65,214000,1.59624e+18,6.21660610108486
19,177,71,593000,1.5619392e+18,6.47850964220857
19,166,60,642000,1.5619392e+18,6.31173480915291
20,171,69,593000,1.6255296e+18,6.62140565176413
18,176,74,823000,1.6242336e+18,6.39859493453521
19,173,73,543000,1.6242336e+18,6.74641212857337
20,187,79,523000,1.601856e+18,8.29429960885724
20,192,85,454000,1.627344e+18,6.74641212857337
19,185,74,758000,1.611792e+18,6.68586094706836
19,183,73,653000,1.5489792e+18,6.90875477931522
21,183,68,758000,1.5306624e+18,7.60140233458373
19,181,74,563000,1.5494976e+18,6.90875477931522
20,190,80,528000,1.517184e+18,6.90875477931522
28,177,64,202000,1.5512256e+18,7.60140233458373
20,177,73,713000,1.625184e+18,7.60140233458373
19,183,70,653000,1.5619392e+18,7.60140233458373
21,188,87,413000,1.5619392e+18,6.47850964220857
20,192,80,564000,1.6158528e+18,6.21660610108486
21,183,74,804000,1.5359328e+18,7.60140233458373
21,172,72,525000,1.5583968e+18,6.21660610108486
19,194,82,519000,1.5619392e+18,6.55250788703459
20,186,83,529000,1.5639264e+18,6.90875477931522
19,184,73,454000,1.6250976e+18,6.90875477931522
20,169,68,653000,1.613952e+18,6.21660610108486
19,179,68,998000,1.5646176e+18,6.85751406254539
20,190,83,543000,1.6250976e+18,6.21660610108486
20,186,70,713000,1.5619392e+18,6.90875477931522
24,186,87,348000,1.54656e+18,6.31173480915291
19,184,74,399000,1.5488064e+18,6.21660610108486
18,172,61,609000,1.6121376e+18,6.21660610108486
20,185,76,563000,1.5783552e+18,6.68586094706836
22,172,69,426000,1.5646176e+18,6.21660610108486
20,166,65,426000,1.5600384e+18,6.21660610108486
24,175,66,328000,1.5324768e+18,7.60140233458373
22,172,68,509000,1.5665184e+18,7.60140233458373
19,190,78,743000,1.5619392e+18,8.69968140098951
28,163,65,176000,1.6306272e+18,6.21660610108486
22,171,58,426000,1.5304032e+18,6.21660610108486
19,182,78,713000,1.5619392e+18,6.90875477931522
20,181,73,609000,1.5250464e+18,6.31173480915291
20,175,70,563000,1.5464736e+18,6.21660610108486
19,175,72,1100000,1.5147648e+18,6.21660610108486
19,172,70,833000,1.5619392e+18,6.21660610108486
24,178,70,444000,1.5628032e+18,7.60140233458373
18,180,74,653000,1.5646176e+18,6.21660610108486
20,179,71,396000,1.6028928e+18,6.90875477931522
20,178,76,821000,1.4988672e+18,8.00670084544037
27,188,78,172000,1.5784416e+18,6.31173480915291
19,186,77,902000,1.5778368e+18,6.21660610108486
19,185,71,516000,1.5805152e+18,6.21660610108486
20,189,80,348000,1.5805152e+18,6.21660610108486
21,178,74,399000,1.5784416e+18,6.90875477931522
22,198,80,488000,1.5801696e+18,6.62140565176413
20,175,70,350000,1.5482016e+18,6.21660610108486
29,182,82,202000,1.5825888e+18,6.31173480915291
23,178,66,468000,1.5825888e+18,6.90875477931522
21,184,75,426000,1.5463008e+18,6.21660610108486
23,178,75,454000,1.5827616e+18,6.90875477931522
16,183,71,821000,1.595808e+18,7.60140233458373
19,176,71,563000,1.5538176e+18,6.21660610108486
19,180,76,788000,1.6250976e+18,7.60140233458373
18,175,68,821000,1.5619392e+18,7.60140233458373
20,181,76,384000,1.5778368e+18,6.80350525760834
18,172,65,593000,1.5778368e+18,6.21660610108486
18,178,75,543000,1.5619392e+18,6.21660610108486
20,193,83,598000,1.5964992e+18,7.60140233458373
18,178,65,853000,1.6269984e+18,7.60140233458373
19,186,73,653000,1.59192e+18,6.90875477931522
21,174,70,550000,1.5915744e+18,6.74641212857337
18,182,72,772000,1.5829344e+18,6.62140565176413
18,186,74,454000,1.59624e+18,6.68586094706836
20,185,76,454000,1.5304032e+18,6.74641212857337
16,176,68,788000,1.5939072e+18,6.21660610108486
20,172,68,399000,1.5939072e+18,6.21660610108486
20,185,70,609000,1.5907104e+18,6.39859493453521
17,188,76,609000,1.594512e+18,6.21660610108486
22,180,73,468000,1.5935616e+18,6.90875477931522
19,185,72,653000,1.5948576e+18,6.80350525760834
18,184,81,593000,1.6239744e+18,6.21660610108486
17,172,69,609000,1.5947712e+18,6.21660610108486
19,170,70,821000,1.5948576e+18,8.00670084544037
22,185,76,438000,1.5147648e+18,6.90875477931522
19,181,67,563000,1.5952032e+18,6.21660610108486
19,172,64,563000,1.5935616e+18,6.90875477931522
18,186,78,516000,1.5945984e+18,6.21660610108486
23,174,70,426000,1.4041728e+18,6.31173480915291
26,175,73,2e+05,1.3989024e+18,6.62140565176413
19,186,83,638000,1.5935616e+18,6.90875477931522
20,173,64,756000,1.595808e+18,8.29429960885724
18,189,87,516000,1.594944e+18,6.21660610108486
19,183,70,713000,1.593648e+18,6.68586094706836
18,184,78,612000,1.59624e+18,6.21660610108486
19,178,67,516000,1.5965856e+18,6.47850964220857
20,185,81,623000,1.5935616e+18,6.31173480915291
19,185,74,516000,1.597104e+18,6.90875477931522
19,182,70,626000,1.631232e+18,6.62140565176413
21,187,80,426000,1.5972768e+18,6.90875477931522
19,175,68,593000,1.5935616e+18,7.60140233458373
19,178,68,563000,1.59624e+18,6.90875477931522
19,180,65,694000,1.5989184e+18,7.60140233458373
17,177,61,642000,1.5790464e+18,6.21660610108486
18,182,70,772000,1.619136e+18,6.62140565176413
18,174,71,653000,1.5995232e+18,6.21660610108486
32,178,76,165000,1.5640992e+18,8.00670084544037
17,173,71,772000,1.5645312e+18,6.21660610108486
17,188,78,963000,1.5998688e+18,6.31173480915291
20,186,74,420000,1.599696e+18,6.90875477931522
19,184,75,713000,1.5935616e+18,6.90875477931522
19,196,76,631000,1.539216e+18,7.60140233458373
20,188,76,772000,1.5967584e+18,6.68586094706836
20,194,85,722000,1.6006464e+18,6.90875477931522
23,178,65,370000,1.6015968e+18,8.00670084544037
21,190,83,646000,1.6190496e+18,6.21660610108486
26,173,65,276000,1.6246656e+18,7.60140233458373
18,183,71,713000,1.5990048e+18,6.21660610108486
26,170,64,293000,1.6009056e+18,7.60140233458373
17,178,67,1200000,1.5935616e+18,6.21660610108486
20,175,68,399000,1.6078176e+18,7.60140233458373
20,182,70,388000,1.5989184e+18,6.21660610108486
17,174,73,713000,1.5574464e+18,6.21660610108486
19,188,77,638000,1.5304032e+18,6.21660610108486
17,170,60,723000,1.6091136e+18,6.21660610108486
22,179,65,509000,1.6102368e+18,7.60140233458373
18,175,65,609000,1.610064e+18,6.21660610108486
20,176,73,426000,1.6115328e+18,6.90875477931522
29,183,77,237000,1.6097184e+18,6.21660610108486
20,184,80,426000,1.6106688e+18,6.21660610108486
17,185,72,638000,1.6051392e+18,6.21660610108486
17,185,73,519000,1.6104096e+18,6.21660610108486
25,182,81,259000,1.603584e+18,7.60140233458373
20,180,75,563000,1.6103232e+18,6.21660610108486
23,176,70,399000,1.6111008e+18,6.90875477931522
18,172,65,563000,1.6121376e+18,6.21660610108486
19,188,77,563000,1.6121376e+18,6.55250788703459
20,180,77,481000,1.5463008e+18,6.21660610108486
20,175,70,481000,1.5304032e+18,6.21660610108486
19,180,66,536000,1.59624e+18,6.90875477931522
17,178,69,821000,1.6076448e+18,6.80350525760834
18,177,76,758000,1.6300224e+18,7.60140233458373
17,180,72,608000,1.6117056e+18,6.21660610108486
19,179,74,609000,1.6094592e+18,6.21660610108486
19,177,76,563000,1.6094592e+18,6.21660610108486
20,174,70,399000,1.60704e+18,6.74641212857337
21,190,73,309000,1.6142976e+18,6.21660610108486
29,190,86,171000,1.5175296e+18,6.21660610108486
23,176,74,481000,1.5489792e+18,6.21660610108486
18,180,75,9e+05,1.5814656e+18,6.21660610108486
20,180,75,563000,1.6151616e+18,6.21660610108486
17,165,60,772000,1.6095456e+18,6.21660610108486
18,182,74,893000,1.5935616e+18,6.68586094706836
19,187,79,588000,1.6094592e+18,6.21660610108486
20,186,75,758000,1.6080768e+18,8.00670084544037
24,174,68,242000,1.6121376e+18,6.21660610108486
25,176,73,276000,1.52064e+18,6.21660610108486
22,186,70,588000,1.5147648e+18,6.21660610108486
19,197,89,516000,1.6157664e+18,6.90875477931522
20,176,70,426000,1.6094592e+18,6.21660610108486
22,172,68,646000,1.6094592e+18,6.21660610108486
20,175,72,833000,1.6190496e+18,6.21660610108486
21,177,72,468000,1.6176672e+18,6.74641212857337
20,180,64,481000,1.61784e+18,6.21660610108486
18,193,85,594000,1.6162848e+18,6.21660610108486
19,178,65,756000,1.6094592e+18,6.90875477931522
19,177,68,454000,1.5619392e+18,6.21660610108486
22,179,73,646000,1.5778368e+18,6.21660610108486
23,185,82,408000,1.6184448e+18,6.90875477931522
22,171,69,646000,1.6190496e+18,6.21660610108486
23,196,98,564000,1.578528e+18,6.21660610108486
19,173,75,713000,1.5935616e+18,6.90875477931522
18,174,60,902000,1.6155072e+18,6.21660610108486
18,175,70,563000,1.6042752e+18,6.21660610108486
20,180,75,454000,1.613952e+18,6.90875477931522
19,174,76,848000,1.5600384e+18,6.21660610108486
18,188,75,639000,1.6216416e+18,6.21660610108486
20,180,75,593000,1.5619392e+18,6.90875477931522
19,188,80,705000,1.5935616e+18,6.21660610108486
19,173,63,609000,1.6032384e+18,6.90875477931522
20,182,72,454000,1.5935616e+18,6.31173480915291
18,173,70,593000,1.6250976e+18,6.31173480915291
18,186,75,454000,1.6250976e+18,6.21660610108486
18,188,76,495000,1.6250976e+18,6.21660610108486
20,198,90,454000,1.6250976e+18,6.21660610108486
19,178,72,674000,1.6250976e+18,6.39859493453521
18,176,73,713000,1.5982272e+18,6.80350525760834
18,182,78,674000,1.6094592e+18,6.68586094706836
18,191,83,653000,1.6250976e+18,6.39859493453521
19,174,70,516000,1.6237152e+18,6.90875477931522
21,174,69,509000,1.6250976e+18,6.80350525760834
19,195,87,413000,1.6250976e+18,6.21660610108486
17,185,71,1100000,1.6250976e+18,6.21660610108486
19,180,71,413000,1.6250976e+18,6.21660610108486
19,175,74,694000,1.5935616e+18,7.60140233458373
18,180,66,674000,1.6250976e+18,6.90875477931522
25,177,71,293000,1.6225056e+18,8.5173931714189
25,176,76,293000,1.625616e+18,8.00670084544037
18,187,80,938000,1.6250976e+18,6.39859493453521
18,186,74,454000,1.6250976e+18,6.21660610108486
19,191,80,543000,1.6250976e+18,6.55250788703459
19,186,72,642000,1.625184e+18,6.55250788703459
22,177,74,509000,1.6253568e+18,8.00670084544037
20,192,79,612000,1.5991776e+18,6.80350525760834
19,178,70,563000,1.6257888e+18,6.90875477931522
20,168,59,536000,1.6250976e+18,6.47850964220857
18,185,73,713000,1.6233696e+18,6.21660610108486
20,181,71,426000,1.6250976e+18,6.90875477931522
21,185,75,536000,1.6258752e+18,6.47850964220857
20,175,65,426000,1.6257024e+18,6.31173480915291
18,172,68,674000,1.6250976e+18,6.21660610108486
21,182,71,739000,1.5628896e+18,8.00670084544037
21,182,75,550000,1.6250976e+18,6.62140565176413
18,176,68,585000,1.6250976e+18,6.21660610108486
17,175,67,902000,1.6094592e+18,6.21660610108486
18,180,70,571000,1.6250976e+18,6.31173480915291
18,185,71,788000,1.6250976e+18,6.90875477931522
19,180,70,638000,1.6250976e+18,7.60140233458373
20,177,68,426000,1.5989184e+18,6.47850964220857
18,187,83,593000,1.6250976e+18,6.21660610108486
21,184,75,426000,1.6263072e+18,6.90875477931522
17,183,71,653000,1.6250976e+18,6.21660610108486
20,186,76,550000,1.6250976e+18,8.5173931714189
20,186,80,571000,1.5778368e+18,7.60140233458373
22,196,91,468000,1.6265664e+18,6.90875477931522
17,180,72,495000,1.6272576e+18,6.21660610108486
17,180,72,578000,1.620864e+18,6.21660610108486
17,185,80,980000,1.6250976e+18,6.21660610108486
19,191,80,465000,1.626912e+18,6.21660610108486
19,183,76,454000,1.5619392e+18,6.90875477931522
19,190,75,399000,1.623456e+18,6.90875477931522
18,167,63,674000,1.6250976e+18,6.90875477931522
17,189,75,840000,1.6250976e+18,6.21660610108486
21,182,73,683000,1.5628896e+18,7.60140233458373
21,176,65,463000,1.5606432e+18,6.90875477931522
17,193,88,780000,1.5995232e+18,6.21660610108486
20,187,83,495000,1.6015104e+18,7.60140233458373
23,185,82,425000,1.6124832e+18,6.90875477931522
23,171,65,399000,1.6263072e+18,6.80350525760834
21,188,85,454000,1.5469056e+18,7.60140233458373
18,174,70,728000,1.6250976e+18,6.21660610108486
18,186,74,584000,1.6250976e+18,6.21660610108486
18,180,75,728000,1.6250976e+18,6.21660610108486
19,185,75,728000,1.6250976e+18,6.21660610108486
22,187,80,536000,1.627776e+18,7.60140233458373
21,185,75,399000,1.6285536e+18,6.39859493453521
18,180,70,694000,1.5593472e+18,6.90875477931522
17,194,79,584000,1.6289856e+18,6.21660610108486
18,168,68,516000,1.610064e+18,6.21660610108486
17,180,70,638000,1.6250976e+18,6.21660610108486
18,176,71,853000,1.6250976e+18,6.62140565176413
17,180,75,863000,1.6250976e+18,6.21660610108486
17,182,76,1100000,1.6291584e+18,6.21660610108486
23,188,82,348000,1.6297632e+18,7.60140233458373
18,181,67,821000,1.6255296e+18,7.60140233458373
18,170,70,713000,1.6276896e+18,6.21660610108486
19,178,73,571000,1.630368e+18,6.21660610108486
19,174,65,388000,1.6294176e+18,6.21660610108486
24,167,65,257000,1.630368e+18,6.21660610108486
19,172,65,646000,1.6250976e+18,6.21660610108486
28,178,75,171000,1.5463008e+18,6.21660610108486
30,180,76,122000,1.6095456e+18,6.21660610108486
24,183,71,195000,1.5751584e+18,6.21660610108486
30,188,72,125000,1.5813792e+18,6.62140565176413
36,178,70,54000,1.5964128e+18,6.90875477931522
31,175,75,140000,1.5804288e+18,7.60140233458373
26,180,70,228000,1.3885344e+18,7.60140233458373
29,190,86,140000,1.4516064e+18,7.60140233458373
24,175,74,244000,1.6294176e+18,6.21660610108486
30,178,72,140000,1.61784e+18,6.90875477931522
24,178,75,350000,1.607904e+18,6.21660610108486
30,184,85,122000,1.4673312e+18,6.21660610108486
27,174,83,157000,1.6308864e+18,6.21660610108486
23,175,65,368000,1.5778368e+18,6.21660610108486
23,188,75,429000,1.6046208e+18,6.85751406254539
22,187,74,315000,1.6263072e+18,7.60140233458373
24,189,78,378000,1.4516064e+18,7.60140233458373
22,175,81,420000,1.6098912e+18,6.21660610108486
21,197,87,431000,1.5935616e+18,6.21660610108486
22,170,69,468000,1.6121376e+18,6.90875477931522
21,188,80,305000,1.5017184e+18,6.21660610108486
26,175,78,207000,1.3726368e+18,8.00670084544037
21,187,79,483000,1.4988672e+18,7.60140233458373
23,180,75,460000,1.4988672e+18,8.5173931714189
29,183,74,155000,1.4832288e+18,7.60140233458373
23,188,80,368000,1.4868576e+18,7.60140233458373
26,178,74,211000,1.6187904e+18,6.90875477931522
21,189,76,410000,1.6003008e+18,6.68586094706836
24,193,82,179000,1.6099776e+18,6.21660610108486
22,178,65,420000,1.6188768e+18,7.60140233458373
25,178,75,228000,1.6172352e+18,7.60140233458373
21,182,72,348000,1.6255296e+18,6.55250788703459
23,187,65,298000,1.5778368e+18,6.21660610108486
19,180,80,571000,1.5147648e+18,6.39859493453521
22,182,85,456000,1.6278624e+18,7.60140233458373
21,185,71,506000,1.5304032e+18,7.60140233458373
21,197,85,454000,1.505952e+18,6.62140565176413
21,190,80,334000,1.6106688e+18,6.21660610108486
23,184,74,399000,1.630368e+18,8.00670084544037
26,194,85,183000,1.51632e+18,6.85751406254539
21,182,71,653000,1.6149024e+18,7.60140233458373
19,177,64,653000,1.5304032e+18,6.39859493453521
23,183,85,357000,1.6103232e+18,6.68586094706836
20,186,80,656000,1.5304032e+18,6.90875477931522
20,185,78,431000,1.5304032e+18,6.21660610108486
25,172,63,242000,1.5342048e+18,8.5173931714189
22,191,84,326000,1.6140384e+18,6.21660610108486
23,185,72,370000,1.6015104e+18,7.60140233458373
20,194,84,477000,1.631232e+18,6.74641212857337
21,178,73,468000,1.5471648e+18,6.90875477931522
19,178,64,450000,1.5299712e+18,6.21660610108486
29,178,74,122000,1.630368e+18,6.21660610108486
29,172,71,122000,1.5801696e+18,6.21660610108486
19,186,84,290000,1.5539904e+18,6.21660610108486
24,169,65,214000,1.625616e+18,6.21660610108486
21,179,68,326000,1.5375744e+18,6.21660610108486
31,183,80,81000,1.5619392e+18,6.21660610108486
28,180,70,143000,1.500768e+18,6.21660610108486
25,185,80,202000,1.59624e+18,6.21660610108486
25,179,73,214000,1.6276032e+18,6.21660610108486
23,165,69,341000,1.6002144e+18,6.21660610108486
21,176,77,420000,1.5463008e+18,6.21660610108486
19,169,70,681000,1.5304032e+18,8.00670084544037
19,178,71,694000,1.5628032e+18,8.29429960885724
23,169,72,403000,1.6094592e+18,7.60140233458373
18,171,70,653000,1.5419808e+18,6.21660610108486
22,181,65,334000,1.5589152e+18,6.47850964220857
20,187,86,477000,1.6250976e+18,6.21660610108486
19,185,70,694000,1.5621984e+18,7.60140233458373
19,182,72,798000,1.5390432e+18,8.5173931714189
22,188,84,211000,1.5463008e+18,6.21660610108486
19,185,75,413000,1.5805152e+18,6.21660610108486
22,184,78,372000,1.562544e+18,6.21660610108486
21,185,81,403000,1.6253568e+18,6.21660610108486
19,160,60,653000,1.5619392e+18,6.68586094706836
20,184,79,357000,1.5619392e+18,6.21660610108486
20,189,83,477000,1.5619392e+18,6.21660610108486
18,173,67,653000,1.5653952e+18,6.39859493453521
19,191,73,319000,1.5623712e+18,6.21660610108486
19,185,75,594000,1.5619392e+18,6.90875477931522
19,178,65,626000,1.5665184e+18,7.60140233458373
20,173,70,420000,1.6072992e+18,6.21660610108486
20,187,80,474000,1.5671232e+18,6.90875477931522
19,182,71,469000,1.5692832e+18,6.21660610108486
19,170,62,870000,1.5390432e+18,8.69968140098951
21,184,75,372000,1.5360192e+18,6.21660610108486
23,186,85,385000,1.6170624e+18,6.90875477931522
24,176,77,385000,1.5621984e+18,7.60140233458373
21,171,68,403000,1.5646176e+18,6.90875477931522
19,176,70,543000,1.5974496e+18,6.21660610108486
16,178,58,945000,1.6250976e+18,6.31173480915291
23,191,93,357000,1.5770592e+18,6.68586094706836
22,191,79,315000,1.5784416e+18,6.90875477931522
22,183,75,357000,1.5790464e+18,6.68586094706836
24,186,81,4e+05,1.5788736e+18,6.21660610108486
22,185,80,334000,1.5782688e+18,6.90875477931522
21,176,68,469000,1.5782688e+18,6.74641212857337
20,184,75,319000,1.57896e+18,6.39859493453521
20,176,72,694000,1.5778368e+18,6.21660610108486
19,167,59,763000,1.5814656e+18,6.21660610108486
18,167,59,750000,1.5821568e+18,6.31173480915291
18,175,75,688000,1.5821568e+18,6.21660610108486
18,167,61,750000,1.5822432e+18,6.21660610108486
19,177,69,469000,1.580688e+18,6.21660610108486
19,186,82,543000,1.6242336e+18,6.74641212857337
19,178,70,763000,1.5778368e+18,6.21660610108486
21,171,64,494000,1.5778368e+18,6.68586094706836
20,185,73,410000,1.5619392e+18,7.60140233458373
21,173,71,543000,1.5805152e+18,6.80350525760834
19,170,57,543000,1.5778368e+18,6.21660610108486
18,183,70,619000,1.5304032e+18,7.60140233458373
19,192,78,516000,1.5895008e+18,6.21660610108486
19,182,75,653000,1.5924384e+18,6.90875477931522
18,175,64,531000,1.592352e+18,6.21660610108486
21,173,64,571000,1.5918336e+18,6.85751406254539
17,189,84,575000,1.5935616e+18,6.21660610108486
19,181,72,363000,1.5941664e+18,6.90875477931522
20,186,76,372000,1.6250976e+18,6.90875477931522
19,185,76,469000,1.594944e+18,6.21660610108486
23,190,83,279000,1.6250976e+18,6.39859493453521
18,181,69,531000,1.5935616e+18,6.39859493453521
17,178,68,1e+06,1.5964992e+18,6.90875477931522
27,175,65,157000,1.5965856e+18,6.21660610108486
18,180,76,494000,1.59624e+18,6.21660610108486
20,182,82,569000,1.5952896e+18,8.29429960885724
19,187,78,529000,1.5933024e+18,7.60140233458373
19,175,71,543000,1.5935616e+18,6.31173480915291
21,190,77,357000,1.5913152e+18,6.55250788703459
19,183,76,570000,1.595376e+18,6.90875477931522
18,182,68,489000,1.5976224e+18,6.21660610108486
24,174,65,326000,1.5980544e+18,6.21660610108486
20,182,74,319000,1.5977088e+18,6.31173480915291
21,168,69,372000,1.6298496e+18,6.21660610108486
19,184,73,631000,1.5870816e+18,8.69968140098951
18,175,67,594000,1.59624e+18,6.74641212857337
19,185,74,594000,1.59624e+18,7.60140233458373
19,180,75,653000,1.6250976e+18,6.80350525760834
18,183,66,653000,1.5991776e+18,6.80350525760834
20,182,66,468000,1.5997824e+18,6.80350525760834
18,174,70,584000,1.593648e+18,6.31173480915291
17,181,70,735000,1.6250976e+18,6.21660610108486
20,173,65,544000,1.6261344e+18,6.21660610108486
21,193,81,396000,1.6002144e+18,6.31173480915291
19,182,71,457000,1.59624e+18,6.21660610108486
21,198,87,347000,1.6250976e+18,6.47850964220857
18,185,77,457000,1.6026336e+18,6.21660610108486
19,173,60,626000,1.6028928e+18,6.90875477931522
17,185,71,469000,1.6042752e+18,6.21660610108486
18,178,70,357000,1.6041888e+18,6.68586094706836
17,170,65,454000,1.5935616e+18,6.21660610108486
19,175,70,750000,1.605744e+18,6.74641212857337
26,176,79,185000,1.631664e+18,6.21660610108486
20,175,64,588000,1.5778368e+18,6.21660610108486
20,175,70,363000,1.6028928e+18,6.31173480915291
19,193,80,743000,1.6015104e+18,7.60140233458373
21,183,75,348000,1.531872e+18,6.47850964220857
19,190,68,516000,1.6073856e+18,6.62140565176413
20,185,70,469000,1.567296e+18,7.60140233458373
21,182,81,454000,1.6276032e+18,6.21660610108486
23,176,61,372000,1.6021152e+18,6.21660610108486
19,189,75,619000,1.5304032e+18,6.21660610108486
18,172,70,594000,1.5935616e+18,6.90875477931522
19,182,71,706000,1.4832288e+18,6.21660610108486
19,185,87,310000,1.6104096e+18,6.21660610108486
17,178,72,519000,1.60704e+18,6.21660610108486
21,178,74,334000,1.6099776e+18,6.74641212857337
19,182,75,516000,1.6099776e+18,6.74641212857337
20,175,67,694000,1.6097184e+18,6.21660610108486
18,193,84,431000,1.5935616e+18,6.21660610108486
19,185,81,290000,1.6105824e+18,6.21660610108486
18,180,70,894000,1.5666048e+18,6.21660610108486
20,185,75,396000,1.6104096e+18,6.90875477931522
19,180,70,462000,1.6121376e+18,6.80350525760834
18,178,68,481000,1.6121376e+18,6.21660610108486
18,175,67,481000,1.6121376e+18,6.21660610108486
20,181,80,494000,1.6124832e+18,6.31173480915291
25,173,72,186000,1.6125696e+18,6.74641212857337
23,190,82,247000,1.6094592e+18,6.47850964220857
20,187,78,494000,1.6130016e+18,6.21660610108486
16,176,68,780000,1.6117056e+18,6.21660610108486
18,188,76,510000,1.6124832e+18,6.21660610108486
21,178,71,360000,1.612224e+18,6.90875477931522
18,186,70,385000,1.6142976e+18,6.21660610108486
19,165,62,763000,1.6104096e+18,6.21660610108486
19,170,68,763000,1.6104096e+18,6.21660610108486
17,186,71,543000,1.6268256e+18,6.21660610108486
18,200,84,784000,1.6155072e+18,6.90875477931522
20,168,57,413000,1.61568e+18,6.39859493453521
20,180,74,348000,1.5661728e+18,6.90875477931522
22,164,65,334000,1.5225408e+18,6.47850964220857
17,167,67,584000,1.6163712e+18,6.21660610108486
21,183,73,396000,1.6149024e+18,6.90875477931522
18,180,63,543000,1.6173216e+18,6.31173480915291
20,187,80,330000,1.5935616e+18,6.90875477931522
24,186,82,228000,1.5827616e+18,6.90875477931522
22,193,78,245000,1.6172352e+18,6.90875477931522
30,190,83,171000,1.6172352e+18,8.00670084544037
19,190,82,457000,1.6188768e+18,6.21660610108486
22,175,68,408000,1.6111872e+18,6.90875477931522
20,180,75,341000,1.6239744e+18,6.21660610108486
17,175,70,469000,1.6038432e+18,6.21660610108486
22,179,64,334000,1.6207776e+18,6.39859493453521
17,183,71,594000,1.6250976e+18,6.21660610108486
19,175,66,543000,1.5907104e+18,6.80350525760834
20,184,76,372000,1.6206912e+18,6.90875477931522
18,175,70,866000,1.5778368e+18,6.21660610108486
23,175,70,470000,1.4832288e+18,6.21660610108486
18,183,72,531000,1.5947712e+18,6.21660610108486
18,192,83,638000,1.614816e+18,6.21660610108486
18,191,87,638000,1.5977952e+18,6.21660610108486
17,180,74,706000,1.6257024e+18,6.21660610108486
18,185,71,756000,1.6231968e+18,6.31173480915291
20,184,73,341000,1.5974496e+18,6.80350525760834
18,187,84,498000,1.6250976e+18,6.21660610108486
20,183,73,341000,1.6127424e+18,6.62140565176413
17,178,60,731000,1.6121376e+18,6.21660610108486
17,185,74,481000,1.6242336e+18,6.21660610108486
22,195,91,217000,1.5506208e+18,6.21660610108486
19,185,75,341000,1.5990912e+18,6.21660610108486
18,176,73,516000,1.6249248e+18,6.21660610108486
18,193,84,840000,1.6250976e+18,6.21660610108486
19,175,70,570000,1.6244064e+18,6.90875477931522
19,190,87,735000,1.6250976e+18,6.90875477931522
19,193,73,363000,1.6250976e+18,6.21660610108486
19,176,71,544000,1.5986592e+18,6.21660610108486
17,187,76,519000,1.6250976e+18,6.21660610108486
19,190,80,519000,1.6250976e+18,6.21660610108486
20,175,65,413000,1.6250976e+18,7.60140233458373
18,191,74,694000,1.6250976e+18,7.60140233458373
19,188,80,457000,1.6250976e+18,6.68586094706836
20,179,70,469000,1.6257024e+18,6.47850964220857
17,185,76,543000,1.6268256e+18,6.21660610108486
20,180,75,407000,1.6041024e+18,7.60140233458373
19,183,73,357000,1.625616e+18,6.62140565176413
18,181,81,474000,1.6117056e+18,6.21660610108486
18,175,65,543000,1.6250976e+18,6.21660610108486
18,184,77,519000,1.6250976e+18,6.21660610108486
18,178,70,675000,1.6250976e+18,6.47850964220857
18,180,68,945000,1.6257888e+18,6.21660610108486
18,178,68,488000,1.6250976e+18,6.21660610108486
20,177,72,631000,1.5619392e+18,8.29429960885724
25,183,77,228000,1.6249248e+18,6.31173480915291
18,173,69,705000,1.6265664e+18,6.21660610108486
18,185,74,631000,1.625616e+18,6.90875477931522
17,173,60,1100000,1.5964992e+18,6.21660610108486
18,185,73,546000,1.6250976e+18,6.47850964220857
17,175,69,519000,1.6250976e+18,6.21660610108486
21,165,67,444000,1.6250976e+18,6.90875477931522
17,188,73,858000,1.625184e+18,6.21660610108486
17,185,70,625000,1.6250976e+18,6.21660610108486
17,177,66,855000,1.6115328e+18,6.21660610108486
20,172,65,519000,1.6250976e+18,7.60140233458373
18,183,73,516000,1.610064e+18,6.21660610108486
18,172,72,619000,1.6261344e+18,6.31173480915291
19,184,78,396000,1.6250976e+18,6.90875477931522
19,186,75,498000,1.5935616e+18,6.90875477931522
18,168,59,571000,1.6250976e+18,6.90875477931522
18,180,75,519000,1.6276896e+18,6.21660610108486
19,183,74,675000,1.6278624e+18,6.21660610108486
18,176,70,543000,1.6250976e+18,6.31173480915291
18,177,70,469000,1.6263072e+18,6.21660610108486
20,180,70,626000,1.579392e+18,8.00670084544037
18,180,70,594000,1.6250976e+18,6.21660610108486
18,177,66,570000,1.6250976e+18,6.21660610108486
18,174,65,594000,1.6250112e+18,6.21660610108486
20,180,70,413000,1.6250976e+18,7.60140233458373
19,189,75,556000,1.6250976e+18,6.90875477931522
18,198,80,796000,1.6225056e+18,6.39859493453521
20,174,72,569000,1.6129152e+18,8.00670084544037
17,175,65,543000,1.6250976e+18,6.21660610108486
18,177,64,653000,1.6250976e+18,6.85751406254539
20,175,65,372000,1.62648e+18,6.85751406254539
19,184,83,319000,1.6094592e+18,6.21660610108486
17,177,69,598000,1.6287264e+18,6.21660610108486
19,188,75,735000,1.6288128e+18,6.62140565176413
18,178,64,594000,1.5619392e+18,6.21660610108486
18,188,78,469000,1.5778368e+18,6.21660610108486
19,172,65,626000,1.610928e+18,7.60140233458373
20,178,75,517000,1.4832288e+18,6.21660610108486
24,180,78,341000,1.6297632e+18,6.21660610108486
19,180,70,363000,1.620864e+18,6.31173480915291
17,181,72,481000,1.630368e+18,6.21660610108486
18,172,68,594000,1.6298496e+18,6.21660610108486
17,178,72,469000,1.62216e+18,6.21660610108486
28,183,72,155000,1.6176672e+18,7.60140233458373
32,178,67,109000,1.5178752e+18,7.60140233458373
24,196,86,179000,1.6142976e+18,6.21660610108486
34,180,75,61000,1.603152e+18,6.21660610108486
27,192,80,146000,1.5954624e+18,7.60140233458373
27,182,75,163000,1.5792192e+18,6.90875477931522
23,189,80,324000,1.5619392e+18,8.29429960885724
23,195,84,368000,1.6151616e+18,6.21660610108486
24,187,75,276000,1.6300224e+18,6.21660610108486
25,178,72,173000,1.6250976e+18,6.90875477931522
22,177,65,350000,1.5782688e+18,7.60140233458373
21,185,79,523000,1.5018912e+18,6.90875477931522
23,180,71,296000,1.4988672e+18,7.60140233458373
23,178,69,290000,1.6304544e+18,6.68586094706836
20,178,67,606000,1.6003872e+18,8.5173931714189
28,183,78,124000,1.551312e+18,7.60140233458373
20,184,75,530000,1.5689376e+18,8.29429960885724
23,178,65,350000,1.5954624e+18,7.60140233458373
18,184,70,413000,1.6255296e+18,6.21660610108486
25,188,72,228000,1.5489792e+18,7.60140233458373
21,188,70,375000,1.6006464e+18,6.80350525760834
20,178,72,305000,1.6288128e+18,6.21660610108486
20,184,74,505000,1.5100992e+18,7.60140233458373
25,188,91,228000,1.6250976e+18,6.90875477931522
21,180,76,334000,1.4948064e+18,6.21660610108486
22,175,69,326000,1.5744672e+18,6.21660610108486
21,184,80,546000,1.4987808e+18,6.90875477931522
21,196,80,423000,1.5619392e+18,6.21660610108486
21,181,71,449000,1.5257376e+18,6.90875477931522
22,184,80,350000,1.53144e+18,7.60140233458373
20,183,77,435000,1.6106688e+18,6.21660610108486
25,185,76,171000,1.625184e+18,6.21660610108486
23,167,59,389000,1.532736e+18,8.00670084544037
24,175,70,218000,1.5147648e+18,6.90875477931522
20,188,79,5e+05,1.5375744e+18,6.21660610108486
23,174,70,247000,1.6085952e+18,6.90875477931522
24,177,70,233000,1.4732064e+18,6.21660610108486
21,173,66,310000,1.603152e+18,6.21660610108486
17,186,71,619000,1.5367104e+18,6.21660610108486
20,183,69,450000,1.5463008e+18,6.47850964220857
26,170,65,157000,1.630368e+18,6.21660610108486
21,179,67,310000,1.6231968e+18,6.21660610108486
23,172,71,326000,1.5374016e+18,6.21660610108486
20,184,74,395000,1.4988672e+18,6.21660610108486
18,175,64,625000,1.5542496e+18,6.21660610108486
19,179,72,454000,1.6250976e+18,6.39859493453521
21,180,65,581000,1.5304032e+18,8.00670084544037
19,178,65,410000,1.6013376e+18,6.90875477931522
20,179,71,414000,1.5320448e+18,6.31173480915291
19,170,65,523000,1.5304032e+18,6.90875477931522
19,181,72,546000,1.6250976e+18,6.21660610108486
20,168,59,468000,1.563408e+18,6.85751406254539
19,178,68,499000,1.544832e+18,6.90875477931522
22,193,76,290000,1.5619392e+18,6.39859493453521
22,179,69,305000,1.5464736e+18,6.90875477931522
19,188,81,530000,1.6159392e+18,7.60140233458373
23,183,70,333000,1.566e+18,7.60140233458373
17,189,84,715000,1.5618528e+18,6.21660610108486
25,175,67,264000,1.5640992e+18,6.21660610108486
20,183,70,279000,1.5996096e+18,6.21660610108486
20,189,84,523000,1.5665184e+18,7.60140233458373
22,174,64,389000,1.5665184e+18,7.60140233458373
19,185,70,394000,1.5330816e+18,6.21660610108486
25,173,72,264000,1.6121376e+18,6.21660610108486
22,184,72,310000,1.5615936e+18,6.21660610108486
19,163,55,435000,1.630368e+18,6.21660610108486
19,177,73,413000,1.5728256e+18,6.21660610108486
21,189,70,523000,1.5619392e+18,6.62140565176413
19,176,70,474000,1.5749856e+18,6.90875477931522
19,182,75,530000,1.4988672e+18,6.90875477931522
23,186,77,290000,1.5767136e+18,6.68586094706836
26,193,82,195000,1.5463008e+18,7.60140233458373
22,175,67,305000,1.5778368e+18,6.90875477931522
17,179,68,454000,1.5814656e+18,6.21660610108486
18,180,73,866000,1.5778368e+18,6.21660610108486
19,188,78,510000,1.58328e+18,6.62140565176413
19,183,73,380000,1.5833664e+18,8.00670084544037
26,185,77,146000,1.5784416e+18,6.90875477931522
19,185,77,276000,1.539216e+18,6.21660610108486
20,166,67,466000,1.5778368e+18,6.90875477931522
17,181,68,798000,1.5977952e+18,6.21660610108486
19,180,69,474000,1.5778368e+18,6.21660610108486
18,183,70,633000,1.6250976e+18,6.21660610108486
20,193,76,394000,1.5713568e+18,6.90875477931522
19,178,72,556000,1.5304032e+18,7.60140233458373
19,178,65,570000,1.5922656e+18,6.90875477931522
19,190,83,431000,1.5915744e+18,6.21660610108486
17,166,58,431000,1.5935616e+18,6.21660610108486
18,180,80,510000,1.593216e+18,6.68586094706836
19,191,75,431000,1.5925248e+18,6.90875477931522
20,183,75,475000,1.625184e+18,6.90875477931522
18,185,75,394000,1.5948576e+18,6.21660610108486
19,189,78,415000,1.5909696e+18,6.21660610108486
18,172,74,474000,1.5794784e+18,6.21660610108486
21,165,58,326000,1.59624e+18,6.21660610108486
23,172,61,279000,1.59624e+18,6.21660610108486
18,185,69,431000,1.6207776e+18,6.21660610108486
19,188,70,499000,1.5943392e+18,6.21660610108486
18,183,67,477000,1.5935616e+18,6.21660610108486
18,183,70,498000,1.5935616e+18,6.21660610108486
21,176,70,310000,1.5970176e+18,6.21660610108486
19,178,75,534000,1.5619392e+18,6.90875477931522
22,185,77,310000,1.5980544e+18,6.74641212857337
18,178,65,570000,1.5935616e+18,6.80350525760834
25,179,69,185000,1.6313184e+18,6.21660610108486
24,185,83,210000,1.5989184e+18,6.90875477931522
18,171,65,486000,1.5989184e+18,6.47850964220857
19,173,65,570000,1.6009056e+18,6.31173480915291
22,167,63,326000,1.6015104e+18,6.21660610108486
20,173,75,570000,1.5954624e+18,6.62140565176413
20,191,83,523000,1.6250976e+18,6.68586094706836
17,180,70,523000,1.6015104e+18,6.21660610108486
19,175,69,535000,1.601856e+18,7.60140233458373
19,185,72,530000,1.5935616e+18,6.90875477931522
19,195,90,436000,1.5935616e+18,6.68586094706836
20,190,85,499000,1.5463008e+18,6.68586094706836
19,170,70,319000,1.6026336e+18,6.21660610108486
19,175,68,470000,1.5935616e+18,6.21660610108486
18,191,65,413000,1.60488e+18,6.21660610108486
22,187,73,423000,1.5778368e+18,6.21660610108486
18,178,73,450000,1.6050528e+18,6.47850964220857
23,180,73,295000,1.5989184e+18,6.21660610108486
18,183,73,424000,1.6065216e+18,6.68586094706836
22,171,65,380000,1.6046208e+18,8.29429960885724
20,182,75,276000,1.5069888e+18,6.21660610108486
17,177,73,825000,1.6007328e+18,6.21660610108486
17,180,72,825000,1.6097184e+18,6.21660610108486
27,188,78,106000,1.6094592e+18,6.21660610108486
20,172,67,535000,1.6025472e+18,8.29429960885724
20,185,79,305000,1.5983136e+18,6.47850964220857
21,178,68,357000,1.6103232e+18,6.85751406254539
22,193,87,261000,1.6098048e+18,6.55250788703459
22,181,76,305000,1.610496e+18,6.68586094706836
21,188,82,470000,1.6190496e+18,6.21660610108486
19,177,66,558000,1.6094592e+18,8.00670084544037
18,185,70,410000,1.61136e+18,6.21660610108486
18,188,81,6e+05,1.6116192e+18,6.21660610108486
20,179,78,447000,1.6094592e+18,6.21660610108486
19,166,58,404000,1.6121376e+18,6.62140565176413
18,177,60,765000,1.61136e+18,6.21660610108486
17,178,72,675000,1.610928e+18,6.21660610108486
19,177,71,462000,1.6121376e+18,6.90875477931522
19,182,78,413000,1.6094592e+18,6.21660610108486
17,187,63,486000,1.6117056e+18,6.21660610108486
20,192,84,218000,1.60704e+18,6.90875477931522
21,176,70,276000,1.6121376e+18,6.62140565176413
19,173,70,394000,1.6180128e+18,6.21660610108486
18,177,70,413000,1.5935616e+18,6.21660610108486
20,175,68,319000,1.5895008e+18,6.21660610108486
18,185,78,390000,1.606176e+18,6.90875477931522
19,173,70,333000,1.5986592e+18,6.21660610108486
24,182,78,228000,1.6119648e+18,6.21660610108486
18,180,69,570000,1.6186176e+18,6.55250788703459
27,172,67,140000,1.6172352e+18,6.90875477931522
20,166,60,310000,1.6160256e+18,6.21660610108486
18,178,64,489000,1.6200864e+18,6.21660610108486
20,168,65,305000,1.601424e+18,6.39859493453521
17,183,82,688000,1.5941664e+18,6.21660610108486
25,180,75,205000,1.6207776e+18,6.90875477931522
17,183,70,646000,1.6136064e+18,6.21660610108486
19,190,78,415000,1.6209504e+18,6.55250788703459
22,180,77,410000,1.6066944e+18,6.90875477931522
22,174,70,279000,1.6210368e+18,6.21660610108486
18,180,78,735000,1.6250976e+18,6.68586094706836
19,164,56,394000,1.6144704e+18,6.74641212857337
19,179,69,413000,1.6142976e+18,6.90875477931522
18,188,73,351000,1.6200864e+18,6.68586094706836
20,194,86,279000,1.532736e+18,6.31173480915291
17,188,75,499000,1.6248384e+18,6.21660610108486
18,175,65,477000,1.6250976e+18,6.21660610108486
19,202,82,413000,1.6117056e+18,6.90875477931522
20,177,73,370000,1.6250976e+18,6.90875477931522
19,186,84,436000,1.6250976e+18,6.21660610108486
16,180,78,675000,1.6094592e+18,6.21660610108486
17,185,70,436000,1.6250976e+18,6.21660610108486
22,184,72,305000,1.6263072e+18,6.39859493453521
19,180,69,558000,1.5968448e+18,8.00670084544037
19,179,64,523000,1.6259616e+18,6.90875477931522
17,176,72,768000,1.6250976e+18,6.21660610108486
19,188,74,446000,1.6227648e+18,6.39859493453521
19,194,75,569000,1.626048e+18,6.90875477931522
18,175,65,594000,1.5646176e+18,8.00670084544037
18,175,72,545000,1.6250976e+18,6.62140565176413
18,175,72,545000,1.6250976e+18,6.85751406254539
18,182,78,569000,1.6250976e+18,6.31173480915291
21,186,80,279000,1.6250976e+18,6.74641212857337
20,185,75,399000,1.6250976e+18,8.00670084544037
17,186,75,575000,1.5935616e+18,6.21660610108486
17,194,91,588000,1.6250976e+18,6.21660610108486
20,187,78,360000,1.6263072e+18,6.31173480915291
22,186,81,304000,1.6250976e+18,6.90875477931522
25,185,75,171000,1.6271712e+18,6.21660610108486
17,174,69,535000,1.6272576e+18,6.90875477931522
22,172,72,347000,1.6250976e+18,7.60140233458373
19,170,62,606000,1.6121376e+18,8.00670084544037
17,187,80,395000,1.6275168e+18,6.21660610108486
18,187,83,446000,1.6250976e+18,6.21660610108486
17,184,81,498000,1.6250976e+18,6.31173480915291
18,173,70,498000,1.6250976e+18,6.90875477931522
18,176,66,530000,1.5619392e+18,6.39859493453521
18,189,85,395000,1.6282944e+18,6.21660610108486
20,178,70,523000,1.6250976e+18,7.60140233458373
19,180,70,413000,1.6250976e+18,6.31173480915291
23,180,77,198000,1.6185312e+18,6.68586094706836
19,172,64,501000,1.627776e+18,7.60140233458373
18,196,86,435000,1.6267392e+18,6.39859493453521
19,176,69,310000,1.5304032e+18,6.21660610108486
18,179,70,326000,1.6269984e+18,6.21660610108486
18,181,65,570000,1.6213824e+18,6.74641212857337
19,188,80,276000,1.6263072e+18,6.21660610108486
19,176,68,535000,1.627776e+18,7.60140233458373
20,173,68,523000,1.627776e+18,7.60140233458373
18,182,64,960000,1.6094592e+18,6.21660610108486
20,170,63,380000,1.6258752e+18,8.29429960885724
18,188,66,523000,1.5935616e+18,6.21660610108486
16,175,70,431000,1.6094592e+18,6.21660610108486
17,183,75,575000,1.6250976e+18,6.21660610108486
18,192,87,523000,1.6280352e+18,6.21660610108486
17,189,68,523000,1.6282944e+18,6.21660610108486
19,181,70,457000,1.6297632e+18,6.55250788703459
18,178,73,446000,1.6293312e+18,6.21660610108486
21,188,70,333000,1.629936e+18,6.90875477931522
21,168,60,310000,1.6304544e+18,6.21660610108486
19,168,65,474000,1.6026336e+18,6.21660610108486
37,185,86,23000,1.5621984e+18,6.21660610108486
28,187,73,114000,1.483488e+18,7.60140233458373
22,181,73,312000,1.6250976e+18,6.90875477931522
22,189,78,163000,1.5955488e+18,7.60140233458373
23,177,74,202000,1.5304032e+18,6.21660610108486
21,189,66,315000,1.5149376e+18,7.60140233458373
30,186,69,78000,1.5147648e+18,7.60140233458373
24,184,74,228000,1.5226272e+18,7.60140233458373
20,170,65,451000,1.5304032e+18,7.60140233458373
20,183,71,428000,1.5304032e+18,6.90875477931522
26,189,82,160000,1.5304032e+18,8.29429960885724
22,166,59,333000,1.5304032e+18,7.60140233458373
38,188,90,16000,1.4673312e+18,6.39859493453521
23,189,80,330000,1.4205024e+18,8.00670084544037
21,183,75,315000,1.62864e+18,6.21660610108486
19,171,56,451000,1.5360192e+18,6.90875477931522
18,192,80,319000,1.5463008e+18,6.21660610108486
21,191,81,280000,1.5330816e+18,6.21660610108486
26,184,70,143000,1.5304032e+18,6.21660610108486
20,172,76,413000,1.6187904e+18,6.90875477931522
30,181,76,109000,1.5507072e+18,7.60140233458373
17,193,89,564000,1.5520032e+18,6.21660610108486
21,197,84,378000,1.4832288e+18,8.00670084544037
24,176,63,157000,1.6095456e+18,6.21660610108486
20,163,64,415000,1.6294176e+18,6.21660610108486
19,178,70,410000,1.53576e+18,6.80350525760834
24,183,75,264000,1.6249248e+18,6.21660610108486
31,182,82,54000,1.5982272e+18,6.21660610108486
19,187,73,338000,1.5567552e+18,6.21660610108486
19,181,68,319000,1.619136e+18,6.21660610108486
20,181,62,451000,1.4962752e+18,7.60140233458373
21,180,82,420000,1.5990048e+18,8.69968140098951
20,181,78,455000,1.5619392e+18,6.90875477931522
22,178,69,298000,1.5622848e+18,6.90875477931522
22,176,70,261000,1.5633216e+18,7.60140233458373
20,180,75,470000,1.5619392e+18,7.60140233458373
23,174,69,247000,1.54656e+18,6.90875477931522
21,173,64,261000,1.54656e+18,6.90875477931522
20,184,73,366000,1.54656e+18,6.90875477931522
20,196,75,293000,1.4962752e+18,6.39859493453521
21,182,83,332000,1.5934752e+18,6.39859493453521
20,185,80,356000,1.5471648e+18,6.62140565176413
20,173,69,375000,1.6268256e+18,6.21660610108486
22,172,64,279000,1.59624e+18,6.21660610108486
28,183,80,130000,1.5463008e+18,7.60140233458373
21,178,69,356000,1.5601248e+18,6.21660610108486
19,186,74,451000,1.572048e+18,6.47850964220857
19,194,71,338000,1.5911424e+18,6.21660610108486
21,182,73,290000,1.5778368e+18,6.31173480915291
18,182,74,404000,1.5619392e+18,6.31173480915291
21,191,75,319000,1.57896e+18,6.21660610108486
21,188,83,323000,1.5652224e+18,7.60140233458373
23,184,75,261000,1.5782688e+18,6.90875477931522
19,189,78,338000,1.5797376e+18,6.21660610108486
20,176,71,338000,1.5778368e+18,6.74641212857337
18,170,64,613000,1.5812928e+18,6.31173480915291
20,178,74,333000,1.581552e+18,6.21660610108486
20,184,70,356000,1.5818112e+18,7.60140233458373
21,180,78,360000,1.5673824e+18,7.60140233458373
24,180,73,233000,1.5778368e+18,6.21660610108486
18,190,73,509000,1.5492384e+18,6.21660610108486
21,189,84,338000,1.5850944e+18,6.62140565176413
20,177,70,247000,1.5202944e+18,6.21660610108486
23,184,80,218000,1.5784416e+18,6.31173480915291
18,180,70,375000,1.5731712e+18,6.21660610108486
21,190,88,280000,1.5935616e+18,6.47850964220857
20,170,70,356000,1.5805152e+18,6.68586094706836
18,176,72,505000,1.5304032e+18,6.90875477931522
21,170,61,264000,1.59624e+18,6.21660610108486
19,188,81,218000,1.5920928e+18,6.21660610108486
23,169,67,264000,1.59624e+18,6.21660610108486
22,178,74,264000,1.59624e+18,6.21660610108486
19,185,76,451000,1.5618528e+18,6.68586094706836
17,167,60,563000,1.5933024e+18,6.21660610108486
20,188,73,319000,1.5922656e+18,6.21660610108486
19,192,77,338000,1.5941664e+18,6.90875477931522
20,180,69,356000,1.610064e+18,6.21660610108486
18,182,74,356000,1.594512e+18,6.74641212857337
20,188,75,356000,1.5964128e+18,6.47850964220857
19,182,73,279000,1.5304032e+18,6.68586094706836
18,181,75,338000,1.59624e+18,6.21660610108486
20,183,75,505000,1.5619392e+18,8.00670084544037
26,187,90,137000,1.5935616e+18,6.21660610108486
19,165,62,356000,1.59624e+18,6.74641212857337
18,183,70,375000,1.5619392e+18,6.21660610108486
20,186,77,247000,1.5985728e+18,6.55250788703459
19,177,70,455000,1.5974496e+18,6.90875477931522
18,185,68,475000,1.5934752e+18,6.55250788703459
18,183,76,428000,1.5755904e+18,6.21660610108486
18,182,65,451000,1.59624e+18,6.80350525760834
19,175,60,499000,1.598832e+18,7.60140233458373
18,178,72,338000,1.5999552e+18,6.62140565176413
18,182,75,451000,1.6010784e+18,6.21660610108486
18,178,71,338000,1.6017696e+18,6.21660610108486
17,178,64,425000,1.5941664e+18,6.21660610108486
20,181,70,293000,1.5734304e+18,6.68586094706836
18,168,70,442000,1.6013376e+18,6.90875477931522
19,183,73,410000,1.5800832e+18,7.60140233458373
19,176,62,455000,1.6023744e+18,7.60140233458373
19,185,71,338000,1.6121376e+18,6.55250788703459
20,182,66,392000,1.57464e+18,6.21660610108486
18,180,70,338000,1.6036704e+18,6.21660610108486
21,160,57,295000,1.6124832e+18,6.21660610108486
17,178,67,688000,1.5909696e+18,6.21660610108486
19,188,83,361000,1.6041888e+18,6.47850964220857
23,182,78,233000,1.6041024e+18,6.21660610108486
19,176,68,338000,1.627344e+18,6.80350525760834
18,191,84,347000,1.6073856e+18,6.21660610108486
18,195,83,366000,1.6073856e+18,6.21660610108486
19,187,79,289000,1.6069536e+18,6.74641212857337
21,168,62,432000,1.6034112e+18,7.60140233458373
16,178,74,613000,1.60704e+18,6.21660610108486
18,170,64,6e+05,1.6094592e+18,6.21660610108486
17,186,75,636000,1.6094592e+18,6.21660610108486
16,173,59,515000,1.6094592e+18,6.21660610108486
18,178,66,539000,1.6094592e+18,6.21660610108486
17,175,62,435000,1.5725664e+18,6.21660610108486
18,170,70,356000,1.6103232e+18,6.21660610108486
19,180,75,247000,1.5935616e+18,6.21660610108486
18,182,70,319000,1.5688512e+18,6.21660610108486
22,168,61,314000,1.623024e+18,6.90875477931522
19,185,84,428000,1.5935616e+18,6.21660610108486
22,190,88,218000,1.6112736e+18,6.68586094706836
20,187,75,247000,1.611792e+18,6.21660610108486
18,178,72,432000,1.6258752e+18,6.85751406254539
17,180,75,517000,1.610064e+18,6.21660610108486
21,175,68,333000,1.6029792e+18,7.60140233458373
18,176,67,338000,1.613952e+18,6.21660610108486
20,184,77,392000,1.597104e+18,6.21660610108486
18,184,76,465000,1.6117056e+18,7.60140233458373
20,183,75,356000,1.5935616e+18,6.21660610108486
22,177,61,261000,1.601856e+18,6.68586094706836
20,191,80,383000,1.614816e+18,6.74641212857337
26,170,62,143000,1.59624e+18,6.21660610108486
18,178,59,505000,1.6094592e+18,7.60140233458373
21,173,67,233000,1.6145568e+18,6.21660610108486
20,163,65,447000,1.5935616e+18,6.21660610108486
19,180,72,451000,1.6149888e+18,6.90875477931522
30,183,80,109000,1.6142112e+18,6.90875477931522
18,191,84,332000,1.6172352e+18,6.21660610108486
20,176,58,432000,1.60272e+18,7.60140233458373
19,178,67,356000,1.6149888e+18,6.74641212857337
21,193,80,245000,1.6172352e+18,6.90875477931522
21,193,75,298000,1.593648e+18,6.62140565176413
20,180,79,298000,1.6172352e+18,7.60140233458373
17,183,75,451000,1.6190496e+18,6.21660610108486
18,180,73,385000,1.62e+18,6.90875477931522
16,179,72,475000,1.5935616e+18,6.21660610108486
17,180,74,375000,1.6094592e+18,6.21660610108486
18,175,70,332000,1.6219008e+18,6.74641212857337
20,189,81,404000,1.6016832e+18,6.39859493453521
21,185,70,375000,1.6225056e+18,6.21660610108486
17,181,74,563000,1.5961536e+18,6.21660610108486
22,178,75,297000,1.6214688e+18,6.90875477931522
18,180,60,505000,1.6250976e+18,6.90875477931522
19,189,78,336000,1.5619392e+18,6.21660610108486
19,172,78,428000,1.6227648e+18,6.55250788703459
20,190,81,225000,1.6238016e+18,7.60140233458373
18,194,72,356000,1.6250976e+18,6.21660610108486
18,185,71,470000,1.6257024e+18,6.31173480915291
19,180,70,264000,1.6250976e+18,6.74641212857337
19,182,73,295000,1.6250976e+18,6.74641212857337
18,177,75,475000,1.6242336e+18,6.21660610108486
17,175,68,688000,1.5619392e+18,6.21660610108486
21,193,88,248000,1.6262208e+18,6.74641212857337
18,178,75,446000,1.6250976e+18,6.62140565176413
18,183,70,428000,1.6262208e+18,6.21660610108486
20,182,76,315000,1.6219872e+18,7.60140233458373
21,170,64,357000,1.6201728e+18,8.00670084544037
20,167,59,298000,1.6255296e+18,6.21660610108486
18,189,82,316000,1.6266528e+18,6.21660610108486
24,182,86,218000,1.6269984e+18,6.21660610108486
21,196,92,264000,1.6250976e+18,6.90875477931522
20,186,76,264000,1.6250976e+18,6.90875477931522
20,178,69,394000,1.6250976e+18,6.90875477931522
31,193,88,109000,1.6275168e+18,7.60140233458373
18,175,69,495000,1.6250976e+18,6.85751406254539
20,177,71,297000,1.6276896e+18,6.90875477931522
20,184,74,419000,1.6036704e+18,7.60140233458373
18,183,74,432000,1.6123104e+18,6.90875477931522
18,175,65,475000,1.6248384e+18,6.39859493453521
17,168,63,688000,1.6282944e+18,6.21660610108486
20,169,60,432000,1.6034112e+18,8.00670084544037
17,184,75,625000,1.6250976e+18,6.21660610108486
17,184,72,338000,1.6281216e+18,6.21660610108486
17,178,77,475000,1.6282944e+18,6.21660610108486
19,183,68,338000,1.6267392e+18,6.74641212857337
19,169,59,356000,1.6218144e+18,6.90875477931522
20,183,70,189000,1.6215552e+18,6.21660610108486
19,172,70,480000,1.5278112e+18,8.00670084544037
21,186,76,315000,1.59624e+18,7.60140233458373
19,173,68,410000,1.6278624e+18,6.90875477931522
17,185,75,380000,1.5935616e+18,6.21660610108486
19,183,73,338000,1.6268256e+18,6.21660610108486
18,172,70,475000,1.6280352e+18,6.90875477931522
23,179,75,233000,1.630368e+18,6.21660610108486
17,178,74,475000,1.6250976e+18,6.21660610108486
19,193,75,428000,1.6270848e+18,6.80350525760834
17,179,70,356000,1.6304544e+18,6.21660610108486
22,168,65,279000,1.630368e+18,6.21660610108486
23,185,75,280000,1.6307136e+18,6.21660610108486
18,190,80,451000,1.6172352e+18,6.39859493453521
29,188,76,54000,1.6041888e+18,6.21660610108486
23,201,98,215000,1.5989184e+18,6.80350525760834
28,169,60,81000,1.630368e+18,6.21660610108486
28,181,70,78000,1.582848e+18,7.60140233458373
23,178,76,228000,1.6188768e+18,6.90875477931522
24,184,72,146000,1.5948576e+18,7.60140233458373
24,183,73,130000,1.5964128e+18,8.00670084544037
24,180,70,210000,1.5513984e+18,7.60140233458373
19,173,67,333000,1.4988672e+18,6.85751406254539
19,184,64,312000,1.6188768e+18,7.60140233458373
19,186,68,328000,1.5304032e+18,8.5173931714189
21,185,75,328000,1.4796864e+18,8.00670084544037
22,173,72,193000,1.5454368e+18,6.21660610108486
24,173,58,222000,1.4988672e+18,8.00670084544037
20,167,60,189000,1.6056576e+18,6.90875477931522
21,170,65,158000,1.5501888e+18,6.21660610108486
21,172,65,202000,1.59624e+18,6.21660610108486
21,169,67,263000,1.5529536e+18,6.68586094706836
20,176,71,371000,1.553472e+18,6.90875477931522
27,182,76,86000,1.59624e+18,6.21660610108486
29,183,68,93000,1.5970176e+18,7.60140233458373
21,182,69,228000,1.5463008e+18,7.60140233458373
28,183,79,81000,1.6309728e+18,6.21660610108486
20,185,82,231000,1.5619392e+18,6.90875477931522
20,179,67,328000,1.5619392e+18,6.90875477931522
24,177,68,210000,1.6183584e+18,7.60140233458373
20,190,85,225000,1.54656e+18,6.21660610108486
19,183,74,203000,1.5619392e+18,6.31173480915291
20,195,80,215000,1.5619392e+18,6.74641212857337
23,165,68,202000,1.626048e+18,6.31173480915291
23,188,75,171000,1.603152e+18,6.21660610108486
20,169,68,257000,1.5621984e+18,6.21660610108486
20,175,76,326000,1.6187904e+18,6.90875477931522
25,169,67,124000,1.567296e+18,6.21660610108486
23,185,75,193000,1.6276032e+18,6.90875477931522
17,171,62,405000,1.5667776e+18,6.21660610108486
18,180,74,375000,1.5747264e+18,6.21660610108486
20,183,76,263000,1.5764544e+18,6.62140565176413
23,191,89,160000,1.5783552e+18,6.55250788703459
22,166,61,202000,1.5304032e+18,6.21660610108486
22,178,66,263000,1.5784416e+18,6.62140565176413
20,183,75,263000,1.552608e+18,6.55250788703459
20,180,73,189000,1.5778368e+18,6.74641212857337
19,180,72,379000,1.5304032e+18,7.60140233458373
19,184,72,371000,1.5935616e+18,6.90875477931522
19,182,72,309000,1.5946848e+18,6.68586094706836
19,182,72,270000,1.5915744e+18,6.90875477931522
20,182,70,203000,1.628208e+18,6.21660610108486
19,188,84,270000,1.5976224e+18,6.21660610108486
21,175,73,259000,1.5957216e+18,6.90875477931522
18,177,64,523000,1.582848e+18,6.55250788703459
21,186,80,140000,1.5989184e+18,6.90875477931522
17,179,65,281000,1.59624e+18,6.21660610108486
18,181,70,333000,1.5990048e+18,6.80350525760834
19,175,62,326000,1.630368e+18,6.21660610108486
18,173,59,277000,1.6028064e+18,6.21660610108486
21,184,72,296000,1.5805152e+18,7.60140233458373
19,175,70,284000,1.5935616e+18,6.80350525760834
21,178,70,238000,1.61352e+18,6.85751406254539
17,183,78,356000,1.605312e+18,6.21660610108486
19,173,63,217000,1.5989184e+18,6.21660610108486
19,182,75,296000,1.604016e+18,7.60140233458373
20,176,65,349000,1.6036704e+18,8.29429960885724
19,180,75,416000,1.6116192e+18,6.21660610108486
19,180,60,319000,1.5760224e+18,7.60140233458373
17,191,77,539000,1.585008e+18,6.21660610108486
20,195,90,174000,1.6067808e+18,6.90875477931522
18,186,78,405000,1.6111008e+18,6.21660610108486
19,175,67,263000,1.61568e+18,6.21660610108486
17,187,84,309000,1.6158528e+18,6.21660610108486
18,178,75,296000,1.6121376e+18,6.21660610108486
20,168,63,306000,1.6155072e+18,6.21660610108486
17,168,59,459000,1.6136928e+18,6.21660610108486
19,173,76,234000,1.616544e+18,6.90875477931522
19,175,70,228000,1.6121376e+18,6.21660610108486
21,183,77,198000,1.6180992e+18,6.74641212857337
20,185,82,210000,1.6172352e+18,6.90875477931522
19,180,75,228000,1.59624e+18,6.90875477931522
22,180,75,130000,1.5805152e+18,6.90875477931522
21,178,72,228000,1.6094592e+18,6.90875477931522
20,185,72,228000,1.5955488e+18,7.60140233458373
20,186,75,305000,1.6172352e+18,7.60140233458373
20,186,75,175000,1.6172352e+18,6.90875477931522
20,180,77,263000,1.6094592e+18,6.90875477931522
18,180,79,263000,1.6196544e+18,6.21660610108486
19,175,68,319000,1.6197408e+18,6.74641212857337
19,175,70,263000,1.6067808e+18,6.47850964220857
18,175,70,333000,1.6219008e+18,6.74641212857337
18,180,60,285000,1.6219008e+18,6.21660610108486
19,170,70,244000,1.6225056e+18,6.21660610108486
20,187,87,234000,1.6250976e+18,6.68586094706836
18,186,77,281000,1.6094592e+18,6.68586094706836
17,190,75,263000,1.589328e+18,6.21660610108486
18,180,75,333000,1.6200864e+18,6.90875477931522
19,173,68,244000,1.6225056e+18,6.74641212857337
17,183,78,285000,1.6215552e+18,6.21660610108486
18,183,78,333000,1.6245792e+18,6.21660610108486
18,193,88,276000,1.5278112e+18,6.21660610108486
17,181,80,289000,1.623888e+18,6.21660610108486
23,187,75,190000,1.6250976e+18,6.90875477931522
29,175,68,81000,1.6021152e+18,6.21660610108486
20,169,65,277000,1.62432e+18,6.21660610108486
20,182,77,228000,1.6172352e+18,8.00670084544037
21,170,57,217000,1.6257024e+18,6.21660610108486
18,182,76,311000,1.6250976e+18,6.21660610108486
19,180,72,244000,1.5935616e+18,6.74641212857337
18,180,70,306000,1.6094592e+18,6.21660610108486
18,187,73,296000,1.6250976e+18,6.21660610108486
18,180,67,296000,1.6263936e+18,6.31173480915291
17,185,75,244000,1.6250976e+18,6.21660610108486
18,185,80,356000,1.6213824e+18,6.74641212857337
19,185,65,328000,1.5935616e+18,7.60140233458373
18,167,61,424000,1.6257888e+18,7.60140233458373
18,178,63,349000,1.6175808e+18,7.60140233458373
17,183,80,309000,1.6250976e+18,6.21660610108486
23,186,78,158000,1.6276032e+18,6.21660610108486
18,176,62,277000,1.6250976e+18,6.55250788703459
19,196,77,225000,1.6106688e+18,6.21660610108486
16,173,68,281000,1.6281216e+18,6.21660610108486
18,182,65,523000,1.6250976e+18,6.55250788703459
19,174,68,189000,1.5619392e+18,6.21660610108486
17,180,68,383000,1.6193088e+18,6.21660610108486
17,170,75,281000,1.5935616e+18,6.21660610108486
17,182,74,244000,1.581984e+18,6.21660610108486
18,183,70,347000,1.6249248e+18,7.60140233458373
18,177,67,333000,1.6198272e+18,6.39859493453521
19,170,67,202000,1.6304544e+18,6.68586094706836
16,182,76,285000,1.6250976e+18,6.21660610108486
17,182,79,434000,1.625184e+18,6.21660610108486
17,178,66,405000,1.6304544e+18,6.21660610108486
17,178,68,281000,1.6304544e+18,6.21660610108486
18,184,76,281000,1.6313184e+18,6.21660610108486
25,179,70,98000,1.4535072e+18,6.21660610108486
23,180,65,175000,1.6170624e+18,7.60140233458373
23,183,72,114000,1.519776e+18,7.60140233458373
20,183,73,261000,1.5652224e+18,6.74641212857337
23,174,68,175000,1.6188768e+18,7.60140233458373
25,176,65,86000,1.6292448e+18,6.21660610108486
22,161,56,171000,1.500768e+18,6.21660610108486
20,183,74,175000,1.5463008e+18,6.90875477931522
18,182,70,239000,1.563408e+18,6.21660610108486
26,183,79,71000,1.5977088e+18,6.21660610108486
21,175,65,175000,1.5463008e+18,6.90875477931522
20,182,72,239000,1.5463008e+18,7.60140233458373
21,177,63,171000,1.567296e+18,6.21660610108486
22,182,70,193000,1.619136e+18,6.90875477931522
19,187,76,294000,1.5757632e+18,6.21660610108486
23,180,73,145000,1.5767136e+18,6.55250788703459
24,190,88,145000,1.5773184e+18,6.55250788703459
21,188,78,158000,1.6141248e+18,6.85751406254539
20,178,72,206000,1.5619392e+18,6.90875477931522
19,175,64,261000,1.5786144e+18,6.80350525760834
18,170,60,293000,1.5876864e+18,6.21660610108486
19,183,68,371000,1.5701472e+18,6.90875477931522
18,170,68,261000,1.5787008e+18,6.39859493453521
18,188,88,306000,1.5778368e+18,6.21660610108486
20,172,66,171000,1.59624e+18,6.21660610108486
22,184,76,155000,1.59624e+18,6.21660610108486
22,180,67,114000,1.5935616e+18,6.90875477931522
23,177,64,155000,1.59624e+18,6.21660610108486
20,183,77,158000,1.59624e+18,6.90875477931522
29,185,84,62000,1.59624e+18,7.60140233458373
19,170,61,237000,1.5977952e+18,6.21660610108486
17,173,70,285000,1.597968e+18,6.21660610108486
20,185,75,155000,1.5984864e+18,6.21660610108486
19,185,75,272000,1.5967584e+18,6.39859493453521
24,185,78,111000,1.5619392e+18,6.90875477931522
18,194,80,238000,1.6300224e+18,6.21660610108486
17,192,73,315000,1.5984864e+18,6.21660610108486
18,189,69,175000,1.5701472e+18,6.21660610108486
17,190,75,259000,1.6099776e+18,6.21660610108486
25,170,63,1e+05,1.59624e+18,6.21660610108486
24,169,68,109000,1.59624e+18,6.21660610108486
20,182,70,225000,1.6069536e+18,6.21660610108486
21,195,80,140000,1.59624e+18,6.21660610108486
21,172,74,145000,1.6253568e+18,6.21660610108486
21,175,75,174000,1.5935616e+18,6.47850964220857
18,181,64,272000,1.6092e+18,6.21660610108486
17,184,74,270000,1.6041888e+18,6.21660610108486
18,173,64,368000,1.5837984e+18,6.21660610108486
18,174,70,206000,1.6121376e+18,6.21660610108486
21,179,72,225000,1.6093728e+18,6.55250788703459
18,190,75,169000,1.6094592e+18,6.21660610108486
19,180,70,175000,1.5463008e+18,6.21660610108486
20,181,74,175000,1.569888e+18,6.21660610108486
19,187,80,206000,1.627344e+18,6.74641212857337
19,177,72,206000,1.6094592e+18,6.21660610108486
19,175,70,175000,1.616112e+18,6.21660610108486
19,175,73,165000,1.6180992e+18,6.47850964220857
21,183,79,158000,1.6172352e+18,6.90875477931522
23,177,73,123000,1.6172352e+18,6.90875477931522
20,183,67,123000,1.6172352e+18,6.90875477931522
24,194,83,98000,1.6172352e+18,6.80350525760834
21,188,83,105000,1.6172352e+18,6.55250788703459
20,189,70,193000,1.6172352e+18,6.85751406254539
24,192,84,81000,1.6172352e+18,6.90875477931522
18,173,63,239000,1.6192224e+18,6.21660610108486
19,184,73,278000,1.6145568e+18,6.21660610108486
19,175,64,175000,1.620432e+18,6.21660610108486
18,177,64,175000,1.620432e+18,6.21660610108486
18,179,67,237000,1.5934752e+18,6.21660610108486
18,178,65,206000,1.6003008e+18,6.39859493453521
19,177,60,225000,1.6142976e+18,6.85751406254539
17,185,80,319000,1.6220736e+18,6.21660610108486
18,180,70,228000,1.6250976e+18,6.62140565176413
17,178,66,239000,1.623456e+18,6.21660610108486
17,194,85,187000,1.6216416e+18,6.21660610108486
18,185,74,195000,1.6231968e+18,6.21660610108486
20,177,74,175000,1.625184e+18,6.21660610108486
20,178,67,175000,1.6121376e+18,6.21660610108486
18,175,70,195000,1.6250976e+18,6.47850964220857
19,186,64,210000,1.5935616e+18,7.60140233458373
20,175,68,155000,1.6281216e+18,6.21660610108486
17,168,68,294000,1.5850944e+18,6.21660610108486
17,180,65,413000,1.6049664e+18,6.21660610108486
19,186,75,175000,1.6276032e+18,6.90875477931522
20,180,70,145000,1.6250976e+18,6.21660610108486
19,170,70,160000,1.5935616e+18,6.21660610108486
18,184,82,206000,1.6248384e+18,6.21660610108486
19,181,70,225000,1.6173216e+18,6.21660610108486
17,176,74,225000,1.625616e+18,6.21660610108486
17,180,73,188000,1.6289856e+18,6.21660610108486
17,176,74,225000,1.6289856e+18,6.21660610108486
16,175,73,225000,1.6295904e+18,6.21660610108486
21,179,68,185000,1.5944256e+18,7.60140233458373
19,183,75,239000,1.6304544e+18,6.21660610108486
17,175,64,285000,1.6250976e+18,6.21660610108486
20,175,64,261000,1.6284672e+18,7.60140233458373
36,172,70,23000,1.5441408e+18,6.21660610108486
24,175,72,114000,1.6188768e+18,7.60140233458373
20,184,83,238000,1.5304032e+18,6.74641212857337
19,184,75,255000,1.548288e+18,6.47850964220857
24,195,80,105000,1.4859072e+18,6.90875477931522
21,174,66,217000,1.5372288e+18,6.21660610108486
23,184,71,155000,1.500768e+18,6.21660610108486
19,172,65,193000,1.582848e+18,6.90875477931522
21,185,70,123000,1.5489792e+18,6.90875477931522
23,182,82,131000,1.5640992e+18,6.90875477931522
20,177,71,193000,1.5552864e+18,6.21660610108486
17,173,67,225000,1.5679872e+18,6.21660610108486
25,179,67,86000,1.6288128e+18,6.21660610108486
21,169,63,171000,1.5597792e+18,6.21660610108486
20,190,75,239000,1.6187904e+18,6.90875477931522
22,175,74,155000,1.59624e+18,6.21660610108486
20,171,55,171000,1.5729984e+18,6.21660610108486
23,175,71,123000,1.5489792e+18,7.60140233458373
32,175,73,54000,1.4237856e+18,7.60140233458373
19,174,73,155000,1.5782688e+18,6.21660610108486
20,186,76,158000,1.5778368e+18,6.21660610108486
18,179,73,175000,1.5778368e+18,6.21660610108486
18,182,70,239000,1.5961536e+18,6.21660610108486
18,171,65,225000,1.574208e+18,6.21660610108486
18,183,75,237000,1.5778368e+18,6.21660610108486
19,180,75,198000,1.5778368e+18,6.21660610108486
19,165,62,171000,1.59624e+18,6.21660610108486
22,173,71,1e+05,1.6311456e+18,6.21660610108486
25,174,73,98000,1.5935616e+18,7.60140233458373
21,183,72,123000,1.59624e+18,6.90875477931522
18,173,68,193000,1.59624e+18,6.62140565176413
21,177,70,123000,1.6008192e+18,6.90875477931522
19,167,61,217000,1.5984864e+18,6.21660610108486
22,184,77,123000,1.5989184e+18,7.60140233458373
21,175,64,175000,1.6093728e+18,6.90875477931522
23,186,81,155000,1.6239744e+18,6.21660610108486
20,160,54,217000,1.5619392e+18,6.21660610108486
19,183,66,217000,1.6034976e+18,6.21660610108486
20,172,65,217000,1.59624e+18,6.21660610108486
27,182,74,64000,1.6039296e+18,6.21660610108486
20,176,67,155000,1.5672096e+18,6.21660610108486
21,173,65,155000,1.5646176e+18,6.21660610108486
20,175,74,206000,1.6073856e+18,6.80350525760834
22,172,68,155000,1.59624e+18,6.21660610108486
18,188,80,248000,1.6067808e+18,6.21660610108486
18,173,65,333000,1.6190496e+18,6.21660610108486
17,165,63,375000,1.6094592e+18,6.21660610108486
21,184,73,150000,1.6121376e+18,6.90875477931522
19,180,75,158000,1.5147648e+18,6.21660610108486
18,185,68,198000,1.6041888e+18,6.21660610108486
22,178,75,171000,1.60272e+18,6.21660610108486
20,175,70,239000,1.617408e+18,6.21660610108486
18,178,72,255000,1.6179264e+18,6.21660610108486
23,190,75,98000,1.6172352e+18,7.60140233458373
20,187,73,158000,1.6172352e+18,7.60140233458373
17,180,72,245000,1.6172352e+18,6.21660610108486
21,185,72,98000,1.6172352e+18,6.90875477931522
22,183,66,123000,1.6172352e+18,7.60140233458373
21,175,70,114000,1.6172352e+18,6.90875477931522
20,192,90,140000,1.6172352e+18,6.68586094706836
21,178,72,158000,1.6172352e+18,7.60140233458373
17,184,80,218000,1.6161984e+18,6.21660610108486
17,188,72,343000,1.619136e+18,6.21660610108486
18,186,70,239000,1.6154208e+18,6.21660610108486
18,183,65,239000,1.620432e+18,6.21660610108486
19,183,72,145000,1.6231968e+18,6.90875477931522
19,175,70,206000,1.6198272e+18,6.21660610108486
17,172,72,383000,1.6121376e+18,6.21660610108486
20,188,75,225000,1.6268256e+18,6.21660610108486
17,171,68,225000,1.6181856e+18,6.21660610108486
22,182,76,155000,1.6280352e+18,6.21660610108486
18,178,76,239000,1.6149888e+18,6.21660610108486
21,177,71,167000,1.6041024e+18,6.90875477931522
20,172,67,190000,1.5807744e+18,8.29429960885724
19,178,68,255000,1.6293312e+18,6.47850964220857
24,185,72,123000,1.6188768e+18,7.60140233458373
19,181,65,175000,1.61136e+18,6.21660610108486
22,173,67,171000,1.5463008e+18,6.21660610108486
23,196,85,81000,1.5947712e+18,6.90875477931522
20,185,67,175000,1.5489792e+18,7.60140233458373
21,186,74,193000,1.5463008e+18,6.90875477931522
21,180,67,239000,1.6042752e+18,6.90875477931522
22,173,72,155000,1.57896e+18,6.21660610108486
17,195,95,325000,1.5797376e+18,6.21660610108486
20,176,69,206000,1.5764544e+18,6.62140565176413
17,180,76,140000,1.5816384e+18,6.21660610108486
22,176,68,123000,1.59624e+18,7.60140233458373
24,175,66,114000,1.59624e+18,6.90875477931522
24,178,70,114000,1.5989184e+18,7.60140233458373
20,176,68,155000,1.601424e+18,6.21660610108486
22,168,65,155000,1.6302816e+18,6.21660610108486
18,183,84,140000,1.6028064e+18,6.21660610108486
19,187,80,198000,1.6021152e+18,6.21660610108486
18,169,62,237000,1.6039296e+18,6.21660610108486
19,180,63,155000,1.6265664e+18,6.21660610108486
21,183,78,145000,1.6098048e+18,6.68586094706836
17,185,66,350000,1.6111008e+18,6.21660610108486
24,176,66,86000,1.59624e+18,6.21660610108486
19,175,56,155000,1.6038432e+18,6.21660610108486
19,162,52,217000,1.6038432e+18,6.21660610108486
20,180,70,175000,1.580688e+18,6.21660610108486
20,184,78,239000,1.5147648e+18,6.21660610108486
18,178,62,261000,1.6094592e+18,6.21660610108486
21,176,69,175000,1.6172352e+18,7.60140233458373
20,172,67,114000,1.6172352e+18,7.60140233458373
22,186,70,114000,1.6172352e+18,6.90875477931522
20,180,65,180000,1.6172352e+18,7.60140233458373
20,176,62,117000,1.6172352e+18,7.60140233458373
22,171,65,114000,1.6172352e+18,7.60140233458373
20,182,70,105000,1.6172352e+18,6.68586094706836
21,169,62,158000,1.6172352e+18,6.90875477931522
20,174,69,175000,1.6172352e+18,6.85751406254539
20,183,77,158000,1.6172352e+18,6.90875477931522
18,168,58,193000,1.6093728e+18,6.21660610108486
19,180,75,218000,1.6239744e+18,6.21660610108486
19,180,72,278000,1.6200864e+18,6.90875477931522
23,172,72,212000,1.616976e+18,6.21660610108486
20,184,60,175000,1.5909696e+18,6.21660610108486
19,177,74,239000,1.6155072e+18,6.21660610108486
20,174,68,175000,1.5272064e+18,6.21660610108486
21,170,58,193000,1.6007328e+18,7.60140233458373
20,177,64,245000,1.5964128e+18,7.60140233458373
21,189,79,175000,1.5147648e+18,6.90875477931522
19,178,68,175000,1.6190496e+18,6.68586094706836
21,175,77,140000,1.5619392e+18,6.21660610108486
22,180,61,155000,1.5304032e+18,6.21660610108486
18,186,74,259000,1.59624e+18,6.21660610108486
19,161,63,306000,1.6039296e+18,6.21660610108486
18,170,62,237000,1.6045344e+18,6.21660610108486
17,173,71,368000,1.60704e+18,6.21660610108486
22,181,74,140000,1.6038432e+18,6.21660610108486
18,176,71,239000,1.597104e+18,6.21660610108486
20,180,74,239000,1.5147648e+18,6.21660610108486
22,180,64,114000,1.6172352e+18,6.90875477931522
19,175,70,193000,1.613952e+18,6.21660610108486
21,178,72,175000,1.6239744e+18,6.21660610108486
19,173,66,239000,1.6239744e+18,6.21660610108486
19,167,61,217000,1.630368e+18,6.21660610108486
