"V1","V6","V10","V12","V13","V14","V15","Class"
52,51,14,935,2,-1,0,"1"
53,232,29,32,1,-1,0,"1"
50,525,18,177,2,-1,0,"1"
32,648,21,166,1,-1,0,"1"
58,2348,9,226,1,-1,0,"1"
37,1731,29,148,4,-1,0,"1"
65,2352,8,354,3,188,13,"1"
54,5210,30,123,4,-1,0,"1"
51,-1136,25,155,1,-1,0,"1"
28,511,15,274,1,319,5,"1"
39,3663,11,230,3,-1,0,"1"
58,-205,3,497,2,-1,0,"1"
51,1126,17,326,3,-1,0,"1"
46,-880,12,185,2,-1,0,"1"
59,-313,20,407,1,-1,0,"1"
34,1637,21,107,4,-1,0,"1"
26,-378,8,165,1,-1,0,"1"
55,9774,20,227,1,-1,0,"1"
37,14,5,22,1,-1,0,"1"
45,46,5,234,1,-1,0,"1"
35,2823,2,229,1,-1,0,"1"
60,2389,4,287,1,-1,0,"1"
42,1323,19,19,1,-1,0,"1"
55,33,30,246,3,-1,0,"1"
36,9,7,473,2,-1,0,"1"
26,3825,13,107,1,-1,0,"1"
44,0,11,78,2,264,3,"1"
40,275,13,409,4,-1,0,"1"
37,1,6,44,2,-1,0,"1"
48,295,17,123,1,164,2,"1"
22,1161,16,119,1,-1,0,"1"
39,-146,20,239,2,-1,0,"1"
41,0,6,184,2,323,1,"1"
33,381,7,1957,1,-1,0,"1"
27,811,28,591,2,-1,0,"1"
49,933,29,92,33,-1,0,"1"
42,1823,13,31,1,-1,0,"1"
44,597,7,137,2,-1,0,"1"
37,41,14,388,3,-1,0,"1"
39,345,29,110,3,-1,0,"1"
46,0,6,322,5,-1,0,"1"
57,0,14,360,2,-1,0,"1"
34,510,27,33,7,-1,0,"1"
33,1072,29,144,2,-1,0,"1"
60,1626,27,395,2,-1,0,"1"
36,722,29,103,7,-1,0,"1"
54,466,4,297,1,-1,0,"1"
36,82,29,45,4,-1,0,"1"
56,705,19,164,2,-1,0,"1"
40,0,28,147,2,-1,0,"1"
39,94,6,181,2,-1,0,"1"
41,294,28,150,14,-1,0,"1"
34,260,22,142,2,-1,0,"1"
38,137,10,624,1,-1,0,"1"
39,26233,2,462,1,-1,0,"1"
40,858,21,173,1,-1,0,"1"
62,1381,19,1020,1,-1,0,"1"
33,15,22,199,1,-1,0,"1"
28,-395,30,141,4,-1,0,"1"
44,3,6,147,1,-1,0,"1"
41,402,17,114,17,-1,0,"1"
35,20,7,51,2,-1,0,"1"
37,0,15,280,6,-1,0,"1"
37,332,14,190,2,84,7,"1"
73,7111,12,284,1,182,1,"1"
50,-111,5,19,11,-1,0,"1"
34,0,2,83,1,-1,0,"1"
43,0,12,3,1,-1,0,"1"
49,378,9,189,2,-1,0,"1"
53,-634,19,695,3,-1,0,"1"
40,2502,18,205,1,-1,0,"1"
55,856,29,101,4,-1,0,"1"
58,3108,21,53,1,-1,0,"1"
42,-78,29,10,23,-1,0,"1"
38,35,17,156,1,273,3,"1"
50,1005,17,188,3,-1,0,"1"
55,538,13,306,1,67,2,"1"
55,-171,15,30,2,-1,0,"1"
57,8403,20,11,11,-1,0,"1"
33,422,6,406,3,-1,0,"1"
45,193,29,116,2,-1,0,"1"
40,5,18,219,3,-1,0,"1"
51,2506,30,210,3,-1,0,"1"
31,259,19,287,1,-1,0,"1"
32,202,4,429,1,201,1,"1"
49,0,14,151,2,-1,0,"1"
32,2313,9,99,26,-1,0,"1"
37,1699,9,63,1,-1,0,"1"
55,467,25,129,5,-1,0,"1"
30,-2,9,136,2,-1,0,"1"
49,126,19,184,2,-1,0,"1"
42,2189,16,67,5,149,2,"1"
31,374,28,49,4,-1,0,"1"
33,3655,19,183,20,-1,0,"1"
51,3962,2,267,1,-1,0,"1"
33,488,5,332,2,-1,0,"1"
44,-299,23,268,1,-1,0,"1"
33,1050,26,304,4,-1,0,"1"
47,7,8,175,2,-1,0,"1"
30,126,23,75,10,-1,0,"1"
35,366,29,480,9,-1,0,"1"
41,0,25,286,2,-1,0,"1"
53,1421,13,225,2,-1,0,"1"
28,8263,2,267,1,-1,0,"1"
36,346,5,202,1,-1,0,"1"
39,532,31,786,2,-1,0,"1"
52,316,12,463,3,-1,0,"1"
35,121,5,245,5,-1,0,"1"
32,-1,8,228,2,-1,0,"1"
25,1141,5,718,1,347,1,"1"
57,1631,2,254,2,261,3,"1"
35,1085,27,130,10,-1,0,"1"
38,531,29,214,3,226,7,"1"
70,3230,24,112,1,-1,0,"1"
28,4,27,133,5,-1,0,"1"
44,756,18,65,1,130,2,"1"
34,1228,13,99,2,105,10,"1"
43,0,29,73,4,-1,0,"1"
43,0,7,75,3,-1,0,"1"
36,25,27,127,4,-1,0,"1"
54,489,20,280,4,287,3,"1"
23,486,3,87,1,-1,0,"1"
37,887,14,553,2,-1,0,"1"
39,3655,20,422,1,-1,0,"1"
26,1842,22,611,1,-1,0,"1"
58,0,29,535,2,-1,0,"1"
33,543,7,244,2,-1,0,"1"
60,0,19,83,2,-1,0,"1"
58,1013,30,341,5,-1,0,"1"
35,430,17,611,1,270,4,"1"
36,163,6,311,2,-1,0,"1"
34,0,21,123,2,-1,0,"1"
32,203,7,219,2,-1,0,"1"
37,3429,26,81,8,-1,0,"1"
33,1737,30,524,2,-1,0,"1"
46,0,26,208,2,-1,0,"1"
42,4014,21,149,4,186,1,"1"
28,981,24,225,1,-1,0,"1"
26,543,30,169,3,-1,0,"1"
31,859,2,80,1,-1,0,"1"
32,-667,18,152,7,349,1,"1"
36,669,9,91,1,-1,0,"1"
49,917,11,165,6,-1,0,"1"
57,567,2,87,2,265,3,"1"
54,0,6,138,3,-1,0,"1"
53,234,7,103,2,-1,0,"1"
39,519,26,117,1,-1,0,"1"
29,-43,9,484,1,-1,0,"1"
31,22,22,122,5,-1,0,"1"
40,170,8,361,3,-1,0,"1"
32,1868,27,186,16,-1,0,"1"
36,-272,4,53,6,-1,0,"1"
28,0,27,290,1,-1,0,"1"
29,2904,27,33,1,-1,0,"1"
60,2008,7,105,2,-1,0,"1"
37,859,10,154,4,-1,0,"1"
67,3377,23,77,2,-1,0,"1"
29,0,15,91,2,-1,0,"1"
27,202,21,678,1,-1,0,"1"
37,27,6,80,1,-1,0,"1"
41,-100,16,20,21,-1,0,"1"
49,177,28,90,1,204,1,"1"
33,99,31,192,3,-1,0,"1"
34,0,12,117,4,-1,0,"1"
25,109,16,306,1,-1,0,"1"
30,1177,8,220,2,-1,0,"1"
48,3940,16,298,6,-1,0,"1"
30,363,16,136,8,-1,0,"1"
40,407,2,200,1,271,1,"1"
50,716,5,444,2,-1,0,"1"
42,1628,5,119,1,195,8,"1"
33,152,13,351,2,-1,0,"1"
30,167,3,237,2,-1,0,"1"
35,523,16,95,1,-1,0,"1"
49,1743,18,68,1,-1,0,"1"
54,316,14,240,1,-1,0,"1"
47,2540,18,110,5,-1,0,"1"
46,2148,8,176,4,-1,0,"1"
41,1567,1,291,2,-1,0,"1"
60,5003,4,125,5,-1,0,"1"
47,780,20,447,2,-1,0,"1"
40,11,5,83,3,-1,0,"1"
46,167,19,155,3,-1,0,"1"
26,518,7,189,3,-1,0,"1"
73,250,31,245,4,-1,0,"1"
59,0,22,460,1,-1,0,"1"
29,874,15,68,5,-1,0,"1"
54,11,14,452,2,-1,0,"1"
49,358,13,176,3,-1,0,"1"
47,0,14,122,2,-1,0,"1"
27,941,11,124,1,-1,0,"1"
25,-282,25,198,1,-1,0,"1"
36,532,14,603,1,-1,0,"1"
33,644,11,99,2,-1,0,"1"
25,-392,7,346,1,-1,0,"1"
52,4711,28,228,2,-1,0,"1"
41,692,30,249,3,245,3,"1"
34,3773,21,287,1,-1,0,"1"
56,0,15,103,1,-1,0,"1"
29,102,12,154,1,182,5,"1"
35,7218,14,224,3,-1,0,"1"
60,872,28,37,5,-1,0,"1"
58,745,20,23,1,-1,0,"1"
48,275,5,34,1,-1,0,"1"
31,603,17,185,2,319,2,"1"
28,20,30,455,2,-1,0,"1"
23,292,13,437,2,-1,0,"1"
48,3766,6,206,2,-1,0,"1"
34,107,18,110,2,-1,0,"1"
40,251,30,153,6,-1,0,"1"
30,855,3,235,2,-1,0,"1"
59,0,8,425,6,-1,0,"1"
24,1611,28,418,1,-1,0,"1"
34,-200,25,248,5,-1,0,"1"
32,545,18,192,1,180,1,"1"
55,505,17,58,1,316,1,"1"
36,1257,8,108,9,101,1,"1"
40,518,17,84,1,-1,0,"1"
29,262,9,134,1,-1,0,"1"
46,374,4,23,5,7,2,"1"
27,3342,30,761,2,330,4,"1"
39,6,19,286,2,-1,0,"1"
39,158,6,354,2,-1,0,"1"
42,3780,19,104,3,-1,0,"1"
35,935,28,259,2,-1,0,"1"
53,453,17,148,2,-1,0,"1"
37,466,11,92,2,-1,0,"1"
88,648,3,318,1,-1,0,"1"
36,0,25,106,1,205,2,"1"
32,390,23,85,1,-1,0,"1"
32,144,19,260,11,-1,0,"1"
39,4619,21,104,1,-1,0,"1"
29,55,10,235,1,-1,0,"1"
35,299,19,1059,5,-1,0,"1"
37,442,20,51,4,349,1,"1"
44,2887,13,182,1,-1,0,"1"
35,0,2,184,1,-1,0,"1"
35,2518,9,400,1,-1,0,"1"
28,158,24,77,1,-1,0,"1"
64,1977,24,160,2,-1,0,"1"
46,-119,22,151,3,-1,0,"1"
38,0,12,133,1,-1,0,"1"
51,734,5,17,1,-1,0,"1"
31,438,12,130,2,-1,0,"1"
56,0,13,112,4,-1,0,"1"
42,717,4,152,6,-1,0,"1"
39,-53,28,189,3,-1,0,"1"
31,39,15,123,5,-1,0,"1"
48,308,14,125,5,-1,0,"1"
45,183,29,27,4,-1,0,"1"
33,-342,28,528,2,-1,0,"1"
47,-598,28,239,4,-1,0,"1"
32,518,18,34,7,-1,0,"1"
51,176,1,8,1,687,2,"1"
35,348,15,323,3,-1,0,"1"
35,876,20,318,1,-1,0,"1"
45,766,25,59,15,-1,0,"1"
39,-455,23,542,2,-1,0,"1"
53,8112,15,75,1,146,1,"1"
45,0,9,74,1,-1,0,"1"
37,744,21,161,3,-1,0,"1"
28,1925,20,147,1,90,1,"1"
39,2985,14,91,2,-1,0,"1"
54,24,28,404,1,-1,0,"1"
37,11391,21,103,1,-1,0,"1"
48,1567,20,77,3,-1,0,"1"
32,3829,20,267,1,-1,0,"1"
32,390,5,100,1,243,1,"1"
34,581,21,176,4,-1,0,"1"
48,252,7,261,5,-1,0,"1"
40,1584,21,661,1,-1,0,"1"
37,1795,5,511,1,-1,0,"1"
27,15,21,177,1,-1,0,"1"
39,640,13,220,4,370,2,"1"
38,571,4,275,3,-1,0,"1"
36,0,14,636,6,-1,0,"1"
51,383,20,164,1,-1,0,"1"
38,1610,17,76,6,-1,0,"1"
41,0,2,20,1,-1,0,"1"
35,620,17,57,2,-1,0,"1"
43,3872,9,225,2,-1,0,"1"
37,449,29,59,4,-1,0,"1"
35,-84,9,19,11,-1,0,"1"
31,0,21,243,2,-1,0,"1"
34,865,21,51,7,-1,0,"1"
39,1062,20,10,4,-1,0,"1"
31,297,16,357,2,-1,0,"1"
53,256,2,202,1,-1,0,"1"
47,1493,31,89,5,-1,0,"1"
35,244,21,54,10,-1,0,"1"
34,2583,28,64,1,95,2,"1"
47,0,14,81,2,-1,0,"1"
49,229,8,219,2,-1,0,"1"
35,0,9,115,4,-1,0,"1"
39,157,13,290,1,-1,0,"1"
51,437,6,109,1,-1,0,"1"
59,434,12,63,3,-1,0,"1"
55,1695,3,69,2,-1,0,"1"
39,0,28,93,25,-1,0,"1"
48,595,24,464,1,-1,0,"1"
42,-887,2,349,4,-1,0,"1"
30,199,28,131,7,-1,0,"1"
69,473,20,333,1,-1,0,"1"
50,38,9,42,1,-1,0,"1"
55,73,5,142,2,-1,0,"1"
29,370,29,119,2,251,5,"1"
32,-311,18,218,2,-1,0,"1"
55,274,9,7,5,-1,0,"1"
29,115,29,61,2,-1,0,"1"
48,191,17,222,1,326,1,"1"
28,36,14,158,3,-1,0,"1"
60,6684,5,173,1,-1,0,"1"
30,127,18,16,6,368,1,"1"
43,54,30,62,2,-1,0,"1"
57,79,1,60,1,592,2,"1"
32,-370,27,98,1,-1,0,"1"
31,162,11,0,2,-1,0,"1"
36,1198,9,278,3,-1,0,"1"
34,0,24,60,1,-1,0,"1"
60,174,15,241,1,364,1,"1"
41,406,9,2462,1,-1,0,"1"
34,934,18,909,3,-1,0,"1"
29,-194,7,127,1,-1,0,"1"
39,1889,29,108,2,-1,0,"1"
54,841,8,284,4,-1,0,"1"
31,0,14,215,1,-1,0,"1"
45,356,11,212,2,-1,0,"1"
28,164,9,92,7,-1,0,"1"
25,669,24,367,2,-1,0,"1"
37,-196,7,207,1,-1,0,"1"
39,394,29,551,2,-1,0,"1"
32,530,3,170,1,-1,0,"1"
40,-199,30,109,1,-1,0,"1"
33,968,28,95,10,-1,0,"1"
41,15302,19,121,4,-1,0,"1"
39,947,8,124,2,-1,0,"1"
55,719,11,221,6,284,29,"1"
40,252,15,103,6,-1,0,"1"
42,-97,3,216,4,271,5,"1"
34,0,20,150,1,-1,0,"1"
33,70,21,333,3,-1,0,"1"
41,0,3,858,1,-1,0,"1"
28,1010,6,911,1,336,2,"1"
27,1414,2,95,1,-1,0,"1"
32,1568,12,161,6,-1,0,"1"
45,171,12,539,1,-1,0,"1"
28,27,27,294,1,-1,0,"1"
31,2951,17,115,1,-1,0,"1"
40,0,17,728,3,-1,0,"1"
51,311,14,122,2,-1,0,"1"
54,0,16,101,6,-1,0,"1"
23,250,12,166,2,-1,0,"1"
43,140,18,192,7,-1,0,"1"
42,250,12,213,3,-1,0,"1"
29,-28,12,393,1,-1,0,"1"
33,716,14,234,2,-1,0,"1"
26,0,27,107,2,-1,0,"1"
59,741,19,194,2,152,2,"1"
60,1210,11,231,2,-1,0,"1"
36,0,17,222,3,-1,0,"1"
31,416,11,33,2,-1,0,"1"
56,1346,28,240,3,-1,0,"1"
38,1255,17,151,2,171,2,"1"
59,2443,20,8,8,-1,0,"1"
48,1600,18,448,1,-1,0,"1"
30,6683,30,180,1,-1,0,"1"
37,171,7,250,3,-1,0,"1"
37,523,19,21,1,-1,0,"1"
43,991,14,111,2,-1,0,"1"
36,3254,28,300,3,-1,0,"1"
43,1625,21,56,1,-1,0,"1"
53,122,27,98,1,-1,0,"1"
26,84,29,70,3,-1,0,"1"
34,1434,21,50,2,-1,0,"1"
49,1040,8,474,2,-1,0,"1"
28,-511,2,82,1,-1,0,"1"
60,5421,18,458,4,-1,0,"1"
56,334,15,127,2,-1,0,"1"
38,367,20,128,2,-1,0,"1"
34,457,30,67,2,-1,0,"1"
29,26,28,45,1,-1,0,"1"
31,0,29,183,3,-1,0,"1"
32,43,21,173,2,-1,0,"1"
40,60,15,460,3,352,6,"1"
31,2577,13,611,2,-1,0,"1"
34,75,25,111,1,-1,0,"1"
53,321,5,123,1,-1,0,"1"
31,378,23,421,2,-1,0,"1"
47,1149,15,82,2,-1,0,"1"
40,105,9,161,1,-1,0,"1"
57,818,28,208,1,-1,0,"1"
45,507,21,304,2,-1,0,"1"
34,992,4,301,1,88,2,"1"
47,432,13,334,2,-1,0,"1"
42,600,17,277,3,-1,0,"1"
26,97,27,382,1,-1,0,"1"
31,159,23,533,1,-1,0,"1"
58,5505,23,317,4,-1,0,"1"
36,7343,17,78,1,-1,0,"1"
57,282,7,261,12,-1,0,"1"
32,415,23,76,2,-1,0,"1"
59,0,17,192,1,-1,0,"1"
36,0,5,245,2,8,1,"1"
28,913,27,580,2,-1,0,"1"
43,438,17,355,2,-1,0,"1"
29,1489,20,399,1,-1,0,"1"
36,396,13,67,5,-1,0,"1"
40,8259,8,254,4,-1,0,"1"
28,0,27,548,1,-1,0,"1"
34,338,9,162,2,-1,0,"1"
30,451,5,173,1,274,3,"1"
47,459,28,226,1,-1,0,"1"
29,22008,28,139,2,-1,0,"1"
67,1430,12,88,3,-1,0,"1"
35,113,14,318,3,-1,0,"1"
56,659,2,148,1,188,3,"1"
35,3549,13,250,4,-1,0,"1"
52,5275,22,1029,3,-1,0,"1"
60,914,4,64,1,-1,0,"1"
31,540,21,227,3,-1,0,"1"
49,-849,27,197,1,-1,0,"1"
43,497,13,66,1,363,22,"1"
35,160,16,304,1,-1,0,"1"
45,1179,21,172,6,-1,0,"1"
32,0,19,303,3,-1,0,"1"
30,73,25,114,6,-1,0,"1"
57,7938,17,133,1,-1,0,"1"
34,10031,18,65,2,-1,0,"1"
38,658,4,328,2,-1,0,"1"
30,913,19,433,2,-1,0,"1"
32,1,10,143,1,-1,0,"1"
44,-68,25,121,4,-1,0,"1"
28,447,5,217,1,-1,0,"1"
51,1093,18,18,1,-1,0,"1"
40,7313,18,241,2,182,1,"1"
55,2043,18,655,1,-1,0,"1"
48,335,17,214,3,-1,0,"1"
38,67,28,74,1,239,2,"1"
35,-587,26,111,1,-1,0,"1"
46,633,12,236,10,-1,0,"1"
21,-42,10,5,1,-1,0,"1"
46,196,14,29,2,-1,0,"1"
52,26,13,215,1,-1,0,"1"
47,437,20,133,4,-1,0,"1"
30,33,25,396,1,-1,0,"1"
32,644,21,198,1,-1,0,"1"
45,77,26,99,3,-1,0,"1"
56,177,8,1040,1,-1,0,"1"
50,112,4,70,5,85,5,"1"
34,0,18,431,6,-1,0,"1"
32,-22,20,215,2,-1,0,"1"
25,137,24,281,3,-1,0,"1"
50,124,14,367,2,289,19,"1"
48,2106,17,499,2,195,1,"1"
40,0,29,245,3,-1,0,"1"
54,-1089,28,105,2,-1,0,"1"
24,11,27,114,4,-1,0,"1"
34,82,31,134,5,-1,0,"1"
58,226,14,306,2,-1,0,"1"
32,80,19,475,2,-1,0,"1"
29,1958,18,112,4,349,1,"1"
48,418,9,102,3,-1,0,"1"
33,0,18,199,1,-1,0,"1"
43,69,20,304,1,337,1,"1"
41,0,5,114,2,-1,0,"1"
34,395,11,150,2,364,8,"1"
31,5345,18,260,1,-1,0,"1"
49,7,17,50,1,-1,0,"1"
53,-200,6,161,1,-1,0,"1"
36,1057,5,383,2,-1,0,"1"
39,4313,18,272,2,-1,0,"1"
30,673,20,610,2,-1,0,"1"
43,0,17,110,1,-1,0,"1"
64,1370,12,174,1,-1,0,"1"
56,2395,12,150,2,-1,0,"1"
54,199,21,532,1,-1,0,"1"
50,-151,18,63,2,-1,0,"1"
51,260,9,183,2,-1,0,"1"
34,-17,15,319,7,-1,0,"1"
39,263,29,160,1,199,6,"1"
26,141,22,128,1,-1,0,"1"
40,-23,7,756,3,-1,0,"1"
37,0,18,77,2,-1,0,"1"
46,1000,18,96,11,-1,0,"1"
30,-97,14,255,1,356,1,"1"
31,25,21,169,5,-1,0,"1"
56,264,7,639,2,280,5,"1"
38,1514,21,160,3,120,3,"1"
36,53,18,64,7,-1,0,"1"
40,0,8,232,1,-1,0,"1"
49,24,27,168,3,-1,0,"1"
34,3,5,16,5,-1,0,"1"
35,4959,29,91,2,-1,0,"1"
54,0,29,46,1,-1,0,"1"
42,681,18,203,1,-1,0,"1"
57,485,2,79,2,187,2,"1"
61,50,22,213,5,-1,0,"1"
58,999,25,188,6,-1,0,"1"
49,3570,24,62,3,202,2,"1"
36,1869,21,122,2,-1,0,"1"
51,824,19,102,2,-1,0,"1"
27,662,30,47,1,-1,0,"1"
33,21,2,202,2,-1,0,"1"
47,183,13,144,1,-1,0,"1"
53,269,6,347,2,-1,0,"1"
30,346,3,135,1,-1,0,"1"
56,4309,9,465,6,-1,0,"1"
28,510,5,110,2,-1,0,"1"
40,0,21,43,1,185,2,"1"
35,1830,15,78,4,93,2,"1"
30,1390,20,552,4,-1,0,"1"
39,-405,8,177,1,-1,0,"1"
32,483,18,35,6,-1,0,"1"
37,1372,6,129,2,-1,0,"1"
32,4885,18,400,2,-1,0,"1"
57,0,30,585,1,-1,0,"1"
58,0,19,153,2,-1,0,"1"
37,88,2,608,1,-1,0,"1"
36,23,18,69,2,333,2,"1"
43,641,2,251,4,-1,0,"1"
36,4708,15,104,1,-1,0,"1"
26,993,8,152,1,-1,0,"1"
34,46,5,39,4,-1,0,"1"
47,-512,27,220,2,-1,0,"1"
40,369,6,79,2,-1,0,"1"
33,1388,31,158,1,202,3,"1"
35,3402,14,269,1,194,2,"1"
37,29,3,269,2,-1,0,"1"
26,2770,8,141,1,-1,0,"1"
33,130,25,121,8,-1,0,"1"
36,223,14,12,3,-1,0,"1"
43,-3372,29,386,2,-1,0,"1"
74,20422,12,90,2,-1,0,"1"
55,0,7,110,1,-1,0,"1"
31,-163,17,135,1,270,2,"1"
45,770,7,65,2,-1,0,"1"
39,270,3,116,1,-1,0,"1"
35,-371,13,358,2,-1,0,"1"
49,112,25,62,10,-1,0,"1"
20,330,20,159,2,-1,0,"1"
29,2121,16,281,1,342,2,"1"
34,16992,29,71,1,245,1,"1"
44,-73,28,80,9,-1,0,"1"
38,-1038,23,222,1,-1,0,"1"
35,3863,14,125,1,175,1,"1"
31,-13,9,260,3,-1,0,"1"
28,731,5,718,13,-1,0,"1"
33,585,17,131,1,-1,0,"1"
34,184,30,87,3,-1,0,"1"
29,89,22,120,1,-1,0,"1"
27,140,25,361,1,-1,0,"1"
61,5207,11,336,1,81,2,"1"
39,-475,7,168,3,301,1,"1"
27,724,17,200,3,-1,0,"1"
49,2222,16,114,2,-1,0,"1"
36,-355,8,89,1,-1,0,"1"
30,33,18,36,1,-1,0,"1"
36,687,21,287,3,-1,0,"1"
46,-582,5,245,4,354,9,"1"
55,645,10,123,1,-1,0,"1"
36,321,15,160,2,-1,0,"1"
43,6,29,365,2,-1,0,"1"
58,0,25,176,5,-1,0,"1"
31,17,6,72,1,-1,0,"1"
40,432,2,101,1,-1,0,"1"
43,469,20,89,2,-1,0,"1"
38,1597,8,15,1,-1,0,"1"
34,293,21,162,3,-1,0,"1"
52,199,3,373,1,236,2,"1"
47,44,15,374,1,185,1,"1"
32,4,8,173,1,-1,0,"1"
55,1989,28,139,2,-1,0,"1"
54,-58,12,143,4,-1,0,"1"
45,-642,5,124,4,-1,0,"1"
33,4443,23,25,6,-1,0,"1"
40,129,12,464,3,-1,0,"1"
29,313,8,227,2,-1,0,"1"
37,9,14,165,1,-1,0,"1"
52,12,30,33,5,-1,0,"1"
47,794,17,564,2,-1,0,"1"
59,11,20,318,2,-1,0,"1"
39,860,8,312,1,-1,0,"1"
35,0,13,419,2,-1,0,"1"
35,0,21,199,3,-1,0,"1"
30,-208,13,108,1,-1,0,"1"
46,536,15,164,2,-1,0,"1"
46,0,5,109,1,-1,0,"1"
32,344,21,21,7,141,9,"1"
38,21963,18,70,2,-1,0,"1"
49,1697,19,236,1,-1,0,"1"
40,12409,19,140,1,99,2,"1"
45,7811,16,143,2,-1,0,"1"
31,2296,6,49,8,-1,0,"1"
36,-92,18,196,3,-1,0,"1"
36,613,7,86,2,-1,0,"1"
46,596,3,404,13,-1,0,"1"
45,660,14,329,2,-1,0,"1"
31,-68,26,293,4,-1,0,"1"
44,-237,10,73,1,-1,0,"1"
38,0,12,112,2,-1,0,"1"
31,528,21,5,7,-1,0,"1"
35,3188,30,288,3,-1,0,"1"
47,0,18,203,3,-1,0,"1"
47,2597,31,52,2,-1,0,"1"
42,360,24,110,5,-1,0,"1"
50,636,6,127,2,254,23,"1"
45,396,17,266,4,-1,0,"1"
31,23,25,121,3,-1,0,"1"
46,184,3,167,1,-1,0,"1"
23,8254,29,409,3,-1,0,"1"
29,940,15,757,1,330,1,"1"
54,1895,17,345,1,-1,0,"1"
55,92,7,118,3,-1,0,"1"
36,1169,6,168,2,-1,0,"1"
42,1285,9,21,3,252,4,"1"
43,19,16,249,1,-1,0,"1"
38,34,3,88,1,-1,0,"1"
49,359,2,231,2,271,1,"1"
28,225,7,866,2,-1,0,"1"
33,3519,2,161,1,-1,0,"1"
35,1473,16,176,3,-1,0,"1"
48,113,22,38,1,-1,0,"1"
31,-720,15,112,2,-1,0,"1"
50,171,14,75,3,-1,0,"1"
28,1026,13,101,3,-1,0,"1"
44,2523,29,1236,2,-1,0,"1"
42,323,8,280,2,-1,0,"1"
61,50,21,465,6,-1,0,"1"
33,0,22,135,3,-1,0,"1"
52,3204,19,77,1,-1,0,"1"
39,622,20,169,1,-1,0,"1"
34,0,20,263,2,-1,0,"1"
31,1302,30,89,3,-1,0,"1"
33,263,16,79,4,94,3,"1"
31,898,17,578,1,-1,0,"1"
54,3529,4,686,2,-1,0,"1"
48,1,5,669,3,-1,0,"1"
60,0,18,201,1,-1,0,"1"
54,162,6,184,1,-1,0,"1"
40,5674,18,84,1,-1,0,"1"
38,-274,29,103,1,247,2,"1"
27,511,30,85,5,-1,0,"1"
29,358,21,88,5,-1,0,"1"
53,1868,8,156,4,-1,0,"1"
27,584,8,192,2,-1,0,"1"
40,3126,12,200,2,-1,0,"1"
51,0,30,273,4,-1,0,"1"
33,3669,17,370,1,-1,0,"1"
46,0,17,258,1,-1,0,"1"
39,183,9,324,2,-1,0,"1"
33,3868,2,445,1,-1,0,"1"
39,0,18,420,2,-1,0,"1"
30,-635,25,250,1,-1,0,"1"
28,1633,8,233,1,95,1,"1"
34,0,19,1283,1,-1,0,"1"
22,1215,11,154,1,-1,0,"1"
43,2501,29,153,4,-1,0,"1"
37,217,11,152,1,-1,0,"1"
40,-65,21,65,2,-1,0,"1"
31,449,28,174,1,-1,0,"1"
27,63,5,98,1,-1,0,"1"
39,463,18,169,1,-1,0,"1"
31,98,12,159,3,-1,0,"1"
20,479,11,158,2,-1,0,"1"
52,1308,29,361,1,-1,0,"1"
35,377,31,30,13,-1,0,"1"
28,-228,7,164,3,-1,0,"1"
43,601,16,792,2,-1,0,"1"
58,219,18,55,1,-1,0,"1"
31,338,2,155,2,-1,0,"1"
40,819,30,100,3,-1,0,"1"
60,182,9,182,2,95,11,"1"
49,1811,2,168,2,245,1,"1"
42,1205,15,129,1,188,2,"1"
48,490,19,622,2,-1,0,"1"
57,1728,16,164,1,-1,0,"1"
58,1697,20,55,2,-1,0,"1"
49,3033,15,125,5,-1,0,"1"
34,-603,25,164,4,-1,0,"1"
31,635,15,293,2,-1,0,"1"
59,2291,19,190,1,128,3,"1"
65,1176,25,64,1,50,2,"1"
43,6835,19,187,1,152,2,"1"
55,2120,11,236,3,-1,0,"1"
56,66,30,72,4,-1,0,"1"
33,685,17,53,1,-1,0,"1"
39,1108,18,191,2,-1,0,"1"
38,4,2,129,1,-1,0,"1"
51,0,2,61,7,-1,0,"1"
38,0,6,64,1,-1,0,"1"
54,-135,14,152,3,370,2,"1"
51,482,14,178,1,-1,0,"1"
30,0,22,121,2,-1,0,"1"
45,4646,13,118,1,-1,0,"1"
31,873,23,145,4,-1,0,"1"
26,81,28,63,2,-1,0,"1"
57,1509,18,509,1,-1,0,"1"
27,5505,25,134,1,-1,0,"1"
24,1354,18,239,2,-1,0,"1"
44,337,28,257,3,-1,0,"1"
43,490,8,216,2,368,2,"1"
45,8032,20,73,1,-1,0,"1"
48,494,29,81,8,-1,0,"1"
39,3059,20,394,1,-1,0,"1"
35,-130,20,224,1,-1,0,"1"
59,0,7,123,3,-1,0,"1"
27,592,5,466,3,-1,0,"1"
48,0,7,275,1,-1,0,"1"
49,790,7,324,3,-1,0,"1"
42,1202,11,40,1,-1,0,"1"
39,1385,9,446,1,-1,0,"1"
52,32,29,144,5,-1,0,"1"
57,82,4,140,1,-1,0,"1"
54,1614,17,534,4,-1,0,"1"
50,74,27,146,1,-1,0,"1"
34,897,12,197,4,-1,0,"1"
59,2768,8,94,5,-1,0,"1"
38,2008,18,354,1,-1,0,"1"
34,-271,2,90,1,252,2,"1"
44,786,20,15,7,-1,0,"1"
58,2,11,168,3,-1,0,"1"
45,-3,13,213,1,-1,0,"1"
28,959,29,330,2,-1,0,"1"
27,1049,29,389,3,-1,0,"1"
49,182,2,303,1,331,2,"1"
32,73,28,545,1,-1,0,"1"
46,285,11,215,2,-1,0,"1"
72,4657,27,132,4,94,16,"1"
35,208,19,214,1,-1,0,"1"
42,-166,14,337,4,-1,0,"1"
33,2583,6,129,1,-1,0,"1"
41,0,24,552,16,-1,0,"1"
21,614,13,243,3,-1,0,"1"
35,78,13,630,3,371,3,"1"
58,1231,20,21,3,-1,0,"1"
29,74,6,174,1,-1,0,"1"
25,490,6,246,3,-1,0,"1"
34,417,18,138,1,-1,0,"1"
51,234,9,281,3,-1,0,"1"
39,580,14,323,4,-1,0,"1"
25,1179,17,43,1,83,2,"1"
53,238,11,238,2,361,5,"1"
39,-176,9,176,1,-1,0,"1"
34,403,5,319,2,-1,0,"1"
57,297,5,633,1,-1,0,"1"
47,490,28,227,1,-1,0,"1"
36,725,27,123,3,99,8,"1"
34,6053,19,26,5,-1,0,"1"
31,827,20,38,1,-1,0,"1"
58,688,6,152,2,-1,0,"1"
35,211,4,53,1,-1,0,"1"
52,383,17,299,2,-1,0,"1"
34,382,5,148,1,94,1,"1"
54,-939,29,202,1,-1,0,"1"
31,2304,20,257,2,-1,0,"1"
29,64,14,444,2,366,3,"1"
58,65,27,162,1,-1,0,"1"
45,5163,20,9,2,-1,0,"1"
57,334,15,169,2,365,2,"1"
36,-2,2,316,1,-1,0,"1"
52,167,16,163,1,-1,0,"1"
37,2642,25,591,3,-1,0,"1"
59,56,21,432,5,-1,0,"1"
43,5,24,953,1,-1,0,"1"
34,517,6,791,3,-1,0,"1"
44,13,6,116,11,-1,0,"1"
24,-287,18,504,1,-1,0,"1"
40,68,30,170,19,-1,0,"1"
25,1966,28,209,1,-1,0,"1"
44,1239,20,39,4,-1,0,"1"
30,399,20,282,2,-1,0,"1"
37,-24,27,147,1,-1,0,"1"
31,3323,9,337,2,-1,0,"1"
31,69,19,640,1,-1,0,"1"
50,883,5,170,1,-1,0,"1"
31,0,24,137,1,-1,0,"1"
34,-353,15,122,4,-1,0,"1"
32,3027,5,171,2,-1,0,"1"
52,782,5,93,3,-1,0,"1"
39,1595,5,102,2,-1,0,"1"
36,0,17,273,2,131,1,"1"
30,274,11,97,2,-1,0,"1"
33,-424,26,863,1,-1,0,"1"
37,34,29,285,1,-1,0,"1"
37,1088,17,131,2,-1,0,"1"
26,458,2,117,7,-1,0,"1"
38,0,6,361,1,-1,0,"1"
31,4924,21,389,2,-1,0,"1"
38,0,28,247,2,-1,0,"1"
29,167,13,357,2,237,2,"1"
30,61,5,36,7,165,5,"1"
42,247,31,76,5,-1,0,"1"
56,276,5,269,1,-1,0,"1"
39,2666,7,96,2,-1,0,"1"
40,-31,14,117,4,-1,0,"1"
31,2088,9,15,14,-1,0,"1"
34,1243,8,157,4,-1,0,"1"
36,330,13,777,2,-1,0,"1"
36,624,5,518,2,8,1,"1"
59,866,2,88,1,208,1,"1"
55,273,29,84,3,183,3,"1"
53,-39,20,87,2,-1,0,"1"
36,-400,6,362,2,307,1,"1"
44,181,13,302,1,-1,0,"1"
35,11,25,294,1,-1,0,"1"
47,351,29,370,1,-1,0,"1"
30,13774,14,380,1,-1,0,"1"
42,0,21,384,5,-1,0,"1"
69,4572,27,185,2,92,3,"1"
39,6421,20,661,1,-1,0,"1"
53,0,14,119,3,-1,0,"1"
31,2667,2,73,2,-1,0,"1"
50,892,15,234,1,-1,0,"1"
49,0,7,301,2,-1,0,"1"
53,1194,30,166,4,-1,0,"1"
50,642,18,435,1,-1,0,"1"
31,229,29,184,1,-1,0,"1"
49,0,26,189,4,-1,0,"1"
57,0,5,58,8,-1,0,"1"
53,1230,5,155,3,-1,0,"1"
32,3050,23,298,1,-1,0,"1"
59,-209,30,215,3,-1,0,"1"
32,3268,15,147,1,-1,0,"1"
47,-187,3,652,1,-1,0,"1"
37,6889,21,1221,1,-1,0,"1"
47,0,6,466,2,-1,0,"1"
44,-2,15,152,5,-1,0,"1"
45,-63,20,847,5,-1,0,"1"
32,335,21,501,2,-1,0,"1"
32,180,14,179,1,334,1,"1"
45,4170,20,114,3,-1,0,"1"
26,535,28,252,1,-1,0,"1"
45,726,31,175,6,-1,0,"1"
46,6253,9,411,1,-1,0,"1"
35,869,29,173,1,-1,0,"1"
31,1400,30,175,2,2,1,"1"
34,1412,27,157,2,-1,0,"1"
45,523,1,380,4,371,4,"1"
32,22,7,280,1,-1,0,"1"
30,0,27,453,4,-1,0,"1"
39,0,6,262,1,-1,0,"1"
43,62,18,67,1,-1,0,"1"
44,0,14,211,2,-1,0,"1"
47,1110,23,329,3,-1,0,"1"
37,145,22,74,13,-1,0,"1"
32,1271,20,51,1,-1,0,"1"
25,17,13,97,2,-1,0,"1"
37,869,30,60,8,-1,0,"1"
28,0,14,17,24,-1,0,"1"
25,654,8,216,1,-1,0,"1"
29,1186,10,313,1,-1,0,"1"
34,-191,17,156,6,-1,0,"1"
46,157,26,150,1,-1,0,"1"
53,517,18,188,2,-1,0,"1"
50,-298,6,68,8,-1,0,"1"
39,1413,17,396,1,-1,0,"1"
45,2185,19,167,4,-1,0,"1"
61,1428,5,82,2,-1,0,"1"
55,1261,19,166,1,-1,0,"1"
37,46,19,119,4,-1,0,"1"
55,1446,17,135,1,-1,0,"1"
39,0,21,83,1,-1,0,"1"
29,872,21,173,2,-1,0,"1"
31,-422,18,64,2,329,15,"1"
37,-487,12,358,1,260,5,"1"
36,-267,14,99,7,352,1,"1"
36,705,16,111,1,-1,0,"1"
22,-7,17,84,1,343,1,"1"
55,139,30,26,25,-1,0,"1"
45,0,5,370,2,-1,0,"1"
46,37378,14,146,1,518,1,"1"
39,5201,9,317,1,-1,0,"1"
31,18,30,72,19,-1,0,"1"
81,122,23,201,1,-1,0,"1"
30,1700,22,279,3,-1,0,"1"
34,0,2,48,1,422,1,"1"
50,843,27,71,3,-1,0,"1"
27,454,15,331,2,-1,0,"1"
33,-103,19,149,2,175,1,"1"
40,641,16,156,6,-1,0,"1"
30,1450,18,298,1,355,1,"1"
46,310,24,58,2,-1,0,"1"
60,241,30,42,3,-1,0,"1"
30,409,14,120,4,-1,0,"1"
30,1320,5,122,3,362,1,"1"
31,165,15,218,4,-1,0,"1"
46,2199,27,146,1,-1,0,"1"
48,0,11,195,1,104,5,"1"
29,228,11,12,8,342,9,"1"
66,3409,19,133,3,160,3,"1"
27,302,8,151,1,189,1,"1"
37,681,5,187,1,8,1,"1"
43,-141,23,128,1,-1,0,"1"
30,677,16,241,1,-1,0,"1"
35,1176,21,166,2,-1,0,"1"
33,1636,3,105,1,136,1,"1"
36,449,4,166,2,-1,0,"1"
42,37,21,299,1,-1,0,"1"
59,208,28,503,2,-1,0,"1"
39,26,28,110,18,-1,0,"1"
34,0,21,183,2,-1,0,"1"
44,-234,15,71,3,347,1,"1"
31,410,20,112,2,-1,0,"1"
29,297,17,240,2,-1,0,"1"
49,124,29,125,19,-1,0,"1"
43,10072,12,98,1,77,5,"1"
39,763,17,192,1,-1,0,"1"
33,478,7,349,1,338,1,"1"
46,1437,12,49,1,-1,0,"1"
38,384,6,1906,3,-1,0,"1"
42,3228,21,133,1,-1,0,"1"
34,9,14,153,2,-1,0,"1"
74,7819,6,165,3,-1,0,"1"
34,1408,23,245,1,-1,0,"1"
39,9143,29,851,2,-1,0,"1"
36,1392,15,205,2,-1,0,"1"
42,-141,13,211,3,345,3,"1"
29,102,11,111,1,210,4,"1"
54,154,9,155,3,-1,0,"1"
30,1718,21,73,4,126,2,"1"
54,551,28,431,2,-1,0,"1"
59,0,12,214,3,-1,0,"1"
37,0,17,65,2,119,1,"1"
58,7881,28,507,8,-1,0,"1"
58,258,19,285,1,-1,0,"1"
25,1420,8,124,2,-1,0,"1"
49,-962,19,295,2,-1,0,"1"
26,205,29,239,1,-1,0,"1"
50,2641,30,97,3,-1,0,"1"
54,7449,19,235,7,-1,0,"1"
44,2283,18,81,2,-1,0,"1"
35,391,21,152,1,-1,0,"1"
37,828,6,206,2,342,1,"1"
30,585,2,7,6,-1,0,"1"
52,691,29,158,1,-1,0,"1"
50,-44,27,45,1,-1,0,"1"
32,616,27,118,7,-1,0,"1"
48,3886,11,297,2,-1,0,"1"
33,661,11,108,1,99,7,"1"
59,0,8,130,1,-1,0,"1"
31,9506,8,321,2,-1,0,"1"
53,1852,29,134,4,-1,0,"1"
42,525,17,172,3,-1,0,"1"
51,3134,19,92,3,-1,0,"1"
30,631,13,293,3,-1,0,"1"
31,297,12,127,1,-1,0,"1"
48,2071,14,127,1,-1,0,"1"
30,277,8,166,1,42,1,"1"
42,725,3,124,3,252,3,"1"
57,270,14,526,2,-1,0,"1"
32,112,5,118,1,-1,0,"1"
52,95,13,91,2,-1,0,"1"
48,5326,17,116,2,-1,0,"1"
55,5804,24,56,3,-1,0,"1"
46,-160,25,93,11,-1,0,"1"
43,103,18,53,1,183,5,"1"
54,0,12,77,4,341,2,"1"
57,32,15,476,3,-1,0,"1"
42,343,25,87,4,-1,0,"1"
27,662,9,544,1,-1,0,"1"
31,713,9,1534,2,-1,0,"1"
34,4260,15,375,1,-1,0,"1"
32,2366,20,127,2,-1,0,"1"
54,869,14,152,2,-1,0,"1"
57,2518,11,82,2,-1,0,"1"
33,3064,20,309,1,-1,0,"1"
55,312,6,13,8,9,3,"1"
38,8,7,125,1,-1,0,"1"
36,7503,4,25,1,-1,0,"1"
40,5010,17,49,1,-1,0,"1"
48,100,29,206,1,-1,0,"1"
53,167,7,84,1,343,1,"1"
52,0,2,77,3,-1,0,"1"
32,4612,24,937,4,-1,0,"1"
51,0,15,70,1,-1,0,"1"
35,162,22,675,2,-1,0,"1"
36,342,7,142,1,-1,0,"1"
60,6557,7,214,2,-1,0,"1"
32,-1500,27,157,2,-1,0,"1"
35,1054,21,106,1,-1,0,"1"
37,-399,3,21,3,-1,0,"1"
40,-117,17,770,2,-1,0,"1"
41,654,13,139,2,-1,0,"1"
46,-287,30,113,3,-1,0,"1"
32,0,7,255,2,-1,0,"1"
51,15904,7,504,4,-1,0,"1"
42,324,27,203,2,-1,0,"1"
59,833,21,311,1,-1,0,"1"
58,0,11,965,2,-1,0,"1"
33,7,20,217,1,-1,0,"1"
44,97,6,153,4,-1,0,"1"
30,1837,18,109,2,-1,0,"1"
42,3641,14,869,1,-1,0,"1"
23,589,6,62,1,-1,0,"1"
37,3977,17,264,1,-1,0,"1"
59,1500,16,280,1,104,2,"1"
34,1368,18,252,2,-1,0,"1"
36,1830,14,183,1,91,11,"1"
59,1228,16,57,3,-1,0,"1"
51,480,12,189,1,326,5,"1"
31,2,18,224,1,-1,0,"1"
32,0,20,415,2,-1,0,"1"
30,-68,24,78,1,-1,0,"1"
73,1092,7,390,2,-1,0,"1"
31,2592,12,349,2,174,1,"1"
39,-143,14,93,2,349,7,"1"
44,13761,29,65,1,-1,0,"1"
44,316,21,163,3,-1,0,"1"
39,-367,16,667,2,-1,0,"1"
32,2979,25,156,1,-1,0,"1"
59,7668,5,124,1,-1,0,"1"
30,49,27,210,2,-1,0,"1"
35,0,23,107,2,-1,0,"1"
34,531,4,279,1,-1,0,"1"
38,113,13,25,10,-1,0,"1"
24,3505,18,317,1,355,1,"1"
28,13186,27,466,2,-1,0,"1"
44,251,28,122,3,-1,0,"1"
45,9711,19,416,3,-1,0,"1"
50,9585,31,182,6,-1,0,"1"
31,513,13,180,1,-1,0,"1"
52,598,14,266,2,-1,0,"1"
48,141,6,424,1,-1,0,"1"
26,1099,15,99,2,225,13,"1"
31,18,8,82,2,-1,0,"1"
40,0,6,64,2,-1,0,"1"
30,9634,12,781,5,-1,0,"1"
35,1924,20,285,1,-1,0,"1"
46,1106,9,14,13,-1,0,"1"
40,-164,7,87,1,-1,0,"1"
51,-2282,14,301,6,-1,0,"1"
31,752,14,178,1,-1,0,"1"
32,2204,21,11,4,-1,0,"1"
28,59,3,330,3,190,6,"1"
32,1064,12,326,1,-1,0,"1"
48,5348,18,105,1,-1,0,"1"
60,2868,20,42,7,-1,0,"1"
51,122,6,499,2,-1,0,"1"
33,149,7,254,1,-1,0,"1"
33,1293,15,245,9,373,2,"1"
76,2302,5,110,1,87,2,"1"
39,385,26,143,1,93,1,"1"
33,2366,11,249,1,356,2,"1"
30,114,18,110,10,-1,0,"1"
37,2442,4,97,1,-1,0,"1"
28,655,4,606,2,-1,0,"1"
59,82,17,324,4,-1,0,"1"
46,91,6,29,1,356,2,"1"
44,2167,7,1273,1,-1,0,"1"
41,1321,15,315,2,-1,0,"1"
30,249,12,406,1,-1,0,"1"
49,2159,17,771,1,-1,0,"1"
39,0,3,164,2,-1,0,"1"
44,0,28,264,5,-1,0,"1"
33,405,14,99,4,353,1,"1"
43,57,25,188,5,-1,0,"1"
49,2405,23,216,8,-1,0,"1"
46,-637,8,218,1,172,1,"1"
37,1733,12,524,3,326,1,"1"
28,1106,17,73,2,-1,0,"1"
54,5417,3,376,1,-1,0,"1"
59,0,2,173,1,-1,0,"1"
44,0,14,220,7,-1,0,"1"
59,281,8,430,2,-1,0,"1"
30,6,23,274,2,-1,0,"1"
39,2990,30,127,4,-1,0,"1"
44,0,11,151,2,370,2,"1"
32,2137,13,423,1,349,1,"1"
58,9200,6,233,2,-1,0,"1"
43,5082,3,99,3,-1,0,"1"
48,-440,12,399,1,-1,0,"1"
37,391,8,103,3,-1,0,"1"
45,474,2,190,4,264,4,"1"
46,435,15,192,3,-1,0,"1"
35,172,11,4,1,381,2,"1"
44,254,26,224,6,-1,0,"1"
28,-65,4,90,4,-1,0,"1"
35,625,13,267,1,-1,0,"1"
26,339,26,165,5,-1,0,"1"
29,356,9,106,1,-1,0,"1"
52,1161,13,271,1,-1,0,"1"
33,47,18,47,3,178,3,"1"
31,64,18,302,3,-1,0,"1"
38,863,6,78,1,-1,0,"1"
56,277,20,9,13,-1,0,"1"
30,187,28,66,4,-1,0,"1"
36,0,6,149,1,-1,0,"1"
27,259,18,12,2,-1,0,"1"
54,0,19,220,1,-1,0,"1"
51,-1,28,110,8,-1,0,"1"
45,4,20,709,9,-1,0,"1"
55,0,18,324,2,-1,0,"1"
31,-720,17,638,16,-1,0,"1"
38,38,16,64,1,-1,0,"1"
26,1595,2,54,1,-1,0,"1"
70,2346,1,421,1,97,6,"1"
51,568,4,37,1,-1,0,"1"
25,276,12,268,4,-1,0,"1"
44,103,12,79,1,329,2,"1"
30,0,9,20,1,-1,0,"1"
59,-139,18,33,1,-1,0,"1"
45,4958,4,212,4,-1,0,"1"
41,1141,27,228,1,-1,0,"1"
33,1221,7,127,6,-1,0,"1"
34,425,16,1389,7,-1,0,"1"
46,792,5,170,2,-1,0,"1"
40,211,5,216,4,-1,0,"1"
54,77,21,180,4,-1,0,"1"
26,37,28,301,2,-1,0,"1"
37,0,14,17,7,-1,0,"1"
41,-117,6,117,6,-1,0,"1"
36,300,9,287,1,-1,0,"1"
41,-194,10,307,1,-1,0,"1"
39,298,20,216,1,-1,0,"1"
34,2045,29,146,2,-1,0,"1"
42,671,16,14,20,-1,0,"1"
38,323,19,138,1,-1,0,"1"
60,4,5,882,2,-1,0,"1"
41,487,16,163,1,200,1,"1"
35,1473,20,17,6,322,4,"1"
30,790,20,696,3,-1,0,"1"
55,0,17,76,2,-1,0,"1"
52,3016,3,142,1,-1,0,"1"
30,0,23,541,2,-1,0,"1"
48,517,14,273,1,-1,0,"1"
33,7,20,203,1,-1,0,"1"
52,488,19,60,3,-1,0,"1"
40,259,8,70,1,-1,0,"1"
55,2,31,126,2,-1,0,"1"
51,428,18,145,2,-1,0,"1"
52,279,14,197,3,-1,0,"1"
49,1403,3,124,2,180,2,"1"
46,229,17,191,1,-1,0,"1"
28,324,5,175,1,-1,0,"1"
32,-91,26,95,2,-1,0,"1"
43,-796,7,190,4,-1,0,"1"
32,86,26,1099,1,-1,0,"1"
37,1949,12,328,2,-1,0,"1"
38,378,21,184,21,-1,0,"1"
32,3628,18,130,2,-1,0,"1"
57,29207,21,232,2,-1,0,"1"
54,390,20,68,5,-1,0,"1"
34,456,28,137,8,-1,0,"1"
30,80,8,185,2,-1,0,"1"
33,-45,26,240,2,-1,0,"1"
28,7,15,87,1,-1,0,"1"
52,238,6,101,1,362,5,"1"
46,36,16,250,1,-1,0,"1"
33,1,21,551,8,-1,0,"1"
48,36686,30,295,1,-1,0,"1"
50,3016,13,65,5,-1,0,"1"
28,0,28,452,1,-1,0,"1"
34,1969,7,252,4,-1,0,"1"
48,2537,26,219,6,-1,0,"1"
37,1510,3,88,2,-1,0,"1"
40,280,8,435,2,340,3,"1"
47,3279,21,189,4,-1,0,"1"
43,0,30,81,1,-1,0,"1"
49,0,12,345,2,-1,0,"1"
32,252,25,148,4,-1,0,"1"
39,562,13,303,2,-1,0,"1"
47,33,5,298,1,-1,0,"1"
23,318,9,545,2,-1,0,"1"
33,67,16,137,2,-1,0,"1"
75,46,2,294,1,-1,0,"1"
35,4788,3,227,1,-1,0,"1"
44,3463,28,290,2,153,3,"1"
25,61,9,345,9,-1,0,"1"
35,5,19,268,3,-1,0,"1"
33,1097,6,308,4,-1,0,"1"
55,303,13,261,2,-1,0,"1"
57,75,8,157,8,-1,0,"1"
48,104,8,103,4,-1,0,"1"
47,673,14,106,6,-1,0,"1"
44,961,20,314,2,-1,0,"1"
33,51,21,273,2,-1,0,"1"
46,716,17,106,1,-1,0,"1"
33,-848,9,12,12,256,2,"1"
55,16432,14,482,2,-1,0,"1"
27,948,12,121,2,207,1,"1"
57,0,20,45,4,-1,0,"1"
44,0,21,175,4,-1,0,"1"
39,386,29,201,2,-1,0,"1"
35,0,9,17,1,-1,0,"1"
59,0,29,45,7,-1,0,"1"
32,13565,3,613,2,-1,0,"1"
49,1430,18,231,2,-1,0,"1"
56,-256,14,92,1,370,2,"1"
53,2245,24,125,2,-1,0,"1"
30,74,21,106,3,-1,0,"1"
39,-225,19,220,1,-1,0,"1"
39,425,6,562,3,-1,0,"1"
35,3816,13,331,2,195,1,"1"
42,-189,12,247,2,-1,0,"1"
28,687,13,113,3,33,2,"1"
46,74,15,101,4,-1,0,"1"
31,-106,3,258,4,-1,0,"1"
35,434,11,277,1,271,2,"1"
26,1720,3,383,1,-1,0,"1"
35,3854,18,132,2,-1,0,"1"
58,26,12,600,4,-1,0,"1"
58,2270,20,24,4,-1,0,"1"
41,3465,11,389,4,-1,0,"1"
30,0,16,510,3,-1,0,"1"
54,2960,13,94,9,85,1,"1"
47,0,19,141,1,-1,0,"1"
59,4497,4,213,1,251,1,"1"
38,4630,3,133,3,-1,0,"1"
29,343,4,39,2,-1,0,"1"
32,396,18,88,1,364,1,"1"
70,324,15,78,1,96,7,"1"
34,210,20,199,1,-1,0,"1"
41,849,15,72,1,-1,0,"1"
29,92,7,240,1,-1,0,"1"
39,968,22,199,6,-1,0,"1"
49,57,21,396,3,-1,0,"1"
55,1937,21,64,3,-1,0,"1"
37,33,6,326,1,-1,0,"1"
28,967,20,174,1,334,1,"1"
33,6138,20,369,1,-1,0,"1"
38,0,17,78,2,193,2,"1"
52,0,20,166,1,-1,0,"1"
34,1217,20,142,2,328,3,"1"
41,1735,21,358,3,-1,0,"1"
52,340,17,463,1,344,1,"1"
36,0,17,138,5,-1,0,"1"
34,3185,13,520,1,-1,0,"1"
37,21,6,231,2,-1,0,"1"
47,7351,4,1060,3,-1,0,"1"
60,60,5,219,1,-1,0,"1"
27,89,14,68,3,-1,0,"1"
43,6424,20,55,1,-1,0,"1"
32,1150,8,31,2,-1,0,"1"
26,523,29,216,1,-1,0,"1"
30,700,12,73,2,-1,0,"1"
40,1938,29,37,1,-1,0,"1"
45,-158,2,91,1,-1,0,"1"
32,0,20,464,2,-1,0,"1"
45,31,28,280,1,-1,0,"1"
30,1232,6,52,4,-1,0,"1"
43,216,11,129,1,-1,0,"1"
57,900,8,169,4,-1,0,"1"
27,876,18,268,1,355,1,"1"
33,1862,12,65,1,-1,0,"1"
40,285,6,322,1,265,3,"1"
54,8180,19,312,1,-1,0,"1"
47,699,5,432,3,97,2,"1"
47,2269,18,132,1,279,2,"1"
58,2516,16,303,1,-1,0,"1"
51,1550,20,12,5,-1,0,"1"
33,240,21,373,3,-1,0,"1"
31,-475,12,232,3,-1,0,"1"
49,-236,26,204,2,-1,0,"1"
43,667,7,228,3,-1,0,"1"
48,61,28,198,1,-1,0,"1"
35,183,24,78,2,-1,0,"1"
51,563,20,23,6,-1,0,"1"
47,584,19,79,19,-1,0,"1"
51,1057,9,149,2,-1,0,"1"
35,787,20,49,1,-1,0,"1"
46,269,8,188,5,-1,0,"1"
54,827,20,294,2,-1,0,"1"
38,0,30,437,1,-1,0,"1"
39,0,15,103,4,-1,0,"1"
34,147,29,57,7,-1,0,"1"
60,4,28,602,3,-1,0,"1"
58,1669,13,109,2,-1,0,"1"
42,254,9,241,1,336,1,"1"
55,0,6,160,3,-1,0,"1"
37,2055,10,241,4,-1,0,"1"
48,4,20,7,5,318,10,"1"
35,634,29,122,2,-1,0,"1"
29,21,14,107,4,371,3,"1"
59,417,7,476,2,-1,0,"1"
59,13718,7,107,6,-1,0,"1"
46,1103,13,185,2,278,3,"1"
57,84,15,59,1,-1,0,"1"
26,5829,23,41,2,-1,0,"1"
56,1214,7,105,1,-1,0,"1"
32,1918,17,321,1,-1,0,"1"
28,1,28,181,1,-1,0,"1"
36,351,30,78,1,84,1,"1"
52,0,22,91,2,275,1,"1"
26,609,28,112,1,-1,0,"1"
51,111,14,140,1,-1,0,"1"
49,2673,27,219,4,-1,0,"1"
40,0,17,383,3,-1,0,"1"
34,1313,12,176,1,21,6,"1"
33,121,26,210,6,-1,0,"1"
40,642,18,147,3,-1,0,"1"
26,54,13,116,1,-1,0,"1"
53,-421,26,543,4,-1,0,"1"
53,243,7,66,2,-1,0,"1"
39,592,2,222,2,-1,0,"1"
28,805,7,148,5,336,7,"1"
41,140,3,96,1,125,2,"1"
29,3220,17,172,3,-1,0,"1"
28,267,11,198,5,-1,0,"1"
42,366,5,150,1,-1,0,"1"
42,454,4,23,3,-1,0,"1"
35,2086,21,254,7,-1,0,"1"
42,334,20,18,5,335,9,"1"
45,0,12,54,1,-1,0,"1"
27,392,21,292,2,-1,0,"1"
47,1851,19,140,2,-1,0,"1"
44,879,31,28,1,-1,0,"1"
35,-239,26,281,1,-1,0,"1"
30,3950,18,152,4,370,3,"1"
57,209,19,453,1,-1,0,"1"
54,214,18,68,1,-1,0,"1"
54,1411,12,56,2,-1,0,"1"
33,2360,20,268,1,-1,0,"1"
50,219,15,419,7,-1,0,"1"
38,0,20,266,3,-1,0,"1"
33,565,8,77,2,-1,0,"1"
50,1227,29,380,2,-1,0,"1"
22,3992,19,194,2,-1,0,"1"
57,780,26,94,2,-1,0,"1"
41,1717,8,520,2,343,3,"1"
55,-196,20,210,2,-1,0,"1"
51,630,5,138,1,-1,0,"1"
42,1455,6,364,4,-1,0,"1"
43,1413,28,75,3,-1,0,"1"
38,263,14,84,6,-1,0,"1"
34,-167,21,201,1,-1,0,"1"
54,950,15,285,2,-1,0,"1"
39,5,21,167,1,-1,0,"1"
28,0,5,335,2,281,8,"1"
29,-559,21,485,1,-1,0,"1"
31,287,19,182,1,-1,0,"1"
42,1079,19,117,6,-1,0,"1"
28,520,30,113,1,168,1,"1"
42,445,7,202,2,-1,0,"1"
33,-208,4,306,3,360,1,"1"
45,-192,6,138,3,-1,0,"1"
46,137,5,246,1,-1,0,"1"
45,61,17,108,1,-1,0,"1"
44,673,5,105,1,-1,0,"1"
37,47,19,374,3,-1,0,"1"
45,4367,27,71,1,-1,0,"1"
55,517,6,47,3,263,4,"1"
42,803,7,171,2,-1,0,"1"
40,339,14,234,2,-1,0,"1"
33,-32,25,196,12,-1,0,"1"
31,1291,18,72,1,-1,0,"1"
34,-294,12,163,2,-1,0,"1"
34,550,9,601,1,-1,0,"1"
32,11431,12,141,5,-1,0,"1"
39,0,14,9,10,330,10,"1"
35,0,28,81,2,-1,0,"1"
43,5997,15,270,3,-1,0,"1"
55,953,6,125,3,-1,0,"1"
34,490,2,491,1,-1,0,"1"
31,2744,8,309,2,-1,0,"1"
52,1818,17,189,2,111,4,"1"
30,552,5,648,2,-1,0,"1"
43,666,13,160,3,-1,0,"1"
73,154,15,103,1,-1,0,"1"
58,-147,28,95,3,-1,0,"1"
38,2240,19,551,1,183,1,"1"
52,0,4,74,1,-1,0,"1"
42,-401,29,145,2,-1,0,"1"
54,1323,20,47,4,-1,0,"1"
40,572,17,171,1,318,1,"1"
26,-525,22,417,1,-1,0,"1"
35,406,11,126,12,-1,0,"1"
29,2799,5,371,2,-1,0,"1"
42,417,21,177,1,-1,0,"1"
37,89,2,51,4,-1,0,"1"
42,2656,14,238,1,-1,0,"1"
29,-303,4,298,3,-1,0,"1"
53,0,19,160,3,-1,0,"1"
39,1301,13,233,1,-1,0,"1"
40,3131,24,401,1,-1,0,"1"
55,929,28,80,3,-1,0,"1"
48,67,14,251,2,-1,0,"1"
31,202,18,216,1,-1,0,"1"
28,3516,17,232,1,-1,0,"1"
50,2809,13,200,2,259,9,"1"
34,1012,15,109,3,-1,0,"1"
53,1138,6,375,2,-1,0,"1"
39,0,17,106,1,-1,0,"1"
37,195,1,10,1,-1,0,"1"
56,2925,29,133,6,-1,0,"1"
55,-157,6,354,5,-1,0,"1"
37,5287,19,599,4,100,2,"1"
33,469,26,158,9,-1,0,"1"
32,428,3,142,2,-1,0,"1"
45,-32,28,56,2,-1,0,"1"
40,793,15,109,1,-1,0,"1"
58,4198,11,309,5,-1,0,"1"
47,1172,19,86,1,-1,0,"1"
38,-475,10,234,1,-1,0,"1"
58,886,16,302,4,-1,0,"1"
32,-1161,30,445,5,-1,0,"1"
34,105,7,146,2,171,3,"1"
54,313,5,83,2,-1,0,"1"
39,519,5,180,3,166,15,"1"
27,2033,2,39,2,-1,0,"1"
52,3094,17,96,1,-1,0,"1"
45,1971,21,182,3,-1,0,"1"
52,2569,11,258,5,-1,0,"1"
35,362,29,329,2,240,8,"1"
27,-442,30,85,7,-1,0,"1"
31,604,18,394,2,-1,0,"1"
56,1388,18,132,1,-1,0,"1"
45,1196,14,108,6,-1,0,"1"
34,178,15,14,2,-1,0,"1"
34,558,20,108,2,-1,0,"1"
55,1164,18,242,1,-1,0,"1"
57,158,10,73,1,-1,0,"1"
49,320,19,243,6,-1,0,"1"
21,6,9,622,1,-1,0,"1"
38,432,15,10,2,373,1,"1"
31,54,21,226,1,-1,0,"1"
37,-796,26,299,1,-1,0,"1"
49,935,1,150,1,-1,0,"1"
28,264,21,443,2,-1,0,"1"
40,0,26,178,2,-1,0,"1"
27,118,9,132,3,-1,0,"1"
29,178,5,231,4,-1,0,"1"
47,-813,21,85,2,158,25,"1"
59,1491,9,157,2,-1,0,"1"
46,568,28,51,4,-1,0,"1"
32,200,3,172,3,-1,0,"1"
40,169,20,214,1,346,1,"1"
28,7102,20,156,3,325,9,"1"
33,329,9,44,1,-1,0,"1"
47,570,12,864,3,-1,0,"1"
30,2702,24,129,2,-1,0,"1"
40,0,5,985,6,-1,0,"1"
59,169,16,181,3,-1,0,"1"
33,0,7,172,2,-1,0,"1"
31,20,28,304,1,71,1,"1"
27,317,15,1286,1,-1,0,"1"
48,-552,21,150,2,-1,0,"1"
41,4,23,74,5,-1,0,"1"
34,991,6,89,1,344,1,"1"
51,872,8,82,2,-1,0,"1"
58,494,14,171,10,-1,0,"1"
32,1167,16,668,3,147,1,"1"
28,476,22,630,1,-1,0,"1"
46,10,18,64,6,-1,0,"1"
44,5102,23,205,1,-1,0,"1"
86,1503,18,165,3,101,1,"1"
29,883,8,85,1,-1,0,"1"
36,2235,20,287,2,-1,0,"1"
46,575,25,129,3,-1,0,"1"
33,154,18,159,2,-1,0,"1"
42,0,14,67,7,177,1,"1"
45,-191,18,178,3,-1,0,"1"
34,2542,14,228,1,-1,0,"1"
54,-239,23,29,1,-1,0,"1"
35,0,21,183,8,-1,0,"1"
34,2677,20,259,1,-1,0,"1"
35,7,4,72,2,247,1,"1"
30,432,3,180,3,-1,0,"1"
46,954,4,532,2,-1,0,"1"
45,33,5,437,1,-1,0,"1"
52,0,26,206,1,-1,0,"1"
32,168,27,86,1,-1,0,"1"
78,38,4,156,1,1,3,"1"
35,0,7,139,1,243,2,"1"
27,1625,2,180,5,-1,0,"1"
55,0,20,398,2,-1,0,"1"
41,33,30,125,5,-1,0,"1"
34,-34,27,201,5,-1,0,"1"
34,186,14,115,3,-1,0,"1"
46,863,3,67,3,-1,0,"1"
36,539,11,176,1,-1,0,"1"
30,578,4,48,1,-1,0,"1"
43,-1,15,51,1,311,2,"1"
27,1117,7,416,4,-1,0,"1"
56,770,20,59,3,-1,0,"1"
35,0,14,370,4,-1,0,"1"
40,607,19,432,1,-1,0,"1"
38,265,17,854,3,-1,0,"1"
42,1316,5,285,1,-1,0,"1"
42,77,7,152,2,-1,0,"1"
28,739,21,316,1,-1,0,"1"
50,354,7,123,2,-1,0,"1"
57,3783,6,198,3,-1,0,"1"
37,0,26,24,1,-1,0,"1"
31,493,18,158,1,-1,0,"1"
39,0,8,503,1,-1,0,"1"
36,1313,26,80,6,-1,0,"1"
45,0,14,246,2,-1,0,"1"
43,547,9,96,6,-1,0,"1"
56,84,13,65,2,370,1,"1"
34,3092,19,115,1,-1,0,"1"
31,3528,5,132,1,-1,0,"1"
29,596,18,172,2,346,6,"1"
35,739,12,13,7,172,4,"1"
27,0,27,346,3,-1,0,"1"
51,507,8,85,2,-1,0,"1"
59,571,2,25,1,-1,0,"1"
35,3339,6,304,2,-1,0,"1"
58,0,11,464,2,-1,0,"1"
53,1252,26,149,1,-1,0,"1"
30,78,6,198,1,-1,0,"1"
35,275,25,63,5,-1,0,"1"
54,2133,18,176,1,-1,0,"1"
28,-493,18,126,4,-1,0,"1"
33,661,4,90,4,167,3,"1"
31,162,28,13,9,-1,0,"1"
42,244,16,403,1,-1,0,"1"
38,257,26,57,10,-1,0,"1"
39,2445,16,303,5,-1,0,"1"
30,2030,28,27,2,-1,0,"1"
37,331,8,94,3,-1,0,"1"
46,475,23,158,2,-1,0,"1"
48,281,19,100,3,-1,0,"1"
34,2047,28,57,5,-1,0,"1"
54,1241,20,17,5,-1,0,"1"
30,-118,15,377,1,-1,0,"1"
32,-428,13,518,1,-1,0,"1"
47,502,14,28,2,-1,0,"1"
49,47,5,234,2,-1,0,"1"
46,289,7,51,3,-1,0,"1"
35,450,20,95,2,-1,0,"1"
43,92,15,237,2,-1,0,"1"
50,8,2,171,2,5,1,"1"
59,1875,13,77,1,-1,0,"1"
41,2666,30,170,2,-1,0,"1"
32,60,19,153,7,-1,0,"1"
51,-895,20,104,5,-1,0,"1"
42,0,15,257,5,-1,0,"1"
33,-204,15,297,3,-1,0,"1"
56,778,6,149,2,-1,0,"1"
41,-4,20,171,6,-1,0,"1"
37,51,28,2150,2,-1,0,"1"
58,268,7,516,1,-1,0,"1"
36,2012,10,188,7,-1,0,"1"
32,283,22,151,2,-1,0,"1"
58,1407,30,58,1,-1,0,"1"
49,93,24,212,4,-1,0,"1"
27,116,30,46,1,-1,0,"1"
46,494,15,131,3,365,1,"1"
47,0,19,50,2,-1,0,"1"
45,0,8,166,1,340,1,"1"
57,-157,28,31,9,-1,0,"1"
38,324,17,167,3,-1,0,"1"
36,758,17,236,2,-1,0,"1"
50,877,27,181,1,-1,0,"1"
28,202,14,163,3,-1,0,"1"
32,1012,14,178,1,-1,0,"1"
49,1127,17,162,2,281,1,"1"
38,5,7,221,2,-1,0,"1"
42,-465,23,102,1,-1,0,"1"
44,5068,8,256,2,-1,0,"1"
38,369,7,224,1,-1,0,"1"
42,0,18,118,6,-1,0,"1"
48,328,6,189,1,-1,0,"1"
41,2242,6,459,4,-1,0,"1"
29,340,26,297,1,-1,0,"1"
39,155,20,20,6,153,26,"1"
50,3043,3,113,4,-1,0,"1"
37,-88,26,225,1,-1,0,"1"
51,8486,21,80,10,-1,0,"1"
48,264,6,439,2,-1,0,"1"
44,5004,20,175,2,-1,0,"1"
49,7426,20,65,2,-1,0,"1"
31,10787,4,135,2,-1,0,"1"
42,1535,28,121,1,108,2,"1"
35,2074,5,144,7,-1,0,"1"
35,0,17,80,5,-1,0,"1"
57,2416,11,74,2,-1,0,"1"
39,750,9,175,1,-1,0,"1"
38,419,20,656,1,-1,0,"1"
46,148,13,210,1,-1,0,"1"
56,1866,1,760,1,-1,0,"1"
42,-106,15,495,1,347,3,"1"
30,411,21,142,1,-1,0,"1"
28,-594,15,296,2,353,2,"1"
56,563,16,51,1,-1,0,"1"
43,1017,19,257,2,-1,0,"1"
45,221,2,93,1,235,1,"1"
29,321,7,196,2,-1,0,"1"
28,1080,18,192,1,-1,0,"1"
36,590,9,282,2,-1,0,"1"
49,-2049,30,169,3,-1,0,"1"
30,163,23,123,2,-1,0,"1"
51,1216,25,421,1,-1,0,"1"
47,3533,20,319,1,100,2,"1"
55,6205,6,233,2,-1,0,"1"
54,21,15,439,1,-1,0,"1"
35,1701,15,175,1,67,3,"1"
38,2472,3,176,2,-1,0,"1"
58,57,17,117,3,-1,0,"1"
48,0,15,964,2,-1,0,"1"
56,9698,20,189,2,-1,0,"1"
75,852,16,228,1,185,1,"1"
57,0,15,215,2,-1,0,"1"
45,-249,1,92,1,-1,0,"1"
32,514,8,459,1,-1,0,"1"
52,618,10,352,2,102,2,"1"
44,-61,11,1015,1,-1,0,"1"
56,318,9,246,3,-1,0,"1"
33,1590,29,57,1,-1,0,"1"
34,7602,20,222,1,-1,0,"1"
42,984,29,109,1,-1,0,"1"
45,3689,7,397,1,169,5,"1"
55,-256,9,136,2,-1,0,"1"
42,-628,15,251,1,-1,0,"1"
56,1,11,83,2,-1,0,"1"
32,944,13,231,2,362,1,"1"
32,360,9,175,3,259,4,"1"
38,162,8,200,2,-1,0,"1"
27,43,2,95,3,-1,0,"1"
22,2281,8,221,1,-1,0,"1"
46,9347,19,138,1,117,1,"1"
41,382,17,218,2,-1,0,"1"
55,35,20,126,4,-1,0,"1"
22,0,5,179,2,-1,0,"1"
44,1431,16,199,2,-1,0,"1"
41,4070,6,140,2,-1,0,"1"
40,264,14,222,2,-1,0,"1"
32,578,30,206,3,-1,0,"1"
58,64,21,78,2,-1,0,"1"
26,96,6,606,1,345,1,"1"
40,4,9,189,1,-1,0,"1"
41,3096,24,273,6,-1,0,"1"
45,1113,16,67,2,-1,0,"1"
37,0,25,484,4,-1,0,"1"
53,1046,30,50,20,-1,0,"1"
42,2993,19,136,2,-1,0,"1"
32,-169,14,310,3,-1,0,"1"
37,807,12,807,3,172,4,"1"
49,8399,19,596,2,-1,0,"1"
52,7900,20,90,2,-1,0,"1"
28,67,3,20,5,-1,0,"1"
34,1524,16,399,1,-1,0,"1"
36,251,30,180,7,-1,0,"1"
39,508,2,154,3,-1,0,"1"
35,514,25,56,1,185,1,"1"
36,129,20,200,7,-1,0,"1"
64,243,22,144,1,175,1,"1"
45,0,15,112,4,-1,0,"1"
27,80,27,188,2,-1,0,"1"
27,159,25,295,2,-1,0,"1"
71,2064,9,379,2,92,3,"1"
42,2772,2,244,1,-1,0,"1"
53,0,9,44,2,-1,0,"1"
42,-149,8,33,1,-1,0,"1"
32,-1,12,37,1,-1,0,"1"
32,530,29,131,1,127,3,"1"
33,-238,13,73,2,-1,0,"1"
37,121,13,302,4,-1,0,"1"
40,0,2,297,1,28,3,"1"
40,21,9,584,1,-1,0,"1"
42,4253,13,146,1,-1,0,"1"
43,-210,17,523,2,-1,0,"1"
38,-56,6,247,2,-1,0,"1"
40,679,17,642,2,304,1,"1"
33,4984,4,181,2,-1,0,"1"
38,116,30,203,1,-1,0,"1"
48,5978,28,58,1,-1,0,"1"
37,0,11,148,2,-1,0,"1"
40,406,6,262,1,-1,0,"1"
35,-33,6,109,1,-1,0,"1"
46,-204,28,234,15,-1,0,"1"
43,6673,21,41,4,-1,0,"1"
31,997,3,256,1,190,3,"1"
39,416,9,427,1,-1,0,"1"
38,304,2,238,1,214,1,"1"
50,-79,7,70,1,-1,0,"1"
27,3354,14,493,5,-1,0,"1"
41,483,9,319,1,-1,0,"1"
34,241,26,85,1,-1,0,"1"
54,-152,26,14,11,-1,0,"1"
54,2950,11,45,2,-1,0,"1"
34,1161,21,192,1,-1,0,"1"
48,649,19,136,2,-1,0,"1"
40,209,12,302,2,344,3,"1"
29,887,4,343,1,-1,0,"1"
61,313,3,42,1,-1,0,"1"
41,944,31,81,2,-1,0,"1"
19,103,15,96,2,97,2,"1"
50,-19,21,407,11,-1,0,"1"
31,387,4,149,1,-1,0,"1"
44,58544,7,144,2,-1,0,"1"
32,1297,15,250,1,-1,0,"1"
58,630,9,443,2,-1,0,"1"
28,0,26,245,3,-1,0,"1"
51,-153,20,62,4,-1,0,"1"
28,2474,22,262,1,-1,0,"1"
31,3181,29,128,7,-1,0,"1"
46,595,6,334,3,-1,0,"1"
52,111,12,179,2,-1,0,"1"
38,577,2,50,2,-1,0,"1"
54,1044,29,597,5,-1,0,"1"
26,-74,4,147,1,-1,0,"1"
43,243,17,31,3,338,5,"1"
32,3095,12,204,10,-1,0,"1"
39,171,8,153,1,353,1,"1"
33,329,7,227,4,-1,0,"1"
59,332,30,35,2,-1,0,"1"
58,794,28,130,9,-1,0,"1"
55,0,8,138,2,-1,0,"1"
28,59,23,293,2,-1,0,"1"
34,612,25,91,1,-1,0,"1"
31,40,4,158,1,104,2,"1"
48,9131,14,902,5,-1,0,"1"
36,1156,28,141,7,-1,0,"1"
22,104,17,531,1,339,1,"1"
27,102,26,9,1,-1,0,"1"
38,171,9,286,5,-1,0,"1"
42,43,14,735,8,-1,0,"1"
41,1956,4,114,6,168,11,"1"
42,-14,24,58,2,-1,0,"1"
48,505,26,320,5,-1,0,"1"
24,9,27,292,7,-1,0,"1"
30,499,21,145,1,281,3,"1"
56,1539,28,149,14,-1,0,"1"
50,2717,18,188,1,-1,0,"1"
35,-476,20,57,6,177,4,"1"
62,532,31,298,2,300,1,"1"
39,1492,30,227,1,189,1,"1"
48,734,17,1208,3,-1,0,"1"
33,884,23,271,1,-1,0,"1"
55,16873,1,78,2,-1,0,"1"
48,500,5,53,1,-1,0,"1"
47,3519,28,193,1,220,1,"1"
29,8,28,468,1,-1,0,"1"
39,1428,6,278,1,-1,0,"1"
38,254,27,359,6,-1,0,"1"
32,251,25,272,6,-1,0,"1"
48,6613,17,159,3,-1,0,"1"
48,720,17,277,2,-1,0,"1"
30,638,20,483,2,291,6,"1"
34,442,30,69,1,164,2,"1"
45,-257,16,448,2,-1,0,"1"
40,0,15,435,1,-1,0,"1"
34,902,14,159,1,367,2,"1"
31,682,26,473,5,-1,0,"1"
38,124,20,202,2,-1,0,"1"
34,42,7,154,2,-1,0,"1"
47,0,3,335,1,-1,0,"1"
37,3467,9,185,2,-1,0,"1"
49,384,11,64,1,-1,0,"1"
29,719,30,76,1,-1,0,"1"
49,402,19,571,1,-1,0,"1"
57,-461,4,145,8,-1,0,"1"
57,206,5,216,3,-1,0,"1"
32,0,6,135,3,-1,0,"1"
35,837,4,329,1,-1,0,"1"
42,3371,13,284,1,92,2,"1"
58,29,6,253,1,-1,0,"1"
55,752,17,204,2,-1,0,"1"
36,351,25,88,3,-1,0,"1"
36,272,11,222,2,-1,0,"1"
57,169,14,180,1,106,2,"1"
32,574,15,51,4,-1,0,"1"
24,1857,6,473,4,-1,0,"1"
35,-272,29,309,1,197,13,"1"
66,0,12,701,1,-1,0,"1"
42,2124,15,161,3,-1,0,"1"
59,2303,30,128,2,-1,0,"1"
57,39,30,354,3,-1,0,"1"
52,36,13,109,2,-1,0,"1"
49,325,20,63,15,-1,0,"1"
38,2329,29,261,1,-1,0,"1"
31,2480,4,107,4,-1,0,"1"
45,1621,18,122,8,-1,0,"1"
44,370,29,64,4,-1,0,"1"
35,846,19,175,2,-1,0,"1"
27,-220,26,138,2,-1,0,"1"
44,492,12,56,1,361,2,"1"
36,105,28,76,1,-1,0,"1"
31,298,2,232,1,-1,0,"1"
59,684,13,48,13,-1,0,"1"
27,89,20,139,5,-1,0,"1"
30,1472,20,769,4,-1,0,"1"
35,2340,31,420,9,-1,0,"1"
36,171,12,92,2,-1,0,"1"
48,1533,29,358,1,-1,0,"1"
63,1849,25,125,6,177,2,"1"
34,355,20,51,3,-1,0,"1"
32,1710,15,439,1,175,3,"1"
44,179,20,75,3,-1,0,"1"
50,-779,22,112,2,-1,0,"1"
44,538,31,196,2,-1,0,"1"
43,584,20,27,1,-1,0,"1"
50,1553,31,53,2,-1,0,"1"
42,782,17,536,2,-1,0,"1"
37,3913,9,76,2,-1,0,"1"
50,57435,21,319,3,-1,0,"1"
52,385,26,96,4,-1,0,"1"
30,678,15,236,4,-1,0,"1"
59,2552,5,125,3,-1,0,"1"
44,579,6,198,2,-1,0,"1"
36,246,18,427,4,-1,0,"1"
78,158,18,360,1,-1,0,"1"
53,725,16,227,4,-1,0,"1"
25,2096,3,236,2,-1,0,"1"
44,641,15,257,1,-1,0,"1"
35,394,23,154,1,-1,0,"1"
42,193,17,171,1,-1,0,"1"
38,494,17,146,1,104,2,"1"
28,-284,12,162,1,-1,0,"1"
56,-762,11,348,2,-1,0,"1"
40,352,10,258,1,-1,0,"1"
32,964,19,130,1,120,2,"1"
40,1576,29,253,3,-1,0,"1"
36,656,28,71,4,-1,0,"1"
52,2709,9,48,7,-1,0,"1"
57,561,5,21,1,-1,0,"1"
53,4856,18,151,1,-1,0,"1"
60,216,2,214,1,-1,0,"1"
46,-591,9,126,1,-1,0,"1"
43,704,18,116,1,-1,0,"1"
35,1364,20,25,2,-1,0,"1"
32,6981,2,154,1,194,3,"1"
46,626,19,177,2,-1,0,"1"
36,42,8,102,4,-1,0,"1"
37,277,8,338,2,-1,0,"1"
47,4040,11,53,5,-1,0,"1"
31,489,23,204,4,-1,0,"1"
35,421,18,350,1,-1,0,"1"
34,145,22,152,2,-1,0,"1"
31,1117,28,340,3,-1,0,"1"
40,2562,15,487,4,-1,0,"1"
31,2007,20,253,1,-1,0,"1"
40,874,14,75,1,-1,0,"1"
51,1521,6,24,1,-1,0,"1"
44,0,20,174,5,-1,0,"1"
58,835,3,296,1,-1,0,"1"
39,2040,12,312,6,-1,0,"1"
46,225,6,530,5,-1,0,"1"
42,245,14,103,2,-1,0,"1"
41,5745,15,69,3,357,1,"1"
49,1672,17,128,3,-1,0,"1"
38,213,16,270,15,-1,0,"1"
41,153,27,389,1,-1,0,"1"
24,66,26,109,2,-1,0,"1"
41,-277,12,431,1,-1,0,"1"
35,7951,6,103,1,-1,0,"1"
38,0,28,33,3,-1,0,"1"
57,-12,12,80,8,-1,0,"1"
51,2439,19,118,1,-1,0,"1"
35,207,26,312,1,-1,0,"1"
37,-97,5,135,2,-1,0,"1"
43,3049,28,383,2,-1,0,"1"
43,0,27,129,1,-1,0,"1"
47,-346,3,137,2,253,2,"1"
25,380,12,167,1,-1,0,"1"
32,23,5,160,1,-1,0,"1"
35,4924,16,252,2,-1,0,"1"
59,2126,18,359,1,343,1,"1"
30,1924,6,170,1,-1,0,"1"
44,192,11,232,2,-1,0,"1"
54,211,25,160,6,-1,0,"1"
31,479,29,72,12,-1,0,"1"
63,2716,25,205,1,-1,0,"1"
46,6150,20,157,2,-1,0,"1"
50,797,6,354,1,-1,0,"1"
31,69,11,257,2,-1,0,"1"
37,-961,13,294,1,-1,0,"1"
57,2887,11,123,1,-1,0,"1"
54,2508,20,34,8,-1,0,"1"
33,73,11,156,1,263,2,"1"
35,1555,9,26,2,-1,0,"1"
38,702,12,143,1,-1,0,"1"
51,307,17,65,2,-1,0,"1"
56,4,17,135,1,-1,0,"1"
30,177,13,109,3,-1,0,"1"
36,-11,30,172,28,-1,0,"1"
34,332,14,134,2,-1,0,"1"
50,-70,6,386,2,-1,0,"1"
36,254,6,161,3,-1,0,"1"
30,609,6,145,1,-1,0,"1"
33,39,16,332,3,-1,0,"1"
32,258,3,114,3,-1,0,"1"
35,2583,19,210,1,-1,0,"1"
31,28,8,101,1,-1,0,"1"
40,363,26,135,1,104,2,"1"
38,7752,15,138,4,-1,0,"1"
47,263,29,127,2,255,1,"1"
37,178,9,72,1,-1,0,"1"
39,794,3,116,2,121,1,"1"
28,246,14,162,4,-1,0,"1"
27,-579,18,220,1,367,3,"1"
40,92,13,92,1,-1,0,"1"
43,-41,20,8,3,-1,0,"1"
57,1166,9,106,1,-1,0,"1"
38,1,17,169,7,-1,0,"1"
59,201,5,52,1,8,7,"1"
33,404,7,139,1,-1,0,"1"
45,4877,8,172,2,-1,0,"1"
39,72,7,425,6,-1,0,"1"
36,1313,20,8,10,-1,0,"1"
39,1551,8,389,7,-1,0,"1"
52,2138,17,134,1,-1,0,"1"
53,2430,19,73,2,145,3,"1"
51,1700,4,147,1,-1,0,"1"
45,245,14,126,3,-1,0,"1"
36,812,2,138,2,-1,0,"1"
21,1746,21,487,2,-1,0,"1"
39,8,29,1028,2,-1,0,"1"
39,835,5,135,1,-1,0,"1"
34,-115,14,360,1,-1,0,"1"
37,194,2,144,1,-1,0,"1"
45,285,25,202,7,-1,0,"1"
50,0,6,327,1,356,1,"1"
26,626,15,412,2,-1,0,"1"
34,428,7,221,2,267,3,"1"
59,3843,11,104,4,-1,0,"1"
31,4,17,234,2,-1,0,"1"
47,175,15,236,4,262,7,"1"
55,0,22,102,1,106,1,"1"
50,161,18,642,1,-1,0,"1"
35,3552,21,267,1,-1,0,"1"
50,0,17,344,1,-1,0,"1"
39,399,9,504,1,-1,0,"1"
41,1500,31,101,6,-1,0,"1"
31,522,29,113,4,-1,0,"1"
37,-1,2,223,2,200,7,"1"
36,-37,27,151,1,-1,0,"1"
43,2589,3,38,3,-1,0,"1"
37,197,16,251,3,-1,0,"1"
32,459,8,202,2,-1,0,"1"
34,-52,13,12,1,-1,0,"1"
38,5432,17,707,1,149,2,"1"
34,2026,17,100,8,-1,0,"1"
54,6427,19,53,1,-1,0,"1"
43,1865,17,155,1,186,1,"1"
27,297,11,273,5,-1,0,"1"
57,202,20,207,1,346,2,"1"
27,102,7,159,2,-1,0,"1"
41,2665,29,112,1,183,10,"1"
25,333,12,399,3,-1,0,"1"
57,4012,20,915,1,-1,0,"1"
24,6837,7,345,1,-1,0,"1"
36,5195,2,55,25,-1,0,"1"
64,2280,7,289,1,-1,0,"1"
51,0,11,177,2,-1,0,"1"
32,329,3,321,1,-1,0,"1"
34,48,24,357,7,-1,0,"1"
58,3948,13,76,1,-1,0,"1"
28,477,10,93,1,-1,0,"1"
40,4381,29,126,2,-1,0,"1"
36,3551,15,134,9,-1,0,"1"
37,0,21,115,1,-1,0,"1"
35,391,30,47,8,-1,0,"1"
45,79,25,98,1,-1,0,"1"
27,8,18,398,1,370,2,"1"
51,463,13,213,5,-1,0,"1"
31,150,14,68,2,-1,0,"1"
37,125,5,56,1,-1,0,"1"
33,1397,16,370,1,146,3,"1"
33,-675,28,245,2,-1,0,"1"
31,967,21,210,3,-1,0,"1"
33,0,26,192,6,-1,0,"1"
38,86,6,218,1,-1,0,"1"
37,37,18,155,2,-1,0,"1"
39,278,28,60,3,-1,0,"1"
59,1040,5,123,2,-1,0,"1"
36,1587,28,200,2,-1,0,"1"
42,376,8,15,1,-1,0,"1"
33,-886,25,103,6,-1,0,"1"
57,1335,19,902,2,-1,0,"1"
40,315,20,44,1,-1,0,"1"
41,236,3,159,2,-1,0,"1"
34,1076,8,70,2,-1,0,"1"
31,1,2,19,6,-1,0,"1"
28,0,7,47,1,-1,0,"1"
43,422,12,110,1,-1,0,"1"
51,0,22,176,4,-1,0,"1"
48,1039,17,581,1,-1,0,"1"
32,354,4,239,1,196,8,"1"
47,699,5,203,1,-1,0,"1"
41,102,15,323,1,-1,0,"1"
43,429,3,35,32,-1,0,"1"
43,30,30,379,17,-1,0,"1"
59,284,4,265,2,-1,0,"1"
32,337,15,51,3,368,1,"1"
36,475,25,141,3,-1,0,"1"
40,4126,4,671,2,-1,0,"1"
33,328,20,72,1,264,9,"1"
54,194,20,127,2,-1,0,"1"
46,0,30,77,2,-1,0,"1"
29,43,20,68,2,-1,0,"1"
42,5,13,853,1,-1,0,"1"
26,-295,7,556,1,-1,0,"1"
35,387,16,254,2,-1,0,"1"
42,13410,14,149,2,-1,0,"1"
31,144,17,370,3,-1,0,"1"
40,14,12,135,4,-1,0,"1"
29,560,6,212,1,92,2,"1"
39,127,22,77,1,-1,0,"1"
42,5774,15,54,2,-1,0,"1"
47,94,31,9,19,-1,0,"1"
28,1900,15,9,6,-1,0,"1"
35,278,21,84,1,-1,0,"1"
40,2346,16,182,3,-1,0,"1"
51,5699,30,436,1,270,2,"1"
21,691,13,219,1,101,2,"1"
57,5305,12,192,1,-1,0,"1"
55,3068,7,44,3,-1,0,"1"
36,22,6,125,2,-1,0,"1"
31,-495,29,334,2,-1,0,"1"
28,623,18,25,41,-1,0,"1"
37,3770,18,106,1,110,4,"1"
37,0,29,147,4,-1,0,"1"
54,3294,25,132,5,-1,0,"1"
44,126,13,92,1,-1,0,"1"
32,181,6,90,1,-1,0,"1"
29,59,14,100,3,356,2,"1"
38,2454,14,373,2,-1,0,"1"
40,630,23,177,2,-1,0,"1"
56,802,3,258,2,-1,0,"1"
30,623,29,512,5,-1,0,"1"
43,1559,30,123,1,-1,0,"1"
44,280,5,193,2,-1,0,"1"
80,3669,30,166,1,-1,0,"1"
52,0,30,161,6,-1,0,"1"
46,198,14,93,1,350,1,"1"
33,172,7,13,1,-1,0,"1"
60,91,27,105,4,-1,0,"1"
31,-218,2,227,15,-1,0,"1"
34,882,20,24,1,-1,0,"1"
41,795,2,147,1,-1,0,"1"
25,963,17,28,1,-1,0,"1"
45,141,14,21,10,-1,0,"1"
44,10984,20,258,18,-1,0,"1"
37,3728,20,55,4,-1,0,"1"
30,908,21,27,1,-1,0,"1"
46,233,14,57,4,-1,0,"1"
38,384,3,387,1,-1,0,"1"
29,11,12,214,4,-1,0,"1"
53,2135,4,152,2,-1,0,"1"
60,292,2,260,5,195,4,"1"
54,462,23,260,3,-1,0,"1"
37,0,28,62,8,-1,0,"1"
48,1245,13,169,1,134,1,"1"
28,422,19,394,2,-1,0,"1"
45,146,6,294,1,305,15,"1"
48,2054,6,127,2,-1,0,"1"
57,2101,18,101,5,-1,0,"1"
28,-76,18,143,1,-1,0,"1"
39,3705,16,77,1,-1,0,"1"
33,3446,28,83,2,-1,0,"1"
51,409,28,203,1,-1,0,"1"
58,7369,4,247,2,-1,0,"1"
33,0,11,443,1,-1,0,"1"
45,71,26,138,2,-1,0,"1"
60,851,18,112,2,-1,0,"1"
39,0,11,62,1,-1,0,"1"
50,3240,21,144,2,-1,0,"1"
38,2978,20,65,2,-1,0,"1"
40,640,17,202,2,-1,0,"1"
33,7621,21,68,1,-1,0,"1"
33,0,28,233,2,-1,0,"1"
46,1291,14,142,3,259,17,"1"
44,7,7,238,3,-1,0,"1"
31,1981,22,437,2,-1,0,"1"
37,506,2,446,2,273,1,"1"
43,3664,29,274,1,-1,0,"1"
43,-260,11,183,2,-1,0,"1"
36,6172,18,126,2,-1,0,"1"
29,68,4,69,4,-1,0,"1"
52,-888,16,135,1,-1,0,"1"
36,1762,3,259,1,-1,0,"1"
33,217,20,198,1,339,3,"1"
24,5482,18,424,2,-1,0,"1"
55,-208,3,148,2,-1,0,"1"
56,-663,27,243,2,-1,0,"1"
54,714,5,225,1,-1,0,"1"
33,-38,18,184,1,-1,0,"1"
47,1139,11,106,2,-1,0,"1"
55,168,19,79,2,-1,0,"1"
35,612,11,158,1,195,1,"1"
34,1092,23,268,1,-1,0,"1"
31,2398,2,16,13,-1,0,"1"
41,-391,23,137,1,-1,0,"1"
44,5414,30,166,4,-1,0,"1"
34,-64,28,693,7,-1,0,"1"
51,603,25,122,3,-1,0,"1"
32,38,27,66,1,-1,0,"1"
44,2058,21,661,1,-1,0,"1"
29,-15,28,140,1,-1,0,"1"
37,16,20,280,1,-1,0,"1"
45,115,11,209,4,-1,0,"1"
44,1989,20,106,2,-1,0,"1"
32,101,11,369,1,-1,0,"1"
37,-886,26,224,1,-1,0,"1"
30,1675,4,181,1,-1,0,"1"
63,0,30,337,3,-1,0,"1"
43,372,27,162,1,-1,0,"1"
40,-163,8,290,1,-1,0,"1"
24,931,28,200,4,-1,0,"1"
47,3072,21,229,3,-1,0,"1"
34,176,18,61,4,-1,0,"1"
40,-476,30,105,2,-1,0,"1"
43,-291,11,277,1,301,2,"1"
31,78,7,104,1,-1,0,"1"
55,1218,5,145,1,-1,0,"1"
52,2488,13,176,2,-1,0,"1"
33,764,6,244,2,-1,0,"1"
36,1479,15,65,2,-1,0,"1"
57,4,21,84,1,-1,0,"1"
40,205,25,357,1,-1,0,"1"
50,101,6,43,2,326,1,"1"
39,150,25,55,1,46,7,"1"
59,1308,30,183,4,-1,0,"1"
46,587,2,186,1,-1,0,"1"
34,19348,8,316,2,-1,0,"1"
36,72,8,80,1,-1,0,"1"
57,53,1,215,3,-1,0,"1"
38,-1350,28,96,4,-1,0,"1"
48,-110,19,164,2,-1,0,"1"
34,647,29,392,1,-1,0,"1"
31,557,27,185,1,-1,0,"1"
34,0,5,293,6,-1,0,"1"
40,8486,6,260,3,-1,0,"1"
49,305,7,140,1,99,1,"1"
52,-209,23,161,1,-1,0,"1"
36,123,18,9,1,-1,0,"1"
48,1669,3,143,1,-1,0,"1"
57,5,20,165,2,-1,0,"1"
55,319,21,124,3,-1,0,"1"
33,206,13,168,1,-1,0,"1"
37,1399,17,420,1,-1,0,"1"
31,0,14,40,2,-1,0,"1"
57,192,7,320,1,-1,0,"1"
43,0,24,229,2,-1,0,"1"
51,4711,19,253,1,-1,0,"1"
56,467,29,105,8,-1,0,"1"
57,5799,17,97,1,-1,0,"1"
44,2365,26,159,3,-1,0,"1"
23,817,18,123,1,-1,0,"1"
33,44,21,88,2,-1,0,"1"
49,666,12,337,1,309,6,"1"
34,2490,19,185,2,180,1,"1"
46,505,28,26,7,-1,0,"1"
41,1408,23,403,3,-1,0,"1"
41,740,30,134,3,-1,0,"1"
28,161,20,268,2,-1,0,"1"
33,263,21,206,3,-1,0,"1"
45,-302,27,78,1,-1,0,"1"
34,0,14,78,4,-1,0,"1"
37,144,5,247,2,-1,0,"1"
31,3295,2,845,2,-1,0,"1"
36,86,25,48,4,-1,0,"1"
57,2266,5,306,1,-1,0,"1"
51,8863,19,435,2,-1,0,"1"
56,784,30,149,2,-1,0,"1"
38,164,15,188,3,-1,0,"1"
43,-1,30,605,2,-1,0,"1"
52,556,13,733,6,-1,0,"1"
30,1019,4,155,1,234,1,"1"
39,-54,30,252,4,-1,0,"1"
40,2471,23,206,1,-1,0,"1"
51,0,15,177,4,99,2,"1"
44,0,18,26,7,-1,0,"1"
38,-212,27,78,2,-1,0,"1"
25,789,23,202,1,-1,0,"1"
37,8821,14,167,1,-1,0,"1"
52,994,22,109,2,-1,0,"1"
36,0,27,134,2,-1,0,"1"
81,519,9,488,1,-1,0,"1"
25,3856,20,16,28,-1,0,"1"
39,1648,19,123,1,-1,0,"1"
20,66,19,75,2,-1,0,"1"
35,199,17,203,1,344,3,"1"
28,307,30,132,1,-1,0,"1"
47,206,7,118,1,-1,0,"1"
41,780,15,432,3,-1,0,"1"
47,0,30,127,2,233,8,"1"
46,295,23,141,6,-1,0,"1"
31,2085,21,639,2,93,4,"1"
37,0,3,247,13,-1,0,"1"
32,69,7,95,1,357,3,"1"
48,205,7,239,2,-1,0,"1"
31,54,18,230,3,-1,0,"1"
55,1470,28,85,2,-1,0,"1"
57,363,25,195,6,-1,0,"1"
49,3915,15,44,1,-1,0,"1"
28,-58,8,74,1,-1,0,"1"
35,539,3,198,2,267,1,"1"
58,2596,18,15,2,-1,0,"1"
41,0,6,165,4,-1,0,"1"
35,153,9,593,2,-1,0,"1"
34,577,14,337,1,-1,0,"1"
33,1,5,26,8,267,1,"1"
59,0,11,89,1,-1,0,"1"
31,50,21,794,1,-1,0,"1"
50,388,8,152,2,89,2,"1"
42,1066,26,125,1,104,3,"1"
34,66,5,102,1,170,2,"1"
32,375,19,143,3,-1,0,"1"
41,1032,21,64,2,-1,0,"1"
55,2059,11,149,1,259,4,"1"
42,445,5,67,1,-1,0,"1"
51,193,18,146,5,-1,0,"1"
36,63,16,322,2,-1,0,"1"
50,3149,19,69,1,190,1,"1"
30,309,13,99,1,-1,0,"1"
48,2369,11,516,2,-1,0,"1"
32,55,18,185,1,-1,0,"1"
28,206,14,155,2,-1,0,"1"
42,961,18,10,6,354,1,"1"
53,-491,20,124,4,-1,0,"1"
60,-330,22,69,6,-1,0,"1"
32,557,4,388,3,272,1,"1"
32,169,7,22,11,-1,0,"1"
42,519,2,150,3,-1,0,"1"
34,1758,6,14,8,-1,0,"1"
38,137,31,27,22,-1,0,"1"
51,-17,27,134,6,-1,0,"1"
34,587,4,77,8,-1,0,"1"
39,3050,6,236,7,-1,0,"1"
33,1002,30,201,4,-1,0,"1"
48,386,27,185,5,-1,0,"1"
25,248,14,121,1,-1,0,"1"
37,115,7,36,1,-1,0,"1"
34,2093,8,371,6,-1,0,"1"
26,8,24,46,1,-1,0,"1"
53,592,13,151,1,-1,0,"1"
42,692,19,207,1,-1,0,"1"
51,4497,15,276,3,-1,0,"1"
48,5366,21,248,3,-1,0,"1"
42,319,8,17,9,-1,0,"1"
34,1310,30,521,3,158,7,"1"
58,124,7,293,7,-1,0,"1"
32,81,7,126,5,-1,0,"1"
35,193,6,50,1,-1,0,"1"
53,0,9,296,1,-1,0,"1"
59,136,6,301,4,-1,0,"1"
46,25204,6,72,1,-1,0,"1"
36,304,2,249,3,-1,0,"1"
54,451,18,42,4,280,5,"1"
31,728,28,104,4,-1,0,"1"
43,379,28,74,1,-1,0,"1"
43,985,16,35,1,-1,0,"1"
50,719,20,117,6,-1,0,"1"
48,150,9,168,2,203,7,"1"
42,1261,10,272,1,-1,0,"1"
28,475,10,30,2,-1,0,"1"
34,2984,20,11,3,-1,0,"1"
32,0,23,271,6,-1,0,"1"
46,6651,22,114,1,60,1,"1"
41,4717,19,182,2,-1,0,"1"
48,174,8,36,8,-1,0,"1"
36,8267,18,321,2,-1,0,"1"
33,889,18,13,1,373,6,"1"
40,5766,28,385,1,-1,0,"1"
48,410,12,116,1,-1,0,"1"
47,52,25,93,5,-1,0,"1"
58,3585,30,122,1,167,1,"1"
46,756,15,401,7,-1,0,"1"
25,2,25,102,2,-1,0,"1"
41,1672,25,148,1,-1,0,"1"
61,182,9,335,1,92,13,"1"
53,1103,22,274,6,-1,0,"1"
57,1610,16,147,1,-1,0,"1"
51,-160,30,118,4,-1,0,"1"
34,2552,25,74,1,-1,0,"1"
43,9,6,472,1,-1,0,"1"
43,136,6,120,2,-1,0,"1"
45,1780,9,464,1,-1,0,"1"
54,0,18,144,2,-1,0,"1"
39,-288,11,227,1,-1,0,"1"
25,431,16,493,1,317,12,"1"
25,4280,8,148,2,-1,0,"1"
58,435,28,122,6,-1,0,"1"
29,380,12,154,2,-1,0,"1"
28,375,14,43,1,350,1,"1"
31,296,20,378,3,-1,0,"1"
34,259,11,316,2,-1,0,"1"
48,397,11,389,6,-1,0,"1"
34,-308,30,140,2,-1,0,"1"
59,1978,20,928,1,-1,0,"1"
32,-92,6,139,1,363,1,"1"
58,2764,17,235,1,-1,0,"1"
51,21244,4,166,2,-1,0,"1"
31,1716,13,542,2,340,2,"1"
34,0,21,311,1,-1,0,"1"
30,6,5,279,2,342,2,"1"
41,141,16,299,4,-1,0,"1"
27,456,13,104,1,-1,0,"1"
36,678,4,85,3,-1,0,"1"
53,392,26,95,6,-1,0,"1"
33,0,21,102,2,-1,0,"1"
32,1659,30,120,6,-1,0,"1"
59,136,8,176,1,-1,0,"1"
38,279,28,110,5,-1,0,"1"
33,0,7,487,1,-1,0,"1"
54,-690,29,230,4,-1,0,"1"
47,1715,22,211,8,-1,0,"1"
25,19,10,133,1,-1,0,"1"
26,3154,27,121,1,-1,0,"1"
55,1105,15,94,1,-1,0,"1"
37,153,31,15,26,-1,0,"1"
30,-386,29,196,1,237,2,"1"
42,479,9,391,2,-1,0,"1"
32,291,28,223,6,275,5,"1"
34,10350,8,187,3,-1,0,"1"
40,5483,29,76,2,-1,0,"1"
32,4,30,48,1,-1,0,"1"
38,728,18,286,1,181,2,"1"
50,-143,15,305,3,-1,0,"1"
47,-480,28,360,1,-1,0,"1"
52,0,18,395,4,-1,0,"1"
32,902,27,106,2,-1,0,"1"
49,-18,11,217,3,264,4,"1"
36,1355,20,256,8,-1,0,"1"
32,4654,15,134,2,-1,0,"1"
31,6981,20,627,3,-1,0,"1"
59,182,3,133,1,-1,0,"1"
53,6164,17,101,1,-1,0,"1"
27,1693,26,101,2,-1,0,"1"
36,708,17,59,3,-1,0,"1"
53,196,16,178,7,-1,0,"1"
25,468,15,147,1,-1,0,"1"
52,0,29,39,2,-1,0,"1"
47,109,16,91,2,268,1,"1"
31,1868,9,213,2,-1,0,"1"
61,7935,26,427,17,-1,0,"1"
49,488,6,110,2,-1,0,"1"
41,1696,9,878,3,-1,0,"1"
58,1636,15,187,1,-1,0,"1"
36,322,22,485,1,-1,0,"1"
33,350,24,137,5,-1,0,"1"
27,-584,7,411,2,-1,0,"1"
54,6,7,109,1,367,1,"1"
50,569,18,452,4,-1,0,"1"
46,605,20,780,2,-1,0,"1"
42,-671,28,80,2,-1,0,"1"
39,1397,12,10,1,-1,0,"1"
38,1262,17,49,2,-1,0,"1"
35,0,18,17,1,-1,0,"1"
31,-366,19,313,1,180,1,"1"
55,1341,22,46,8,-1,0,"1"
39,3032,29,260,1,-1,0,"1"
41,108,13,83,7,-1,0,"1"
58,-382,5,398,4,189,12,"1"
26,122,8,160,1,-1,0,"1"
35,148,8,199,1,-1,0,"1"
49,381,5,504,2,-1,0,"1"
42,0,19,73,5,-1,0,"1"
50,7098,29,92,1,-1,0,"1"
47,298,11,183,1,-1,0,"1"
41,2851,18,296,3,-1,0,"1"
36,199,9,183,1,-1,0,"1"
42,325,28,97,4,-1,0,"1"
46,1740,11,333,1,-1,0,"1"
40,181,12,89,6,-1,0,"1"
54,84,29,34,2,-1,0,"1"
44,887,17,519,1,14,2,"1"
55,603,31,91,2,-1,0,"1"
35,0,21,86,1,-1,0,"1"
51,3188,19,339,3,-1,0,"1"
28,0,3,210,1,-1,0,"1"
50,0,4,86,4,-1,0,"1"
41,28,16,51,1,-1,0,"1"
31,418,7,67,6,-1,0,"1"
39,-971,28,104,2,-1,0,"1"
40,539,14,121,2,-1,0,"1"
35,81,29,79,1,-1,0,"1"
56,379,13,58,5,-1,0,"1"
58,749,14,151,2,-1,0,"1"
41,3135,20,160,3,-1,0,"1"
60,478,29,139,1,171,5,"1"
35,505,23,142,1,-1,0,"1"
40,348,5,142,2,-1,0,"1"
42,1386,29,222,5,-1,0,"1"
33,2,23,74,4,-1,0,"1"
34,109,14,685,2,-1,0,"1"
46,31,15,144,1,-1,0,"1"
39,34,14,377,3,-1,0,"1"
31,0,16,1056,2,-1,0,"1"
28,775,29,603,2,-1,0,"1"
57,1350,25,131,1,388,1,"1"
49,362,4,84,2,-1,0,"1"
30,305,13,75,1,105,3,"1"
46,1232,3,300,3,195,8,"1"
46,1375,30,170,7,-1,0,"1"
37,345,19,204,1,-1,0,"1"
52,1758,15,41,1,-1,0,"1"
32,1716,21,157,4,-1,0,"1"
57,5253,18,235,3,-1,0,"1"
48,-547,21,275,2,-1,0,"1"
32,517,5,528,1,-1,0,"1"
36,35,29,493,2,-1,0,"1"
55,29484,20,151,2,-1,0,"1"
30,236,16,197,1,-1,0,"1"
49,6493,17,180,1,-1,0,"1"
33,392,23,302,1,-1,0,"1"
50,-315,21,61,7,136,1,"1"
53,-252,24,223,2,-1,0,"1"
26,338,29,245,1,92,3,"1"
51,5610,19,69,2,-1,0,"1"
49,0,19,99,2,-1,0,"1"
38,-255,24,63,1,-1,0,"1"
42,156,15,7,4,371,5,"1"
31,1402,21,104,2,-1,0,"1"
31,24,27,352,2,-1,0,"1"
37,31,18,15,9,-1,0,"1"
30,101,19,85,2,-1,0,"1"
31,336,22,661,1,-1,0,"1"
72,0,28,359,1,-1,0,"1"
52,547,5,112,2,-1,0,"1"
37,12130,18,429,13,-1,0,"1"
33,1078,13,320,4,175,4,"1"
29,103,9,502,5,-1,0,"1"
60,3876,5,445,3,-1,0,"1"
40,919,14,103,2,-1,0,"1"
51,1990,31,251,5,-1,0,"1"
34,0,10,268,1,-1,0,"1"
54,-41,5,288,1,-1,0,"1"
36,6384,18,97,1,-1,0,"1"
38,1307,14,294,2,-1,0,"1"
45,185,29,249,3,-1,0,"1"
46,687,19,125,13,-1,0,"1"
49,470,18,79,1,-1,0,"1"
44,3433,2,548,8,-1,0,"1"
32,2692,18,99,2,-1,0,"1"
46,580,13,36,1,-1,0,"1"
32,320,6,198,2,-1,0,"1"
47,0,7,240,1,-1,0,"1"
45,143,5,201,1,-1,0,"1"
28,593,19,202,1,-1,0,"1"
30,79,5,528,2,196,1,"1"
50,207,4,99,1,-1,0,"1"
39,800,19,76,6,-1,0,"1"
31,5889,23,237,1,-1,0,"1"
32,59,9,202,2,-1,0,"1"
54,117,3,165,3,-1,0,"1"
34,443,30,10,1,2,1,"1"
35,1317,21,69,4,-1,0,"1"
41,542,11,64,2,347,1,"1"
28,-579,9,84,2,-1,0,"1"
58,1321,29,157,6,-1,0,"1"
42,275,5,408,2,-1,0,"1"
57,53,29,539,2,-1,0,"1"
42,732,20,33,1,339,1,"1"
42,-9,20,248,1,-1,0,"1"
59,474,13,139,3,-1,0,"1"
43,192,5,203,2,-1,0,"1"
30,1185,21,881,4,-1,0,"1"
33,1530,28,88,25,-1,0,"1"
35,0,11,371,1,305,1,"1"
38,-345,28,177,2,-1,0,"1"
67,708,11,96,2,-1,0,"1"
34,152,25,275,1,-1,0,"1"
55,139,22,256,2,-1,0,"1"
56,1454,30,479,1,-1,0,"1"
52,2901,17,223,2,-1,0,"1"
46,-216,28,404,3,-1,0,"1"
41,-217,11,313,1,349,3,"1"
40,1953,31,78,2,-1,0,"1"
57,753,21,730,8,-1,0,"1"
28,441,8,106,1,-1,0,"1"
31,217,19,501,4,-1,0,"1"
32,429,20,31,3,153,2,"1"
37,0,22,185,1,-1,0,"1"
28,2385,4,119,2,-1,0,"1"
40,819,13,50,3,-1,0,"1"
37,1120,30,103,5,-1,0,"1"
26,354,8,282,5,347,5,"1"
47,651,14,143,3,-1,0,"1"
46,0,22,65,2,-1,0,"1"
58,7554,9,167,1,469,1,"1"
35,548,18,457,11,-1,0,"1"
47,-407,27,46,1,-1,0,"1"
36,157,17,277,2,-1,0,"1"
36,107,31,134,2,-1,0,"1"
57,77,29,168,3,246,2,"1"
44,532,16,141,2,-1,0,"1"
33,3821,21,201,5,-1,0,"1"
39,5009,18,255,1,126,2,"1"
28,0,15,6,4,-1,0,"1"
31,1441,17,156,1,-1,0,"1"
28,1955,29,25,1,-1,0,"1"
28,649,25,481,3,-1,0,"1"
31,4028,25,139,5,-1,0,"1"
43,555,12,175,2,369,2,"1"
34,675,25,81,2,-1,0,"1"
32,3014,7,291,2,-1,0,"1"
39,3165,15,56,1,368,2,"1"
57,711,25,411,1,-1,0,"1"
53,0,20,520,2,-1,0,"1"
24,358,14,407,2,92,2,"1"
38,900,2,156,1,-1,0,"1"
39,0,13,6,7,175,4,"1"
57,0,30,200,2,-1,0,"1"
54,2037,2,96,1,-1,0,"1"
56,25290,31,81,12,-1,0,"1"
47,1060,6,83,3,-1,0,"1"
59,3831,30,87,4,-1,0,"1"
46,389,31,46,4,-1,0,"1"
24,53,28,226,1,-1,0,"1"
55,1854,30,34,2,-1,0,"1"
38,592,6,275,1,-1,0,"1"
27,1393,31,382,1,271,1,"1"
55,141,28,154,5,-1,0,"1"
58,5567,24,1869,1,-1,0,"1"
46,4023,7,131,2,-1,0,"1"
42,667,15,419,8,-1,0,"1"
31,-48,16,254,17,-1,0,"1"
47,109,22,268,1,-1,0,"1"
47,1095,18,171,1,110,2,"1"
34,899,9,627,2,141,7,"1"
36,406,14,123,2,-1,0,"1"
29,323,3,118,1,-1,0,"1"
51,505,7,130,1,-1,0,"1"
53,207,4,212,1,-1,0,"1"
45,3329,17,311,2,-1,0,"1"
25,0,18,342,1,-1,0,"1"
51,423,16,95,1,-1,0,"1"
27,411,27,123,1,-1,0,"1"
37,300,12,82,1,-1,0,"1"
45,0,14,195,2,-1,0,"1"
31,538,17,660,3,-1,0,"1"
57,234,23,169,2,-1,0,"1"
59,1021,14,89,2,-1,0,"1"
46,410,21,162,5,-1,0,"1"
54,66,12,246,2,-1,0,"1"
42,46,2,1013,1,-1,0,"1"
26,581,4,444,3,-1,0,"1"
40,-5,6,78,2,-1,0,"1"
46,1328,28,82,6,-1,0,"1"
56,575,20,18,2,-1,0,"1"
36,520,23,110,2,-1,0,"1"
32,3,23,108,3,-1,0,"1"
39,946,17,295,2,-1,0,"1"
41,881,8,75,2,-1,0,"1"
38,677,14,114,2,-1,0,"1"
30,69,21,300,1,-1,0,"1"
30,1223,30,112,5,-1,0,"1"
40,384,28,191,2,-1,0,"1"
33,2302,13,115,2,-1,0,"1"
52,199,28,978,2,189,1,"1"
39,83,30,69,6,-1,0,"1"
40,0,20,88,2,-1,0,"1"
40,-186,11,154,2,-1,0,"1"
54,473,13,112,1,-1,0,"1"
26,251,18,12,5,-1,0,"1"
57,486,5,180,2,-1,0,"1"
29,991,7,109,2,-1,0,"1"
30,-298,10,174,1,-1,0,"1"
50,306,19,37,1,-1,0,"1"
40,4384,5,315,1,-1,0,"1"
31,4105,30,264,1,-1,0,"1"
40,502,3,267,4,270,3,"1"
36,70,6,100,2,-1,0,"1"
41,30,23,1003,1,-1,0,"1"
47,-1854,12,388,2,-1,0,"1"
40,1207,22,105,3,-1,0,"1"
38,884,17,113,2,149,3,"1"
32,132,30,565,2,-1,0,"1"
57,1168,20,74,5,-1,0,"1"
31,0,14,229,3,-1,0,"1"
55,865,27,96,1,111,3,"1"
58,44,15,288,2,-1,0,"1"
35,3140,12,130,3,-1,0,"1"
31,1326,7,689,1,-1,0,"1"
77,2590,15,112,5,94,15,"1"
36,1597,21,137,1,-1,0,"1"
28,-31,19,257,1,-1,0,"1"
34,1,22,483,7,-1,0,"1"
31,6980,12,157,2,-1,0,"1"
45,137,9,274,2,-1,0,"1"
53,2398,3,108,1,92,1,"1"
36,966,8,135,2,91,13,"1"
35,204,30,110,3,189,1,"1"
45,1979,17,76,3,-1,0,"1"
39,49,20,379,4,-1,0,"1"
55,5443,5,264,2,-1,0,"1"
24,91,15,134,2,-1,0,"1"
43,918,6,193,1,-1,0,"1"
29,241,5,7,5,-1,0,"1"
40,0,15,431,2,-1,0,"1"
51,938,11,98,2,97,3,"1"
46,0,25,87,2,-1,0,"1"
44,8,28,531,1,-1,0,"1"
48,1741,18,40,1,-1,0,"1"
37,2469,7,232,1,-1,0,"1"
37,2079,14,299,1,360,2,"1"
45,4693,9,148,2,-1,0,"1"
42,151,5,227,3,-1,0,"1"
52,9687,29,936,1,-1,0,"1"
33,1925,2,76,2,-1,0,"1"
45,-55,29,78,3,197,1,"1"
48,-817,11,175,1,-1,0,"1"
47,232,5,166,2,285,1,"1"
41,1332,2,122,3,-1,0,"1"
36,580,10,633,1,-1,0,"1"
58,5278,4,763,4,-1,0,"1"
25,815,19,268,6,-1,0,"1"
31,-253,12,220,4,-1,0,"1"
48,306,17,314,2,-1,0,"1"
55,625,20,88,2,147,4,"1"
31,88,20,21,5,-1,0,"1"
50,1832,17,80,1,-1,0,"1"
28,115,21,66,13,-1,0,"1"
34,455,20,88,1,-1,0,"1"
36,265,2,88,1,273,1,"1"
55,17,19,129,4,-1,0,"1"
53,6839,19,77,1,-1,0,"1"
55,0,5,247,1,-1,0,"1"
52,2977,18,286,5,-1,0,"1"
30,-94,14,41,2,-1,0,"1"
51,313,8,378,1,-1,0,"1"
35,546,13,161,2,-1,0,"1"
29,16,16,605,6,-1,0,"1"
33,202,17,377,1,-1,0,"1"
60,1477,16,69,3,-1,0,"1"
60,61,23,197,2,-1,0,"1"
57,668,18,12,5,-1,0,"1"
39,-495,11,51,6,-1,0,"1"
34,35,7,88,2,-1,0,"1"
37,1045,4,106,1,79,3,"1"
34,297,26,63,4,-1,0,"1"
33,204,12,142,2,357,3,"1"
54,511,17,1201,3,-1,0,"1"
28,255,29,602,2,-1,0,"1"
50,8345,11,561,1,-1,0,"1"
55,818,4,185,2,247,3,"1"
26,-5,19,260,1,-1,0,"1"
66,2552,22,186,4,-1,0,"1"
57,5631,25,68,1,90,5,"1"
57,-64,24,147,1,-1,0,"1"
31,-538,6,521,1,-1,0,"1"
42,-813,18,36,4,-1,0,"1"
41,629,30,208,2,-1,0,"1"
75,962,17,344,1,-1,0,"1"
39,366,28,551,5,-1,0,"1"
50,0,18,551,1,-1,0,"1"
25,776,27,290,1,-1,0,"1"
32,1094,11,207,7,-1,0,"1"
43,1625,20,390,1,-1,0,"1"
35,331,17,116,3,-1,0,"1"
46,379,11,886,2,-1,0,"1"
50,480,20,99,5,-1,0,"1"
31,308,7,194,1,-1,0,"1"
33,1349,21,120,1,-1,0,"1"
31,1990,17,316,2,339,1,"1"
49,463,15,541,2,-1,0,"1"
57,1433,21,41,1,-1,0,"1"
37,523,18,257,2,-1,0,"1"
52,0,20,47,1,-1,0,"1"
47,2246,10,330,1,-1,0,"1"
40,0,6,121,2,-1,0,"1"
31,713,20,373,1,-1,0,"1"
57,249,5,164,1,-1,0,"1"
27,88,24,65,2,-1,0,"1"
54,2081,15,147,1,-1,0,"1"
46,-11,11,139,2,-1,0,"1"
31,2395,27,218,1,-1,0,"1"
46,966,19,40,2,-1,0,"1"
44,7541,1,55,2,82,1,"1"
47,318,21,83,1,-1,0,"1"
35,975,16,102,1,-1,0,"1"
42,2037,5,135,1,8,1,"1"
57,1640,6,204,4,-1,0,"1"
34,788,5,269,1,-1,0,"1"
35,18,11,111,10,-1,0,"1"
43,1630,29,153,3,-1,0,"1"
34,1057,27,176,10,-1,0,"1"
30,43,14,91,1,370,2,"1"
37,-483,19,70,3,-1,0,"1"
36,414,3,136,3,-1,0,"1"
39,892,2,26,1,-1,0,"1"
31,757,3,343,2,-1,0,"1"
53,206,5,145,1,-1,0,"1"
33,982,4,735,17,-1,0,"1"
30,-910,15,124,2,298,1,"1"
57,0,16,214,1,-1,0,"1"
43,175,7,54,1,-1,0,"1"
30,93,6,146,4,-1,0,"1"
53,3703,16,104,1,267,1,"1"
44,0,13,127,2,-1,0,"1"
34,673,20,120,1,-1,0,"1"
37,1403,10,91,15,-1,0,"1"
40,90,2,252,4,-1,0,"1"
47,3745,7,113,1,200,1,"1"
50,3304,20,218,1,-1,0,"1"
23,145,4,1519,1,-1,0,"1"
33,372,16,106,10,-1,0,"1"
46,834,11,196,2,-1,0,"1"
41,140,29,636,2,-1,0,"1"
44,148,6,211,1,-1,0,"1"
34,4659,30,28,1,-1,0,"1"
26,268,20,77,2,-1,0,"1"
41,2185,7,157,4,309,4,"1"
42,603,5,298,5,-1,0,"1"
34,0,25,141,3,-1,0,"1"
37,7622,6,111,1,-1,0,"1"
36,2347,21,5,3,-1,0,"1"
34,0,25,52,3,-1,0,"1"
45,9077,15,139,1,-1,0,"1"
40,60,20,325,2,-1,0,"1"
40,201,9,25,2,-1,0,"1"
52,3720,20,114,2,-1,0,"1"
29,57,7,461,1,-1,0,"1"
54,0,15,209,4,-1,0,"1"
28,-717,28,148,3,-1,0,"1"
39,292,12,394,1,-1,0,"1"
72,2850,16,131,2,241,1,"1"
50,29,7,83,4,266,20,"1"
30,447,19,426,2,189,6,"1"
48,584,14,51,1,-1,0,"1"
50,-470,19,130,2,160,1,"1"
36,-158,21,42,6,-1,0,"1"
45,1171,17,34,1,-1,0,"1"
39,401,11,112,2,-1,0,"1"
53,7598,23,27,7,-1,0,"1"
45,1201,30,652,2,-1,0,"1"
32,3083,22,271,2,-1,0,"1"
49,377,22,158,1,59,2,"1"
63,1849,1,109,2,-1,0,"1"
40,542,20,1816,1,-1,0,"1"
32,5167,26,10,18,-1,0,"1"
28,805,26,69,1,99,1,"1"
36,446,16,174,5,-1,0,"1"
33,215,28,144,1,-1,0,"1"
28,62,14,467,3,-1,0,"1"
39,0,25,93,2,-1,0,"1"
46,1723,26,102,3,192,4,"1"
43,348,15,88,3,-1,0,"1"
34,33,9,244,1,-1,0,"1"
42,2249,3,362,2,136,6,"1"
59,2467,20,972,2,-1,0,"1"
26,614,27,103,1,-1,0,"1"
58,2764,1,459,1,196,1,"1"
59,-47,27,84,4,-1,0,"1"
40,79,14,223,3,-1,0,"1"
38,1116,9,80,3,-1,0,"1"
27,1123,17,75,1,-1,0,"1"
53,2057,20,134,1,-1,0,"1"
48,1800,18,103,1,-1,0,"1"
44,20179,21,163,1,-1,0,"1"
43,705,3,80,4,-1,0,"1"
27,-179,15,54,2,-1,0,"1"
34,-106,27,237,1,-1,0,"1"
40,67,21,199,2,-1,0,"1"
59,1729,30,119,1,-1,0,"1"
53,6,27,233,2,-1,0,"1"
30,-174,7,113,1,-1,0,"1"
35,0,17,199,1,-1,0,"1"
31,199,11,127,2,461,4,"1"
31,178,15,415,1,360,5,"1"
55,1161,20,8,6,-1,0,"1"
33,-14,14,223,2,-1,0,"1"
23,710,19,374,6,-1,0,"1"
47,151,5,190,1,-1,0,"1"
26,697,18,253,2,-1,0,"1"
33,0,5,399,2,358,5,"1"
39,263,18,365,1,-1,0,"1"
32,0,28,386,3,-1,0,"1"
35,2,3,88,1,-1,0,"1"
47,5049,22,47,7,-1,0,"1"
32,458,23,125,2,-1,0,"1"
59,2291,14,127,3,-1,0,"1"
55,17,7,196,2,-1,0,"1"
31,203,19,177,1,-1,0,"1"
30,499,13,92,2,90,1,"1"
44,0,20,156,2,-1,0,"1"
23,210,20,507,1,-1,0,"1"
26,512,30,206,5,239,3,"1"
52,3429,17,516,1,-1,0,"1"
47,15,12,181,4,-1,0,"1"
36,7265,17,243,1,-1,0,"1"
63,588,19,143,2,-1,0,"1"
60,-14,20,121,3,-1,0,"1"
58,499,29,181,1,-1,0,"1"
50,235,11,71,2,-1,0,"1"
32,344,11,255,15,-1,0,"1"
35,126,16,472,1,-1,0,"1"
39,139,22,109,2,-1,0,"1"
30,732,17,358,2,-1,0,"1"
34,2825,12,198,1,-1,0,"1"
47,1797,7,62,4,-1,0,"1"
50,413,19,243,2,-1,0,"1"
31,775,20,207,1,308,2,"1"
44,134,12,78,5,-1,0,"1"
30,1,8,175,5,-1,0,"1"
43,664,17,119,1,-1,0,"1"
32,974,3,228,1,-1,0,"1"
31,124,28,411,3,-1,0,"1"
26,450,3,542,1,-1,0,"1"
26,3108,13,481,3,-1,0,"1"
31,23,21,116,1,-1,0,"1"
35,417,19,92,4,-1,0,"1"
52,2257,18,102,2,188,1,"1"
32,5,12,105,2,-1,0,"1"
36,109,12,200,2,370,2,"1"
45,107,19,129,11,-1,0,"1"
47,362,18,111,8,-1,0,"1"
38,-1,8,188,4,-1,0,"1"
29,111,14,208,1,-1,0,"1"
44,1548,21,62,6,-1,0,"1"
51,176,6,217,4,-1,0,"1"
46,130,20,95,2,-1,0,"1"
43,10910,15,66,2,-1,0,"1"
50,1687,19,205,5,-1,0,"1"
35,820,8,287,4,-1,0,"1"
63,415,7,323,1,-1,0,"1"
36,319,18,120,2,-1,0,"1"
39,-4,10,358,1,-1,0,"1"
34,-68,9,122,1,-1,0,"1"
40,400,9,317,1,-1,0,"1"
45,850,19,211,2,-1,0,"1"
50,-584,20,75,2,-1,0,"1"
49,816,17,76,1,260,7,"1"
57,490,18,70,5,-1,0,"1"
36,959,29,200,4,-1,0,"1"
50,5164,12,117,5,-1,0,"1"
25,53,13,331,2,-1,0,"1"
58,5087,19,135,1,-1,0,"1"
39,644,15,110,1,-1,0,"1"
31,-309,26,269,1,-1,0,"1"
38,1369,3,841,3,-1,0,"1"
37,0,16,46,1,-1,0,"1"
38,566,17,318,2,332,6,"1"
58,683,20,157,2,-1,0,"1"
47,434,12,111,4,-1,0,"1"
47,0,23,203,4,-1,0,"1"
33,1529,18,41,1,-1,0,"1"
27,77,16,143,1,-1,0,"1"
35,80,2,579,2,-1,0,"1"
35,2179,20,207,1,-1,0,"1"
49,1697,29,184,4,-1,0,"1"
44,206,14,78,1,365,1,"1"
46,176,29,131,1,-1,0,"1"
27,121,2,145,2,-1,0,"1"
48,117,16,635,1,-1,0,"1"
43,511,30,67,7,-1,0,"1"
51,135,25,105,4,-1,0,"1"
59,0,5,214,1,-1,0,"1"
61,50,19,216,2,-1,0,"1"
31,233,14,241,2,365,10,"1"
31,652,1,281,3,-1,0,"1"
41,4539,30,298,3,-1,0,"1"
33,250,7,277,1,-1,0,"1"
58,588,4,171,2,-1,0,"1"
36,2183,26,116,2,-1,0,"1"
32,-197,8,99,1,-1,0,"1"
32,1242,2,183,3,-1,0,"1"
41,10,8,196,2,172,2,"1"
34,-315,8,56,2,-1,0,"1"
27,3485,25,282,2,-1,0,"1"
55,-180,1,307,2,-1,0,"1"
27,5,18,182,1,-1,0,"1"
41,1232,5,217,1,-1,0,"1"
34,135,18,109,1,-1,0,"1"
59,3401,2,111,1,-1,0,"1"
33,3404,2,312,3,-1,0,"1"
48,164,12,139,2,-1,0,"1"
25,50,8,191,1,-1,0,"1"
38,1680,17,414,2,-1,0,"1"
35,147,5,358,1,337,3,"1"
51,2934,18,727,4,-1,0,"1"
41,201,4,69,1,1,1,"1"
33,2481,12,104,2,-1,0,"1"
33,0,11,237,2,-1,0,"1"
32,937,28,90,1,94,2,"1"
38,1230,6,266,2,-1,0,"1"
44,3959,21,187,1,-1,0,"1"
31,240,11,254,2,-1,0,"1"
43,-509,6,124,1,-1,0,"1"
59,202,7,173,1,-1,0,"1"
35,270,17,216,1,-1,0,"1"
59,1914,7,126,3,-1,0,"1"
51,385,11,39,2,-1,0,"1"
49,371,31,18,44,-1,0,"1"
31,24870,21,634,2,-1,0,"1"
41,1449,19,63,1,-1,0,"1"
40,0,6,225,1,-1,0,"1"
34,290,10,132,1,-1,0,"1"
26,155,29,291,1,244,4,"1"
41,-224,2,108,2,-1,0,"1"
47,124,29,14,15,-1,0,"1"
32,28,17,598,1,150,1,"1"
58,188,14,141,2,-1,0,"1"
58,1517,29,7,5,-1,0,"1"
43,246,25,113,6,-1,0,"1"
35,358,27,18,1,-1,0,"1"
34,1972,23,61,2,-1,0,"1"
38,0,7,196,2,-1,0,"1"
53,10,20,75,3,-1,0,"1"
52,6933,19,273,2,-1,0,"1"
45,976,2,176,4,-1,0,"1"
43,2501,9,582,2,161,4,"1"
43,1663,7,185,2,-1,0,"1"
38,1655,29,392,2,-1,0,"1"
49,-1547,27,492,3,-1,0,"1"
46,244,15,244,1,-1,0,"1"
29,16,12,197,3,-1,0,"1"
26,47,6,273,4,-1,0,"1"
32,12686,3,54,1,-1,0,"1"
45,144,13,299,4,-1,0,"1"
31,0,5,70,4,-1,0,"1"
33,-6,7,566,2,-1,0,"1"
32,18,26,52,1,-1,0,"1"
46,377,5,98,2,-1,0,"1"
42,145,26,174,2,-1,0,"1"
38,3057,11,133,1,-1,0,"1"
42,105,27,85,4,-1,0,"1"
37,5473,9,198,2,-1,0,"1"
27,598,18,309,2,-1,0,"1"
35,273,20,28,4,-1,0,"1"
37,2084,21,137,2,-1,0,"1"
53,599,13,322,3,-1,0,"1"
56,359,6,220,4,-1,0,"1"
27,276,16,218,2,-1,0,"1"
35,1476,18,209,12,-1,0,"1"
39,1654,21,151,1,-1,0,"1"
33,346,5,24,7,354,2,"1"
37,493,9,328,7,-1,0,"1"
30,3156,2,170,1,-1,0,"1"
30,3094,2,116,2,-1,0,"1"
54,1146,12,205,2,-1,0,"1"
50,1484,9,213,1,-1,0,"1"
41,140,6,311,3,-1,0,"1"
26,193,3,48,2,-1,0,"1"
40,1038,5,741,1,-1,0,"1"
31,2420,19,166,1,-1,0,"1"
55,0,30,111,2,-1,0,"1"
45,4022,29,244,3,-1,0,"1"
28,619,7,327,2,-1,0,"1"
43,469,17,181,4,-1,0,"1"
34,1087,1,7,1,-1,0,"1"
34,-506,29,19,16,-1,0,"1"
35,0,24,90,6,-1,0,"1"
30,1015,30,11,8,-1,0,"1"
34,239,5,6,1,-1,0,"1"
24,11,13,109,2,-1,0,"1"
36,531,17,187,2,-1,0,"1"
37,146,20,16,8,-1,0,"1"
39,10236,20,10,3,-1,0,"1"
36,112,15,83,2,-1,0,"1"
33,213,21,152,2,-1,0,"1"
35,-101,6,128,1,-1,0,"1"
44,279,17,85,1,339,6,"1"
36,145,18,450,2,304,2,"1"
42,2613,30,174,6,-1,0,"1"
45,66,5,808,2,-1,0,"1"
33,75,21,204,4,-1,0,"1"
21,61,8,141,1,-1,0,"1"
37,539,25,168,2,45,1,"1"
35,102,13,252,5,-1,0,"1"
50,8016,17,903,4,-1,0,"1"
33,892,21,316,1,-1,0,"1"
32,12686,20,176,1,170,1,"1"
60,3932,14,407,2,-1,0,"1"
34,1698,27,39,7,-1,0,"1"
65,0,10,465,1,-1,0,"1"
42,9916,21,306,1,-1,0,"1"
37,1379,23,319,3,-1,0,"1"
41,1065,29,553,1,-1,0,"1"
30,-570,31,12,22,-1,0,"1"
28,-95,13,200,1,-1,0,"1"
45,753,2,2870,2,-1,0,"1"
32,1780,3,238,6,-1,0,"1"
40,8379,12,52,6,-1,0,"1"
28,2,15,60,1,-1,0,"1"
43,433,4,45,1,-1,0,"1"
35,107,6,142,3,-1,0,"1"
31,171,27,81,3,-1,0,"1"
45,-687,18,92,2,-1,0,"1"
58,11494,4,220,7,-1,0,"1"
31,578,17,664,1,319,4,"1"
37,539,18,540,2,115,3,"1"
52,5122,7,218,7,-1,0,"1"
50,2190,17,269,1,-1,0,"1"
31,0,29,213,4,-1,0,"1"
58,37,28,236,2,-1,0,"1"
38,507,8,95,1,-1,0,"1"
54,210,18,178,1,-1,0,"1"
30,-224,24,79,3,-1,0,"1"
33,0,19,85,2,-1,0,"1"
46,538,17,118,3,-1,0,"1"
39,11766,14,313,4,102,5,"1"
57,0,28,1037,3,-1,0,"1"
52,-104,10,124,1,-1,0,"1"
28,38,23,31,1,-1,0,"1"
39,2258,31,255,2,-1,0,"1"
52,105,20,96,1,-1,0,"1"
46,583,30,135,3,-1,0,"1"
36,90,18,166,3,-1,0,"1"
49,0,21,218,1,-1,0,"1"
36,530,20,221,3,-1,0,"1"
58,16264,17,215,3,-1,0,"1"
55,512,28,70,1,-1,0,"1"
45,130,30,127,1,-1,0,"1"
34,409,20,104,4,-1,0,"1"
36,2278,23,152,2,-1,0,"1"
35,90,23,203,1,-1,0,"1"
57,104,27,86,5,-1,0,"1"
59,96,9,123,1,-1,0,"1"
37,95,5,415,2,272,2,"1"
37,876,23,213,4,-1,0,"1"
50,13931,18,132,1,-1,0,"1"
55,680,14,321,1,-1,0,"1"
30,292,7,381,1,335,5,"1"
33,574,20,334,2,-1,0,"1"
56,186,2,108,4,-1,0,"1"
31,10,5,167,1,-1,0,"1"
47,831,5,316,3,-1,0,"1"
31,-1,15,99,1,352,1,"1"
46,209,22,126,4,-1,0,"1"
34,246,3,81,5,-1,0,"1"
27,15,16,167,1,-1,0,"1"
26,8,23,95,1,-1,0,"1"
33,0,5,301,1,365,1,"1"
28,260,7,374,2,-1,0,"1"
40,1259,20,234,5,-1,0,"1"
24,758,15,129,1,-1,0,"1"
43,1532,11,61,2,-1,0,"1"
55,540,19,124,2,-1,0,"1"
40,269,27,97,4,-1,0,"1"
44,1818,12,120,1,104,1,"1"
57,93,9,82,2,-1,0,"1"
48,-6,29,362,2,-1,0,"1"
38,27,3,404,4,-1,0,"1"
51,1028,5,178,4,-1,0,"1"
41,0,12,125,4,-1,0,"1"
36,0,8,171,1,172,3,"1"
27,7,15,98,2,-1,0,"1"
35,-269,14,344,4,-1,0,"1"
32,0,28,558,1,-1,0,"1"
31,1410,21,42,1,-1,0,"1"
39,-119,5,104,2,-1,0,"1"
32,781,20,305,1,-1,0,"1"
50,917,16,107,2,-1,0,"1"
32,151,6,118,1,-1,0,"1"
58,0,11,273,2,-1,0,"1"
27,127,3,449,3,-1,0,"1"
30,62,3,678,2,252,1,"1"
39,610,20,241,2,-1,0,"1"
36,0,29,113,8,-1,0,"1"
33,-260,17,224,2,-1,0,"1"
53,436,29,154,1,-1,0,"1"
54,983,25,54,6,-1,0,"1"
31,310,17,334,2,240,2,"1"
46,5993,25,151,1,184,2,"1"
32,39,7,128,1,-1,0,"1"
42,1468,28,136,1,-1,0,"1"
54,42,12,192,2,-1,0,"1"
45,1214,2,150,2,189,2,"1"
26,198,5,161,1,-1,0,"1"
32,963,28,15,13,-1,0,"1"
31,849,19,94,1,-1,0,"1"
60,2479,15,157,1,-1,0,"1"
50,1293,8,82,1,-1,0,"1"
48,-18,8,11,1,-1,0,"1"
24,94,12,166,2,-1,0,"1"
33,10,23,72,5,-1,0,"1"
44,17,6,352,2,-1,0,"1"
37,2066,31,34,5,-1,0,"1"
39,283,18,346,1,179,3,"1"
47,2261,31,87,2,-1,0,"1"
24,525,16,253,1,332,1,"1"
51,492,20,142,3,-1,0,"1"
45,2,4,413,1,-1,0,"1"
52,1645,28,248,1,-1,0,"1"
42,-246,7,149,1,-1,0,"1"
25,-41,14,114,2,-1,0,"1"
42,0,2,854,1,-1,0,"1"
39,51,20,140,2,-1,0,"1"
28,805,12,116,5,170,2,"1"
67,694,7,250,1,-1,0,"1"
33,1467,20,85,2,-1,0,"1"
46,15120,21,27,3,108,3,"1"
51,113,15,71,3,-1,0,"1"
28,-9,9,175,5,-1,0,"1"
34,1863,28,143,1,-1,0,"1"
42,-350,30,149,1,-1,0,"1"
38,76,20,167,2,287,3,"1"
41,1278,19,532,1,-1,0,"1"
37,55,27,99,1,329,4,"1"
36,-280,17,6,1,-1,0,"1"
28,4287,30,171,1,-1,0,"1"
47,475,29,99,2,251,7,"1"
45,360,20,98,2,-1,0,"1"
58,760,29,85,7,-1,0,"1"
30,171,25,301,4,-1,0,"1"
32,381,2,347,2,-1,0,"1"
52,1141,12,22,5,-1,0,"1"
58,610,6,651,1,-1,0,"1"
30,0,22,78,2,-1,0,"1"
25,-187,27,275,4,-1,0,"1"
31,1222,20,186,3,-1,0,"1"
37,0,16,1150,1,-1,0,"1"
34,10,22,81,1,-1,0,"1"
31,241,12,211,5,-1,0,"1"
43,693,5,124,3,-1,0,"1"
47,1077,31,367,4,-1,0,"1"
42,981,17,276,1,-1,0,"1"
32,708,9,109,1,-1,0,"1"
45,-14,18,39,2,127,3,"1"
35,1256,20,26,29,-1,0,"1"
51,97,13,286,2,-1,0,"1"
43,2355,13,333,3,-1,0,"1"
39,1790,4,229,6,-1,0,"1"
31,242,9,106,4,-1,0,"1"
35,-292,18,166,2,272,6,"1"
44,1240,18,88,1,-1,0,"1"
39,8,15,155,6,-1,0,"1"
35,2187,29,229,1,174,13,"1"
32,394,14,266,2,-1,0,"1"
50,31,9,237,3,-1,0,"1"
60,262,18,393,4,-1,0,"1"
37,596,13,281,1,345,2,"1"
55,19,16,56,3,-1,0,"1"
53,1296,17,115,1,-1,0,"1"
35,31,19,131,3,133,3,"1"
32,3651,20,142,3,-1,0,"1"
50,78,4,143,1,-1,0,"1"
22,64,4,112,1,-1,0,"1"
32,133,17,421,1,-1,0,"1"
32,1373,21,474,2,-1,0,"1"
26,380,13,260,3,-1,0,"1"
59,559,13,168,2,-1,0,"1"
32,1423,16,223,3,-1,0,"1"
39,738,18,215,3,-1,0,"1"
26,461,28,214,1,-1,0,"1"
47,550,7,113,1,-1,0,"1"
34,1011,6,136,1,-1,0,"1"
54,3250,31,94,3,-1,0,"1"
57,-37,5,173,1,-1,0,"1"
51,1052,25,280,4,-1,0,"1"
33,0,20,134,3,-1,0,"1"
35,4401,31,465,4,-1,0,"1"
50,378,18,55,9,-1,0,"1"
28,216,13,66,1,-1,0,"1"
60,0,6,105,1,-1,0,"1"
25,1404,2,85,2,-1,0,"1"
50,173,12,7,5,342,15,"1"
58,807,7,57,1,366,2,"1"
33,3259,20,182,1,-1,0,"1"
61,1224,1,99,1,-1,0,"1"
34,336,2,313,2,-1,0,"1"
48,-471,19,668,7,-1,0,"1"
45,0,18,179,2,-1,0,"1"
37,594,4,62,1,-1,0,"1"
42,714,31,145,4,-1,0,"1"
51,74,25,79,2,-1,0,"1"
49,104,8,285,1,-1,0,"1"
33,277,24,57,2,-1,0,"1"
31,37,12,281,1,-1,0,"1"
43,-98,12,112,2,330,3,"1"
42,0,7,229,2,-1,0,"1"
45,13265,30,113,2,-1,0,"1"
36,1405,14,283,3,-1,0,"1"
53,218,12,27,6,344,12,"1"
31,606,9,111,2,-1,0,"1"
37,152,26,159,3,-1,0,"1"
60,100,5,528,1,-1,0,"1"
31,-464,12,256,4,-1,0,"1"
26,1326,9,70,1,-1,0,"1"
30,33,8,87,3,-1,0,"1"
46,665,30,89,4,235,2,"1"
39,1742,9,130,6,-1,0,"1"
45,185,18,34,14,-1,0,"1"
32,90,13,116,2,-1,0,"1"
39,5,17,118,2,131,1,"1"
35,-290,24,265,3,-1,0,"1"
31,774,21,93,1,-1,0,"1"
23,2594,13,193,1,-1,0,"1"
34,681,20,382,6,-1,0,"1"
26,37,8,108,1,-1,0,"1"
34,187,12,379,2,-1,0,"1"
39,804,21,193,8,203,1,"1"
35,532,2,375,1,-1,0,"1"
32,210,19,268,1,-1,0,"1"
35,-291,20,197,3,-1,0,"1"
37,215,6,308,3,-1,0,"1"
54,3343,16,216,1,-1,0,"1"
31,2153,11,239,3,172,1,"1"
29,416,14,1118,2,-1,0,"1"
50,-454,25,241,1,-1,0,"1"
25,2354,30,149,1,84,7,"1"
39,2319,21,48,1,137,1,"1"
33,837,27,250,8,-1,0,"1"
31,345,5,318,3,-1,0,"1"
44,129,5,189,2,-1,0,"1"
34,527,4,272,1,-1,0,"1"
42,1336,22,65,1,-1,0,"1"
73,683,11,181,1,-1,0,"1"
48,-1232,6,183,1,-1,0,"1"
33,777,7,263,1,-1,0,"1"
46,270,29,133,1,-1,0,"1"
40,17,17,192,1,-1,0,"1"
29,4050,28,166,1,-1,0,"1"
48,1730,10,158,1,102,1,"1"
36,699,23,125,1,-1,0,"1"
28,111,10,70,2,-1,0,"1"
24,145,15,520,1,345,1,"1"
45,21024,20,73,4,-1,0,"1"
32,2976,14,88,5,-1,0,"1"
36,1989,17,344,2,-1,0,"1"
61,5157,13,432,1,-1,0,"1"
59,14,18,319,2,182,1,"1"
53,291,23,145,1,-1,0,"1"
46,613,6,51,1,-1,0,"1"
32,5670,4,326,1,-1,0,"1"
35,156,8,302,1,283,3,"1"
44,594,11,340,1,-1,0,"1"
45,1088,14,132,1,-1,0,"1"
51,701,15,1051,3,-1,0,"1"
41,1011,19,113,1,174,4,"1"
39,272,9,85,1,325,1,"1"
57,2770,21,158,1,-1,0,"1"
41,371,9,107,5,-1,0,"1"
52,-184,6,392,2,-1,0,"1"
28,2249,18,595,2,-1,0,"1"
60,1091,15,778,3,-1,0,"1"
81,0,14,357,1,-1,0,"1"
25,1116,17,68,6,-1,0,"1"
55,0,29,636,1,-1,0,"1"
36,1237,20,310,2,-1,0,"1"
44,294,2,246,1,259,2,"1"
34,367,6,140,1,-1,0,"1"
58,28318,14,168,2,-1,0,"1"
34,1363,1,258,1,93,1,"1"
29,727,17,87,1,-1,0,"1"
57,3815,20,90,2,-1,0,"1"
43,5564,20,45,5,154,2,"1"
44,1309,30,262,2,-1,0,"1"
34,7,29,273,2,-1,0,"1"
42,279,23,673,1,-1,0,"1"
38,194,17,576,4,340,7,"1"
41,39,21,299,4,-1,0,"1"
52,-346,19,147,3,-1,0,"1"
57,1623,18,246,1,-1,0,"1"
36,851,2,368,2,-1,0,"1"
41,1245,4,123,1,271,1,"1"
32,6,15,228,1,-1,0,"1"
77,2223,10,365,2,187,1,"1"
41,-140,26,472,3,-1,0,"1"
34,4131,27,172,7,-1,0,"1"
45,0,11,79,6,-1,0,"1"
57,93,17,137,1,-1,0,"1"
46,2087,1,111,1,119,4,"1"
33,196,12,183,5,-1,0,"1"
35,294,15,238,6,98,5,"1"
31,-182,7,181,2,-1,0,"1"
35,343,6,151,2,-1,0,"1"
37,15,20,136,3,-1,0,"1"
36,0,9,101,2,-1,0,"1"
32,12,7,173,2,-1,0,"1"
36,55,8,323,1,-1,0,"1"
41,427,14,177,2,-1,0,"1"
32,290,5,18,6,-1,0,"1"
28,426,18,953,3,-1,0,"1"
50,1022,5,155,2,-1,0,"1"
40,4795,17,57,1,-1,0,"1"
48,1513,29,166,2,-1,0,"1"
32,7406,20,418,2,-1,0,"1"
35,136,7,283,1,-1,0,"1"
53,77,20,13,3,-1,0,"1"
39,1963,6,100,4,-1,0,"1"
26,-32,18,486,2,336,6,"1"
31,5191,20,187,2,-1,0,"1"
55,2349,30,350,3,-1,0,"1"
31,40,20,294,2,-1,0,"1"
37,53,19,467,4,-1,0,"1"
29,111,6,14,11,-1,0,"1"
41,158,13,426,1,50,2,"1"
24,368,7,197,2,-1,0,"1"
28,60,6,161,1,337,1,"1"
34,-73,11,90,1,-1,0,"1"
55,183,6,150,1,-1,0,"1"
37,34,2,100,2,-1,0,"1"
37,0,8,143,4,-1,0,"1"
54,34,21,208,3,-1,0,"1"
32,1504,17,131,2,-1,0,"1"
50,37,5,307,4,-1,0,"1"
27,1228,15,77,2,-1,0,"1"
46,-121,8,214,4,-1,0,"1"
89,0,27,157,5,-1,0,"1"
61,103,7,292,1,-1,0,"1"
40,393,17,291,2,-1,0,"1"
39,-141,13,148,1,-1,0,"1"
71,4847,16,657,2,-1,0,"1"
60,7791,30,141,1,-1,0,"1"
49,-14,18,115,2,-1,0,"1"
23,1690,30,163,3,-1,0,"1"
33,0,26,60,2,-1,0,"1"
34,171,7,191,1,294,1,"1"
28,509,4,121,2,-1,0,"1"
35,3888,20,207,5,178,5,"1"
30,413,15,148,1,345,4,"1"
40,2394,9,75,4,-1,0,"1"
49,1784,12,753,1,-1,0,"1"
41,2195,3,211,5,-1,0,"1"
36,569,9,265,1,323,5,"1"
53,3975,20,23,2,-1,0,"1"
49,5058,12,255,2,357,4,"1"
30,392,6,124,1,167,3,"1"
31,1097,20,485,3,-1,0,"1"
37,789,11,93,1,190,2,"1"
30,877,13,92,5,-1,0,"1"
29,600,18,170,5,-1,0,"1"
54,190,15,196,2,-1,0,"1"
31,180,26,222,1,70,2,"1"
37,490,30,226,1,-1,0,"1"
33,0,28,94,6,-1,0,"1"
34,-346,13,136,4,-1,0,"1"
44,1807,8,229,1,313,1,"1"
55,42,26,318,1,-1,0,"1"
49,0,19,209,3,-1,0,"1"
43,1648,17,80,1,-1,0,"1"
41,1254,4,272,1,-1,0,"1"
42,613,11,432,2,-1,0,"1"
30,344,8,179,3,-1,0,"1"
52,1274,17,74,1,-1,0,"1"
35,-400,3,85,1,-1,0,"1"
48,1033,22,11,1,-1,0,"1"
60,5632,30,380,7,-1,0,"1"
54,1288,28,515,3,-1,0,"1"
36,70,28,164,1,-1,0,"1"
36,1357,5,74,5,-1,0,"1"
82,0,12,150,2,-1,0,"1"
35,396,20,110,1,-1,0,"1"
30,1288,7,6,1,-1,0,"1"
33,3002,28,176,2,-1,0,"1"
40,-116,29,176,3,-1,0,"1"
42,24,14,229,1,-1,0,"1"
54,-182,9,98,1,-1,0,"1"
57,1292,1,151,1,69,1,"1"
37,531,17,150,7,-1,0,"1"
45,-497,15,217,1,176,1,"1"
25,41,4,101,2,-1,0,"1"
65,1220,7,127,1,186,2,"1"
30,3405,29,276,2,-1,0,"1"
42,61,20,115,1,-1,0,"1"
33,239,21,127,1,-1,0,"1"
33,145,29,369,2,-1,0,"1"
46,8717,15,343,5,-1,0,"1"
54,515,17,205,1,-1,0,"1"
50,0,30,144,9,-1,0,"1"
42,129,18,390,3,-1,0,"1"
36,-1,23,268,1,-1,0,"1"
40,919,3,327,2,-1,0,"1"
32,476,19,503,2,-1,0,"1"
27,1444,4,130,1,91,2,"1"
28,134,8,262,1,-1,0,"1"
56,317,7,112,7,-1,0,"1"
37,4760,8,182,2,169,2,"1"
34,827,6,254,1,267,4,"1"
29,970,13,240,1,-1,0,"1"
35,705,15,177,1,361,3,"1"
38,884,5,57,2,-1,0,"1"
45,1410,11,71,2,-1,0,"1"
39,185,29,513,3,-1,0,"1"
41,334,13,14,4,331,22,"1"
57,151,18,14,4,-1,0,"1"
31,4,16,148,2,182,3,"1"
44,361,29,217,1,-1,0,"1"
37,0,18,850,2,-1,0,"1"
28,553,7,225,3,321,3,"1"
27,379,7,269,2,-1,0,"1"
31,-360,27,93,2,-1,0,"1"
51,425,14,286,14,-1,0,"1"
34,0,10,185,1,-1,0,"1"
29,48,23,164,1,-1,0,"1"
39,0,23,210,2,-1,0,"1"
47,333,21,8,5,137,1,"1"
28,1109,27,89,4,310,5,"1"
35,537,21,11,4,-1,0,"1"
57,1216,8,255,6,-1,0,"1"
46,3984,13,77,2,-1,0,"1"
33,2586,11,117,3,-1,0,"1"
44,3,6,248,1,-1,0,"1"
44,0,30,76,3,-1,0,"1"
41,1304,5,93,3,-1,0,"1"
36,853,2,408,1,-1,0,"1"
34,2283,20,790,1,-1,0,"1"
39,2610,6,67,5,-1,0,"1"
45,0,26,64,2,-1,0,"1"
35,569,21,487,5,-1,0,"1"
24,27,6,404,1,338,2,"1"
31,1251,21,282,1,197,5,"1"
32,710,5,683,2,-1,0,"1"
28,150,8,491,1,-1,0,"1"
49,354,19,166,3,-1,0,"1"
60,5207,4,160,1,-1,0,"1"
30,115,6,66,3,-1,0,"1"
57,887,20,43,8,-1,0,"1"
49,1838,8,203,1,-1,0,"1"
46,357,19,221,2,-1,0,"1"
57,0,16,235,2,-1,0,"1"
38,889,19,197,4,-1,0,"1"
41,0,18,311,1,-1,0,"1"
38,121,9,80,2,-1,0,"1"
32,541,8,202,2,-1,0,"1"
54,2656,15,1187,2,320,2,"1"
34,268,11,47,4,-1,0,"1"
38,4366,29,188,2,-1,0,"1"
57,5961,14,166,3,-1,0,"1"
31,334,2,425,2,-1,0,"1"
52,420,7,139,4,-1,0,"1"
35,16,17,158,2,-1,0,"1"
41,188,31,15,25,-1,0,"1"
27,1501,24,187,1,-1,0,"1"
30,702,31,40,29,-1,0,"1"
50,0,6,326,1,-1,0,"1"
40,1845,3,134,3,-1,0,"1"
37,1785,26,912,4,-1,0,"1"
41,-22,4,166,2,-1,0,"1"
42,103,11,95,2,-1,0,"1"
32,557,4,210,2,253,1,"1"
47,1160,3,117,2,221,4,"1"
26,285,6,265,2,342,2,"1"
51,1938,19,61,1,-1,0,"1"
53,640,11,321,2,-1,0,"1"
40,10378,17,523,3,-1,0,"1"
46,1139,31,466,4,-1,0,"1"
34,783,8,281,1,-1,0,"1"
50,8139,18,256,6,-1,0,"1"
34,-401,6,378,1,-1,0,"1"
55,5,20,108,1,-1,0,"1"
42,6445,2,20,8,-1,0,"1"
47,4709,22,78,4,-1,0,"1"
30,872,15,61,1,298,2,"1"
31,34,22,121,1,-1,0,"1"
32,642,5,52,1,253,2,"1"
58,821,14,83,2,-1,0,"1"
34,11219,25,112,1,-1,0,"1"
39,3867,26,257,12,-1,0,"1"
35,1178,14,727,3,182,2,"1"
40,902,15,619,4,-1,0,"1"
37,1698,6,95,2,-1,0,"1"
36,760,20,9,13,-1,0,"1"
32,2976,21,174,1,-1,0,"1"
30,4,20,270,1,-1,0,"1"
52,876,27,227,3,-1,0,"1"
54,258,25,86,1,88,1,"1"
30,20,20,404,6,340,1,"1"
22,47,3,69,3,-1,0,"1"
30,3048,20,223,2,-1,0,"1"
57,2476,7,239,1,459,1,"1"
38,207,19,76,2,-1,0,"1"
55,4493,4,272,1,-1,0,"1"
57,0,12,120,3,-1,0,"1"
49,0,21,13,2,192,1,"1"
41,793,15,123,1,365,1,"1"
37,426,17,285,1,-1,0,"1"
48,334,19,270,2,-1,0,"1"
24,3298,28,227,1,-1,0,"1"
59,122,15,129,1,-1,0,"1"
23,1311,3,100,3,-1,0,"1"
47,961,29,45,11,-1,0,"1"
34,486,16,204,1,328,2,"1"
42,98,28,228,2,-1,0,"1"
41,-104,16,32,3,-1,0,"1"
35,-428,10,147,1,-1,0,"1"
34,1068,18,46,6,378,2,"1"
29,1612,26,375,2,-1,0,"1"
50,4,11,67,1,-1,0,"1"
36,302,17,112,1,-1,0,"1"
35,1801,20,53,1,-1,0,"1"
46,154,9,79,1,-1,0,"1"
32,56,2,275,1,258,1,"1"
53,13,28,69,1,-1,0,"1"
20,134,12,273,1,277,3,"1"
34,12,21,164,1,-1,0,"1"
43,324,8,629,4,-1,0,"1"
35,911,14,136,2,175,7,"1"
26,127,4,165,2,-1,0,"1"
46,466,31,109,8,-1,0,"1"
34,201,22,257,2,-1,0,"1"
45,677,12,253,3,334,2,"1"
31,106,13,101,13,-1,0,"1"
47,846,13,85,2,370,2,"1"
54,0,21,219,2,-1,0,"1"
23,40,10,1239,1,-1,0,"1"
82,1381,28,86,3,93,1,"1"
31,1601,7,615,1,137,3,"1"
59,7469,15,68,1,-1,0,"1"
27,1128,30,88,4,-1,0,"1"
34,273,20,308,1,188,1,"1"
78,631,11,95,1,-1,0,"1"
34,382,4,494,2,198,7,"1"
31,0,28,231,2,-1,0,"1"
40,5,15,117,3,-1,0,"1"
32,7365,31,124,5,-1,0,"1"
30,0,15,432,1,-1,0,"1"
52,437,12,137,3,113,1,"1"
42,476,13,93,1,-1,0,"1"
44,34,5,404,4,-1,0,"1"
56,72,7,263,1,357,4,"1"
39,283,26,126,2,-1,0,"1"
32,413,20,95,3,341,2,"1"
38,3813,7,117,2,-1,0,"1"
39,2679,23,811,1,-1,0,"1"
44,4786,12,267,1,-1,0,"1"
28,1773,23,275,1,-1,0,"1"
45,2353,18,435,7,74,3,"1"
82,1419,26,139,1,-1,0,"1"
36,801,18,250,2,-1,0,"1"
36,4324,18,139,4,127,4,"1"
41,3823,26,234,10,-1,0,"1"
50,0,11,503,3,339,2,"1"
32,1261,21,104,1,182,1,"1"
42,898,18,136,2,131,1,"1"
45,638,20,75,9,-1,0,"1"
48,-202,30,225,4,-1,0,"1"
30,-679,23,372,3,-1,0,"1"
37,2066,21,10,7,113,5,"1"
32,796,30,198,1,160,1,"1"
51,-338,29,97,2,-1,0,"1"
25,3165,20,251,2,-1,0,"1"
46,2121,14,160,1,-1,0,"1"
31,1331,11,927,2,-1,0,"1"
29,572,8,72,6,181,1,"1"
36,629,29,109,1,246,1,"1"
38,4723,13,187,2,-1,0,"1"
55,338,14,8,4,300,5,"1"
35,1383,27,269,2,-1,0,"1"
30,1535,18,67,4,-1,0,"1"
27,833,25,359,5,-1,0,"1"
28,328,26,471,1,-1,0,"1"
52,1317,12,58,1,-1,0,"1"
46,499,31,37,10,-1,0,"1"
58,183,21,167,5,-1,0,"1"
31,424,29,106,1,161,2,"1"
34,2856,21,165,2,-1,0,"1"
33,3,18,163,7,-1,0,"1"
36,0,9,377,1,-1,0,"1"
32,438,21,318,5,-1,0,"1"
31,71,17,740,2,-1,0,"1"
30,359,4,117,2,-1,0,"1"
33,-374,20,160,2,-1,0,"1"
35,870,29,188,6,-1,0,"1"
33,4402,21,380,2,-1,0,"1"
30,583,18,453,2,-1,0,"1"
28,-232,30,557,2,-1,0,"1"
60,935,31,8,17,-1,0,"1"
33,0,17,78,1,-1,0,"1"
31,35,19,323,2,-1,0,"1"
55,39,17,20,1,-1,0,"1"
60,136,8,43,2,-1,0,"1"
57,-898,21,322,3,-1,0,"1"
27,1577,28,266,2,-1,0,"1"
46,1352,6,193,1,-1,0,"1"
43,181,7,174,1,343,2,"1"
40,82,13,135,6,370,5,"1"
34,1242,29,578,3,-1,0,"1"
34,127,27,63,6,-1,0,"1"
25,1,12,24,12,-1,0,"1"
28,1849,28,204,1,-1,0,"1"
42,223,6,92,6,-1,0,"1"
26,37,6,207,1,363,2,"1"
27,-172,9,125,5,-1,0,"1"
57,402,6,153,3,-1,0,"1"
39,0,20,327,3,-1,0,"1"
57,473,9,87,1,-1,0,"1"
51,0,18,73,1,-1,0,"1"
32,6217,18,486,2,181,2,"1"
36,352,4,94,2,-1,0,"1"
38,2084,16,71,2,330,2,"1"
55,255,22,114,1,-1,0,"1"
60,352,17,81,2,-1,0,"1"
37,26,16,114,4,-1,0,"1"
30,12697,19,95,1,-1,0,"1"
43,465,28,78,12,-1,0,"1"
31,640,14,411,2,-1,0,"1"
39,519,20,149,1,155,14,"1"
43,1819,14,41,2,-1,0,"1"
52,213,14,164,2,-1,0,"1"
41,0,27,89,12,-1,0,"1"
59,283,17,300,1,-1,0,"1"
46,9083,8,389,1,-1,0,"1"
27,585,28,180,3,-1,0,"1"
37,0,5,39,1,-1,0,"1"
53,372,2,126,2,-1,0,"1"
33,802,6,401,1,-1,0,"1"
24,1033,24,283,1,-1,0,"1"
57,1458,4,89,5,-1,0,"1"
35,944,8,351,2,-1,0,"1"
50,0,28,88,3,-1,0,"1"
58,35,29,336,7,-1,0,"1"
41,64,8,210,2,-1,0,"1"
37,425,20,226,1,-1,0,"1"
40,556,17,234,1,323,1,"1"
31,54,20,775,1,-1,0,"1"
49,1245,29,115,2,198,2,"1"
52,4504,17,268,2,-1,0,"1"
47,3973,6,732,2,-1,0,"1"
47,434,5,278,1,-1,0,"1"
31,720,9,94,3,-1,0,"1"
37,-456,20,42,7,-1,0,"1"
42,4791,30,88,2,-1,0,"1"
54,1544,24,82,3,-1,0,"1"
35,289,11,80,10,-1,0,"1"
30,2597,11,49,1,349,3,"1"
51,2337,27,133,2,41,5,"1"
39,-516,9,86,2,-1,0,"1"
42,117,9,105,1,-1,0,"1"
31,57,23,104,5,-1,0,"1"
42,1079,31,61,2,-1,0,"1"
59,47,18,110,3,374,1,"1"
51,-714,18,83,2,-1,0,"1"
52,148,13,83,1,-1,0,"1"
32,233,15,391,2,-1,0,"1"
59,0,20,363,2,100,6,"1"
30,179,3,8,4,-1,0,"1"
41,527,22,96,1,-1,0,"1"
46,201,29,163,6,-1,0,"1"
54,191,17,44,1,-1,0,"1"
38,1373,22,119,4,-1,0,"1"
51,2125,7,20,2,-1,0,"1"
36,61,19,452,2,-1,0,"1"
49,355,2,253,7,-1,0,"1"
57,-524,16,199,4,-1,0,"1"
37,0,3,144,2,463,6,"1"
40,1322,8,26,1,-1,0,"1"
49,301,14,789,2,-1,0,"1"
25,3090,21,139,1,-1,0,"1"
40,4853,31,234,2,-1,0,"1"
35,246,14,157,2,345,5,"1"
50,107,12,1002,5,-1,0,"1"
57,926,17,447,3,-1,0,"1"
55,-1217,19,242,4,-1,0,"1"
36,548,30,618,3,-1,0,"1"
60,874,8,861,3,-1,0,"1"
43,2113,29,33,2,-1,0,"1"
54,1090,21,160,7,-1,0,"1"
27,114,9,375,2,-1,0,"1"
49,999,18,98,4,-1,0,"1"
50,1303,30,274,2,-1,0,"1"
28,103,16,461,2,-1,0,"1"
51,1883,5,57,1,-1,0,"1"
35,1257,20,93,3,329,7,"1"
40,1783,19,130,1,-1,0,"1"
32,-121,13,272,1,-1,0,"1"
45,113,13,165,2,-1,0,"1"
29,25,14,244,1,343,2,"1"
36,2176,28,52,2,-1,0,"1"
60,1088,26,149,1,-1,0,"1"
34,-285,15,192,1,276,3,"1"
48,762,12,81,4,-1,0,"1"
37,827,26,85,16,-1,0,"1"
43,0,20,154,2,-1,0,"1"
58,943,3,243,3,-1,0,"1"
53,13901,21,59,1,-1,0,"1"
48,3287,20,242,2,307,1,"1"
34,1007,21,240,2,-1,0,"1"
55,663,6,230,1,-1,0,"1"
30,106,18,149,1,-1,0,"1"
42,498,11,173,2,-1,0,"1"
48,-205,9,112,1,-1,0,"1"
30,0,14,95,2,-1,0,"1"
37,756,2,74,1,-1,0,"1"
49,953,14,278,2,-1,0,"1"
29,1218,30,258,2,-1,0,"1"
51,-321,6,470,2,9,2,"1"
50,0,13,120,2,91,6,"1"
33,2321,2,308,1,109,4,"1"
36,1327,29,174,2,-1,0,"1"
52,-240,19,392,3,-1,0,"1"
37,13156,21,240,1,-1,0,"1"
32,10,8,107,1,-1,0,"1"
48,4906,20,200,1,190,1,"1"
53,34230,7,279,1,358,9,"1"
58,5087,20,63,2,154,1,"1"
42,4,2,229,8,-1,0,"1"
34,478,22,73,2,-1,0,"1"
33,91,10,526,1,-1,0,"1"
50,71,6,678,1,-1,0,"1"
39,3970,18,56,1,-1,0,"1"
50,-556,22,270,2,-1,0,"1"
45,274,4,101,1,-1,0,"1"
37,101,17,130,1,-1,0,"1"
48,2330,4,15,1,-1,0,"1"
30,83,18,118,2,196,1,"1"
58,149,28,289,1,-1,0,"1"
48,2805,23,212,2,-1,0,"1"
56,12,20,282,2,135,1,"1"
37,15801,14,456,9,-1,0,"1"
27,-335,4,324,1,-1,0,"1"
57,0,19,188,4,-1,0,"1"
61,1857,28,173,4,-1,0,"1"
36,5000,16,177,5,-1,0,"1"
36,1941,13,156,4,-1,0,"1"
33,7,18,55,1,-1,0,"1"
47,2775,14,262,1,-1,0,"1"
56,1113,12,138,1,-1,0,"1"
38,7208,13,66,1,-1,0,"1"
40,-240,28,160,3,-1,0,"1"
32,81,17,120,1,-1,0,"1"
34,13,27,222,2,-1,0,"1"
45,660,15,71,2,-1,0,"1"
32,211,29,230,4,-1,0,"1"
55,223,8,273,5,-1,0,"1"
49,3293,24,260,1,77,9,"1"
32,681,13,589,1,-1,0,"1"
53,1023,21,150,3,-1,0,"1"
36,1070,5,346,3,-1,0,"1"
60,182,26,166,5,181,5,"1"
33,6947,20,250,2,-1,0,"1"
35,474,29,372,1,-1,0,"1"
36,466,28,171,1,-1,0,"1"
31,0,6,144,2,-1,0,"1"
27,619,20,16,5,322,4,"1"
47,8226,30,137,2,-1,0,"1"
32,2481,18,547,11,-1,0,"1"
38,0,18,185,3,-1,0,"1"
36,1867,27,243,2,-1,0,"1"
37,3943,19,37,1,-1,0,"1"
41,1887,12,168,2,-1,0,"1"
54,258,5,310,4,-1,0,"1"
27,1601,4,390,2,-1,0,"1"
47,6704,20,37,2,-1,0,"1"
27,7459,9,407,2,-1,0,"1"
33,350,6,148,7,227,5,"1"
38,79,20,209,2,-1,0,"1"
31,937,9,51,3,-1,0,"1"
39,-50,27,59,1,-1,0,"1"
59,4399,31,69,8,-1,0,"1"
40,-495,29,303,2,-1,0,"1"
26,686,30,98,2,-1,0,"1"
23,377,28,7,1,-1,0,"1"
35,37,29,104,7,-1,0,"1"
36,4543,2,252,5,-1,0,"1"
46,69,18,103,2,-1,0,"1"
49,1158,14,159,3,-1,0,"1"
35,538,8,21,9,-1,0,"1"
63,1840,12,71,3,-1,0,"1"
32,29050,21,563,2,-1,0,"1"
31,19,19,178,5,-1,0,"1"
31,162,24,141,11,-1,0,"1"
35,0,25,81,6,-1,0,"1"
30,32,6,122,3,-1,0,"1"
55,22,8,215,1,-1,0,"1"
40,767,6,168,1,-1,0,"1"
30,-95,26,306,3,-1,0,"1"
31,-449,28,81,2,-1,0,"1"
40,-378,13,541,1,295,6,"1"
28,38,18,16,5,355,3,"1"
51,300,5,8,6,-1,0,"1"
30,4,27,51,3,-1,0,"1"
59,252,17,138,1,175,2,"1"
43,0,20,592,1,-1,0,"1"
59,161,21,272,2,-1,0,"1"
38,294,25,172,2,-1,0,"1"
38,-145,21,54,2,-1,0,"1"
55,8592,9,255,1,-1,0,"1"
42,765,27,78,8,-1,0,"1"
30,-228,15,101,1,371,1,"1"
59,94,12,256,2,-1,0,"1"
38,-14,8,124,1,-1,0,"1"
45,4466,3,110,1,-1,0,"1"
25,715,26,217,1,-1,0,"1"
35,-312,29,38,3,-1,0,"1"
31,2929,20,237,3,150,3,"1"
33,229,8,205,4,-1,0,"1"
54,844,5,8,7,189,18,"1"
49,1456,12,225,4,-1,0,"1"
43,-19,5,124,3,-1,0,"1"
44,251,20,14,6,-1,0,"1"
30,15,26,252,2,-1,0,"1"
29,1002,14,50,2,-1,0,"1"
27,92,30,274,4,-1,0,"1"
33,-923,31,237,9,-1,0,"1"
33,399,7,143,1,-1,0,"1"
40,57,6,102,4,-1,0,"1"
40,5129,21,222,6,-1,0,"1"
58,2553,14,366,2,-1,0,"1"
36,4143,16,78,5,-1,0,"1"
30,1165,25,205,1,35,2,"1"
56,1016,9,184,5,-1,0,"1"
43,2682,30,103,8,-1,0,"1"
45,1932,17,146,1,-1,0,"1"
40,-279,28,143,2,-1,0,"1"
45,1950,4,498,1,-1,0,"1"
36,16,17,89,2,-1,0,"1"
55,39,13,343,1,-1,0,"1"
48,-212,26,76,1,-1,0,"1"
35,455,13,573,7,327,3,"1"
54,258,26,29,1,-1,0,"1"
63,8103,7,258,1,-1,0,"1"
47,643,20,18,6,-1,0,"1"
56,1168,17,673,2,-1,0,"1"
41,446,18,296,1,186,1,"1"
50,1811,8,97,4,-1,0,"1"
50,1743,6,49,5,-1,0,"1"
37,-57,31,37,20,-1,0,"1"
51,108,18,169,2,-1,0,"1"
27,574,18,196,3,-1,0,"1"
41,1785,30,225,7,-1,0,"1"
33,153,2,405,1,-1,0,"1"
54,25,2,88,3,-1,0,"1"
34,714,12,166,4,-1,0,"1"
33,3301,2,131,2,171,2,"1"
48,5462,6,29,4,-1,0,"1"
35,5250,20,363,1,-1,0,"1"
48,40,12,300,3,-1,0,"1"
38,1354,29,50,2,-1,0,"1"
32,146,12,69,1,361,1,"1"
26,5,11,251,1,304,2,"1"
47,1111,20,415,4,-1,0,"1"
29,778,6,1994,2,-1,0,"1"
54,446,3,133,4,102,4,"1"
56,401,20,26,1,-1,0,"1"
38,12,28,150,2,-1,0,"1"
55,554,25,234,1,-1,0,"1"
52,98,19,148,1,-1,0,"1"
51,423,14,236,1,90,1,"1"
38,362,8,100,5,-1,0,"1"
30,10152,10,266,1,-1,0,"1"
33,0,20,201,2,204,2,"1"
37,260,17,446,2,-1,0,"1"
52,6873,21,235,2,-1,0,"1"
31,2137,6,132,1,-1,0,"1"
30,491,9,197,4,-1,0,"1"
32,250,29,202,1,-1,0,"1"
50,0,28,39,4,-1,0,"1"
27,245,5,7,7,255,11,"1"
31,79,20,78,12,-1,0,"1"
35,-15,21,554,3,-1,0,"1"
24,9,17,468,1,-1,0,"1"
39,1367,9,53,4,-1,0,"1"
34,-370,21,748,1,-1,0,"1"
33,14,12,188,1,-1,0,"1"
56,276,15,301,1,368,1,"1"
42,1993,29,41,1,-1,0,"1"
36,377,19,135,1,-1,0,"1"
35,556,13,214,1,-1,0,"1"
48,44,6,153,1,-1,0,"1"
41,2007,30,419,1,-1,0,"1"
30,21,17,49,1,-1,0,"1"
35,1128,4,457,1,-1,0,"1"
42,1773,9,311,1,336,1,"1"
34,555,7,144,18,-1,0,"1"
49,1330,18,37,1,-1,0,"1"
36,9324,30,138,8,-1,0,"1"
34,261,3,88,5,251,3,"1"
45,324,13,258,4,-1,0,"1"
48,101,21,338,3,-1,0,"1"
30,695,13,478,2,-1,0,"1"
33,2583,25,241,1,108,1,"1"
36,324,18,104,4,-1,0,"1"
44,744,29,574,1,-1,0,"1"
37,375,9,223,2,-1,0,"1"
65,343,5,159,2,-1,0,"1"
55,1580,21,82,5,155,1,"1"
59,0,17,98,1,-1,0,"1"
25,886,12,121,1,-1,0,"1"
37,0,21,169,1,113,5,"1"
46,16,6,304,1,-1,0,"1"
55,831,14,144,1,-1,0,"1"
51,1440,30,309,1,-1,0,"1"
27,240,9,46,1,-1,0,"1"
36,0,28,81,4,-1,0,"1"
33,256,21,151,2,-1,0,"1"
49,259,13,149,1,-1,0,"1"
39,688,1,233,2,133,1,"1"
52,-33,20,257,2,-1,0,"1"
32,1581,23,331,3,-1,0,"1"
45,1757,20,1010,3,326,1,"1"
44,6945,14,114,3,-1,0,"1"
44,1258,6,607,4,-1,0,"1"
38,2283,14,221,3,-1,0,"1"
32,463,13,128,2,-1,0,"1"
52,150,21,177,3,-1,0,"1"
40,2158,10,277,1,-1,0,"1"
31,-13,30,176,4,-1,0,"1"
53,1379,4,68,1,-1,0,"1"
50,5907,12,338,2,-1,0,"1"
50,65,12,11,1,-1,0,"1"
30,1058,4,515,1,-1,0,"1"
45,129,9,307,2,191,1,"1"
29,8,2,107,1,-1,0,"1"
57,1556,20,340,1,-1,0,"1"
36,1790,16,386,2,-1,0,"1"
46,445,10,292,1,-1,0,"1"
36,409,20,25,1,-1,0,"1"
33,522,7,559,4,-1,0,"1"
36,35,21,246,4,-1,0,"1"
30,-517,22,123,2,-1,0,"1"
39,1222,23,451,4,-1,0,"1"
32,201,4,71,3,-1,0,"1"
48,-407,14,210,2,352,1,"1"
26,500,15,21,6,-1,0,"1"
56,411,19,145,4,-1,0,"1"
48,1010,20,65,1,-1,0,"1"
37,3049,29,153,1,-1,0,"1"
40,164,7,398,1,-1,0,"1"
48,323,28,158,10,-1,0,"1"
38,93,16,394,3,-1,0,"1"
30,228,5,232,1,365,1,"1"
31,319,11,565,2,-1,0,"1"
34,-563,26,252,1,-1,0,"1"
38,57,9,21,1,-1,0,"1"
40,446,8,594,4,331,1,"1"
50,2479,17,259,1,-1,0,"1"
58,3735,17,91,2,-1,0,"1"
48,0,6,236,1,-1,0,"1"
50,1457,9,167,1,-1,0,"1"
36,771,8,152,1,-1,0,"1"
41,-413,8,170,2,-1,0,"1"
40,113,4,126,1,-1,0,"1"
31,203,29,442,3,-1,0,"1"
31,2978,8,146,2,-1,0,"1"
40,6,16,464,1,-1,0,"1"
46,138,7,226,2,-1,0,"1"
45,675,20,890,2,-1,0,"1"
38,435,23,193,2,-1,0,"1"
41,1226,18,261,1,-1,0,"1"
61,399,26,81,1,-1,0,"1"
32,1005,12,215,1,-1,0,"1"
29,503,5,433,1,199,2,"1"
27,73,30,374,1,79,1,"1"
62,243,25,117,1,280,1,"1"
38,0,2,29,32,-1,0,"1"
47,176,19,91,2,-1,0,"1"
40,89,9,148,6,-1,0,"1"
37,308,7,96,3,-1,0,"1"
54,224,5,134,2,-1,0,"1"
32,131,3,267,3,-1,0,"1"
29,154,13,20,6,358,9,"1"
48,74,6,315,1,-1,0,"1"
42,1263,6,114,2,-1,0,"1"
43,176,5,253,2,286,1,"1"
50,1580,19,79,3,-1,0,"1"
27,78,18,5,2,-1,0,"1"
34,0,19,115,4,-1,0,"1"
50,0,7,55,1,-1,0,"1"
35,1388,28,119,5,-1,0,"1"
56,2986,30,124,1,-1,0,"1"
36,-78,6,346,1,-1,0,"1"
29,0,20,204,3,-1,0,"1"
35,496,18,135,3,-1,0,"1"
33,923,30,118,6,-1,0,"1"
31,125,4,200,1,91,1,"1"
46,442,7,105,2,-1,0,"1"
23,2211,15,210,2,-1,0,"1"
34,2658,31,265,1,230,2,"1"
53,1797,2,128,3,94,5,"1"
55,1735,20,375,2,-1,0,"1"
35,3889,19,265,2,-1,0,"1"
32,11,5,399,1,-1,0,"1"
60,129,17,490,7,-1,0,"1"
36,1244,2,143,1,-1,0,"1"
35,2054,20,447,1,-1,0,"1"
32,0,16,387,1,-1,0,"1"
53,-137,28,72,1,-1,0,"1"
41,-396,7,104,4,-1,0,"1"
48,361,17,287,1,-1,0,"1"
54,1374,15,74,2,-1,0,"1"
33,1676,12,102,2,184,2,"1"
54,760,21,336,1,-1,0,"1"
43,253,21,111,5,-1,0,"1"
37,2152,18,200,1,-1,0,"1"
28,1579,14,122,3,-1,0,"1"
53,-1455,23,169,2,-1,0,"1"
36,0,18,8,7,-1,0,"1"
41,114,2,82,3,-1,0,"1"
34,530,7,57,1,-1,0,"1"
52,6429,18,138,4,-1,0,"1"
44,-99,6,111,2,-1,0,"1"
46,211,14,36,2,-1,0,"1"
48,0,8,85,9,-1,0,"1"
55,1078,15,41,1,-1,0,"1"
31,283,28,98,2,241,1,"1"
45,1441,18,93,1,113,2,"1"
30,5,16,476,3,-1,0,"1"
32,1337,26,368,6,-1,0,"1"
43,3723,11,134,4,-1,0,"1"
30,0,11,56,3,-1,0,"1"
34,17672,20,548,1,-1,0,"1"
37,483,30,188,1,-1,0,"1"
33,1021,3,361,3,-1,0,"1"
35,0,9,42,1,-1,0,"1"
53,352,20,58,5,-1,0,"1"
38,7159,30,285,2,-1,0,"1"
32,360,19,164,2,-1,0,"1"
39,138,9,61,2,-1,0,"1"
60,0,18,161,2,-1,0,"1"
33,892,21,151,1,-1,0,"1"
34,504,28,260,2,-1,0,"1"
59,681,14,427,2,-1,0,"1"
46,4367,3,65,1,96,1,"1"
40,1010,14,283,1,-1,0,"1"
32,3616,14,165,2,-1,0,"1"
60,130,6,151,1,-1,0,"1"
50,2410,21,65,1,-1,0,"1"
25,959,9,144,5,-1,0,"1"
44,27,1,723,2,-1,0,"1"
47,759,19,30,2,-1,0,"1"
33,1148,19,299,1,-1,0,"1"
28,3028,17,183,1,-1,0,"1"
47,1152,7,260,13,-1,0,"1"
32,2421,28,14,8,-1,0,"1"
41,2015,29,480,10,-1,0,"1"
36,-251,7,162,1,-1,0,"1"
34,0,28,1025,2,-1,0,"1"
31,7826,17,133,7,-1,0,"1"
36,900,6,499,4,-1,0,"1"
40,1558,20,44,15,-1,0,"1"
45,419,5,420,1,-1,0,"1"
52,1708,23,193,1,145,3,"1"
30,55,21,132,1,-1,0,"1"
36,953,28,77,1,100,1,"1"
50,1545,20,25,1,-1,0,"1"
53,315,5,181,2,-1,0,"1"
39,602,20,191,7,-1,0,"1"
29,260,4,453,2,273,2,"1"
43,1154,15,603,11,-1,0,"1"
57,109,25,124,4,-1,0,"1"
40,281,11,7,11,360,2,"1"
45,3944,18,141,1,-1,0,"1"
58,279,8,327,5,-1,0,"1"
37,135,12,268,3,-1,0,"1"
51,805,13,270,2,-1,0,"1"
56,284,3,124,4,204,4,"1"
32,205,18,197,3,-1,0,"1"
43,388,6,644,1,355,2,"1"
31,236,4,211,3,-1,0,"1"
42,985,20,141,2,-1,0,"1"
38,93,26,69,4,-1,0,"1"
34,642,17,351,1,-1,0,"1"
30,-130,3,194,2,-1,0,"1"
24,110,23,27,1,-1,0,"1"
50,1617,26,55,4,-1,0,"1"
34,1703,22,153,5,-1,0,"1"
35,441,14,8,1,-1,0,"1"
59,2764,18,459,1,56,3,"1"
31,457,29,38,9,-1,0,"1"
39,0,12,15,7,-1,0,"1"
29,-233,19,329,1,-1,0,"1"
50,481,13,168,1,-1,0,"1"
49,6758,27,67,3,-1,0,"1"
36,6,20,41,7,-1,0,"1"
31,150,23,83,2,-1,0,"1"
53,1958,23,164,4,-1,0,"1"
31,3,25,143,3,-1,0,"1"
33,288,3,343,2,-1,0,"1"
42,-480,2,351,6,-1,0,"1"
37,1109,12,62,1,354,5,"1"
42,108,13,225,2,365,7,"1"
25,173,15,186,2,-1,0,"1"
42,1278,29,422,4,-1,0,"1"
45,3150,17,101,2,-1,0,"1"
56,12,8,226,1,-1,0,"1"
42,1220,28,155,2,-1,0,"1"
37,292,21,133,2,-1,0,"1"
32,113,10,68,1,-1,0,"1"
43,2696,28,86,10,-1,0,"1"
32,3820,3,105,1,-1,0,"1"
42,1882,15,87,1,-1,0,"1"
50,1765,12,247,2,-1,0,"1"
38,427,18,253,1,182,1,"1"
40,573,14,329,1,-1,0,"1"
44,0,19,319,1,-1,0,"1"
49,400,13,122,1,-1,0,"1"
33,0,28,236,10,-1,0,"1"
34,7541,20,541,1,-1,0,"1"
45,-160,20,15,26,-1,0,"1"
33,854,29,93,1,-1,0,"1"
39,0,16,289,1,-1,0,"1"
43,690,6,171,3,-1,0,"1"
55,12159,8,179,5,139,4,"1"
52,2323,18,45,4,-1,0,"1"
19,27,5,86,12,-1,0,"1"
31,1306,28,217,5,-1,0,"1"
45,102,11,282,1,-1,0,"1"
46,-154,7,215,2,294,1,"1"
52,2332,29,108,2,-1,0,"1"
43,8541,23,259,9,-1,0,"1"
46,0,4,242,5,-1,0,"1"
35,-121,1,73,1,-1,0,"1"
38,982,11,176,3,-1,0,"1"
35,854,19,133,20,-1,0,"1"
25,894,28,328,1,-1,0,"1"
66,0,8,189,1,-1,0,"1"
47,0,12,138,2,-1,0,"1"
42,120,17,179,1,-1,0,"1"
31,397,13,134,1,350,7,"1"
44,0,7,835,4,-1,0,"1"
28,21,8,219,3,-1,0,"1"
59,797,18,319,2,165,2,"1"
53,65,25,41,2,-1,0,"1"
32,489,20,212,1,-1,0,"1"
31,1415,7,485,1,-1,0,"1"
47,8,29,62,2,-1,0,"1"
55,-480,16,538,2,-1,0,"1"
36,227,7,336,4,-1,0,"1"
48,541,14,72,1,363,2,"1"
46,990,9,420,1,-1,0,"1"
46,1483,14,174,3,-1,0,"1"
27,270,27,470,2,-1,0,"1"
67,2301,16,124,1,-1,0,"1"
40,2843,20,223,1,305,1,"1"
58,-71,27,114,1,-1,0,"1"
31,5119,21,74,1,-1,0,"1"
30,3086,20,150,1,-1,0,"1"
35,577,13,55,1,364,1,"1"
32,5,17,114,1,-1,0,"1"
42,636,20,91,2,-1,0,"1"
43,4016,14,159,2,-1,0,"1"
33,0,26,93,1,-1,0,"1"
43,481,20,196,2,-1,0,"1"
45,5287,6,252,2,-1,0,"1"
37,5132,31,536,8,-1,0,"1"
35,1253,19,210,2,-1,0,"1"
30,-135,18,57,1,-1,0,"1"
43,1335,6,371,2,-1,0,"1"
26,2803,3,11,7,-1,0,"1"
50,0,19,638,1,-1,0,"1"
44,1033,15,71,1,-1,0,"1"
41,261,5,222,1,-1,0,"1"
36,99,17,256,9,-1,0,"1"
58,703,20,37,3,-1,0,"1"
60,-396,11,443,1,350,1,"1"
18,156,4,298,2,82,4,"1"
56,4889,22,705,4,-1,0,"1"
29,1615,28,551,1,-1,0,"1"
40,992,31,196,2,-1,0,"1"
54,0,30,255,2,-1,0,"1"
35,2189,19,256,3,-1,0,"1"
37,1590,9,121,5,315,3,"1"
49,188,23,181,16,-1,0,"1"
40,-388,4,195,3,340,1,"1"
37,414,29,293,2,162,4,"1"
34,18,6,285,1,288,17,"1"
40,0,26,87,2,200,2,"1"
34,682,27,472,3,-1,0,"1"
48,3324,18,203,4,-1,0,"1"
32,933,12,147,4,307,1,"1"
37,1160,9,255,2,-1,0,"1"
28,970,4,297,1,-1,0,"1"
45,676,30,156,4,-1,0,"1"
29,471,6,106,1,-1,0,"1"
33,596,18,77,1,127,3,"1"
36,-185,12,167,2,350,2,"1"
54,446,2,122,2,91,8,"1"
48,20,27,145,3,-1,0,"1"
43,1476,12,216,2,-1,0,"1"
31,110,21,238,4,-1,0,"1"
30,0,16,137,1,-1,0,"1"
36,0,19,537,3,-1,0,"1"
39,313,17,125,1,-1,0,"1"
37,16,18,488,5,336,2,"1"
34,157,23,20,17,-1,0,"1"
34,251,24,15,3,-1,0,"1"
26,3178,2,64,1,-1,0,"1"
52,20,28,172,1,-1,0,"1"
31,-348,18,410,1,-1,0,"1"
33,327,7,109,1,-1,0,"1"
37,3175,20,168,1,-1,0,"1"
43,370,7,216,1,-1,0,"1"
33,0,18,351,2,-1,0,"1"
31,591,14,287,3,-1,0,"1"
47,2515,20,40,3,-1,0,"1"
59,287,20,818,2,242,8,"1"
32,356,29,56,2,223,5,"1"
30,187,26,272,6,-1,0,"1"
30,778,18,22,2,346,2,"1"
38,508,27,565,2,-1,0,"1"
42,0,31,33,13,-1,0,"1"
59,2605,30,85,2,-1,0,"1"
23,349,18,108,1,-1,0,"1"
42,865,5,81,1,-1,0,"1"
32,715,11,159,1,-1,0,"1"
37,261,22,296,3,-1,0,"1"
36,9068,23,98,1,-1,0,"1"
41,1286,17,661,4,-1,0,"1"
53,13,5,410,3,-1,0,"1"
44,381,9,92,1,-1,0,"1"
37,588,14,65,4,-1,0,"1"
58,0,13,181,1,-1,0,"1"
53,267,23,90,1,-1,0,"1"
30,0,8,88,5,-1,0,"1"
36,1969,13,87,1,-1,0,"1"
32,0,17,107,2,-1,0,"1"
61,3738,6,188,1,-1,0,"1"
35,-402,17,46,1,-1,0,"1"
45,0,4,153,6,-1,0,"1"
40,260,19,52,1,152,6,"1"
52,1498,30,1078,11,-1,0,"1"
31,1767,25,395,6,-1,0,"1"
60,0,18,91,10,-1,0,"1"
53,0,31,36,4,-1,0,"1"
27,1492,23,67,13,-1,0,"1"
57,1404,18,119,7,-1,0,"1"
58,1507,19,255,6,189,1,"1"
50,816,19,630,1,-1,0,"1"
54,230,21,401,1,100,2,"1"
35,1942,8,249,1,-1,0,"1"
28,334,14,438,4,-1,0,"1"
52,49,8,280,5,-1,0,"1"
28,0,7,94,1,-1,0,"1"
34,848,6,684,2,-1,0,"1"
43,1927,20,149,1,152,1,"1"
41,3855,19,657,2,-1,0,"1"
40,9,28,154,2,-1,0,"1"
41,948,3,157,1,-1,0,"1"
29,7836,19,155,1,-1,0,"1"
29,5903,8,194,1,-1,0,"1"
43,870,8,528,1,-1,0,"1"
52,249,7,100,1,-1,0,"1"
51,1164,12,100,1,369,2,"1"
37,565,5,329,1,6,2,"1"
59,59,5,273,1,-1,0,"1"
45,280,4,562,3,168,2,"1"
64,493,17,108,1,-1,0,"1"
40,1117,13,280,1,-1,0,"1"
30,350,29,328,2,-1,0,"1"
41,1529,7,61,6,-1,0,"1"
39,447,19,968,1,-1,0,"1"
40,0,5,181,1,-1,0,"1"
48,6489,19,263,1,-1,0,"1"
52,305,28,26,26,-1,0,"1"
46,4064,20,62,4,-1,0,"1"
43,108,15,420,4,-1,0,"1"
34,692,20,254,1,-1,0,"1"
35,914,3,166,1,-1,0,"1"
40,752,21,456,1,157,1,"1"
36,1023,31,189,4,-1,0,"1"
33,114,18,207,9,-1,0,"1"
52,33,13,204,1,331,3,"1"
53,0,29,88,3,-1,0,"1"
29,2378,20,239,1,276,6,"1"
44,237,28,212,2,-1,0,"1"
33,390,13,460,2,-1,0,"1"
23,2673,5,81,2,-1,0,"1"
25,5,30,84,6,-1,0,"1"
26,800,30,405,2,-1,0,"1"
40,2854,18,354,2,169,1,"1"
29,-547,6,225,1,-1,0,"1"
39,6512,20,16,6,-1,0,"1"
52,502,17,637,3,-1,0,"1"
39,600,7,277,1,-1,0,"1"
30,46,13,382,3,-1,0,"1"
27,769,9,317,2,-1,0,"1"
38,-104,28,13,17,-1,0,"1"
38,0,21,126,3,-1,0,"1"
27,290,10,88,1,-1,0,"1"
30,70,8,461,3,-1,0,"1"
43,291,9,150,2,-1,0,"1"
59,0,10,60,1,-1,0,"1"
37,77,15,381,7,-1,0,"1"
31,1,30,101,16,-1,0,"1"
37,2132,5,232,1,-1,0,"1"
43,95,18,296,1,-1,0,"1"
30,2,17,291,2,326,1,"1"
50,402,4,165,1,180,2,"1"
59,174,26,145,1,-1,0,"1"
28,633,25,95,1,-1,0,"1"
29,131,20,353,4,-1,0,"1"
54,427,4,85,2,231,2,"1"
55,3546,18,588,1,110,2,"1"
60,2516,4,279,3,266,1,"1"
49,-471,20,77,3,185,7,"1"
44,0,8,54,2,-1,0,"1"
38,8381,15,82,1,145,1,"1"
27,106,30,150,5,-1,0,"1"
33,47,19,168,2,-1,0,"1"
32,223,27,236,4,-1,0,"1"
78,301,7,537,2,-1,0,"1"
26,14054,23,178,1,-1,0,"1"
25,895,3,167,1,-1,0,"1"
62,10373,17,140,3,97,3,"1"
49,383,26,31,1,-1,0,"1"
60,1690,28,64,11,-1,0,"1"
51,0,20,179,3,-1,0,"1"
32,395,6,241,3,-1,0,"1"
42,1453,11,264,1,-1,0,"1"
43,361,8,87,2,-1,0,"1"
34,592,7,67,3,-1,0,"1"
41,572,11,188,1,-1,0,"1"
32,-360,6,131,2,344,2,"1"
42,145,30,27,3,-1,0,"1"
32,357,18,175,2,-1,0,"1"
31,2085,19,488,3,-1,0,"1"
35,271,20,68,1,-1,0,"1"
54,1194,18,58,3,-1,0,"1"
43,1916,13,565,2,-1,0,"1"
28,12,30,73,3,256,3,"1"
47,0,29,137,1,-1,0,"1"
37,487,4,30,2,-1,0,"1"
58,0,17,219,1,186,2,"1"
50,-1415,19,358,2,-1,0,"1"
35,287,2,115,3,245,8,"1"
37,603,18,339,2,-1,0,"1"
36,670,25,126,3,-1,0,"1"
34,283,6,199,1,-1,0,"1"
46,1516,14,133,4,-1,0,"1"
30,3809,3,159,4,-1,0,"1"
48,11298,9,97,2,-1,0,"1"
49,-22,8,70,1,-1,0,"1"
39,11766,4,15,4,166,1,"1"
44,1696,16,139,3,-1,0,"1"
51,279,28,64,3,-1,0,"1"
56,52,20,191,3,-1,0,"1"
25,5,29,138,1,-1,0,"1"
54,1826,17,264,4,-1,0,"1"
32,29,19,156,2,-1,0,"1"
53,-1601,13,82,2,-1,0,"1"
56,1922,24,247,2,-1,0,"1"
42,6573,7,56,4,-1,0,"1"
40,822,29,155,2,245,3,"1"
33,91,17,400,2,-1,0,"1"
29,1952,14,354,1,-1,0,"1"
38,4,18,71,3,-1,0,"1"
28,58,16,136,2,-1,0,"1"
57,162,6,155,2,-1,0,"1"
31,0,29,157,2,-1,0,"1"
33,217,15,132,5,304,5,"1"
39,1048,21,405,1,-1,0,"1"
32,14522,21,221,7,-1,0,"1"
42,117,9,147,1,-1,0,"1"
40,405,20,87,3,-1,0,"1"
23,231,7,560,3,367,1,"1"
44,639,27,69,12,-1,0,"1"
35,4635,20,148,1,-1,0,"1"
55,7010,22,155,1,195,2,"1"
37,11387,14,153,1,225,2,"1"
32,943,14,127,2,-1,0,"1"
47,129,2,110,2,222,2,"1"
36,6641,30,105,4,-1,0,"1"
36,7,17,501,2,-1,0,"1"
53,90,5,124,1,-1,0,"1"
33,303,29,483,2,266,1,"1"
51,1212,13,184,1,-1,0,"1"
55,0,12,467,5,-1,0,"1"
29,1958,9,643,1,-1,0,"1"
32,453,18,331,2,-1,0,"1"
59,163,24,464,1,-1,0,"1"
53,5331,21,302,1,-1,0,"1"
32,696,30,270,2,293,2,"1"
25,945,24,561,4,-1,0,"1"
31,2076,18,178,1,127,7,"1"
42,-972,29,146,1,-1,0,"1"
36,184,7,128,3,-1,0,"1"
26,19,30,268,1,-1,0,"1"
38,9,6,185,3,-1,0,"1"
58,1166,12,493,1,-1,0,"1"
45,137,16,187,19,-1,0,"1"
48,271,24,23,1,-1,0,"1"
34,239,2,107,2,-1,0,"1"
32,396,20,319,3,-1,0,"1"
39,0,17,69,1,-1,0,"1"
37,351,9,108,1,-1,0,"1"
50,1688,29,156,2,-1,0,"1"
25,329,14,158,2,-1,0,"1"
46,222,5,92,1,-1,0,"1"
24,-247,7,203,1,-1,0,"1"
47,912,21,1036,2,-1,0,"1"
35,3109,3,467,1,-1,0,"1"
30,601,27,154,1,-1,0,"1"
35,649,16,177,1,-1,0,"1"
53,0,7,176,1,322,5,"1"
28,0,2,39,1,-1,0,"1"
22,2412,9,238,2,-1,0,"1"
31,302,23,40,8,-1,0,"1"
29,0,16,16,25,-1,0,"1"
46,375,31,172,6,-1,0,"1"
43,311,6,92,1,-1,0,"1"
51,804,9,176,1,-1,0,"1"
66,220,28,283,1,-1,0,"1"
59,0,27,87,4,-1,0,"1"
32,2213,28,73,7,-1,0,"1"
27,0,9,240,2,-1,0,"1"
39,1363,21,294,3,-1,0,"1"
31,442,15,244,1,-1,0,"1"
58,2146,7,206,3,-1,0,"1"
43,314,26,134,1,-1,0,"1"
39,855,21,786,2,-1,0,"1"
38,422,11,286,3,-1,0,"1"
51,5964,18,577,4,-1,0,"1"
44,0,4,389,5,-1,0,"1"
41,372,11,117,1,-1,0,"1"
58,183,22,246,2,-1,0,"1"
45,4413,29,77,35,-1,0,"1"
31,1260,21,93,1,-1,0,"1"
51,328,4,203,1,-1,0,"1"
38,585,21,34,3,-1,0,"1"
42,28,5,126,3,-1,0,"1"
55,935,14,65,2,-1,0,"1"
46,4176,12,153,6,-1,0,"1"
45,1265,6,79,2,-1,0,"1"
59,975,15,263,4,-1,0,"1"
48,343,4,191,1,-1,0,"1"
59,1085,29,101,4,-1,0,"1"
51,4712,20,172,2,-1,0,"1"
23,531,15,509,3,345,9,"1"
38,12877,17,118,3,-1,0,"1"
32,23,22,137,2,-1,0,"1"
25,2399,3,193,2,-1,0,"1"
30,234,3,242,2,-1,0,"1"
39,2976,5,134,12,-1,0,"1"
27,312,5,251,1,-1,0,"1"
47,207,2,244,1,271,4,"1"
42,4279,22,98,1,-1,0,"1"
51,3984,20,7,12,-1,0,"1"
50,280,18,61,23,-1,0,"1"
46,1120,19,786,1,-1,0,"1"
69,324,12,875,1,189,4,"1"
48,981,15,995,2,-1,0,"1"
58,1266,6,164,1,-1,0,"1"
47,74,8,88,2,-1,0,"1"
33,390,14,254,2,-1,0,"1"
56,3129,20,33,6,-1,0,"1"
60,864,22,67,4,-1,0,"1"
50,14,26,68,1,-1,0,"1"
40,-158,17,59,1,-1,0,"1"
34,396,16,101,3,-1,0,"1"
58,5920,23,255,1,-1,0,"1"
30,732,2,231,1,-1,0,"1"
32,1165,27,19,23,-1,0,"1"
50,0,16,264,4,-1,0,"1"
51,1327,7,21,2,-1,0,"1"
57,0,18,390,15,-1,0,"1"
33,1615,14,178,8,174,3,"1"
53,845,29,123,2,-1,0,"1"
46,119,30,85,2,-1,0,"1"
40,-21,18,68,2,368,3,"1"
38,12130,12,455,2,328,13,"1"
51,788,3,959,6,-1,0,"1"
34,714,21,122,3,193,4,"1"
51,101,7,217,3,-1,0,"1"
48,0,15,263,1,-1,0,"1"
32,1270,3,420,1,15,3,"1"
59,1723,19,70,1,-1,0,"1"
30,1772,13,158,4,-1,0,"1"
27,41,25,803,1,-1,0,"1"
28,1137,6,129,4,211,3,"1"
35,7546,28,137,1,122,3,"1"
32,-233,28,140,2,-1,0,"1"
39,1820,25,103,1,-1,0,"1"
47,480,28,211,2,-1,0,"1"
54,734,12,124,1,-1,0,"1"
44,38,15,152,2,-1,0,"1"
45,1323,17,550,1,-1,0,"1"
33,6174,28,19,14,-1,0,"1"
43,5039,20,227,1,-1,0,"1"
45,2278,17,1735,2,-1,0,"1"
53,111,20,39,3,-1,0,"1"
35,54,22,73,2,-1,0,"1"
25,57,13,190,5,-1,0,"1"
46,350,3,230,1,-1,0,"1"
53,19850,6,86,1,-1,0,"1"
34,0,29,116,4,-1,0,"1"
48,4300,25,99,6,-1,0,"1"
41,437,2,138,1,-1,0,"1"
34,305,16,1245,25,-1,0,"1"
27,8,20,777,3,-1,0,"1"
57,73,12,41,1,-1,0,"1"
46,80,6,245,2,-1,0,"1"
42,47,8,141,1,-1,0,"1"
39,12,15,500,2,352,2,"1"
49,267,9,23,5,-1,0,"1"
30,302,23,302,1,-1,0,"1"
33,0,31,16,43,-1,0,"1"
35,515,29,114,3,-1,0,"1"
37,22,8,160,1,-1,0,"1"
40,3090,13,664,1,-1,0,"1"
32,-15,11,132,3,-1,0,"1"
55,18722,12,128,2,-1,0,"1"
29,-228,9,279,1,-1,0,"1"
71,3895,7,116,1,-1,0,"1"
44,-230,20,352,1,177,1,"1"
52,409,15,73,7,-1,0,"1"
57,1172,20,72,1,-1,0,"1"
32,-32,29,320,1,185,5,"1"
46,964,8,174,1,-1,0,"1"
47,223,15,133,2,-1,0,"1"
56,0,29,152,1,223,3,"1"
45,2556,26,196,2,-1,0,"1"
37,328,29,79,1,-1,0,"1"
53,0,22,77,9,-1,0,"1"
30,0,13,150,4,-1,0,"1"
26,1327,30,104,1,31,4,"1"
42,1116,19,88,6,-1,0,"1"
44,2692,12,583,1,-1,0,"1"
51,924,16,215,3,-1,0,"1"
42,790,29,356,2,-1,0,"1"
32,1288,12,286,1,-1,0,"1"
32,-133,14,119,1,352,2,"1"
53,0,21,266,6,-1,0,"1"
61,1742,11,90,4,-1,0,"1"
37,3427,27,46,1,-1,0,"1"
52,2594,21,425,1,-1,0,"1"
38,5830,17,176,3,-1,0,"1"
59,23,7,66,1,-1,0,"1"
42,0,30,458,3,-1,0,"1"
34,-14,14,85,2,-1,0,"1"
43,775,16,325,1,124,2,"1"
51,2,5,295,1,-1,0,"1"
42,5354,17,799,1,-1,0,"1"
46,3969,7,46,5,-1,0,"1"
26,158,8,416,4,-1,0,"1"
45,2394,18,895,12,-1,0,"1"
29,-349,15,233,4,-1,0,"1"
42,0,15,194,4,-1,0,"1"
32,8023,17,219,1,84,2,"1"
29,0,15,218,1,-1,0,"1"
35,297,29,251,3,265,4,"1"
54,2423,3,75,4,-1,0,"1"
46,747,6,22,6,-1,0,"1"
52,601,14,249,2,-1,0,"1"
36,753,26,71,5,40,4,"1"
48,266,17,198,2,343,1,"1"
43,575,2,237,1,-1,0,"1"
43,392,4,110,1,208,2,"1"
35,1718,17,74,1,167,16,"1"
35,53,16,258,2,-1,0,"1"
44,1442,18,280,2,-1,0,"1"
31,1454,17,377,1,-1,0,"1"
56,373,27,269,1,-1,0,"1"
38,439,16,50,1,-1,0,"1"
44,342,22,70,1,-1,0,"1"
36,63,2,56,8,-1,0,"1"
40,172,29,421,1,-1,0,"1"
37,334,25,442,12,-1,0,"1"
26,948,17,125,1,-1,0,"1"
37,43,17,36,2,-1,0,"1"
34,7263,6,86,1,-1,0,"1"
31,1273,23,442,1,-1,0,"1"
39,733,16,83,4,-1,0,"1"
36,425,29,202,2,-1,0,"1"
38,0,15,225,1,-1,0,"1"
54,88,13,190,1,-1,0,"1"
53,787,7,119,2,-1,0,"1"
45,16,31,59,2,-1,0,"1"
52,199,12,246,2,-1,0,"1"
50,1580,14,111,3,-1,0,"1"
39,931,4,64,1,-1,0,"1"
76,0,19,170,1,-1,0,"1"
34,114,4,153,1,309,3,"1"
32,0,22,520,1,-1,0,"1"
55,0,29,316,2,-1,0,"1"
36,1109,23,122,5,-1,0,"1"
56,1894,15,189,1,-1,0,"1"
32,567,7,275,2,342,4,"1"
32,9049,21,536,1,-1,0,"1"
43,144,7,131,3,-1,0,"1"
27,362,14,332,2,-1,0,"1"
36,2178,30,74,2,-1,0,"1"
41,6526,15,334,3,-1,0,"1"
57,1592,20,78,4,-1,0,"1"
56,563,6,100,2,168,1,"1"
30,860,20,185,1,-1,0,"1"
28,-201,12,286,4,-1,0,"1"
33,233,29,155,2,-1,0,"1"
56,1121,15,176,2,-1,0,"1"
34,528,1,165,1,124,1,"1"
37,223,7,569,1,297,3,"1"
23,342,3,152,6,-1,0,"1"
28,1,20,128,1,-1,0,"1"
56,488,6,146,4,-1,0,"1"
29,-312,14,130,2,-1,0,"1"
36,0,8,121,1,-1,0,"1"
59,41242,21,161,1,-1,0,"1"
42,68,27,198,1,-1,0,"1"
31,4575,18,28,1,-1,0,"1"
39,1132,3,216,1,-1,0,"1"
34,339,6,110,2,359,2,"1"
36,3839,19,146,1,-1,0,"1"
28,882,8,107,2,-1,0,"1"
35,-202,9,1461,2,-1,0,"1"
37,0,17,362,2,315,4,"1"
36,844,25,129,1,-1,0,"1"
58,853,7,317,3,-1,0,"1"
45,4060,15,238,1,-1,0,"1"
59,0,5,1307,2,-1,0,"1"
41,-75,18,115,1,-1,0,"1"
45,1214,28,118,2,-1,0,"1"
30,101,7,187,3,-1,0,"1"
37,410,2,317,6,-1,0,"1"
86,1817,16,272,3,-1,0,"1"
30,743,29,142,2,-1,0,"1"
54,736,16,268,1,331,1,"1"
46,938,2,92,2,-1,0,"1"
39,160,5,156,1,-1,0,"1"
53,305,17,192,1,-1,0,"1"
28,-42,31,143,4,-1,0,"1"
36,96,27,125,15,-1,0,"1"
32,721,15,128,1,-1,0,"1"
47,289,5,210,1,-1,0,"1"
33,571,8,390,2,-1,0,"1"
29,402,29,345,5,-1,0,"1"
39,202,12,59,1,301,1,"1"
36,-194,14,133,3,-1,0,"1"
33,1716,7,396,2,-1,0,"1"
41,306,20,102,3,-1,0,"1"
39,1238,16,212,1,-1,0,"1"
58,6711,16,95,3,-1,0,"1"
69,482,4,101,1,-1,0,"1"
26,906,2,109,1,160,1,"1"
49,1342,7,253,1,140,1,"1"
33,0,8,345,2,-1,0,"1"
34,91,17,144,1,281,1,"1"
50,8649,20,141,1,-1,0,"1"
41,121,13,16,6,176,5,"1"
27,-181,29,81,4,-1,0,"1"
42,-95,6,204,1,-1,0,"1"
43,4056,4,13,6,89,2,"1"
31,58,21,542,1,-1,0,"1"
53,0,22,107,2,-1,0,"1"
41,536,15,76,3,-1,0,"1"
55,0,3,222,3,187,3,"1"
29,-680,9,117,2,-1,0,"1"
37,779,28,85,1,-1,0,"1"
54,898,30,641,2,-1,0,"1"
39,2,25,174,10,-1,0,"1"
35,-640,5,78,6,-1,0,"1"
44,1305,30,72,4,-1,0,"1"
43,2478,28,347,1,230,1,"1"
36,1954,30,199,3,-1,0,"1"
41,32,7,162,1,-1,0,"1"
28,458,13,19,11,-1,0,"1"
31,16,20,73,1,-1,0,"1"
57,3760,17,1070,1,-1,0,"1"
41,2152,30,134,1,121,1,"1"
40,271,21,124,3,102,4,"1"
40,1247,2,445,2,-1,0,"1"
39,-119,17,135,6,-1,0,"1"
39,116,26,182,3,-1,0,"1"
40,95,20,61,4,-1,0,"1"
37,1403,9,14,1,-1,0,"1"
32,310,6,144,1,-1,0,"1"
41,-256,9,35,3,-1,0,"1"
28,1609,18,98,2,315,3,"1"
36,13,18,106,1,-1,0,"1"
37,281,16,279,2,-1,0,"1"
35,1537,5,84,5,-1,0,"1"
56,505,17,171,1,172,2,"1"
47,761,11,80,2,-1,0,"1"
29,818,5,61,1,-1,0,"1"
25,40,12,64,1,-1,0,"1"
32,485,26,98,14,-1,0,"1"
44,111,25,356,3,-1,0,"1"
44,-43,20,206,1,-1,0,"1"
35,128,12,136,1,-1,0,"1"
50,2570,18,273,2,-1,0,"1"
36,3740,7,254,1,-1,0,"1"
34,9,17,655,1,-1,0,"1"
39,170,8,408,2,-1,0,"1"
33,4996,20,230,1,-1,0,"1"
34,786,28,122,11,-1,0,"1"
43,1968,10,279,1,-1,0,"1"
31,5,16,102,1,-1,0,"1"
23,4084,3,118,7,-1,0,"1"
46,648,14,59,4,-1,0,"1"
43,620,29,155,1,-1,0,"1"
40,84,28,715,8,-1,0,"1"
46,4,20,166,1,-1,0,"1"
43,540,30,74,1,-1,0,"1"
59,5706,25,471,2,-1,0,"1"
54,8,8,116,2,-1,0,"1"
29,238,26,79,1,-1,0,"1"
43,1376,8,235,4,-1,0,"1"
40,193,18,105,6,-1,0,"1"
32,958,17,151,1,-1,0,"1"
58,911,30,49,1,-1,0,"1"
50,145,8,170,1,-1,0,"1"
35,89,6,145,2,-1,0,"1"
40,22,9,145,2,-1,0,"1"
44,878,2,130,1,-1,0,"1"
49,350,28,91,3,-1,0,"1"
38,10,8,84,3,-1,0,"1"
37,1026,13,389,2,-1,0,"1"
43,78,15,80,1,-1,0,"1"
31,5248,23,368,1,-1,0,"1"
56,374,20,193,4,-1,0,"1"
57,133,30,173,4,-1,0,"1"
48,608,30,362,2,-1,0,"1"
35,2238,23,42,3,-1,0,"1"
43,-101,14,122,4,-1,0,"1"
36,7222,4,104,1,181,5,"1"
35,1144,20,197,13,-1,0,"1"
40,0,11,114,2,-1,0,"1"
38,3995,21,1111,6,-1,0,"1"
29,87,6,1330,3,-1,0,"1"
28,678,4,115,3,-1,0,"1"
29,6429,14,535,1,352,2,"1"
58,1065,5,213,3,-1,0,"1"
30,853,3,343,1,-1,0,"1"
47,17,8,121,2,-1,0,"1"
42,452,17,359,2,-1,0,"1"
49,737,13,100,2,-1,0,"1"
50,10757,6,276,3,-1,0,"1"
37,-38,12,165,1,175,2,"1"
39,156,17,76,2,-1,0,"1"
33,60,14,74,1,290,2,"1"
56,1026,28,173,2,-1,0,"1"
34,2729,6,945,1,139,1,"1"
40,423,30,134,24,-1,0,"1"
47,231,8,88,2,-1,0,"1"
51,618,4,69,1,-1,0,"1"
40,121,22,80,1,-1,0,"1"
40,9221,4,252,1,-1,0,"1"
42,10907,4,74,3,-1,0,"1"
41,4276,12,103,3,-1,0,"1"
25,381,15,951,1,-1,0,"1"
31,1734,22,116,4,-1,0,"1"
31,0,22,78,3,-1,0,"1"
36,-742,31,110,3,-1,0,"1"
44,399,16,148,9,-1,0,"1"
45,492,29,141,2,-1,0,"1"
42,233,8,98,1,231,4,"1"
36,131,6,153,1,-1,0,"1"
37,74,7,150,1,-1,0,"1"
34,50,2,173,1,258,2,"1"
44,4492,31,19,13,-1,0,"1"
44,839,8,240,1,40,2,"1"
46,39,21,64,1,-1,0,"1"
53,261,14,154,2,336,2,"1"
56,445,7,59,2,-1,0,"1"
42,419,14,96,4,-1,0,"1"
37,7179,6,31,8,-1,0,"1"
33,8514,20,131,1,-1,0,"1"
33,3514,20,214,2,184,2,"1"
33,2374,8,212,2,-1,0,"1"
46,3547,20,395,6,-1,0,"1"
47,431,17,388,9,-1,0,"1"
34,1641,17,380,1,-1,0,"1"
45,-73,18,125,2,-1,0,"1"
56,145,6,124,2,9,2,"1"
53,-165,9,89,1,-1,0,"1"
35,-229,27,100,2,-1,0,"1"
50,67,20,156,3,-1,0,"1"
58,26254,21,49,1,-1,0,"1"
36,0,29,21,2,-1,0,"1"
49,6512,21,93,2,-1,0,"1"
36,546,6,91,3,-1,0,"1"
33,544,26,111,4,-1,0,"1"
31,150,13,431,2,-1,0,"1"
32,500,27,24,1,-1,0,"1"
51,178,4,184,2,-1,0,"1"
32,1029,5,175,4,-1,0,"1"
49,0,6,286,2,-1,0,"1"
29,209,5,605,2,-1,0,"1"
49,-63,14,416,2,-1,0,"1"
39,8,17,333,2,96,2,"1"
27,4848,23,82,3,-1,0,"1"
33,752,11,104,4,-1,0,"1"
29,0,7,256,15,-1,0,"1"
29,3508,17,462,1,-1,0,"1"
35,24,26,243,2,-1,0,"1"
57,3242,8,521,4,-1,0,"1"
34,315,4,76,4,89,3,"1"
49,2501,30,50,2,-1,0,"1"
39,0,28,224,2,-1,0,"1"
49,10772,8,89,2,-1,0,"1"
88,433,15,161,1,274,1,"1"
59,133,9,206,1,-1,0,"1"
51,-227,15,404,1,-1,0,"1"
28,14,1,201,1,-1,0,"1"
37,718,17,43,1,-1,0,"1"
38,898,6,132,2,-1,0,"1"
46,642,12,110,4,-1,0,"1"
47,440,12,91,1,-1,0,"1"
50,1327,24,325,1,-1,0,"1"
31,1570,8,213,4,184,5,"1"
30,0,3,185,1,-1,0,"1"
50,-470,8,506,2,170,3,"1"
30,122,7,219,2,-1,0,"1"
46,0,19,179,2,-1,0,"1"
39,-980,4,52,2,260,1,"1"
44,682,27,85,3,-1,0,"1"
41,56,31,63,21,-1,0,"1"
52,2428,28,61,3,-1,0,"1"
42,12584,19,21,25,-1,0,"1"
41,115,19,299,2,-1,0,"1"
30,595,23,231,1,-1,0,"1"
31,-449,18,197,1,355,2,"1"
39,0,6,49,2,282,3,"1"
47,2443,18,422,1,-1,0,"1"
45,323,13,276,2,-1,0,"1"
31,0,31,16,34,-1,0,"1"
42,191,14,382,3,371,1,"1"
26,3244,2,141,1,5,1,"1"
40,87,21,116,2,113,4,"1"
36,1145,29,198,2,181,3,"1"
51,1533,18,242,2,-1,0,"1"
47,675,7,152,2,-1,0,"1"
47,284,26,266,5,-1,0,"1"
37,0,11,129,4,107,2,"1"
57,1602,29,339,3,-1,0,"1"
33,3696,19,305,1,182,3,"1"
43,2539,16,529,4,-1,0,"1"
55,2996,5,49,1,-1,0,"1"
57,4,21,50,5,-1,0,"1"
22,4038,15,1380,1,-1,0,"1"
56,6507,29,134,1,196,1,"1"
39,211,6,53,2,-1,0,"1"
35,1279,16,114,5,-1,0,"1"
33,-297,27,398,3,-1,0,"1"
47,917,6,518,3,212,5,"1"
34,18,27,114,1,180,1,"1"
49,130,30,139,2,-1,0,"1"
30,7032,17,102,1,-1,0,"1"
39,483,5,282,1,-1,0,"1"
52,383,18,135,1,-1,0,"1"
38,1619,9,324,1,-1,0,"1"
54,324,29,124,11,-1,0,"1"
58,2769,11,94,2,-1,0,"1"
36,490,22,72,1,-1,0,"1"
33,165,23,218,1,-1,0,"1"
50,-253,25,43,1,-1,0,"1"
56,68,8,68,5,-1,0,"1"
45,1251,21,126,4,-1,0,"1"
35,68,12,334,1,347,6,"1"
40,229,24,213,10,-1,0,"1"
59,901,5,73,3,-1,0,"1"
36,295,17,287,1,-1,0,"1"
33,1255,29,511,4,-1,0,"1"
33,39,19,123,5,-1,0,"1"
40,75,16,259,1,-1,0,"1"
47,49,18,250,4,-1,0,"1"
34,13204,20,197,2,-1,0,"1"
43,946,28,40,1,-1,0,"1"
41,304,30,395,2,-1,0,"1"
33,433,15,54,4,-1,0,"1"
58,2297,13,96,2,-1,0,"1"
28,5,14,178,2,360,3,"1"
32,-3,13,500,2,-1,0,"1"
40,0,11,473,1,-1,0,"1"
48,0,20,108,4,-1,0,"1"
55,0,19,55,4,-1,0,"1"
31,2530,16,60,1,342,1,"1"
43,289,6,284,3,-1,0,"1"
32,252,8,145,2,-1,0,"1"
33,266,17,100,2,-1,0,"1"
43,56,15,259,1,-1,0,"1"
24,-126,13,382,2,-1,0,"1"
34,163,8,44,1,-1,0,"1"
63,0,20,110,2,-1,0,"1"
25,4578,2,100,1,-1,0,"1"
41,634,16,239,2,-1,0,"1"
40,1315,9,466,2,141,5,"1"
26,2063,10,221,1,-1,0,"1"
35,270,6,332,2,335,1,"1"
41,3432,6,140,3,-1,0,"1"
40,1136,21,86,1,-1,0,"1"
31,1804,23,206,1,-1,0,"1"
48,316,5,560,2,-1,0,"1"
45,412,4,45,5,265,13,"1"
38,10443,19,370,1,-1,0,"1"
38,406,29,138,1,188,5,"1"
34,1702,9,22,4,-1,0,"1"
34,0,27,36,7,-1,0,"1"
49,315,11,240,1,-1,0,"1"
28,616,7,116,1,503,2,"1"
40,127,17,76,1,-1,0,"1"
37,2,4,220,1,-1,0,"1"
26,1702,18,21,1,-1,0,"1"
34,1866,4,95,1,-1,0,"1"
26,-14,31,9,31,-1,0,"1"
35,24,8,169,1,231,2,"1"
40,159,18,37,1,-1,0,"1"
54,-394,15,895,5,365,2,"1"
27,911,4,471,2,-1,0,"1"
32,314,23,91,4,156,1,"1"
34,328,21,18,7,-1,0,"1"
47,31,24,63,4,-1,0,"1"
38,2079,29,122,1,-1,0,"1"
48,220,5,1005,2,-1,0,"1"
31,509,23,183,1,-1,0,"1"
31,-305,20,83,3,-1,0,"1"
29,-287,18,196,1,-1,0,"1"
28,404,18,33,2,367,4,"1"
44,-948,9,129,2,-1,0,"1"
51,806,20,32,1,-1,0,"1"
58,1249,5,187,1,-1,0,"1"
49,-268,6,42,2,206,5,"1"
36,328,20,537,2,-1,0,"1"
35,505,30,109,3,-1,0,"1"
26,276,15,106,1,368,4,"1"
41,5110,13,231,1,-1,0,"1"
51,3,23,259,2,-1,0,"1"
41,1309,20,28,4,-1,0,"1"
33,80,18,126,1,-1,0,"1"
26,1,21,6,1,-1,0,"1"
45,328,12,174,4,-1,0,"1"
30,78,15,73,2,-1,0,"1"
36,16430,19,234,1,166,3,"1"
28,0,26,89,1,-1,0,"1"
32,1068,6,175,4,-1,0,"1"
54,0,6,127,1,-1,0,"1"
54,43,21,289,1,-1,0,"1"
29,0,28,296,1,-1,0,"1"
60,71,5,185,1,-1,0,"1"
21,347,16,77,1,-1,0,"1"
43,-26,16,343,1,-1,0,"1"
42,1619,4,148,1,-1,0,"1"
39,668,14,297,2,-1,0,"1"
25,319,20,48,3,-1,0,"1"
31,0,26,76,2,-1,0,"1"
59,121,12,144,7,-1,0,"1"
48,74,12,181,1,-1,0,"1"
33,3915,7,65,4,-1,0,"1"
22,10971,28,181,2,-1,0,"1"
32,22,14,145,1,-1,0,"1"
60,2408,20,102,4,-1,0,"1"
41,791,5,215,1,80,1,"1"
29,2439,2,263,2,-1,0,"1"
42,233,5,446,1,-1,0,"1"
52,1810,19,117,1,-1,0,"1"
29,222,3,197,1,250,23,"1"
55,277,12,101,3,-1,0,"1"
72,6199,3,531,1,-1,0,"1"
48,1910,29,413,2,-1,0,"1"
32,36,20,290,2,-1,0,"1"
52,2231,19,470,4,-1,0,"1"
29,0,4,377,1,-1,0,"1"
43,15,13,304,2,-1,0,"1"
43,365,4,406,2,-1,0,"1"
43,590,20,306,2,-1,0,"1"
25,-559,14,189,3,-1,0,"1"
28,689,2,36,1,-1,0,"1"
36,532,29,391,1,241,1,"1"
31,442,29,355,3,258,3,"1"
31,-199,12,149,5,299,10,"1"
40,4436,13,67,2,-1,0,"1"
25,657,28,397,1,-1,0,"1"
56,0,29,83,2,-1,0,"1"
39,-96,12,38,6,-1,0,"1"
33,572,30,1296,2,-1,0,"1"
52,173,23,48,5,-1,0,"1"
39,1222,2,251,1,242,2,"1"
45,3241,12,84,2,-1,0,"1"
37,3111,21,9,3,185,2,"1"
32,883,30,59,1,-1,0,"1"
36,0,13,296,8,-1,0,"1"
29,795,10,270,2,-1,0,"1"
30,12569,18,87,1,-1,0,"1"
32,1721,19,184,2,182,2,"1"
26,682,5,166,2,-1,0,"1"
43,94,5,68,1,-1,0,"1"
33,136,18,30,2,336,13,"1"
56,549,20,181,2,-1,0,"1"
41,598,12,69,3,364,11,"1"
38,157,15,57,11,366,1,"1"
31,2010,5,15,5,261,1,"1"
58,5920,21,96,1,121,1,"1"
51,2337,25,46,4,90,7,"1"
39,1508,23,281,1,-1,0,"1"
28,118,15,376,3,368,1,"1"
26,74,16,419,2,-1,0,"1"
31,1170,20,200,4,-1,0,"1"
28,47,21,304,3,-1,0,"1"
44,759,23,397,1,-1,0,"1"
31,84,15,264,2,-1,0,"1"
39,70,31,13,11,-1,0,"1"
31,2994,10,182,1,229,2,"1"
31,527,15,98,2,359,1,"1"
53,1788,29,253,2,-1,0,"1"
59,17769,19,322,3,-1,0,"1"
46,345,4,86,1,259,3,"1"
26,159,3,589,1,-1,0,"1"
45,871,17,230,5,-1,0,"1"
33,9305,17,407,2,-1,0,"1"
27,167,8,606,2,-1,0,"1"
40,700,21,88,6,-1,0,"1"
51,540,5,124,2,-1,0,"1"
37,238,7,200,2,-1,0,"1"
33,309,15,42,4,-1,0,"1"
44,429,28,99,1,246,4,"1"
28,970,8,137,1,96,1,"1"
36,473,22,72,2,-1,0,"1"
30,-328,14,242,5,-1,0,"1"
43,0,27,25,19,-1,0,"1"
29,445,21,139,2,-1,0,"1"
45,1041,29,238,3,-1,0,"1"
26,133,25,57,3,-1,0,"1"
46,270,12,125,1,-1,0,"1"
27,2784,20,153,1,328,1,"1"
55,2990,17,83,1,-1,0,"1"
39,562,12,234,2,-1,0,"1"
36,1235,25,85,6,-1,0,"1"
50,1349,28,326,1,-1,0,"1"
43,232,8,128,8,324,7,"1"
34,303,29,50,1,195,2,"1"
55,903,14,536,3,-1,0,"1"
42,478,8,165,1,-1,0,"1"
27,133,9,338,4,-1,0,"1"
33,22,5,71,1,-1,0,"1"
26,1327,30,171,4,-1,0,"1"
32,1615,21,164,3,-1,0,"1"
45,1293,20,164,1,-1,0,"1"
53,-435,16,131,2,-1,0,"1"
34,883,3,166,2,173,3,"1"
35,1632,2,430,2,-1,0,"1"
41,96,30,136,2,-1,0,"1"
33,3605,20,308,1,-1,0,"1"
37,163,28,9,24,-1,0,"1"
59,182,12,90,1,104,2,"1"
52,371,4,50,1,208,1,"1"
31,1510,28,74,14,-1,0,"1"
37,457,1,510,3,-1,0,"1"
36,2880,12,283,1,-1,0,"1"
51,44,21,79,1,-1,0,"1"
31,210,15,166,1,-1,0,"1"
27,268,13,528,1,358,2,"1"
57,395,11,125,1,-1,0,"1"
45,0,19,416,2,-1,0,"1"
52,1319,30,37,2,-1,0,"1"
29,612,5,47,1,198,5,"1"
37,2203,5,9,8,-1,0,"1"
39,95,16,230,1,-1,0,"1"
35,4,14,88,1,-1,0,"1"
49,145,29,57,2,248,38,"1"
50,641,25,128,3,-1,0,"1"
28,25,9,618,1,-1,0,"1"
54,0,16,986,1,94,8,"1"
74,6027,14,233,2,-1,0,"1"
40,142,20,14,3,-1,0,"1"
46,0,19,161,2,-1,0,"1"
33,1021,2,734,1,-1,0,"1"
83,2619,16,181,2,-1,0,"1"
35,204,17,295,1,186,9,"1"
28,7,25,50,3,-1,0,"1"
32,35,20,96,8,-1,0,"1"
39,1509,11,248,1,-1,0,"1"
48,427,17,62,1,-1,0,"1"
30,3259,23,495,1,-1,0,"1"
26,27,15,49,3,-1,0,"1"
45,1044,3,239,8,-1,0,"1"
47,1865,8,380,3,-1,0,"1"
34,1,17,54,3,-1,0,"1"
49,221,15,305,1,-1,0,"1"
50,339,5,2,3,-1,0,"1"
30,779,4,156,2,17,3,"1"
45,22,6,276,3,-1,0,"1"
31,-204,11,429,7,-1,0,"1"
60,18,12,399,4,343,1,"1"
31,388,5,730,2,-1,0,"1"
44,576,8,128,3,-1,0,"1"
39,5848,19,55,1,-1,0,"1"
30,1013,3,24,9,-1,0,"1"
59,307,11,63,5,-1,0,"1"
34,581,29,182,1,-1,0,"1"
40,939,22,87,3,-1,0,"1"
37,3,29,88,6,-1,0,"1"
29,23,8,101,2,-1,0,"1"
30,271,15,365,1,-1,0,"1"
39,5853,21,210,2,-1,0,"1"
33,594,23,149,1,-1,0,"1"
36,-15,6,341,3,-1,0,"1"
31,2882,6,158,2,-1,0,"1"
37,1049,31,126,5,-1,0,"1"
31,783,2,221,2,272,1,"1"
33,910,20,42,1,-1,0,"1"
36,253,17,54,1,-1,0,"1"
39,4430,18,13,4,362,1,"1"
31,6413,13,517,2,-1,0,"1"
39,31,20,61,2,181,4,"1"
48,191,5,238,3,-1,0,"1"
37,764,16,108,5,-1,0,"1"
40,100,29,218,2,-1,0,"1"
56,151,3,128,1,-1,0,"1"
56,2749,17,38,1,172,2,"1"
52,0,13,179,3,257,6,"1"
32,0,21,250,2,-1,0,"1"
60,294,18,104,5,198,4,"1"
52,48,17,591,1,-1,0,"1"
33,0,21,47,2,-1,0,"1"
51,1374,30,378,1,-1,0,"1"
56,370,26,128,12,-1,0,"1"
50,1906,16,174,17,-1,0,"1"
33,0,20,210,2,-1,0,"1"
42,2869,3,440,1,-1,0,"1"
34,365,9,85,2,-1,0,"1"
26,334,19,217,1,-1,0,"1"
30,699,28,396,1,-1,0,"1"
53,1794,17,557,1,-1,0,"1"
50,203,19,265,1,127,4,"1"
59,2429,18,79,2,182,7,"1"
33,14850,5,122,5,-1,0,"1"
28,3844,3,132,2,-1,0,"1"
39,104,6,412,1,-1,0,"1"
48,479,18,533,3,-1,0,"1"
37,3777,5,206,3,-1,0,"1"
37,7100,20,757,2,-1,0,"1"
45,2702,18,110,1,-1,0,"1"
49,682,22,86,4,-1,0,"1"
28,222,20,13,5,-1,0,"1"
28,39,20,149,1,-1,0,"1"
44,447,14,106,5,-1,0,"1"
45,-1655,28,333,2,-1,0,"1"
27,2731,16,30,1,-1,0,"1"
36,1296,19,352,4,-1,0,"1"
36,17983,20,100,1,-1,0,"1"
29,577,17,501,3,331,10,"1"
45,-198,19,130,25,-1,0,"1"
41,656,6,178,1,-1,0,"1"
40,968,8,213,1,-1,0,"1"
47,72,29,278,1,-1,0,"1"
37,0,20,12,14,-1,0,"1"
36,1531,8,81,3,170,1,"1"
27,126,4,436,4,-1,0,"1"
34,-7,22,143,5,-1,0,"1"
41,1649,16,312,3,-1,0,"1"
29,166,28,108,8,-1,0,"1"
50,570,20,21,3,-1,0,"1"
23,13,27,280,3,-1,0,"1"
37,43,20,328,2,264,2,"1"
39,30,13,201,3,-1,0,"1"
25,230,30,394,14,-1,0,"1"
33,-124,17,150,2,325,1,"1"
46,567,18,142,10,-1,0,"1"
34,4535,6,54,3,-1,0,"1"
26,611,29,177,2,-1,0,"1"
40,1509,15,144,2,124,1,"1"
29,718,8,91,3,-1,0,"1"
48,105,31,111,2,-1,0,"1"
57,2,9,138,3,-1,0,"1"
35,127,20,94,2,-1,0,"1"
57,644,31,263,4,-1,0,"1"
28,1238,28,252,2,-1,0,"1"
29,1082,30,77,4,-1,0,"1"
34,177,8,500,1,-1,0,"1"
36,1797,20,185,2,-1,0,"1"
46,294,17,228,1,-1,0,"1"
36,4388,8,52,3,-1,0,"1"
44,1944,14,222,5,-1,0,"1"
43,532,9,216,2,-1,0,"1"
41,1882,29,165,2,-1,0,"1"
34,430,21,82,4,-1,0,"1"
44,-225,6,319,2,-1,0,"1"
29,-251,25,98,1,-1,0,"1"
34,402,13,813,2,-1,0,"1"
51,362,4,318,3,-1,0,"1"
35,436,28,507,1,184,4,"1"
55,0,17,285,1,-1,0,"1"
44,438,9,42,1,-1,0,"1"
30,3100,21,154,4,-1,0,"1"
35,1613,18,95,1,-1,0,"1"
37,751,2,186,4,-1,0,"1"
44,93,17,230,1,-1,0,"1"
37,189,8,148,4,-1,0,"1"
77,2123,4,141,4,-1,0,"1"
58,1464,5,53,29,-1,0,"1"
56,855,5,140,2,-1,0,"1"
59,16869,19,107,1,-1,0,"1"
50,2971,9,722,2,-1,0,"1"
42,517,31,101,7,-1,0,"1"
40,952,15,126,2,333,1,"1"
32,267,26,128,1,-1,0,"1"
57,-609,21,168,1,-1,0,"1"
43,1926,7,89,13,-1,0,"1"
41,232,8,104,3,-1,0,"1"
34,-292,11,111,2,-1,0,"1"
32,-127,30,288,4,-1,0,"1"
45,-36,28,389,4,-1,0,"1"
50,-731,15,401,4,-1,0,"1"
36,2426,20,308,1,-1,0,"1"
53,2639,11,304,4,-1,0,"1"
34,1655,28,49,2,-1,0,"1"
46,229,5,197,1,-1,0,"1"
45,358,13,134,2,-1,0,"1"
36,-94,2,185,1,252,2,"1"
34,1666,11,36,4,-1,0,"1"
46,1004,15,34,1,-1,0,"1"
55,0,5,160,1,-1,0,"1"
50,202,17,148,1,-1,0,"1"
43,620,13,46,4,-1,0,"1"
55,1097,7,191,4,-1,0,"1"
52,4493,21,268,3,-1,0,"1"
54,7010,11,275,2,-1,0,"1"
37,1784,19,19,5,-1,0,"1"
34,4447,10,75,2,-1,0,"1"
46,0,21,234,5,102,5,"1"
41,-378,5,361,1,253,2,"1"
51,1537,14,400,3,-1,0,"1"
42,-247,18,104,2,28,2,"1"
45,194,31,517,4,-1,0,"1"
35,2808,19,221,12,-1,0,"1"
54,4503,21,168,3,-1,0,"1"
54,10,18,195,4,-1,0,"1"
33,346,16,172,1,-1,0,"1"
40,1750,5,197,1,-1,0,"1"
38,299,22,200,1,-1,0,"1"
38,113,2,98,4,-1,0,"1"
46,385,29,52,4,-1,0,"1"
41,1471,18,233,2,-1,0,"1"
48,109,20,113,4,-1,0,"1"
28,1827,19,211,2,-1,0,"1"
33,61,24,286,4,-1,0,"1"
35,747,23,141,2,176,3,"1"
44,276,29,13,1,411,6,"1"
57,4168,16,47,1,-1,0,"1"
50,892,10,189,1,-1,0,"1"
35,26,2,277,2,-1,0,"1"
39,518,4,608,2,-1,0,"1"
45,561,29,340,7,-1,0,"1"
26,985,6,267,2,-1,0,"1"
47,323,30,385,1,-1,0,"1"
56,95,18,428,2,-1,0,"1"
40,552,28,761,8,-1,0,"1"
37,306,16,73,1,-1,0,"1"
49,0,3,51,9,-1,0,"1"
59,3000,6,25,1,-1,0,"1"
42,324,15,528,3,-1,0,"1"
30,2107,4,23,5,-1,0,"1"
34,945,24,181,1,-1,0,"1"
38,5506,20,74,1,-1,0,"1"
51,335,22,234,1,-1,0,"1"
39,0,20,286,4,-1,0,"1"
30,229,29,24,3,-1,0,"1"
33,92,17,63,11,-1,0,"1"
35,-225,23,183,1,-1,0,"1"
48,353,11,132,1,-1,0,"1"
38,678,18,82,2,152,1,"1"
36,-475,12,793,5,-1,0,"1"
44,0,14,388,2,-1,0,"1"
35,1417,14,65,3,-1,0,"1"
46,1227,30,135,1,-1,0,"1"
53,2262,28,116,8,-1,0,"1"
34,3486,28,23,10,-1,0,"1"
48,0,20,139,1,-1,0,"1"
56,1119,14,265,2,-1,0,"1"
35,951,19,220,2,-1,0,"1"
32,170,18,74,1,-1,0,"1"
23,3092,10,56,2,-1,0,"1"
55,3948,2,266,2,-1,0,"1"
32,-56,19,418,1,-1,0,"1"
46,1114,31,87,8,-1,0,"1"
33,-395,27,161,2,-1,0,"1"
48,957,26,198,5,-1,0,"1"
38,178,6,170,3,-1,0,"1"
56,5496,3,330,3,-1,0,"1"
37,732,25,354,1,-1,0,"1"
53,3158,31,126,23,-1,0,"1"
29,-150,6,328,1,-1,0,"1"
31,148,20,1145,4,-1,0,"1"
31,-429,18,292,3,-1,0,"1"
57,380,18,878,2,-1,0,"1"
36,671,1,161,1,457,2,"1"
59,2143,28,59,1,268,1,"1"
37,810,8,376,1,295,1,"1"
45,0,17,102,1,-1,0,"1"
37,3574,19,178,1,170,2,"1"
35,187,21,178,1,-1,0,"1"
72,588,5,66,3,-1,0,"1"
35,342,2,427,4,-1,0,"1"
28,5916,22,259,1,63,5,"1"
56,1399,12,80,4,-1,0,"1"
45,-55,16,124,1,-1,0,"1"
37,580,2,469,2,-1,0,"1"
33,79,2,674,1,-1,0,"1"
31,137,22,385,9,-1,0,"1"
40,581,15,1013,3,-1,0,"1"
30,387,8,75,1,-1,0,"1"
30,1012,17,22,3,329,1,"1"
35,219,29,161,1,-1,0,"1"
38,89,14,71,1,360,10,"1"
36,1072,12,338,2,-1,0,"1"
45,3643,21,162,1,-1,0,"1"
51,726,11,409,1,14,8,"1"
48,0,11,430,3,-1,0,"1"
35,-995,25,734,4,-1,0,"1"
26,187,9,341,1,-1,0,"1"
31,1094,12,93,8,-1,0,"1"
52,-99,26,91,3,-1,0,"1"
45,-33,28,198,3,-1,0,"1"
35,0,1,295,1,303,1,"1"
40,991,12,316,2,-1,0,"1"
52,799,21,128,2,-1,0,"1"
28,1,15,92,4,-1,0,"1"
54,3395,7,199,2,-1,0,"1"
34,-343,19,207,1,-1,0,"1"
35,458,21,1091,3,-1,0,"1"
46,107,8,109,6,-1,0,"1"
54,1037,12,612,4,-1,0,"1"
35,0,21,190,5,-1,0,"1"
33,13160,10,212,1,-1,0,"1"
43,396,11,105,3,-1,0,"1"
41,653,17,60,2,-1,0,"1"
50,-1,20,151,1,-1,0,"1"
42,0,30,351,2,-1,0,"1"
53,1014,19,59,2,-1,0,"1"
51,-28,2,220,2,-1,0,"1"
49,254,13,179,1,-1,0,"1"
48,558,25,433,6,-1,0,"1"
38,6447,12,296,1,-1,0,"1"
41,-516,8,554,3,-1,0,"1"
38,215,20,70,1,167,1,"1"
34,-16,5,78,1,-1,0,"1"
44,59,18,9,4,341,19,"1"
44,0,17,139,3,-1,0,"1"
30,0,23,40,5,-1,0,"1"
47,-401,23,78,1,-1,0,"1"
52,0,17,215,3,-1,0,"1"
39,1433,8,182,2,366,1,"1"
57,-868,23,186,1,-1,0,"1"
33,2557,18,186,1,-1,0,"1"
59,2343,5,1042,1,-1,0,"2"
56,45,5,1467,1,-1,0,"2"
41,1270,5,1389,1,-1,0,"2"
55,2476,5,579,1,-1,0,"2"
54,184,5,673,2,-1,0,"2"
42,0,5,562,2,-1,0,"2"
56,830,6,1201,1,-1,0,"2"
60,545,6,1030,1,-1,0,"2"
39,45248,6,1623,1,-1,0,"2"
37,1,6,608,1,-1,0,"2"
34,869,6,1677,1,-1,0,"2"
55,387,6,918,1,-1,0,"2"
28,5090,6,1297,3,-1,0,"2"
30,484,6,703,1,-1,0,"2"
36,368,6,1597,2,-1,0,"2"
37,245,7,732,2,-1,0,"2"
45,154,7,1138,1,-1,0,"2"
53,-291,7,591,1,-1,0,"2"
38,100,7,786,1,-1,0,"2"
30,309,7,1574,2,-1,0,"2"
29,199,7,1689,4,-1,0,"2"
46,460,7,1102,2,-1,0,"2"
31,703,8,943,2,-1,0,"2"
39,70,8,813,1,-1,0,"2"
35,3837,8,1084,1,-1,0,"2"
32,611,8,541,3,-1,0,"2"
49,-8,8,1119,1,-1,0,"2"
41,55,8,1120,2,-1,0,"2"
49,168,8,513,1,-1,0,"2"
28,785,8,442,2,-1,0,"2"
43,2067,8,756,1,-1,0,"2"
43,388,8,2087,2,-1,0,"2"
43,-192,8,1120,2,-1,0,"2"
37,381,8,985,2,-1,0,"2"
35,40,9,617,4,-1,0,"2"
31,22,9,483,3,-1,0,"2"
46,332,9,772,1,-1,0,"2"
43,3,9,929,3,-1,0,"2"
31,307,9,538,1,-1,0,"2"
28,759,9,710,1,-1,0,"2"
32,-1,9,653,1,-1,0,"2"
60,65,9,1028,2,-1,0,"2"
26,82,9,654,1,-1,0,"2"
40,10,9,1692,2,-1,0,"2"
28,-197,9,2016,2,-1,0,"2"
33,390,9,665,2,-1,0,"2"
45,101,12,460,5,-1,0,"2"
32,311,12,757,2,-1,0,"2"
35,414,13,504,4,-1,0,"2"
33,5,13,1346,1,-1,0,"2"
38,119,13,568,4,-1,0,"2"
24,-122,13,1000,1,-1,0,"2"
54,0,13,618,1,-1,0,"2"
34,383,13,2231,1,-1,0,"2"
23,4,13,395,2,-1,0,"2"
60,1262,13,1015,1,-1,0,"2"
48,1949,13,683,2,-1,0,"2"
45,-395,13,470,1,-1,0,"2"
36,1165,13,1001,4,-1,0,"2"
52,2240,13,845,1,-1,0,"2"
37,175,13,753,6,-1,0,"2"
46,369,13,916,2,-1,0,"2"
35,300,13,945,2,-1,0,"2"
43,3285,13,1721,2,-1,0,"2"
52,3923,14,942,3,-1,0,"2"
53,1443,14,476,1,-1,0,"2"
48,24,14,832,1,-1,0,"2"
41,1618,14,1553,1,-1,0,"2"
39,517,14,1328,1,-1,0,"2"
59,1521,14,1125,2,-1,0,"2"
41,2823,14,858,1,-1,0,"2"
48,1405,14,629,2,-1,0,"2"
40,1535,14,704,1,-1,0,"2"
48,1596,14,760,1,-1,0,"2"
60,1542,14,930,1,-1,0,"2"
40,3652,14,1028,2,-1,0,"2"
57,-1,14,850,2,-1,0,"2"
51,7180,14,927,1,-1,0,"2"
41,5291,14,1423,3,-1,0,"2"
41,1384,15,1162,4,-1,0,"2"
46,556,15,646,3,-1,0,"2"
52,-191,15,755,1,-1,0,"2"
43,3173,15,746,1,-1,0,"2"
59,320,15,695,1,-1,0,"2"
44,146,15,483,1,-1,0,"2"
49,716,15,1257,3,-1,0,"2"
49,341,15,520,2,-1,0,"2"
50,461,15,651,32,-1,0,"2"
40,-9,15,920,2,-1,0,"2"
41,-306,15,500,1,-1,0,"2"
44,4580,15,911,2,-1,0,"2"
60,313,15,920,2,-1,0,"2"
29,10576,15,1224,2,-1,0,"2"
41,-233,15,1156,2,-1,0,"2"
41,2453,15,1052,1,-1,0,"2"
42,1364,15,1867,6,-1,0,"2"
46,668,15,1263,2,-1,0,"2"
32,772,15,697,3,-1,0,"2"
36,281,16,515,1,-1,0,"2"
39,94,16,813,1,-1,0,"2"
33,273,16,803,1,-1,0,"2"
42,153,16,844,1,-1,0,"2"
31,144,16,676,1,-1,0,"2"
40,446,16,1252,1,-1,0,"2"
26,246,16,1143,3,-1,0,"2"
45,804,16,528,1,-1,0,"2"
31,92,16,688,1,-1,0,"2"
29,163,16,803,1,-1,0,"2"
27,1742,16,787,1,-1,0,"2"
37,49,16,619,2,-1,0,"2"
40,1758,16,1230,3,-1,0,"2"
33,-416,16,767,2,-1,0,"2"
24,409,16,912,1,-1,0,"2"
24,656,16,894,1,-1,0,"2"
50,363,16,1340,1,-1,0,"2"
27,3706,16,897,1,-1,0,"2"
54,4393,16,1297,3,-1,0,"2"
30,863,16,1193,5,-1,0,"2"
34,695,16,1064,4,-1,0,"2"
37,792,16,1187,4,-1,0,"2"
41,1020,19,882,1,-1,0,"2"
47,863,19,943,2,-1,0,"2"
31,97,19,607,1,-1,0,"2"
31,754,19,1022,4,-1,0,"2"
43,1040,19,552,3,-1,0,"2"
37,122,19,1622,2,-1,0,"2"
30,880,19,967,6,-1,0,"2"
41,501,19,579,5,-1,0,"2"
30,3291,19,1218,3,-1,0,"2"
36,4438,20,446,1,-1,0,"2"
35,0,20,1205,1,-1,0,"2"
29,271,20,1882,2,-1,0,"2"
35,102,20,1334,1,-1,0,"2"
31,2,20,182,2,-1,0,"2"
35,4170,20,1777,1,-1,0,"2"
34,85,20,1182,4,-1,0,"2"
31,431,20,1045,1,-1,0,"2"
44,982,20,650,3,-1,0,"2"
36,408,20,1063,2,-1,0,"2"
39,1022,20,1410,2,-1,0,"2"
35,4822,20,843,2,-1,0,"2"
41,1250,20,1392,2,-1,0,"2"
31,3311,20,719,1,-1,0,"2"
31,216,21,565,1,-1,0,"2"
34,1207,21,905,1,-1,0,"2"
32,791,21,783,2,-1,0,"2"
36,849,21,958,2,-1,0,"2"
30,239,21,412,1,-1,0,"2"
37,1211,21,795,1,-1,0,"2"
54,487,21,828,4,-1,0,"2"
36,599,21,649,2,-1,0,"2"
31,825,21,506,2,-1,0,"2"
27,2183,21,857,1,-1,0,"2"
34,4499,21,1681,1,-1,0,"2"
32,-198,21,681,3,-1,0,"2"
30,1289,21,1697,2,-1,0,"2"
32,4665,21,860,2,-1,0,"2"
37,3326,21,799,1,-1,0,"2"
38,622,21,611,2,-1,0,"2"
32,783,21,923,3,-1,0,"2"
33,0,21,521,3,-1,0,"2"
35,994,23,1349,8,-1,0,"2"
35,1354,23,736,2,-1,0,"2"
30,239,23,785,1,-1,0,"2"
30,278,23,1073,1,-1,0,"2"
34,2495,23,924,1,-1,0,"2"
45,-311,23,1030,1,-1,0,"2"
45,149,23,893,3,-1,0,"2"
33,1464,23,588,3,-1,0,"2"
33,3546,23,777,2,-1,0,"2"
44,5773,23,597,6,-1,0,"2"
40,278,23,1015,3,-1,0,"2"
31,2910,23,1392,2,-1,0,"2"
30,541,26,414,2,-1,0,"2"
44,1262,26,788,11,-1,0,"2"
34,-538,26,682,1,-1,0,"2"
31,747,26,543,2,-1,0,"2"
45,61,26,745,4,-1,0,"2"
37,125,26,679,2,-1,0,"2"
28,0,26,1560,2,-1,0,"2"
32,620,26,1234,3,-1,0,"2"
37,316,26,642,2,-1,0,"2"
34,2287,26,895,4,-1,0,"2"
38,198,26,431,2,-1,0,"2"
28,460,26,741,6,-1,0,"2"
31,1145,26,1272,4,-1,0,"2"
30,129,26,1446,7,-1,0,"2"
30,1265,26,414,2,-1,0,"2"
59,-22,26,748,3,-1,0,"2"
24,685,26,896,3,-1,0,"2"
26,901,26,764,2,-1,0,"2"
59,351,27,1063,5,-1,0,"2"
53,-725,27,1205,1,-1,0,"2"
30,0,27,1051,1,-1,0,"2"
28,939,27,740,1,-1,0,"2"
37,274,27,731,3,-1,0,"2"
24,2984,27,935,1,-1,0,"2"
30,-213,27,751,1,-1,0,"2"
25,97,27,709,1,-1,0,"2"
44,51,27,3094,2,-1,0,"2"
29,314,28,938,2,-1,0,"2"
26,6840,28,1560,2,-1,0,"2"
26,668,28,576,3,-1,0,"2"
27,54,28,543,2,-1,0,"2"
25,1242,28,615,2,-1,0,"2"
28,292,28,507,1,-1,0,"2"
23,665,28,1183,1,-1,0,"2"
27,294,28,694,2,-1,0,"2"
23,1129,28,806,1,-1,0,"2"
46,57,28,796,1,-1,0,"2"
23,854,28,664,2,-1,0,"2"
57,0,28,648,1,-1,0,"2"
34,1058,28,864,2,-1,0,"2"
28,949,28,1730,1,-1,0,"2"
51,606,28,560,9,-1,0,"2"
35,0,29,543,1,-1,0,"2"
35,404,29,539,1,-1,0,"2"
27,2486,29,733,1,-1,0,"2"
56,249,29,791,2,-1,0,"2"
45,3354,29,746,1,-1,0,"2"
60,0,29,1207,1,-1,0,"2"
56,589,29,535,2,-1,0,"2"
33,127,29,1059,2,-1,0,"2"
27,12956,29,789,3,-1,0,"2"
30,873,29,792,3,-1,0,"2"
45,594,29,833,2,-1,0,"2"
29,-20,29,814,2,-1,0,"2"
38,4692,29,1363,2,-1,0,"2"
34,1031,29,751,3,-1,0,"2"
30,486,29,1109,3,-1,0,"2"
44,1593,29,828,3,-1,0,"2"
36,7606,30,917,1,-1,0,"2"
40,5637,30,553,3,-1,0,"2"
38,226,30,762,3,-1,0,"2"
36,366,30,1133,2,-1,0,"2"
37,16,30,638,1,-1,0,"2"
35,565,30,763,1,-1,0,"2"
48,0,30,682,1,-1,0,"2"
38,19,30,604,2,-1,0,"2"
40,1082,30,854,2,-1,0,"2"
42,1713,30,855,2,-1,0,"2"
46,14481,30,1269,1,-1,0,"2"
35,5724,30,691,10,-1,0,"2"
34,1451,30,1097,15,-1,0,"2"
29,121,30,1500,2,-1,0,"2"
32,-34,30,1236,2,-1,0,"2"
50,3674,30,886,3,-1,0,"2"
35,698,30,1343,3,-1,0,"2"
36,4136,30,812,3,-1,0,"2"
53,2656,30,1980,2,-1,0,"2"
32,562,30,722,3,-1,0,"2"
46,2904,30,984,2,-1,0,"2"
26,1004,30,228,2,-1,0,"2"
45,410,30,891,4,-1,0,"2"
31,0,30,745,12,-1,0,"2"
29,0,30,539,12,-1,0,"2"
53,62,30,1044,5,-1,0,"2"
27,416,30,1193,2,-1,0,"2"
39,2763,2,526,2,-1,0,"2"
36,2984,2,394,1,-1,0,"2"
41,143,2,659,2,-1,0,"2"
36,0,2,1036,1,-1,0,"2"
32,696,2,815,1,-1,0,"2"
35,152,2,563,1,-1,0,"2"
36,-78,2,1068,1,-1,0,"2"
35,867,2,230,3,-1,0,"2"
30,953,2,747,2,-1,0,"2"
42,443,2,671,5,-1,0,"2"
42,-1129,2,555,5,-1,0,"2"
32,415,2,777,4,-1,0,"2"
40,1960,2,605,6,-1,0,"2"
29,260,2,707,14,-1,0,"2"
44,-411,2,432,4,-1,0,"2"
32,1279,3,1173,3,-1,0,"2"
31,86,3,963,2,-1,0,"2"
40,-754,3,941,3,-1,0,"2"
43,0,3,1025,7,-1,0,"2"
27,178,3,732,2,-1,0,"2"
37,278,3,1045,3,-1,0,"2"
23,425,3,768,1,-1,0,"2"
25,168,3,801,1,-1,0,"2"
26,-36,3,482,2,-1,0,"2"
47,126,3,2456,2,-1,0,"2"
45,1893,3,1259,6,-1,0,"2"
35,-87,3,1363,7,-1,0,"2"
32,6281,3,1336,4,-1,0,"2"
45,644,4,633,1,-1,0,"2"
24,-389,4,1242,1,-1,0,"2"
30,377,4,524,15,-1,0,"2"
33,76,4,1141,4,-1,0,"2"
29,-271,4,578,1,-1,0,"2"
38,5839,4,984,2,-1,0,"2"
23,492,4,638,1,-1,0,"2"
27,99,4,767,2,-1,0,"2"
27,-713,4,525,2,-1,0,"2"
29,32,4,563,1,-1,0,"2"
30,543,4,1449,6,-1,0,"2"
36,403,4,920,1,-1,0,"2"
27,419,4,1181,2,-1,0,"2"
35,437,4,908,1,-1,0,"2"
50,705,5,504,1,-1,0,"2"
36,1772,5,208,1,-1,0,"2"
59,0,5,812,1,-1,0,"2"
59,-88,5,910,2,-1,0,"2"
47,0,5,1446,1,-1,0,"2"
58,853,5,1149,2,-1,0,"2"
37,240,5,1123,1,-1,0,"2"
46,849,5,508,2,-1,0,"2"
43,318,5,736,2,-1,0,"2"
27,703,5,590,3,-1,0,"2"
38,61,5,636,1,-1,0,"2"
53,104,5,701,1,-1,0,"2"
47,1996,5,761,2,-1,0,"2"
56,1238,5,1558,1,-1,0,"2"
41,879,5,1053,2,-1,0,"2"
29,425,5,562,15,-1,0,"2"
35,188,5,1865,2,-1,0,"2"
38,3239,5,817,2,-1,0,"2"
50,416,5,494,5,-1,0,"2"
45,844,5,1018,3,-1,0,"2"
35,860,5,884,4,-1,0,"2"
35,1015,5,406,2,-1,0,"2"
39,1047,6,554,1,-1,0,"2"
26,639,6,709,5,-1,0,"2"
26,710,6,1276,2,-1,0,"2"
37,1508,6,381,2,-1,0,"2"
30,223,6,862,11,-1,0,"2"
38,619,6,460,4,-1,0,"2"
28,-1042,6,712,2,-1,0,"2"
54,351,6,642,2,-1,0,"2"
41,1461,6,554,2,-1,0,"2"
37,319,6,467,3,-1,0,"2"
53,480,6,648,2,-1,0,"2"
29,213,6,2653,3,-1,0,"2"
35,68,6,1085,1,-1,0,"2"
47,295,6,94,2,-1,0,"2"
28,2788,6,369,2,-1,0,"2"
36,1245,6,1469,9,-1,0,"2"
55,7561,6,685,3,-1,0,"2"
49,-46,9,1055,10,-1,0,"2"
50,1595,9,882,1,-1,0,"2"
43,1046,9,901,1,-1,0,"2"
58,1382,9,700,1,-1,0,"2"
38,217,9,491,6,-1,0,"2"
48,183,9,940,1,-1,0,"2"
59,1321,9,3881,3,-1,0,"2"
38,1805,9,952,2,-1,0,"2"
58,25,9,486,3,-1,0,"2"
52,-519,9,442,8,-1,0,"2"
36,4844,9,1137,3,-1,0,"2"
42,5345,11,878,3,-1,0,"2"
41,812,11,583,4,-1,0,"2"
42,105,11,1159,4,-1,0,"2"
39,-190,11,893,8,-1,0,"2"
57,625,11,867,1,-1,0,"2"
51,1435,11,587,1,-1,0,"2"
52,293,11,706,1,-1,0,"2"
59,1033,11,1199,1,-1,0,"2"
56,1210,11,935,1,-1,0,"2"
49,64,11,586,1,-1,0,"2"
35,164,11,967,2,-1,0,"2"
36,1766,11,595,2,-1,0,"2"
40,1248,11,1290,2,-1,0,"2"
37,8828,12,1010,3,-1,0,"2"
55,0,12,614,2,-1,0,"2"
58,826,12,885,1,-1,0,"2"
39,2630,12,651,5,-1,0,"2"
47,3727,12,993,6,-1,0,"2"
40,406,12,577,2,-1,0,"2"
35,2999,12,1141,6,-1,0,"2"
48,1000,12,1268,2,-1,0,"2"
27,18188,12,541,17,-1,0,"2"
48,503,12,1243,7,-1,0,"2"
24,-203,12,465,3,-1,0,"2"
49,361,16,513,2,-1,0,"2"
36,274,16,686,11,-1,0,"2"
52,3687,16,741,4,-1,0,"2"
38,1627,16,1323,9,-1,0,"2"
42,323,16,617,1,-1,0,"2"
36,981,16,1093,1,-1,0,"2"
36,638,16,1395,2,-1,0,"2"
48,3229,16,1089,1,-1,0,"2"
51,1610,16,1248,3,-1,0,"2"
51,33,16,721,3,-1,0,"2"
46,536,16,750,2,-1,0,"2"
37,0,16,637,6,-1,0,"2"
36,3057,16,2769,4,-1,0,"2"
47,2892,17,556,1,-1,0,"2"
40,0,17,522,1,-1,0,"2"
56,4266,17,490,4,-1,0,"2"
38,110,17,1051,3,-1,0,"2"
38,3316,17,1345,3,-1,0,"2"
40,106,17,676,2,-1,0,"2"
39,2303,17,775,3,-1,0,"2"
60,3301,17,2621,3,-1,0,"2"
51,67,18,835,1,-1,0,"2"
39,426,18,1029,1,-1,0,"2"
51,9,18,371,2,-1,0,"2"
27,-97,18,1528,2,-1,0,"2"
41,11008,18,1540,1,-1,0,"2"
42,4930,18,973,1,-1,0,"2"
35,1201,18,537,1,-1,0,"2"
41,707,18,707,1,-1,0,"2"
33,4,18,625,2,-1,0,"2"
46,126,18,1255,1,-1,0,"2"
44,1059,18,2093,1,-1,0,"2"
31,671,18,704,4,-1,0,"2"
51,1994,18,771,2,-1,0,"2"
32,607,18,1060,5,-1,0,"2"
41,219,18,1574,3,-1,0,"2"
41,3622,19,1135,4,-1,0,"2"
57,5768,19,512,1,-1,0,"2"
55,1580,19,1007,1,-1,0,"2"
53,1319,19,1318,3,-1,0,"2"
55,2152,19,922,2,-1,0,"2"
39,2843,19,585,1,-1,0,"2"
36,1352,19,2028,1,-1,0,"2"
40,0,19,952,4,-1,0,"2"
59,1115,19,834,1,-1,0,"2"
52,-309,19,500,2,-1,0,"2"
42,625,19,651,3,-1,0,"2"
45,377,19,835,3,-1,0,"2"
41,246,19,683,3,-1,0,"2"
27,61,19,1012,1,-1,0,"2"
25,-191,19,958,7,-1,0,"2"
43,519,20,973,2,-1,0,"2"
60,1690,20,1467,4,-1,0,"2"
48,5320,20,792,1,-1,0,"2"
44,522,20,911,1,-1,0,"2"
26,-46,20,382,7,-1,0,"2"
52,2269,20,1210,1,-1,0,"2"
50,396,20,716,2,-1,0,"2"
54,386,20,838,1,-1,0,"2"
56,0,20,422,1,-1,0,"2"
57,9103,20,1098,2,-1,0,"2"
42,-215,20,1573,5,-1,0,"2"
29,908,20,1663,1,-1,0,"2"
47,1694,20,560,3,-1,0,"2"
57,-92,20,1617,1,-1,0,"2"
40,188,20,570,2,-1,0,"2"
38,2885,20,1422,10,-1,0,"2"
46,0,20,1023,3,-1,0,"2"
49,947,20,808,2,-1,0,"2"
43,740,20,585,2,-1,0,"2"
45,655,20,693,3,-1,0,"2"
24,867,20,546,10,-1,0,"2"
53,3765,20,1094,3,-1,0,"2"
40,1009,20,1036,5,-1,0,"2"
38,6360,20,1409,2,-1,0,"2"
36,4145,20,988,4,-1,0,"2"
27,-27,23,498,2,-1,0,"2"
26,-122,23,670,3,-1,0,"2"
43,149,23,662,2,-1,0,"2"
25,52,24,528,2,-1,0,"2"
27,335,26,519,3,-1,0,"2"
30,526,26,677,3,-1,0,"2"
28,-7,26,3183,2,-1,0,"2"
27,-413,27,422,6,-1,0,"2"
32,-241,27,856,2,-1,0,"2"
41,75,1,479,9,-1,0,"2"
37,0,1,1135,2,-1,0,"2"
27,158,1,650,2,-1,0,"2"
29,84,3,587,3,-1,0,"2"
33,114,3,676,1,-1,0,"2"
36,0,4,584,1,-1,0,"2"
29,339,4,1576,3,-1,0,"2"
44,1697,4,150,2,-1,0,"2"
28,-127,4,1044,3,-1,0,"2"
49,-157,7,491,3,-1,0,"2"
55,49,7,494,4,-1,0,"2"
51,216,7,615,2,-1,0,"2"
39,506,7,718,2,-1,0,"2"
42,213,7,434,3,-1,0,"2"
33,170,7,782,1,-1,0,"2"
59,553,7,1272,3,-1,0,"2"
36,776,7,722,3,-1,0,"2"
45,879,7,621,2,-1,0,"2"
37,1633,7,629,2,-1,0,"2"
46,926,7,385,5,-1,0,"2"
32,2559,7,889,1,-1,0,"2"
32,1604,7,625,1,-1,0,"2"
28,909,7,532,1,-1,0,"2"
45,-176,7,574,1,-1,0,"2"
41,1085,7,599,1,-1,0,"2"
59,1265,7,849,1,-1,0,"2"
47,-239,7,973,3,-1,0,"2"
32,212,7,830,5,-1,0,"2"
31,726,7,719,2,-1,0,"2"
31,296,8,509,4,-1,0,"2"
33,-627,8,740,1,-1,0,"2"
52,-468,8,534,1,-1,0,"2"
27,0,8,732,1,-1,0,"2"
26,551,8,531,1,-1,0,"2"
25,0,8,634,1,-1,0,"2"
25,101,8,460,3,-1,0,"2"
28,2736,8,705,1,-1,0,"2"
25,102,8,574,2,-1,0,"2"
28,510,8,1767,2,-1,0,"2"
28,517,8,681,1,-1,0,"2"
33,37,8,1082,1,-1,0,"2"
45,854,8,730,1,-1,0,"2"
36,30,8,716,5,-1,0,"2"
26,81,8,803,2,-1,0,"2"
31,152,8,831,1,-1,0,"2"
38,0,8,635,1,-1,0,"2"
56,663,8,819,3,-1,0,"2"
26,102,8,658,2,-1,0,"2"
26,370,8,1061,4,-1,0,"2"
25,189,8,687,2,-1,0,"2"
26,111,9,537,1,-1,0,"2"
40,665,9,781,1,-1,0,"2"
52,0,9,1486,1,-1,0,"2"
37,214,9,645,1,-1,0,"2"
43,0,9,1242,1,-1,0,"2"
58,776,9,990,1,-1,0,"2"
41,1583,9,662,1,-1,0,"2"
49,0,9,625,1,-1,0,"2"
43,-754,9,727,3,-1,0,"2"
29,0,9,426,3,-1,0,"2"
35,6997,9,1121,1,-1,0,"2"
39,687,9,869,1,-1,0,"2"
38,327,9,556,5,-1,0,"2"
26,-119,9,359,5,-1,0,"2"
32,794,9,1014,1,-1,0,"2"
33,-191,9,1290,4,-1,0,"2"
31,409,9,564,5,-1,0,"2"
49,3,9,1439,6,-1,0,"2"
27,9,9,919,2,-1,0,"2"
30,155,9,1426,3,-1,0,"2"
35,1330,10,901,1,-1,0,"2"
26,-29,10,998,4,-1,0,"2"
30,167,10,255,1,-1,0,"2"
45,3133,10,804,1,-1,0,"2"
34,-33,10,961,1,-1,0,"2"
47,182,10,39,1,-1,0,"2"
59,0,10,982,1,-1,0,"2"
41,5517,10,584,1,-1,0,"2"
28,-170,10,720,2,-1,0,"2"
29,8,10,627,1,-1,0,"2"
25,1243,10,1341,7,-1,0,"2"
30,1598,10,634,1,-1,0,"2"
30,5,10,829,5,-1,0,"2"
47,367,10,476,4,-1,0,"2"
57,658,10,724,1,-1,0,"2"
38,1722,10,500,1,-1,0,"2"
54,-315,10,2029,1,-1,0,"2"
25,2483,10,1499,3,-1,0,"2"
30,0,10,1399,1,-1,0,"2"
26,45,10,1187,3,-1,0,"2"
31,46,10,487,1,-1,0,"2"
29,482,10,1097,3,-1,0,"2"
32,514,11,812,1,-1,0,"2"
49,3728,11,1060,2,-1,0,"2"
35,167,11,614,2,-1,0,"2"
60,1099,11,764,2,-1,0,"2"
60,2222,11,1120,2,-1,0,"2"
29,983,11,963,2,-1,0,"2"
55,204,11,1973,2,-1,0,"2"
33,1534,11,1041,2,-1,0,"2"
44,1074,11,911,2,-1,0,"2"
47,3466,11,853,2,-1,0,"2"
35,-203,11,1649,2,-1,0,"2"
53,257,11,1310,2,-1,0,"2"
35,2436,14,1397,3,-1,0,"2"
43,0,14,1153,3,-1,0,"2"
38,976,14,766,3,-1,0,"2"
34,146,14,788,2,-1,0,"2"
50,156,14,1130,3,-1,0,"2"
43,189,14,1062,4,-1,0,"2"
44,163,14,1669,2,-1,0,"2"
51,242,14,1336,4,-1,0,"2"
31,1173,14,444,3,-1,0,"2"
39,0,14,894,7,-1,0,"2"
59,296,15,805,3,-1,0,"2"
45,0,15,533,3,-1,0,"2"
25,333,15,1056,2,-1,0,"2"
58,3864,15,815,4,-1,0,"2"
30,2686,15,808,3,-1,0,"2"
34,-109,15,860,4,-1,0,"2"
45,-207,15,878,2,-1,0,"2"
51,65,15,881,1,-1,0,"2"
60,597,15,981,1,-1,0,"2"
32,222,15,820,4,-1,0,"2"
51,-799,15,1001,3,-1,0,"2"
37,1775,15,514,5,-1,0,"2"
30,0,15,716,3,-1,0,"2"
41,664,15,955,5,-1,0,"2"
36,0,15,687,7,-1,0,"2"
46,-563,15,769,4,-1,0,"2"
29,5,15,889,5,-1,0,"2"
25,0,15,1424,4,-1,0,"2"
39,285,15,838,3,-1,0,"2"
27,139,15,448,5,-1,0,"2"
35,885,15,632,6,-1,0,"2"
28,0,16,767,5,-1,0,"2"
34,855,16,578,1,-1,0,"2"
29,694,16,1806,4,-1,0,"2"
27,151,16,496,1,-1,0,"2"
26,354,16,586,1,-1,0,"2"
36,673,16,689,1,-1,0,"2"
44,1265,16,555,1,-1,0,"2"
39,597,16,686,6,-1,0,"2"
30,-393,16,435,1,-1,0,"2"
36,324,16,830,1,-1,0,"2"
31,256,16,873,2,-1,0,"2"
56,0,16,1222,1,-1,0,"2"
29,2870,16,988,1,-1,0,"2"
27,451,16,652,1,-1,0,"2"
43,184,16,1019,11,-1,0,"2"
32,1905,16,709,2,-1,0,"2"
30,-36,16,561,9,-1,0,"2"
50,1165,16,455,1,-1,0,"2"
40,-839,16,1018,2,-1,0,"2"
42,3465,16,1039,2,-1,0,"2"
40,-357,16,700,4,-1,0,"2"
27,119,16,781,2,-1,0,"2"
35,36,16,1656,5,-1,0,"2"
26,-11,17,1150,3,-1,0,"2"
35,113,17,923,2,-1,0,"2"
52,1405,17,753,2,-1,0,"2"
32,118,17,1275,1,-1,0,"2"
39,251,17,342,2,-1,0,"2"
31,-277,17,1008,2,-1,0,"2"
26,-189,17,538,2,-1,0,"2"
42,4,17,795,1,-1,0,"2"
32,348,17,926,1,-1,0,"2"
27,1820,17,1027,1,-1,0,"2"
33,1904,17,1584,2,-1,0,"2"
51,201,17,582,2,-1,0,"2"
33,0,17,1448,7,-1,0,"2"
30,178,17,656,3,-1,0,"2"
29,51,17,1319,5,-1,0,"2"
52,3798,17,1208,1,-1,0,"2"
42,301,17,1175,2,-1,0,"2"
31,294,17,536,5,-1,0,"2"
27,0,17,991,5,-1,0,"2"
44,292,17,1153,4,-1,0,"2"
55,0,17,1303,2,-1,0,"2"
40,2998,18,623,3,-1,0,"2"
54,467,18,674,3,-1,0,"2"
46,2084,18,1081,2,-1,0,"2"
30,502,18,572,1,-1,0,"2"
30,459,18,494,1,-1,0,"2"
32,454,18,978,1,-1,0,"2"
56,179,18,536,1,-1,0,"2"
33,661,18,968,1,-1,0,"2"
31,-367,18,474,2,-1,0,"2"
30,-366,18,516,1,-1,0,"2"
33,89,18,278,2,-1,0,"2"
30,183,18,610,1,-1,0,"2"
32,102,18,560,1,-1,0,"2"
41,138,18,640,3,-1,0,"2"
31,622,18,420,1,-1,0,"2"
30,10,18,658,2,-1,0,"2"
51,9228,18,655,4,-1,0,"2"
34,-251,18,641,1,-1,0,"2"
28,24,18,415,2,-1,0,"2"
43,104,18,635,3,-1,0,"2"
33,1393,18,1127,3,-1,0,"2"
36,625,18,1360,9,-1,0,"2"
28,173,18,588,7,-1,0,"2"
32,-46,18,1373,4,-1,0,"2"
31,0,18,913,4,-1,0,"2"
35,145,18,799,2,-1,0,"2"
31,325,18,1139,2,-1,0,"2"
32,2551,21,638,3,-1,0,"2"
25,2311,21,1105,2,-1,0,"2"
56,158,21,854,1,-1,0,"2"
31,-537,21,1039,7,-1,0,"2"
29,-20,21,574,1,-1,0,"2"
47,1981,21,919,2,-1,0,"2"
32,228,21,1017,6,-1,0,"2"
39,1423,21,733,3,-1,0,"2"
51,2455,21,553,1,-1,0,"2"
40,0,21,1080,4,-1,0,"2"
54,859,21,710,1,-1,0,"2"
58,9004,21,891,4,-1,0,"2"
42,970,21,691,10,-1,0,"2"
56,486,21,1877,1,-1,0,"2"
25,10,21,857,4,-1,0,"2"
55,127,21,1130,8,-1,0,"2"
26,409,21,577,2,-1,0,"2"
40,664,21,1342,2,-1,0,"2"
26,223,21,1002,3,-1,0,"2"
35,-324,21,985,11,-1,0,"2"
34,-30,21,1360,3,-1,0,"2"
41,1253,21,1134,5,-1,0,"2"
44,4758,22,712,6,-1,0,"2"
47,290,22,1352,2,-1,0,"2"
33,30,22,1077,1,-1,0,"2"
36,81,22,560,1,-1,0,"2"
38,0,22,1545,1,-1,0,"2"
35,328,22,654,2,-1,0,"2"
41,145,22,1833,2,-1,0,"2"
41,465,22,1508,1,-1,0,"2"
28,751,22,598,5,-1,0,"2"
35,507,22,560,2,-1,0,"2"
26,-379,22,1237,7,-1,0,"2"
39,0,22,864,4,-1,0,"2"
25,349,22,1037,8,-1,0,"2"
37,1110,22,802,11,-1,0,"2"
27,0,22,1608,13,-1,0,"2"
25,2228,23,754,1,-1,0,"2"
46,2166,23,870,1,-1,0,"2"
42,283,23,761,1,-1,0,"2"
25,-247,23,633,1,-1,0,"2"
28,-123,23,690,1,-1,0,"2"
33,44,23,529,1,-1,0,"2"
32,131,23,1152,2,-1,0,"2"
32,476,23,956,9,-1,0,"2"
47,1101,23,957,3,-1,0,"2"
50,-168,23,1327,2,-1,0,"2"
32,799,23,2078,6,-1,0,"2"
28,153,23,1124,2,-1,0,"2"
27,-392,23,228,2,-1,0,"2"
45,524,23,808,1,-1,0,"2"
51,895,23,638,2,-1,0,"2"
36,212,23,1201,6,-1,0,"2"
51,95,23,1309,4,-1,0,"2"
33,395,23,1359,6,-1,0,"2"
59,135,23,416,4,-1,0,"2"
38,0,23,532,2,-1,0,"2"
40,471,24,430,4,-1,0,"2"
51,603,24,853,2,-1,0,"2"
41,663,24,1204,1,-1,0,"2"
55,-268,24,1417,1,-1,0,"2"
38,593,24,1484,24,-1,0,"2"
31,1224,24,1441,2,-1,0,"2"
28,2,24,454,1,-1,0,"2"
41,720,24,651,1,-1,0,"2"
33,990,24,1491,2,-1,0,"2"
25,1747,24,903,1,-1,0,"2"
45,59,24,873,8,-1,0,"2"
25,4718,24,709,1,-1,0,"2"
31,33,24,901,2,-1,0,"2"
28,340,24,821,2,-1,0,"2"
49,305,24,367,2,-1,0,"2"
25,0,24,458,9,-1,0,"2"
28,497,24,1602,6,-1,0,"2"
54,1371,25,1492,2,-1,0,"2"
28,1628,25,1422,2,-1,0,"2"
27,372,25,728,2,-1,0,"2"
49,566,25,979,2,-1,0,"2"
53,343,25,616,5,-1,0,"2"
26,941,25,784,1,-1,0,"2"
37,775,25,1000,1,-1,0,"2"
34,1759,25,695,1,-1,0,"2"
33,82,25,735,1,-1,0,"2"
35,1723,25,862,1,-1,0,"2"
51,1495,25,1946,4,-1,0,"2"
39,1444,25,362,8,-1,0,"2"
35,470,25,743,13,-1,0,"2"
51,1162,25,2015,1,-1,0,"2"
30,2,25,1031,8,-1,0,"2"
42,1628,25,590,8,-1,0,"2"
54,1134,25,1330,3,-1,0,"2"
51,0,25,946,3,-1,0,"2"
57,63,25,1448,17,-1,0,"2"
30,1221,25,279,4,-1,0,"2"
37,5024,25,661,4,-1,0,"2"
39,10685,25,1369,9,-1,0,"2"
35,1629,25,653,4,-1,0,"2"
48,268,28,458,7,-1,0,"2"
45,1506,28,365,4,-1,0,"2"
31,0,28,664,8,-1,0,"2"
35,5613,28,699,3,-1,0,"2"
48,513,28,939,3,-1,0,"2"
43,-236,28,745,7,-1,0,"2"
43,-399,28,662,3,-1,0,"2"
49,0,28,412,2,-1,0,"2"
53,362,28,1169,2,-1,0,"2"
48,0,28,431,2,-1,0,"2"
27,3933,28,837,3,-1,0,"2"
55,3899,28,596,4,-1,0,"2"
40,473,28,383,3,-1,0,"2"
40,1616,28,1009,7,-1,0,"2"
38,1817,28,1096,4,-1,0,"2"
54,129,28,867,2,-1,0,"2"
54,1938,28,551,3,-1,0,"2"
50,133,28,890,4,-1,0,"2"
27,192,28,1076,17,-1,0,"2"
48,2263,29,874,2,-1,0,"2"
41,1538,29,710,2,-1,0,"2"
51,5,29,600,2,-1,0,"2"
42,2625,29,2516,2,-1,0,"2"
33,0,29,454,6,-1,0,"2"
58,1080,29,1058,2,-1,0,"2"
47,312,29,884,1,-1,0,"2"
58,145,29,616,13,-1,0,"2"
60,362,29,816,6,-1,0,"2"
41,-190,29,808,3,-1,0,"2"
46,659,29,1127,11,-1,0,"2"
50,2678,30,1011,6,-1,0,"2"
46,271,30,1013,29,-1,0,"2"
47,255,30,802,4,-1,0,"2"
44,0,30,684,2,-1,0,"2"
46,21,30,566,2,-1,0,"2"
36,0,30,843,2,-1,0,"2"
39,1181,30,650,2,-1,0,"2"
58,3161,30,542,2,-1,0,"2"
44,-4,30,788,2,-1,0,"2"
49,-701,30,988,2,-1,0,"2"
55,-375,30,814,2,-1,0,"2"
52,959,30,694,2,-1,0,"2"
37,4151,30,543,4,-1,0,"2"
60,1091,30,441,5,-1,0,"2"
41,-1,30,1171,4,-1,0,"2"
36,96,30,729,4,-1,0,"2"
41,0,30,509,2,-1,0,"2"
50,230,30,1089,4,-1,0,"2"
44,-156,30,1211,2,-1,0,"2"
54,114,30,458,3,-1,0,"2"
35,-468,30,540,8,-1,0,"2"
59,679,30,761,4,-1,0,"2"
42,206,30,695,2,-1,0,"2"
27,1,30,764,4,-1,0,"2"
27,489,30,356,4,-1,0,"2"
36,78,30,2692,9,-1,0,"2"
59,2518,30,675,3,-1,0,"2"
43,378,30,782,8,-1,0,"2"
39,391,30,962,4,-1,0,"2"
33,-144,30,481,3,-1,0,"2"
36,1240,31,812,3,-1,0,"2"
35,1792,31,630,6,-1,0,"2"
50,2284,31,1088,17,-1,0,"2"
55,264,31,1150,5,-1,0,"2"
51,0,31,574,2,-1,0,"2"
48,-392,31,725,4,-1,0,"2"
55,77,31,463,6,-1,0,"2"
30,48,31,662,13,-1,0,"2"
53,252,31,727,4,-1,0,"2"
40,1954,31,1107,2,-1,0,"2"
44,755,31,829,4,-1,0,"2"
51,5350,31,612,4,-1,0,"2"
58,-382,31,644,12,-1,0,"2"
40,7441,31,1461,6,-1,0,"2"
35,1731,31,361,4,-1,0,"2"
49,755,31,1212,4,-1,0,"2"
40,57,31,1007,9,-1,0,"2"
48,3644,31,1039,9,-1,0,"2"
40,341,31,1142,5,-1,0,"2"
58,1183,31,1721,5,-1,0,"2"
49,388,31,1032,4,-1,0,"2"
38,1919,4,846,1,-1,0,"2"
51,1613,4,870,1,-1,0,"2"
36,0,4,1165,1,-1,0,"2"
55,0,4,1110,1,-1,0,"2"
52,7192,4,1486,1,-1,0,"2"
43,0,4,1488,2,-1,0,"2"
60,0,5,603,3,-1,0,"2"
57,466,5,641,2,-1,0,"2"
41,515,5,837,2,-1,0,"2"
50,2313,5,553,1,-1,0,"2"
53,-8,5,794,1,-1,0,"2"
59,1634,5,836,1,-1,0,"2"
59,100,5,1134,1,-1,0,"2"
33,679,5,1109,2,-1,0,"2"
52,5361,5,607,3,-1,0,"2"
58,1257,5,1536,1,-1,0,"2"
58,1547,5,1186,4,-1,0,"2"
59,3400,5,515,3,-1,0,"2"
51,949,5,1092,1,-1,0,"2"
50,4855,5,720,2,-1,0,"2"
49,1377,5,935,1,-1,0,"2"
33,2885,5,1051,2,-1,0,"2"
55,512,5,1200,2,-1,0,"2"
42,921,5,531,3,-1,0,"2"
52,1000,5,766,2,-1,0,"2"
38,202,5,1311,2,-1,0,"2"
55,169,5,618,2,-1,0,"2"
49,3726,5,875,2,-1,0,"2"
56,146,5,419,3,-1,0,"2"
46,940,5,1227,2,-1,0,"2"
57,734,6,1357,4,-1,0,"2"
61,77,6,455,4,-1,0,"2"
45,925,6,406,2,-1,0,"2"
39,1836,6,902,3,-1,0,"2"
46,660,6,740,2,-1,0,"2"
34,681,6,637,2,-1,0,"2"
43,1304,6,501,2,-1,0,"2"
34,2956,6,835,2,-1,0,"2"
35,146,6,720,2,-1,0,"2"
36,36,6,836,4,-1,0,"2"
45,1,6,490,2,-1,0,"2"
47,2480,6,763,2,-1,0,"2"
42,14282,6,649,4,-1,0,"2"
34,182,6,938,2,-1,0,"2"
40,0,6,641,6,-1,0,"2"
40,311,6,738,2,-1,0,"2"
32,560,6,1044,4,-1,0,"2"
33,3059,6,482,2,-1,0,"2"
32,1423,6,1249,4,-1,0,"2"
46,874,6,996,1,-1,0,"2"
50,706,6,1250,4,-1,0,"2"
51,7098,6,1471,7,-1,0,"2"
30,5389,6,1456,3,-1,0,"2"
34,674,7,587,2,-1,0,"2"
39,1104,7,395,2,-1,0,"2"
47,3070,7,663,4,-1,0,"2"
40,0,7,674,2,-1,0,"2"
50,4108,7,526,2,-1,0,"2"
60,0,7,401,3,-1,0,"2"
32,4291,7,1321,9,-1,0,"2"
57,6822,7,797,2,-1,0,"2"
41,231,7,352,2,-1,0,"2"
50,3176,7,670,1,-1,0,"2"
46,-824,7,429,3,-1,0,"2"
31,676,7,1182,1,-1,0,"2"
36,651,7,876,1,-1,0,"2"
45,2657,7,895,3,-1,0,"2"
33,801,7,341,5,-1,0,"2"
41,1517,8,193,3,-1,0,"2"
37,980,8,1306,5,-1,0,"2"
60,73,8,243,2,-1,0,"2"
47,405,8,994,2,-1,0,"2"
35,82,8,507,4,-1,0,"2"
47,8229,8,784,2,-1,0,"2"
38,179,8,317,4,-1,0,"2"
33,1047,8,512,4,-1,0,"2"
44,7138,8,809,2,-1,0,"2"
31,165,8,523,2,-1,0,"2"
31,37,8,669,2,-1,0,"2"
32,40,8,419,2,-1,0,"2"
49,823,8,780,4,-1,0,"2"
52,1625,8,459,2,-1,0,"2"
31,120,8,1000,1,-1,0,"2"
35,2957,8,733,3,-1,0,"2"
32,483,8,580,3,-1,0,"2"
31,2,8,848,1,-1,0,"2"
36,1,8,1242,3,-1,0,"2"
39,1795,8,922,7,-1,0,"2"
46,4,8,1206,4,-1,0,"2"
46,1297,11,716,3,-1,0,"2"
48,476,11,856,3,-1,0,"2"
36,9,11,386,4,-1,0,"2"
30,131,11,384,6,-1,0,"2"
30,4889,11,545,2,-1,0,"2"
33,1120,11,1070,2,-1,0,"2"
57,2785,11,610,4,-1,0,"2"
33,0,11,699,7,-1,0,"2"
35,43,11,917,4,-1,0,"2"
39,11835,11,744,2,-1,0,"2"
53,0,11,608,2,-1,0,"2"
39,215,11,1141,4,-1,0,"2"
41,456,11,734,4,-1,0,"2"
32,2018,11,1238,1,-1,0,"2"
31,0,11,720,1,-1,0,"2"
37,4,11,933,1,-1,0,"2"
51,541,11,663,3,-1,0,"2"
41,0,11,1242,5,-1,0,"2"
35,354,11,444,3,-1,0,"2"
48,719,11,418,5,-1,0,"2"
34,828,11,1080,3,-1,0,"2"
47,2787,11,479,1,-1,0,"2"
46,2551,12,645,2,-1,0,"2"
60,2722,12,506,2,-1,0,"2"
39,1880,12,768,2,-1,0,"2"
57,2112,12,1134,2,-1,0,"2"
32,874,12,1282,6,-1,0,"2"
32,2667,12,971,2,-1,0,"2"
36,871,12,396,3,-1,0,"2"
30,850,12,507,2,-1,0,"2"
33,3243,12,439,4,-1,0,"2"
57,8897,12,865,2,-1,0,"2"
38,508,12,1103,2,-1,0,"2"
46,548,12,1181,4,-1,0,"2"
30,1567,12,1133,4,-1,0,"2"
49,4751,12,884,4,-1,0,"2"
38,1478,12,926,4,-1,0,"2"
36,12,12,587,2,-1,0,"2"
49,128,12,696,2,-1,0,"2"
49,553,12,645,8,-1,0,"2"
40,1694,12,473,6,-1,0,"2"
49,408,12,559,4,-1,0,"2"
38,1223,12,1092,5,-1,0,"2"
31,1858,12,453,3,-1,0,"2"
31,208,12,1344,7,-1,0,"2"
34,520,12,1307,4,-1,0,"2"
39,271,12,1344,1,-1,0,"2"
33,87,12,978,1,-1,0,"2"
40,4396,12,432,3,-1,0,"2"
47,568,12,1613,1,-1,0,"2"
37,3665,12,664,3,-1,0,"2"
44,244,12,1735,4,-1,0,"2"
55,568,12,940,10,-1,0,"2"
30,4210,12,796,4,-1,0,"2"
40,42,13,1842,2,-1,0,"2"
54,309,13,969,2,-1,0,"2"
35,-180,13,823,2,-1,0,"2"
31,-405,13,703,2,-1,0,"2"
32,34646,13,618,9,-1,0,"2"
36,59,13,526,2,-1,0,"2"
58,4158,13,455,2,-1,0,"2"
37,4436,13,846,5,-1,0,"2"
37,-242,13,1149,6,-1,0,"2"
50,10052,13,665,2,-1,0,"2"
58,0,13,641,4,-1,0,"2"
52,152,13,404,6,-1,0,"2"
31,156,13,657,7,-1,0,"2"
40,66,13,737,4,-1,0,"2"
34,9827,13,871,4,-1,0,"2"
53,6170,13,838,4,-1,0,"2"
43,2383,13,379,6,-1,0,"2"
30,635,13,851,8,-1,0,"2"
35,434,13,1314,2,-1,0,"2"
34,16,13,990,1,-1,0,"2"
48,362,13,529,1,-1,0,"2"
33,191,13,1148,2,-1,0,"2"
37,455,13,904,6,-1,0,"2"
57,3043,14,707,2,-1,0,"2"
55,3334,14,632,4,-1,0,"2"
34,8029,14,593,4,-1,0,"2"
44,624,14,552,2,-1,0,"2"
35,331,14,857,2,-1,0,"2"
34,2929,14,518,2,-1,0,"2"
34,6529,14,505,2,-1,0,"2"
49,1314,14,834,14,-1,0,"2"
30,289,14,1184,4,-1,0,"2"
32,169,14,698,2,-1,0,"2"
32,20,14,1151,2,-1,0,"2"
56,8163,14,1231,4,-1,0,"2"
50,1200,14,904,3,-1,0,"2"
33,6748,14,1579,2,-1,0,"2"
32,1732,14,1871,3,-1,0,"2"
46,456,18,618,6,-1,0,"2"
45,0,18,773,4,-1,0,"2"
52,576,18,762,3,-1,0,"2"
60,493,18,671,4,-1,0,"2"
47,682,18,638,6,-1,0,"2"
32,0,18,594,4,-1,0,"2"
55,3485,18,625,4,-1,0,"2"
36,2944,18,882,8,-1,0,"2"
46,1353,18,528,5,-1,0,"2"
55,0,18,309,4,-1,0,"2"
47,1219,18,697,4,-1,0,"2"
30,1541,18,471,8,-1,0,"2"
54,548,18,520,7,-1,0,"2"
31,11821,18,384,11,-1,0,"2"
31,254,18,1576,8,-1,0,"2"
46,4414,18,504,7,-1,0,"2"
61,985,18,998,6,-1,0,"2"
58,1241,18,194,2,-1,0,"2"
37,1435,18,724,16,-1,0,"2"
38,3278,19,645,14,-1,0,"2"
49,412,19,1293,8,-1,0,"2"
43,483,19,950,6,-1,0,"2"
57,2120,19,687,4,-1,0,"2"
52,7135,19,1032,3,-1,0,"2"
47,600,19,290,15,-1,0,"2"
33,61,19,836,3,-1,0,"2"
33,1412,19,480,1,-1,0,"2"
41,5561,20,649,2,-1,0,"2"
53,15,20,921,2,-1,0,"2"
40,27,20,467,2,-1,0,"2"
44,1196,20,552,5,-1,0,"2"
42,19,20,875,4,-1,0,"2"
33,432,20,588,6,-1,0,"2"
31,792,20,763,14,-1,0,"2"
53,988,20,1408,5,-1,0,"2"
32,116,20,718,2,-1,0,"2"
60,1614,20,921,6,-1,0,"2"
33,163,20,627,2,-1,0,"2"
37,247,20,625,6,-1,0,"2"
45,236,20,703,2,-1,0,"2"
34,666,21,1503,2,-1,0,"2"
56,73,21,644,4,-1,0,"2"
57,96,21,913,4,-1,0,"2"
57,2887,21,819,10,-1,0,"2"
32,46,21,788,6,-1,0,"2"
50,1501,21,946,4,-1,0,"2"
30,-477,21,1532,2,-1,0,"2"
56,1694,21,793,10,-1,0,"2"
55,196,21,81,1,-1,0,"2"
32,41,21,686,5,-1,0,"2"
34,462,21,1877,3,-1,0,"2"
52,1227,22,1123,4,-1,0,"2"
32,522,22,576,2,-1,0,"2"
31,94,22,579,2,-1,0,"2"
41,965,22,336,10,-1,0,"2"
34,149,22,739,2,-1,0,"2"
44,267,22,520,2,-1,0,"2"
33,4570,22,1258,2,-1,0,"2"
53,25,22,528,2,-1,0,"2"
55,890,22,1329,2,-1,0,"2"
46,0,22,686,2,-1,0,"2"
46,273,22,565,2,-1,0,"2"
46,1920,22,604,6,-1,0,"2"
59,1575,22,1241,11,-1,0,"2"
51,234,22,735,1,-1,0,"2"
32,53,22,671,2,-1,0,"2"
57,3518,25,626,3,-1,0,"2"
43,136,25,363,7,-1,0,"2"
48,830,25,961,4,-1,0,"2"
33,2054,25,472,6,-1,0,"2"
59,-546,25,1152,6,-1,0,"2"
58,5188,25,606,6,-1,0,"2"
50,1396,25,731,6,-1,0,"2"
53,925,25,930,3,-1,0,"2"
32,1882,25,497,5,-1,0,"2"
44,792,25,630,7,-1,0,"2"
47,162,25,366,3,-1,0,"2"
34,1035,25,1374,10,-1,0,"2"
51,746,25,372,5,-1,0,"2"
32,2536,26,958,6,-1,0,"2"
60,17297,26,664,11,-1,0,"2"
46,22,26,388,6,-1,0,"2"
41,231,26,428,2,-1,0,"2"
52,83,26,1223,6,-1,0,"2"
42,1243,26,1000,4,-1,0,"2"
36,154,26,556,7,-1,0,"2"
34,296,27,609,13,-1,0,"2"
31,0,27,581,6,-1,0,"2"
37,40,27,1033,4,-1,0,"2"
59,2396,27,1040,6,-1,0,"2"
55,2944,27,672,6,-1,0,"2"
35,344,27,519,16,-1,0,"2"
33,7084,27,512,8,-1,0,"2"
46,0,27,763,5,-1,0,"2"
30,569,27,976,12,-1,0,"2"
36,0,27,645,9,-1,0,"2"
44,1138,27,523,3,-1,0,"2"
36,54,27,1642,3,-1,0,"2"
33,2637,28,583,17,-1,0,"2"
34,0,28,730,11,-1,0,"2"
36,2473,28,965,4,-1,0,"2"
34,1,28,535,2,-1,0,"2"
53,5603,28,2372,6,-1,0,"2"
47,225,28,1126,4,-1,0,"2"
39,-17,28,908,1,-1,0,"2"
35,3490,29,643,2,-1,0,"2"
32,769,29,695,2,-1,0,"2"
46,-90,17,270,1,-1,0,"2"
30,1785,17,235,1,-1,0,"2"
49,0,17,223,1,-1,0,"2"
36,-103,17,3253,1,-1,0,"2"
47,555,17,478,1,-1,0,"2"
52,5303,19,133,1,-1,0,"2"
43,1258,20,312,1,-1,0,"2"
44,1679,20,718,1,-1,0,"2"
30,1664,20,2016,1,-1,0,"2"
32,8749,21,294,1,-1,0,"2"
42,-247,21,519,1,166,1,"2"
33,3444,21,144,1,91,4,"2"
45,5346,21,187,1,-1,0,"2"
45,1144,22,676,1,-1,0,"2"
28,2351,22,157,1,-1,0,"2"
32,5514,22,181,1,-1,0,"2"
28,123,22,313,1,-1,0,"2"
40,3352,23,138,1,-1,0,"2"
36,0,23,140,1,143,3,"2"
44,429,23,80,1,-1,0,"2"
51,5254,23,134,1,-1,0,"2"
56,589,23,518,1,147,2,"2"
57,19268,23,301,1,-1,0,"2"
26,1445,23,171,1,-1,0,"2"
40,568,24,112,1,-1,0,"2"
49,10250,24,97,1,-1,0,"2"
50,3537,24,305,1,-1,0,"2"
58,1947,26,228,1,-1,0,"2"
37,1967,27,376,1,-1,0,"2"
36,3254,27,207,1,-1,0,"2"
39,437,27,150,1,-1,0,"2"
27,2329,27,131,1,-1,0,"2"
47,12026,27,251,1,-1,0,"2"
39,1757,28,125,1,-1,0,"2"
57,7554,28,141,1,-1,0,"2"
38,385,28,154,1,-1,0,"2"
43,107,28,135,1,-1,0,"2"
34,1012,28,540,1,-1,0,"2"
35,0,29,171,1,-1,0,"2"
58,372,29,11,1,-1,0,"2"
59,258,29,266,1,-1,0,"2"
35,7506,30,248,1,-1,0,"2"
42,314,30,234,1,-1,0,"2"
43,860,30,132,1,-1,0,"2"
34,0,30,154,1,-1,0,"2"
35,3623,30,160,1,-1,0,"2"
38,2470,31,227,1,-1,0,"2"
39,1307,31,158,1,-1,0,"2"
58,3237,31,615,1,-1,0,"2"
60,5041,4,399,1,-1,0,"2"
56,6619,4,465,1,-1,0,"2"
50,237,5,169,1,-1,0,"2"
31,1331,5,268,1,-1,0,"2"
37,1970,5,253,1,-1,0,"2"
44,706,5,204,1,-1,0,"2"
59,1026,5,669,1,-1,0,"2"
49,249,6,234,1,-1,0,"2"
30,12857,6,150,1,-1,0,"2"
31,2807,8,154,1,-1,0,"2"
29,572,8,319,1,-1,0,"2"
40,5060,9,299,1,-1,0,"2"
43,2271,10,524,1,-1,0,"2"
48,1,10,248,1,-1,0,"2"
34,676,11,486,1,-1,0,"2"
28,160,11,158,1,-1,0,"2"
34,899,12,114,1,170,3,"2"
47,1230,12,378,1,-1,0,"2"
59,0,13,494,1,-1,0,"2"
32,700,13,90,1,-1,0,"2"
31,0,13,160,1,-1,0,"2"
49,3608,13,231,1,-1,0,"2"
27,67,14,239,1,-1,0,"2"
35,127,14,162,1,-1,0,"2"
32,2089,14,132,1,-1,0,"2"
57,3585,14,172,1,-1,0,"2"
58,4152,14,160,1,-1,0,"2"
30,816,14,179,1,-1,0,"2"
37,5447,17,1789,1,-1,0,"2"
44,275,17,1077,1,-1,0,"2"
57,1540,17,564,1,-1,0,"2"
34,751,17,1303,1,-1,0,"2"
47,3505,17,434,2,-1,0,"2"
53,2228,17,890,1,-1,0,"2"
49,202,17,651,2,104,1,"2"
54,380,17,696,2,-1,0,"2"
41,5310,17,984,1,-1,0,"2"
55,1504,17,761,1,-1,0,"2"
59,1783,17,540,2,-1,0,"2"
41,0,17,789,1,-1,0,"2"
53,2269,17,1091,2,150,1,"2"
32,2378,17,1132,2,-1,0,"2"
37,5115,17,1210,2,171,4,"2"
45,781,17,652,2,126,2,"2"
49,-188,17,454,1,-1,0,"2"
31,761,18,514,2,-1,0,"2"
31,19,18,1978,1,-1,0,"2"
35,4508,18,854,1,-1,0,"2"
37,66,18,1164,2,-1,0,"2"
48,2266,18,676,1,-1,0,"2"
39,4646,18,486,1,-1,0,"2"
34,2729,18,835,1,-1,0,"2"
41,8491,18,929,1,-1,0,"2"
34,1494,18,596,1,182,1,"2"
49,1050,18,924,1,-1,0,"2"
49,6188,18,453,1,-1,0,"2"
31,26,18,419,1,127,6,"2"
41,0,18,897,3,-1,0,"2"
46,0,18,1855,1,-1,0,"2"
54,2171,18,1034,1,-1,0,"2"
38,3234,18,578,2,-1,0,"2"
39,11887,18,1181,2,-1,0,"2"
46,0,18,716,2,110,3,"2"
58,5037,18,1437,2,-1,0,"2"
35,1055,18,150,2,-1,0,"2"
32,386,18,482,1,-1,0,"2"
30,8781,18,898,1,-1,0,"2"
51,538,18,1122,4,-1,0,"2"
56,1390,18,543,1,-1,0,"2"
37,156,19,366,3,-1,0,"2"
46,874,19,819,3,-1,0,"2"
30,5561,19,511,1,-1,0,"2"
45,644,19,418,1,168,1,"2"
35,859,19,1554,1,-1,0,"2"
32,3136,19,820,1,-1,0,"2"
30,0,19,686,1,-1,0,"2"
30,-617,19,925,1,-1,0,"2"
41,67,19,814,1,-1,0,"2"
49,1623,19,1081,2,-1,0,"2"
46,2421,19,1084,1,100,4,"2"
43,1429,19,1015,1,198,2,"2"
47,4189,19,489,3,-1,0,"2"
51,580,19,694,2,-1,0,"2"
32,2615,19,853,1,-1,0,"2"
53,587,19,561,1,-1,0,"2"
33,149,19,424,2,182,1,"2"
40,3,19,998,1,-1,0,"2"
42,807,19,1057,1,-1,0,"2"
46,3354,19,522,1,174,1,"2"
32,264,19,1502,1,-1,0,"2"
32,1249,19,472,1,-1,0,"2"
38,190,19,623,1,175,1,"2"
32,550,19,337,1,-1,0,"2"
52,40,19,1265,3,-1,0,"2"
33,2780,19,485,1,-1,0,"2"
30,12737,19,589,2,-1,0,"2"
35,0,19,644,4,-1,0,"2"
36,1207,19,1792,2,-1,0,"2"
34,1006,19,783,3,195,2,"2"
58,2538,19,680,2,111,6,"2"
43,347,19,1468,3,-1,0,"2"
42,3713,19,709,2,-1,0,"2"
43,733,19,1102,3,-1,0,"2"
40,3352,19,639,2,27,1,"2"
32,254,19,1720,3,-1,0,"2"
32,4654,20,276,1,128,2,"2"
41,-386,20,477,1,-1,0,"2"
34,3043,20,670,1,-1,0,"2"
40,1547,20,405,1,-1,0,"2"
32,945,20,531,1,-1,0,"2"
32,6402,20,628,1,-1,0,"2"
36,1295,20,1192,1,-1,0,"2"
45,6993,20,283,1,-1,0,"2"
47,4420,20,454,1,-1,0,"2"
35,141,20,728,1,-1,0,"2"
36,11462,20,993,1,-1,0,"2"
30,341,20,478,1,-1,0,"2"
33,6843,20,755,1,100,10,"2"
30,501,20,994,1,177,1,"2"
32,5806,20,1503,2,-1,0,"2"
45,20138,20,871,5,-1,0,"2"
47,1315,20,329,4,-1,0,"2"
46,0,20,531,1,167,1,"2"
39,1317,20,543,1,170,4,"2"
56,23,20,857,3,-1,0,"2"
39,7,20,931,4,-1,0,"2"
30,3929,20,593,1,-1,0,"2"
45,7,20,691,1,-1,0,"2"
43,699,20,1258,2,122,2,"2"
53,421,20,677,1,-1,0,"2"
43,4333,20,1490,3,-1,0,"2"
54,300,20,562,2,-1,0,"2"
43,3550,20,1154,1,-1,0,"2"
30,7773,20,705,1,-1,0,"2"
30,1794,20,1035,1,-1,0,"2"
36,2032,20,736,1,-1,0,"2"
33,3401,20,253,1,-1,0,"2"
38,1110,20,888,2,183,2,"2"
37,3068,20,370,2,195,1,"2"
32,983,20,500,2,133,1,"2"
59,2396,20,488,1,-1,0,"2"
59,6888,20,1025,2,-1,0,"2"
46,2087,20,768,3,-1,0,"2"
32,121,20,758,1,-1,0,"2"
52,3469,20,653,1,-1,0,"2"
45,5461,20,841,2,-1,0,"2"
52,7119,20,871,3,-1,0,"2"
31,13711,20,1532,3,-1,0,"2"
31,-35,20,952,2,-1,0,"2"
31,314,20,1341,3,178,7,"2"
41,650,20,2420,3,-1,0,"2"
39,18508,20,1598,4,-1,0,"2"
53,2679,20,295,3,-1,0,"2"
35,5639,20,945,2,-1,0,"2"
33,2918,20,1059,2,-1,0,"2"
43,3064,20,2453,2,-1,0,"2"
50,12519,21,615,3,34,1,"2"
36,4069,21,517,1,-1,0,"2"
34,4254,21,714,1,-1,0,"2"
46,219,21,729,1,-1,0,"2"
47,0,21,591,1,10,1,"2"
39,2263,21,1158,9,-1,0,"2"
31,2589,21,614,1,-1,0,"2"
41,1982,21,558,1,-1,0,"2"
43,14144,21,504,1,-1,0,"2"
30,4642,21,528,1,-1,0,"2"
59,7049,21,530,1,163,2,"2"
39,1968,21,648,1,-1,0,"2"
48,7195,21,609,2,-1,0,"2"
30,376,21,710,1,-1,0,"2"
50,4117,21,530,1,-1,0,"2"
31,3950,21,529,1,-1,0,"2"
31,5,21,635,1,135,2,"2"
30,495,21,641,1,-1,0,"2"
30,1942,21,436,2,178,3,"2"
47,324,21,462,2,-1,0,"2"
42,0,21,824,1,-1,0,"2"
31,8629,21,957,1,184,2,"2"
30,455,21,758,1,-1,0,"2"
34,4536,21,963,1,-1,0,"2"
53,1777,21,796,5,154,1,"2"
34,3527,21,1022,1,-1,0,"2"
57,372,21,553,3,-1,0,"2"
41,92,21,372,1,-1,0,"2"
40,72,21,849,1,-1,0,"2"
46,2948,21,893,1,-1,0,"2"
37,1533,21,555,4,-1,0,"2"
31,4148,21,316,3,99,9,"2"
58,96,21,850,1,-1,0,"2"
39,2245,21,749,2,-1,0,"2"
47,834,21,902,1,133,2,"2"
44,4119,21,1074,1,-1,0,"2"
45,-525,21,980,2,-1,0,"2"
35,5301,21,937,2,-1,0,"2"
41,39,21,549,2,-1,0,"2"
33,0,21,654,1,-1,0,"2"
30,2766,21,834,1,-1,0,"2"
30,3300,21,1571,1,-1,0,"2"
31,4718,21,536,1,-1,0,"2"
30,4457,21,566,4,-1,0,"2"
42,36,21,664,3,-1,0,"2"
49,22520,21,579,9,-1,0,"2"
35,3285,21,1555,2,-1,0,"2"
59,7724,21,373,3,-1,0,"2"
31,111,21,504,2,93,2,"2"
43,2640,21,314,4,-1,0,"2"
30,2734,21,459,3,-1,0,"2"
46,1167,21,1540,2,-1,0,"2"
38,3436,21,663,4,-1,0,"2"
30,0,21,681,4,-1,0,"2"
35,3636,21,808,2,-1,0,"2"
43,3288,21,775,3,-1,0,"2"
34,2633,21,705,6,-1,0,"2"
52,580,21,965,2,-1,0,"2"
46,149,21,1222,2,-1,0,"2"
46,4329,21,534,2,-1,0,"2"
37,22125,21,331,2,-1,0,"2"
37,1097,21,1555,2,-1,0,"2"
42,1275,21,925,5,-1,0,"2"
23,1003,27,8,1,-1,0,"2"
53,1004,22,119,1,-1,0,"2"
59,1,28,602,1,253,5,"2"
42,774,28,997,1,-1,0,"2"
55,4,28,1048,1,-1,0,"2"
26,814,28,1387,1,-1,0,"2"
49,808,28,1232,1,-1,0,"2"
30,1309,28,622,1,-1,0,"2"
34,859,28,829,1,-1,0,"2"
31,1657,28,872,1,-1,0,"2"
28,4465,28,769,1,-1,0,"2"
46,0,28,1199,2,-1,0,"2"
26,622,28,1451,2,-1,0,"2"
31,1709,28,944,3,-1,0,"2"
51,394,28,968,2,-1,0,"2"
32,486,29,1181,1,-1,0,"2"
47,1125,29,1101,1,-1,0,"2"
53,-462,29,470,1,-1,0,"2"
29,550,29,801,1,-1,0,"2"
32,540,29,750,1,-1,0,"2"
26,941,29,1165,1,-1,0,"2"
37,443,29,1600,1,-1,0,"2"
40,1361,29,1473,1,-1,0,"2"
32,634,29,696,1,-1,0,"2"
48,0,29,1249,3,-1,0,"2"
27,667,29,866,2,-1,0,"2"
33,-452,29,692,2,-1,0,"2"
49,518,29,1917,2,-1,0,"2"
27,13,30,475,3,-1,0,"2"
60,-71,30,1451,1,-1,0,"2"
41,3234,30,2770,1,-1,0,"2"
36,98,30,771,1,-1,0,"2"
28,69,30,532,2,-1,0,"2"
29,196,30,726,2,-1,0,"2"
42,936,30,931,1,-1,0,"2"
33,300,30,922,5,-1,0,"2"
31,217,30,1776,2,-1,0,"2"
30,49,30,808,2,-1,0,"2"
31,163,30,707,2,2,1,"2"
26,110,30,1136,2,-1,0,"2"
62,973,2,326,1,-1,0,"2"
40,1646,2,215,1,242,2,"2"
45,2040,2,803,1,-1,0,"2"
55,-308,2,781,1,-1,0,"2"
62,1495,2,265,1,-1,0,"2"
29,2325,2,125,1,-1,0,"2"
47,86,2,1086,1,-1,0,"2"
50,1088,2,749,1,-1,0,"2"
44,0,2,699,1,272,1,"2"
56,0,2,492,1,-1,0,"2"
39,2103,2,588,1,-1,0,"2"
59,2,2,935,1,-1,0,"2"
43,51,2,430,1,-1,0,"2"
36,96,2,302,1,-1,0,"2"
31,284,2,855,1,-1,0,"2"
29,1027,2,177,1,-1,0,"2"
40,687,2,531,1,208,1,"2"
60,2557,2,415,1,-1,0,"2"
38,1308,2,626,1,-1,0,"2"
41,840,2,938,1,-1,0,"2"
58,5701,2,521,1,-1,0,"2"
61,6016,2,670,3,-1,0,"2"
48,8990,2,1790,2,-1,0,"2"
36,630,2,285,1,-1,0,"2"
31,3283,2,258,1,73,1,"2"
30,432,2,402,1,-1,0,"2"
26,15161,2,280,1,-1,0,"2"
43,-247,2,751,2,76,4,"2"
39,52,2,1420,3,-1,0,"2"
48,623,2,1425,2,-1,0,"2"
46,977,2,436,3,-1,0,"2"
26,0,2,1223,2,-1,0,"2"
51,100,2,467,2,-1,0,"2"
28,7459,2,981,5,269,2,"2"
37,4089,2,289,2,174,4,"2"
53,6112,3,211,1,-1,0,"2"
29,1669,3,297,1,-1,0,"2"
57,169,3,369,1,-1,0,"2"
25,483,3,189,1,-1,0,"2"
68,250,3,360,1,-1,0,"2"
36,1291,3,298,1,-1,0,"2"
34,0,3,251,1,-1,0,"2"
56,0,3,996,1,-1,0,"2"
38,902,3,650,1,-1,0,"2"
39,118,3,906,1,-1,0,"2"
54,2156,3,261,1,195,4,"2"
32,2360,3,152,2,160,5,"2"
41,201,3,157,1,-1,0,"2"
48,-92,3,1393,1,-1,0,"2"
59,514,3,261,1,-1,0,"2"
54,1303,3,1635,1,-1,0,"2"
53,751,3,1528,2,-1,0,"2"
36,254,3,303,2,-1,0,"2"
39,-114,3,372,1,-1,0,"2"
31,1331,3,182,2,90,1,"2"
38,613,3,239,1,-1,0,"2"
32,520,3,443,2,-1,0,"2"
30,732,3,1404,4,-1,0,"2"
40,1308,3,1776,2,-1,0,"2"
30,1028,4,1294,2,-1,0,"2"
28,0,4,546,3,196,4,"2"
52,-970,4,489,1,-1,0,"2"
30,305,4,227,2,-1,0,"2"
32,1246,4,192,2,-1,0,"2"
34,73,4,426,2,-1,0,"2"
31,406,4,736,1,-1,0,"2"
57,4391,4,1416,1,-1,0,"2"
31,168,4,193,2,-1,0,"2"
40,1181,4,718,2,189,2,"2"
29,1441,4,80,2,-1,0,"2"
75,3881,4,136,3,-1,0,"2"
27,931,4,1078,1,-1,0,"2"
32,678,4,1579,1,246,4,"2"
31,141,4,572,2,238,7,"2"
41,-94,4,1164,1,203,1,"2"
22,897,4,133,4,-1,0,"2"
31,1214,4,974,1,-1,0,"2"
69,324,4,136,4,-1,0,"2"
30,2666,4,467,1,-1,0,"2"
49,10613,4,1226,1,-1,0,"2"
29,697,4,206,1,-1,0,"2"
45,7895,4,872,1,-1,0,"2"
43,953,4,765,2,-1,0,"2"
30,0,4,730,2,-1,0,"2"
33,335,4,891,2,177,7,"2"
28,198,4,976,2,-1,0,"2"
56,1110,4,945,2,-1,0,"2"
39,130,4,1290,2,-1,0,"2"
33,315,4,146,3,-1,0,"2"
38,4383,4,1381,4,-1,0,"2"
30,313,4,1121,2,-1,0,"2"
29,273,4,2775,2,-1,0,"2"
69,840,5,128,3,-1,0,"2"
44,309,5,676,1,-1,0,"2"
37,57,5,345,1,-1,0,"2"
35,2707,5,699,1,-1,0,"2"
31,1109,5,642,1,167,2,"2"
27,2648,5,917,1,-1,0,"2"
26,101,5,810,1,268,1,"2"
26,725,5,1916,2,189,29,"2"
34,309,5,578,1,-1,0,"2"
34,155,5,696,2,-1,0,"2"
37,7433,5,630,3,-1,0,"2"
42,541,5,656,1,-1,0,"2"
54,0,5,686,2,267,1,"2"
53,1624,5,158,3,-1,0,"2"
54,0,5,744,3,-1,0,"2"
34,992,5,71,2,-1,0,"2"
48,318,5,1017,4,-1,0,"2"
40,1908,5,1661,2,-1,0,"2"
57,3754,5,1063,2,-1,0,"2"
60,2281,5,230,2,-1,0,"2"
25,2354,5,226,7,-1,0,"2"
28,676,5,1138,2,-1,0,"2"
34,1076,5,136,10,-1,0,"2"
34,1228,5,263,8,-1,0,"2"
58,3342,5,344,5,-1,0,"2"
44,0,5,1960,3,-1,0,"2"
32,0,5,550,4,-1,0,"2"
38,19,5,1130,3,251,2,"2"
64,440,6,495,1,-1,0,"2"
31,13,6,1019,2,-1,0,"2"
31,12857,6,158,1,92,1,"2"
66,0,6,751,1,-1,0,"2"
37,6101,6,141,1,-1,0,"2"
33,158,6,192,2,-1,0,"2"
50,346,6,178,1,-1,0,"2"
60,-41,6,1658,1,262,1,"2"
33,697,6,860,2,-1,0,"2"
56,616,6,156,1,-1,0,"2"
26,1140,6,984,2,-1,0,"2"
53,849,6,3102,3,-1,0,"2"
59,3444,6,241,2,-1,0,"2"
32,1879,6,591,8,-1,0,"2"
22,0,6,229,6,-1,0,"2"
34,0,6,787,3,9,1,"2"
28,5679,9,701,4,-1,0,"2"
39,1493,9,912,3,-1,0,"2"
28,313,9,1183,2,-1,0,"2"
31,1815,9,1541,1,-1,0,"2"
33,700,9,126,1,88,1,"2"
66,206,9,479,1,-1,0,"2"
26,255,9,190,1,-1,0,"2"
30,270,9,123,1,-1,0,"2"
28,4987,9,253,21,-1,0,"2"
29,673,9,835,3,-1,0,"2"
49,320,9,1971,4,-1,0,"2"
34,0,10,97,1,85,1,"2"
47,292,10,277,1,-1,0,"2"
42,757,10,154,1,-1,0,"2"
51,1347,10,160,1,243,1,"2"
43,40,10,147,1,-1,0,"2"
61,1257,10,503,1,-1,0,"2"
35,1693,10,515,1,-1,0,"2"
40,5060,10,154,2,93,1,"2"
27,73,10,159,1,-1,0,"2"
31,373,10,132,6,-1,0,"2"
32,1138,10,402,3,-1,0,"2"
30,302,11,528,3,-1,0,"2"
31,3,11,331,1,-1,0,"2"
33,369,11,446,1,-1,0,"2"
69,2346,11,354,2,-1,0,"2"
40,4736,11,285,2,-1,0,"2"
30,1599,11,152,2,-1,0,"2"
41,1066,11,109,3,-1,0,"2"
31,2603,11,280,4,-1,0,"2"
22,381,12,227,1,-1,0,"2"
22,33,12,369,1,-1,0,"2"
37,1314,12,118,4,210,3,"2"
33,1778,12,388,1,-1,0,"2"
48,5689,12,262,1,-1,0,"2"
85,12114,12,165,2,-1,0,"2"
72,0,13,99,1,-1,0,"2"
46,2232,13,121,1,-1,0,"2"
26,11862,13,119,1,-1,0,"2"
37,127,13,71,1,-1,0,"2"
53,2152,13,75,3,-1,0,"2"
33,3552,13,158,2,85,3,"2"
90,1,13,152,3,-1,0,"2"
54,1872,13,439,5,-1,0,"2"
67,1341,13,706,1,-1,0,"2"
27,3733,13,299,6,-1,0,"2"
42,7702,16,138,2,-1,0,"2"
71,4657,16,93,5,-1,0,"2"
35,188,16,75,3,200,5,"2"
44,397,16,127,1,257,1,"2"
47,0,16,261,2,-1,0,"2"
44,348,16,170,2,-1,0,"2"
37,2442,16,91,3,-1,0,"2"
37,1543,16,138,2,-1,0,"2"
28,805,16,331,1,-1,0,"2"
21,2265,17,92,2,-1,0,"2"
25,2506,17,485,1,-1,0,"2"
63,1612,17,233,2,-1,0,"2"
32,312,17,232,2,-1,0,"2"
51,196,17,88,1,-1,0,"2"
73,459,17,281,1,-1,0,"2"
26,620,17,104,1,-1,0,"2"
74,1714,17,127,1,-1,0,"2"
62,5943,17,196,4,-1,0,"2"
65,2416,17,221,2,-1,0,"2"
47,335,17,226,1,-1,0,"2"
62,800,17,737,1,-1,0,"2"
38,755,17,120,1,-1,0,"2"
71,2850,17,185,1,-1,0,"2"
29,1135,17,323,1,-1,0,"2"
61,197,17,113,1,-1,0,"2"
64,315,17,154,1,-1,0,"2"
57,720,17,202,4,-1,0,"2"
75,358,17,364,11,-1,0,"2"
37,5355,17,466,4,-1,0,"2"
68,445,18,475,1,-1,0,"2"
29,5359,18,147,1,-1,0,"2"
51,1443,18,172,10,-1,0,"2"
41,4047,18,343,1,-1,0,"2"
24,23878,18,185,1,-1,0,"2"
24,167,18,134,2,-1,0,"2"
39,0,18,224,3,-1,0,"2"
59,1047,18,83,3,-1,0,"2"
85,7613,18,355,3,-1,0,"2"
31,131,18,332,2,-1,0,"2"
32,2340,18,89,2,-1,0,"2"
29,15459,18,264,7,-1,0,"2"
51,117,18,442,2,-1,0,"2"
39,2266,18,208,4,-1,0,"2"
28,0,18,209,20,-1,0,"2"
39,4101,18,146,2,264,1,"2"
44,558,19,268,5,-1,0,"2"
26,2509,19,654,3,-1,0,"2"
28,1287,26,65,1,-1,0,"2"
48,1808,26,245,1,-1,0,"2"
37,1130,26,152,1,-1,0,"2"
71,653,26,367,1,-1,0,"2"
62,2021,26,361,1,-1,0,"2"
28,3611,26,141,2,-1,0,"2"
26,313,26,210,2,-1,0,"2"
43,983,26,97,1,-1,0,"2"
27,1187,26,232,1,101,1,"2"
30,5561,27,195,1,100,1,"2"
50,8345,27,194,1,261,1,"2"
25,1231,27,412,5,-1,0,"2"
25,3730,27,353,1,-1,0,"2"
30,617,27,192,2,-1,0,"2"
73,1641,27,49,2,-1,0,"2"
31,924,27,172,1,-1,0,"2"
28,2489,27,342,2,-1,0,"2"
66,995,27,131,2,-1,0,"2"
41,280,27,87,2,-1,0,"2"
46,3434,27,115,1,-1,0,"2"
42,576,27,156,1,-1,0,"2"
28,1363,27,79,1,-1,0,"2"
33,1636,27,165,1,-1,0,"2"
38,5115,27,99,1,102,6,"2"
39,581,27,233,1,270,1,"2"
33,607,27,110,2,-1,0,"2"
42,1376,2,712,4,-1,0,"2"
35,52,2,378,4,-1,0,"2"
55,0,2,116,1,-1,0,"2"
43,3917,2,154,1,-1,0,"2"
37,549,2,239,1,-1,0,"2"
29,92,2,175,5,-1,0,"2"
49,2881,2,120,3,-1,0,"2"
61,32685,2,1447,2,-1,0,"2"
44,250,2,382,2,-1,0,"2"
54,602,3,143,2,-1,0,"2"
28,730,3,631,1,-1,0,"2"
30,523,3,83,1,-1,0,"2"
47,293,3,499,1,-1,0,"2"
34,215,3,350,3,-1,0,"2"
37,0,3,426,1,-1,0,"2"
25,42,3,320,1,-1,0,"2"
29,316,3,156,1,-1,0,"2"
62,4562,3,168,1,-1,0,"2"
58,10180,3,180,2,-1,0,"2"
46,0,3,305,13,-1,0,"2"
56,281,3,96,2,-1,0,"2"
49,523,3,152,2,-1,0,"2"
33,250,4,377,6,-1,0,"2"
24,1030,4,396,2,-1,0,"2"
27,0,5,82,3,-1,0,"2"
60,404,5,308,2,196,2,"2"
32,506,5,63,2,-1,0,"2"
83,1097,5,181,1,-1,0,"2"
53,2693,5,90,1,104,1,"2"
45,2353,5,182,1,107,2,"2"
35,3698,5,106,1,-1,0,"2"
28,5763,5,196,2,-1,0,"2"
31,883,5,112,2,106,1,"2"
30,2539,5,199,5,-1,0,"2"
29,2326,6,195,1,-1,0,"2"
36,811,6,229,1,-1,0,"2"
57,256,6,227,1,-1,0,"2"
21,682,6,266,1,-1,0,"2"
44,483,6,207,2,199,6,"2"
23,1506,9,131,4,-1,0,"2"
34,575,9,116,1,-1,0,"2"
79,8304,9,303,9,-1,0,"2"
32,409,9,217,2,-1,0,"2"
37,1316,10,350,2,112,3,"2"
35,671,10,112,1,-1,0,"2"
47,2351,10,80,1,-1,0,"2"
61,997,10,106,1,-1,0,"2"
30,4808,10,272,1,-1,0,"2"
70,6422,10,122,1,-1,0,"2"
28,3623,10,261,1,-1,0,"2"
52,31,10,135,1,-1,0,"2"
28,171,10,93,1,-1,0,"2"
43,1358,10,159,3,-1,0,"2"
57,2681,11,266,2,-1,0,"2"
24,-61,11,95,4,-1,0,"2"
25,4461,11,796,5,-1,0,"2"
32,8929,11,126,1,-1,0,"2"
65,715,11,323,1,-1,0,"2"
34,1085,11,101,7,-1,0,"2"
44,1058,11,188,3,-1,0,"2"
50,388,11,203,2,-1,0,"2"
32,-34,11,101,1,-1,0,"2"
44,423,12,2330,5,-1,0,"2"
33,258,12,80,4,-1,0,"2"
49,1807,12,229,1,-1,0,"2"
53,0,12,80,2,-1,0,"2"
31,71,12,119,1,-1,0,"2"
61,1332,12,156,1,-1,0,"2"
37,33,12,186,1,-1,0,"2"
58,5810,12,139,1,-1,0,"2"
30,3473,12,1209,2,-1,0,"2"
47,238,13,3076,1,-1,0,"2"
60,1740,13,296,2,-1,0,"2"
36,3407,16,392,4,-1,0,"2"
37,1045,17,406,2,41,1,"2"
43,132,17,220,1,-1,0,"2"
46,974,17,178,1,-1,0,"2"
37,1000,17,195,1,-1,0,"2"
31,115,17,187,1,-1,0,"2"
31,180,17,299,2,-1,0,"2"
30,201,17,325,2,-1,0,"2"
30,8089,18,232,2,294,2,"2"
32,8866,18,278,2,-1,0,"2"
35,2,18,194,1,-1,0,"2"
59,259,18,224,1,-1,0,"2"
33,1107,18,201,1,-1,0,"2"
41,-675,18,147,4,-1,0,"2"
59,3735,18,203,4,121,2,"2"
37,1730,19,167,1,-1,0,"2"
31,447,19,220,3,-1,0,"2"
32,376,23,248,4,-1,0,"2"
26,2786,23,415,1,-1,0,"2"
53,10185,23,115,1,-1,0,"2"
73,448,24,136,1,-1,0,"2"
34,978,24,132,1,-1,0,"2"
46,-130,24,144,2,-1,0,"2"
76,3049,24,170,3,-1,0,"2"
46,11385,24,269,3,-1,0,"2"
83,46,25,115,1,-1,0,"2"
40,0,25,506,2,-1,0,"2"
23,4126,25,96,2,-1,0,"2"
34,212,25,278,8,-1,0,"2"
24,1250,25,411,2,-1,0,"2"
41,25,26,117,2,-1,0,"2"
39,2981,26,200,1,-1,0,"2"
28,1277,26,475,1,-1,0,"2"
34,390,27,95,2,231,2,"2"
77,9601,27,515,1,-1,0,"2"
36,565,27,300,1,-1,0,"2"
58,1384,27,342,1,-1,0,"2"
32,658,27,283,1,-1,0,"2"
38,1988,27,164,2,130,2,"2"
46,70,27,229,2,-1,0,"2"
27,213,27,378,1,-1,0,"2"
46,-522,27,243,3,239,13,"2"
59,9676,27,234,2,-1,0,"2"
19,134,27,271,2,-1,0,"2"
25,316,27,347,2,-1,0,"2"
23,2143,30,180,2,-1,0,"2"
47,3663,30,364,3,-1,0,"2"
22,114,30,517,1,-1,0,"2"
27,831,30,1081,2,-1,0,"2"
73,2308,30,163,2,-1,0,"2"
41,1468,31,237,3,-1,0,"2"
30,311,31,158,2,-1,0,"2"
26,274,1,351,3,-1,0,"2"
38,172,1,1176,1,-1,0,"2"
46,507,1,1196,1,-1,0,"2"
27,393,1,165,2,-1,0,"2"
63,-39,1,387,2,-1,0,"2"
19,779,1,184,4,-1,0,"2"
34,1474,2,739,2,-1,0,"2"
32,471,2,243,3,-1,0,"2"
33,3161,2,313,3,-1,0,"2"
47,1612,2,1164,1,-1,0,"2"
48,4099,2,397,2,-1,0,"2"
58,68,2,268,1,-1,0,"2"
50,414,3,707,1,302,3,"2"
26,5005,3,117,1,-1,0,"2"
39,1756,3,939,1,-1,0,"2"
55,1613,3,296,1,270,3,"2"
41,3123,3,1203,2,135,2,"2"
54,4736,6,475,6,307,5,"2"
33,127,6,583,2,222,17,"2"
42,11891,6,158,1,-1,0,"2"
50,4979,6,180,1,-1,0,"2"
40,754,6,635,1,-1,0,"2"
36,1184,6,1063,1,-1,0,"2"
37,1207,6,1353,2,138,2,"2"
44,712,6,740,3,-1,0,"2"
37,3943,6,1138,2,138,1,"2"
30,297,7,465,4,-1,0,"2"
26,3676,7,148,1,-1,0,"2"
47,817,7,721,4,-1,0,"2"
46,283,7,299,1,-1,0,"2"
25,82,7,104,2,-1,0,"2"
51,4787,7,895,1,-1,0,"2"
56,2847,8,327,1,-1,0,"2"
36,1822,8,952,1,323,1,"2"
35,16,8,903,1,-1,0,"2"
65,20806,8,523,2,-1,0,"2"
54,377,8,1134,1,-1,0,"2"
48,4415,8,1032,3,141,7,"2"
32,303,8,150,1,267,4,"2"
60,12039,8,236,1,-1,0,"2"
67,1443,8,245,1,-1,0,"2"
27,4661,8,114,1,-1,0,"2"
32,1781,8,321,1,-1,0,"2"
26,3415,8,209,1,-1,0,"2"
33,318,8,1190,1,141,3,"2"
21,423,8,104,5,-1,0,"2"
30,2544,8,108,2,-1,0,"2"
27,2614,8,143,2,-1,0,"2"
30,1268,8,105,4,320,8,"2"
36,536,8,274,3,-1,0,"2"
31,1088,8,575,2,-1,0,"2"
27,1293,8,1665,3,-1,0,"2"
29,1377,8,548,2,-1,0,"2"
38,2580,8,1691,2,264,3,"2"
23,314,8,142,4,-1,0,"2"
38,206,8,350,2,-1,0,"2"
30,3286,9,743,1,-1,0,"2"
41,803,9,592,4,316,3,"2"
55,2038,9,394,1,-1,0,"2"
33,719,9,448,2,316,6,"2"
53,2892,9,527,3,-1,0,"2"
35,898,9,214,1,-1,0,"2"
42,0,9,331,1,140,4,"2"
29,332,9,179,1,-1,0,"2"
68,695,9,233,1,-1,0,"2"
20,1819,9,245,3,-1,0,"2"
30,2544,9,152,2,-1,0,"2"
32,759,9,317,5,-1,0,"2"
28,229,9,1042,2,315,2,"2"
45,96,13,348,3,256,2,"2"
29,110,13,1036,1,-1,0,"2"
31,1406,13,1091,2,-1,0,"2"
39,0,13,1006,2,-1,0,"2"
42,2103,13,384,2,-1,0,"2"
35,1599,13,407,1,-1,0,"2"
34,925,13,709,1,-1,0,"2"
26,-3,13,1022,2,-1,0,"2"
29,84,13,1101,2,-1,0,"2"
44,1367,13,1232,3,146,1,"2"
34,703,14,342,1,-1,0,"2"
36,15485,14,461,1,-1,0,"2"
33,0,14,535,3,328,1,"2"
34,2646,14,142,1,-1,0,"2"
33,572,14,344,1,74,2,"2"
22,107,14,125,1,-1,0,"2"
32,765,14,850,2,-1,0,"2"
36,-253,14,1073,1,-1,0,"2"
44,0,14,1594,1,148,1,"2"
65,2,14,450,1,-1,0,"2"
62,1084,14,505,1,-1,0,"2"
61,6,14,133,2,-1,0,"2"
40,1175,14,184,1,-1,0,"2"
41,0,14,168,1,-1,0,"2"
24,448,14,324,1,-1,0,"2"
77,4659,14,161,1,-1,0,"2"
62,1528,14,496,1,-1,0,"2"
30,330,14,111,1,-1,0,"2"
29,731,14,107,3,-1,0,"2"
36,926,14,216,1,-1,0,"2"
29,25,14,207,2,-1,0,"2"
78,2235,14,300,3,-1,0,"2"
65,587,15,223,2,-1,0,"2"
43,2557,15,165,2,327,3,"2"
70,275,15,82,1,-1,0,"2"
32,1129,15,903,2,341,2,"2"
46,2149,15,282,2,-1,0,"2"
33,1271,15,636,3,330,1,"2"
33,336,15,179,3,-1,0,"2"
33,855,15,110,1,-1,0,"2"
57,491,15,1217,3,-1,0,"2"
62,180,15,389,2,-1,0,"2"
32,133,15,171,1,-1,0,"2"
39,649,15,668,1,-1,0,"2"
41,2689,15,135,1,-1,0,"2"
76,1411,15,170,3,-1,0,"2"
36,11174,15,953,1,-1,0,"2"
27,439,15,1038,2,-1,0,"2"
38,6158,15,139,5,145,9,"2"
56,3498,15,264,2,-1,0,"2"
51,1801,16,838,3,-1,0,"2"
39,937,16,144,4,-1,0,"2"
35,26,16,78,2,-1,0,"2"
32,-53,16,648,1,272,1,"2"
51,2337,16,251,2,266,3,"2"
37,1762,16,334,2,-1,0,"2"
52,3469,16,583,1,147,1,"2"
20,423,16,498,1,-1,0,"2"
35,545,16,1579,1,234,4,"2"
47,3480,16,443,1,-1,0,"2"
31,183,16,495,1,-1,0,"2"
25,3,16,1034,1,-1,0,"2"
49,2416,16,1366,1,-1,0,"2"
30,424,16,298,4,-1,0,"2"
35,0,16,1174,1,345,4,"2"
44,294,16,165,3,-1,0,"2"
42,1598,16,1463,2,-1,0,"2"
29,268,16,667,1,-1,0,"2"
42,214,16,127,1,-1,0,"2"
43,240,16,453,1,-1,0,"2"
36,2511,16,700,5,-1,0,"2"
36,4596,16,901,2,-1,0,"2"
32,1273,16,1365,2,328,1,"2"
54,3994,16,299,2,-1,0,"2"
50,469,16,161,1,-1,0,"2"
32,932,16,944,1,318,1,"2"
28,844,16,551,2,-1,0,"2"
40,471,16,1156,1,345,2,"2"
56,3738,17,156,1,305,6,"2"
34,63,17,678,1,-1,0,"2"
52,-779,17,709,1,-1,0,"2"
35,293,17,1017,1,325,1,"2"
32,294,17,1095,1,274,5,"2"
60,13546,17,452,3,-1,0,"2"
34,329,17,952,1,343,1,"2"
30,5,17,840,3,-1,0,"2"
29,580,17,1311,2,-1,0,"2"
31,985,17,997,1,57,2,"2"
32,225,17,574,1,150,1,"2"
30,69,17,997,1,-1,0,"2"
39,-3058,17,882,3,-1,0,"2"
33,5,17,1007,2,-1,0,"2"
40,224,17,875,2,-1,0,"2"
38,165,17,526,1,260,2,"2"
35,397,17,594,1,-1,0,"2"
37,3154,17,404,1,305,3,"2"
29,1180,17,367,3,323,3,"2"
71,2988,17,130,1,-1,0,"2"
36,-487,17,1080,1,-1,0,"2"
33,-274,17,715,2,329,2,"2"
34,879,17,712,1,344,1,"2"
35,520,17,476,1,-1,0,"2"
33,806,17,108,1,-1,0,"2"
28,19,17,149,1,-1,0,"2"
31,0,17,188,3,-1,0,"2"
49,687,17,772,1,-1,0,"2"
29,674,17,170,5,-1,0,"2"
33,0,17,378,1,-1,0,"2"
57,2326,17,378,1,-1,0,"2"
41,323,17,949,2,254,6,"2"
74,921,17,394,2,-1,0,"2"
42,1673,17,636,3,-1,0,"2"
53,5303,17,320,3,180,1,"2"
38,0,17,547,2,-1,0,"2"
41,4004,17,314,2,-1,0,"2"
26,181,20,158,2,-1,0,"2"
22,3982,20,206,1,-1,0,"2"
52,386,20,438,1,-1,0,"2"
40,284,20,1332,2,-1,0,"2"
32,-242,20,1202,3,-1,0,"2"
36,535,20,150,2,-1,0,"2"
28,1086,20,1112,3,-1,0,"2"
28,2840,20,227,5,-1,0,"2"
35,43,20,860,1,-1,0,"2"
46,3229,20,1550,1,-1,0,"2"
50,341,20,670,4,340,2,"2"
44,0,20,133,1,-1,0,"2"
61,267,20,190,1,-1,0,"2"
29,-19,20,712,4,-1,0,"2"
61,243,20,194,1,-1,0,"2"
70,2575,20,216,2,-1,0,"2"
46,1147,20,720,1,-1,0,"2"
35,62,20,213,3,-1,0,"2"
44,105,20,586,1,-1,0,"2"
59,0,20,392,1,-1,0,"2"
45,-443,20,691,1,-1,0,"2"
39,1524,20,567,1,-1,0,"2"
36,1925,20,904,2,-1,0,"2"
78,240,20,325,1,-1,0,"2"
28,387,20,205,1,82,1,"2"
50,13,20,76,1,-1,0,"2"
73,3203,20,148,1,-1,0,"2"
34,606,20,97,1,-1,0,"2"
28,0,20,185,1,-1,0,"2"
42,527,20,112,1,-1,0,"2"
54,309,20,241,1,-1,0,"2"
27,4333,20,163,1,-1,0,"2"
73,253,20,345,1,-1,0,"2"
33,6807,20,163,1,-1,0,"2"
64,571,20,1422,2,-1,0,"2"
51,83,20,267,2,-1,0,"2"
49,2611,20,194,2,-1,0,"2"
32,819,20,114,2,-1,0,"2"
33,1968,20,1817,3,-1,0,"2"
26,136,20,120,1,-1,0,"2"
33,-267,20,1030,3,-1,0,"2"
32,1995,20,121,1,-1,0,"2"
37,72,20,885,5,150,7,"2"
29,1170,20,453,1,-1,0,"2"
41,285,20,1272,2,-1,0,"2"
39,621,20,1333,5,-1,0,"2"
24,597,20,943,3,-1,0,"2"
37,0,21,146,4,-1,0,"2"
35,1750,21,333,3,-1,0,"2"
26,10086,21,110,2,-1,0,"2"
29,3466,21,274,1,-1,0,"2"
63,2193,21,1348,4,-1,0,"2"
95,2282,21,207,17,-1,0,"2"
65,1973,21,396,3,-1,0,"2"
59,10925,21,100,1,-1,0,"2"
35,704,21,164,1,-1,0,"2"
74,9480,21,211,1,-1,0,"2"
56,3391,21,243,1,-1,0,"2"
26,1134,21,464,4,-1,0,"2"
30,6281,21,149,2,-1,0,"2"
29,123,21,158,2,181,1,"2"
67,2144,21,847,2,-1,0,"2"
31,354,21,242,2,-1,0,"2"
78,8556,21,137,2,-1,0,"2"
45,0,21,278,3,-1,0,"2"
29,2,21,379,5,-1,0,"2"
39,1108,21,204,1,-1,0,"2"
45,212,21,65,2,-1,0,"2"
45,5110,22,341,2,-1,0,"2"
32,10281,22,400,1,-1,0,"2"
36,17,22,621,1,-1,0,"2"
41,942,22,219,1,-1,0,"2"
38,0,22,315,1,-1,0,"2"
41,1757,22,314,1,239,13,"2"
32,5514,22,319,1,182,1,"2"
33,882,22,104,1,183,4,"2"
30,81,22,145,1,-1,0,"2"
65,276,22,229,1,-1,0,"2"
45,429,22,147,1,181,1,"2"
75,2991,22,240,1,-1,0,"2"
65,90,22,416,1,-1,0,"2"
53,3754,22,307,1,278,2,"2"
40,395,22,232,4,-1,0,"2"
69,247,22,138,2,-1,0,"2"
27,3792,22,279,2,-1,0,"2"
31,676,22,124,2,343,2,"2"
25,8,22,107,2,-1,0,"2"
37,0,22,1288,3,-1,0,"2"
32,2069,22,545,1,-1,0,"2"
53,665,22,371,2,-1,0,"2"
45,506,23,229,2,-1,0,"2"
35,8,23,93,3,-1,0,"2"
74,670,23,266,5,-1,0,"2"
37,0,23,242,5,153,7,"2"
59,1939,23,172,1,-1,0,"2"
76,1780,23,413,3,-1,0,"2"
25,0,23,163,1,-1,0,"2"
27,955,23,206,1,-1,0,"2"
39,732,23,522,4,-1,0,"2"
24,2022,23,159,4,-1,0,"2"
28,4099,23,116,4,-1,0,"2"
51,4917,23,113,1,-1,0,"2"
66,2883,23,158,1,-1,0,"2"
28,1374,23,203,4,-1,0,"2"
29,224,24,65,2,81,3,"2"
30,398,24,235,2,-1,0,"2"
72,763,24,384,2,-1,0,"2"
58,3027,24,160,1,-1,0,"2"
32,2974,24,227,1,4,1,"2"
31,1081,24,202,5,261,2,"2"
71,383,27,388,3,-1,0,"2"
37,3913,27,124,1,-1,0,"2"
24,3415,27,97,1,-1,0,"2"
56,3287,27,497,1,-1,0,"2"
65,3629,27,148,1,-1,0,"2"
72,132,27,444,1,-1,0,"2"
51,726,27,89,8,-1,0,"2"
24,2376,27,122,1,-1,0,"2"
35,149,29,507,3,349,1,"2"
34,640,29,636,2,-1,0,"2"
29,7707,29,961,2,334,2,"2"
30,53,29,375,1,-1,0,"2"
46,526,30,523,1,87,2,"2"
39,15,30,510,1,-1,0,"2"
45,242,30,587,1,-1,0,"2"
28,377,30,571,1,-1,0,"2"
52,94,30,244,1,-1,0,"2"
59,363,30,400,1,-1,0,"2"
38,1970,30,701,1,176,1,"2"
47,1167,30,968,1,87,5,"2"
52,193,30,381,1,269,1,"2"
38,0,30,571,1,-1,0,"2"
29,78,30,239,1,-1,0,"2"
36,1291,30,195,1,86,1,"2"
58,1425,30,224,1,-1,0,"2"
31,3382,30,739,1,-1,0,"2"
59,5583,30,720,1,-1,0,"2"
47,1230,30,412,1,169,1,"2"
36,96,30,208,1,87,1,"2"
45,160,30,619,1,-1,0,"2"
21,224,30,871,1,-1,0,"2"
23,0,30,297,1,83,6,"2"
47,1730,30,231,1,-1,0,"2"
29,697,30,365,1,85,1,"2"
25,943,30,512,1,-1,0,"2"
60,1163,30,470,8,-1,0,"2"
37,1458,30,281,1,-1,0,"2"
42,11115,30,328,1,-1,0,"2"
49,3608,30,252,1,168,1,"2"
33,95,30,335,1,-1,0,"2"
59,2308,30,815,1,87,1,"2"
58,5701,30,354,1,87,1,"2"
44,1529,30,347,1,-1,0,"2"
48,292,30,271,1,79,1,"2"
34,7468,30,383,1,-1,0,"2"
32,0,30,177,2,-1,0,"2"
42,1559,30,368,1,-1,0,"2"
54,1693,30,1277,1,87,2,"2"
42,757,30,354,1,79,1,"2"
42,201,30,841,1,85,2,"2"
44,1070,30,381,1,160,2,"2"
37,1330,30,390,1,-1,0,"2"
29,314,30,465,1,-1,0,"2"
47,677,30,900,2,86,2,"2"
26,168,30,394,1,-1,0,"2"
24,2845,30,779,2,-1,0,"2"
34,-32,30,246,2,-1,0,"2"
30,398,30,554,1,6,2,"2"
46,0,30,200,1,259,2,"2"
34,1337,30,442,1,-1,0,"2"
31,1331,30,297,1,86,3,"2"
38,2812,30,830,1,-1,0,"2"
59,493,30,237,1,-1,0,"2"
35,1750,30,687,1,9,3,"2"
33,4401,30,439,1,-1,0,"2"
35,193,30,565,1,13,1,"2"
56,616,30,225,1,83,1,"2"
37,5106,30,244,1,-1,0,"2"
33,920,30,344,1,-1,0,"2"
43,1854,30,323,1,-1,0,"2"
35,994,30,400,1,87,2,"2"
31,190,30,514,1,-1,0,"2"
38,1101,30,800,1,-1,0,"2"
33,129,30,482,1,161,1,"2"
46,4,30,268,1,261,5,"2"
42,6060,30,316,1,350,2,"2"
31,1812,30,461,1,-1,0,"2"
33,55,30,526,2,87,3,"2"
37,630,30,315,1,87,1,"2"
53,1624,30,284,3,84,3,"2"
53,341,30,423,2,-1,0,"2"
31,2016,30,209,1,-1,0,"2"
26,255,30,457,1,80,1,"2"
30,4684,30,268,3,-1,0,"2"
24,1052,30,354,1,-1,0,"2"
28,1808,30,309,1,-1,0,"2"
20,502,30,261,1,-1,0,"2"
26,3511,30,439,2,-1,0,"2"
35,518,30,616,1,-1,0,"2"
28,227,30,278,1,-1,0,"2"
30,270,30,437,1,80,1,"2"
32,4733,30,532,1,-1,0,"2"
33,2599,30,1373,2,-1,0,"2"
38,196,30,574,1,-1,0,"2"
52,6657,30,917,1,-1,0,"2"
38,613,30,242,1,86,1,"2"
34,5462,30,430,1,-1,0,"2"
29,674,30,483,1,13,5,"2"
30,364,30,306,2,-1,0,"2"
40,2129,30,452,1,-1,0,"2"
31,181,30,325,1,-1,0,"2"
24,474,30,551,1,-1,0,"2"
25,219,30,458,1,-1,0,"2"
47,86,30,387,3,87,1,"2"
33,1170,30,352,1,-1,0,"2"
34,18,30,359,1,-1,0,"2"
36,197,30,260,1,-1,0,"2"
50,938,30,780,1,-1,0,"2"
34,1228,30,580,2,84,8,"2"
54,2156,30,258,1,86,5,"2"
38,257,30,435,1,-1,0,"2"
47,2408,30,376,1,-1,0,"2"
31,35,30,615,1,-1,0,"2"
36,393,30,555,2,-1,0,"2"
58,687,30,341,2,-1,0,"2"
35,618,30,951,1,-1,0,"2"
28,3054,30,384,1,80,6,"2"
25,1608,30,664,2,-1,0,"2"
41,30,30,460,1,-1,0,"2"
46,699,30,970,1,87,1,"2"
35,495,30,266,1,87,1,"2"
49,5802,30,618,2,-1,0,"2"
47,2749,30,774,2,164,1,"2"
35,1162,30,175,1,-1,0,"2"
34,0,30,300,1,86,1,"2"
30,776,30,861,2,-1,0,"2"
54,1014,30,240,1,162,2,"2"
31,1619,30,327,2,-1,0,"2"
55,139,30,241,1,-1,0,"2"
25,2816,30,327,1,-1,0,"2"
26,507,30,380,1,-1,0,"2"
85,98,30,416,1,-1,0,"2"
33,478,30,475,2,-1,0,"2"
29,2753,30,645,1,-1,0,"2"
39,0,30,342,3,22,3,"2"
33,498,30,301,1,-1,0,"2"
38,565,30,1143,1,-1,0,"2"
33,700,30,169,1,80,2,"2"
58,4152,30,750,2,164,4,"2"
61,927,30,427,3,-1,0,"2"
32,0,30,370,3,-1,0,"2"
35,286,30,949,2,-1,0,"2"
32,1388,30,753,1,-1,0,"2"
50,2252,30,652,2,-1,0,"2"
31,454,30,266,1,-1,0,"2"
31,4041,30,1034,2,-1,0,"2"
54,0,30,766,3,84,3,"2"
33,0,30,227,2,-1,0,"2"
36,728,30,230,1,-1,0,"2"
31,354,30,502,1,9,2,"2"
32,1246,30,509,1,85,2,"2"
34,3047,30,317,1,160,5,"2"
24,382,30,567,2,-1,0,"2"
29,36252,30,501,1,-1,0,"2"
40,158,30,712,2,-1,0,"2"
29,734,30,259,1,296,1,"2"
30,305,30,633,1,85,2,"2"
45,10252,4,675,2,-1,0,"2"
37,3141,4,384,2,-1,0,"2"
36,1228,4,303,3,-1,0,"2"
40,1646,4,392,2,91,3,"2"
28,236,4,193,1,87,3,"2"
33,5437,4,267,1,91,1,"2"
33,133,4,218,1,-1,0,"2"
56,2333,4,244,1,-1,0,"2"
45,640,4,447,1,-1,0,"2"
25,253,4,597,1,-1,0,"2"
41,5060,4,963,1,83,3,"2"
38,902,4,301,3,90,1,"2"
47,335,4,417,1,76,1,"2"
49,1,4,1076,3,175,1,"2"
36,365,4,643,1,-1,0,"2"
42,1451,4,251,4,-1,0,"2"
33,1636,4,592,1,66,1,"2"
36,3221,4,322,11,-1,0,"2"
60,316,4,545,2,263,4,"2"
33,2044,4,532,3,-1,0,"2"
33,557,4,367,1,-1,0,"2"
33,489,4,297,4,334,1,"2"
32,1138,4,214,3,83,3,"2"
48,863,4,412,5,350,2,"2"
36,218,4,619,6,-1,0,"2"
36,188,4,1046,3,333,2,"2"
45,1998,4,237,5,-1,0,"2"
35,520,4,458,3,17,5,"2"
38,6368,4,922,4,-1,0,"2"
52,876,4,601,3,-1,0,"2"
30,2666,4,781,3,89,1,"2"
31,4182,4,347,2,-1,0,"2"
32,3271,4,949,3,-1,0,"2"
44,163,4,364,3,-1,0,"2"
39,1515,4,815,6,167,6,"2"
45,803,4,742,4,-1,0,"2"
31,636,4,352,4,-1,0,"2"
32,400,4,268,3,-1,0,"2"
39,2454,4,716,3,263,2,"2"
30,533,4,365,4,-1,0,"2"
63,2352,4,475,7,-1,0,"2"
56,9367,4,617,2,-1,0,"2"
30,10884,4,333,2,-1,0,"2"
38,47,4,288,5,-1,0,"2"
31,12857,4,483,4,87,2,"2"
26,237,4,1091,3,-1,0,"2"
37,444,4,1063,5,-1,0,"2"
29,9407,4,267,6,-1,0,"2"
24,387,4,340,8,-1,0,"2"
35,2971,4,429,4,164,2,"2"
43,2643,4,331,5,-1,0,"2"
36,1227,4,775,5,341,3,"2"
39,261,4,841,4,-1,0,"2"
29,3317,4,640,7,-1,0,"2"
59,514,4,673,6,90,1,"2"
28,61,4,226,2,319,1,"2"
50,5872,5,762,3,-1,0,"2"
46,2889,5,494,1,-1,0,"2"
36,378,5,1240,1,-1,0,"2"
44,-368,5,895,1,-1,0,"2"
35,188,5,863,1,78,8,"2"
30,61,5,525,1,-1,0,"2"
58,2160,5,1090,1,-1,0,"2"
41,0,5,400,1,-1,0,"2"
37,658,5,838,1,-1,0,"2"
39,0,5,811,2,-1,0,"2"
31,196,5,568,1,341,7,"2"
30,253,5,259,1,-1,0,"2"
33,94,5,955,2,-1,0,"2"
41,326,5,788,1,-1,0,"2"
44,-395,5,894,1,-1,0,"2"
46,9328,5,725,3,-1,0,"2"
30,-522,5,670,2,286,6,"2"
35,1286,5,862,3,337,1,"2"
49,2039,6,451,1,169,2,"2"
27,710,6,653,1,334,2,"2"
39,3,6,488,1,-1,0,"2"
32,0,6,767,1,-1,0,"2"
35,84,6,954,1,-1,0,"2"
37,141,6,848,1,364,3,"2"
31,53,6,530,1,-1,0,"2"
30,415,6,984,1,343,4,"2"
34,0,6,611,1,183,1,"2"
31,1979,6,1205,1,-1,0,"2"
27,0,6,837,1,-1,0,"2"
36,7506,6,839,2,188,1,"2"
37,102,6,445,1,258,2,"2"
27,2,6,554,2,356,1,"2"
32,752,6,519,2,166,5,"2"
49,99,6,687,2,343,1,"2"
29,266,6,540,1,-1,0,"2"
26,191,6,550,1,-1,0,"2"
49,0,6,445,2,166,3,"2"
29,27,6,754,1,-1,0,"2"
28,524,6,554,2,-1,0,"2"
60,5990,6,396,3,-1,0,"2"
33,3935,6,765,1,342,2,"2"
35,991,6,1489,3,-1,0,"2"
31,59,6,1347,2,363,1,"2"
40,1598,6,1074,4,344,3,"2"
29,0,6,667,2,-1,0,"2"
35,802,6,686,2,-1,0,"2"
38,104,6,606,3,-1,0,"2"
32,2465,7,923,1,-1,0,"2"
33,-370,7,261,1,345,1,"2"
31,459,7,623,1,293,1,"2"
26,114,7,457,1,-1,0,"2"
42,1461,7,757,2,170,3,"2"
33,475,7,1046,1,-1,0,"2"
42,1435,7,1148,1,-1,0,"2"
36,4,7,855,2,342,1,"2"
35,1618,7,542,1,-1,0,"2"
30,-271,7,609,1,337,1,"2"
59,2166,7,574,1,-1,0,"2"
44,4031,7,983,4,-1,0,"2"
25,122,7,481,2,-1,0,"2"
50,5024,7,661,1,267,11,"2"
51,-1944,7,623,1,-1,0,"2"
51,3025,7,476,1,352,1,"2"
60,2090,7,957,2,-1,0,"2"
29,0,7,347,2,337,6,"2"
43,1429,7,1030,1,169,3,"2"
31,0,7,895,2,295,2,"2"
26,311,7,798,2,-1,0,"2"
34,48,7,1806,2,287,3,"2"
23,66,7,1391,2,-1,0,"2"
49,2146,7,1516,2,353,2,"2"
42,356,7,787,3,356,2,"2"
39,62,7,877,3,-1,0,"2"
24,638,7,792,3,-1,0,"2"
45,-106,7,553,3,288,1,"2"
45,608,7,1135,3,323,30,"2"
39,291,7,882,2,-1,0,"2"
45,-184,7,878,3,170,5,"2"
39,403,7,1262,3,-1,0,"2"
39,2345,8,491,2,344,2,"2"
41,2039,8,729,1,-1,0,"2"
23,4,8,763,1,-1,0,"2"
57,6005,8,704,1,323,6,"2"
46,842,8,833,1,-1,0,"2"
49,1311,8,813,1,-1,0,"2"
32,333,8,501,2,-1,0,"2"
29,3041,8,606,3,-1,0,"2"
42,4,8,579,2,295,1,"2"
47,603,8,1080,1,-1,0,"2"
36,0,8,308,3,-1,0,"2"
33,294,8,763,1,-1,0,"2"
57,830,8,662,1,367,1,"2"
36,962,8,568,1,-1,0,"2"
53,185,8,1448,2,-1,0,"2"
56,-9,8,728,1,-1,0,"2"
33,891,8,398,2,-1,0,"2"
59,148,8,685,2,366,1,"2"
47,1374,8,479,2,359,3,"2"
35,387,8,1024,3,347,3,"2"
42,-556,8,682,3,347,3,"2"
38,1612,8,423,1,-1,0,"2"
40,0,11,657,1,-1,0,"2"
41,-109,11,1038,1,370,1,"2"
36,866,11,629,1,173,1,"2"
43,580,11,1514,1,284,2,"2"
24,4500,11,733,2,-1,0,"2"
40,-17,11,474,1,256,1,"2"
49,24,11,701,1,362,1,"2"
40,-192,11,666,1,-1,0,"2"
40,-438,11,1017,1,-1,0,"2"
34,-701,11,610,2,-1,0,"2"
34,-374,11,672,1,-1,0,"2"
52,36,11,930,1,-1,0,"2"
36,1400,11,608,3,-1,0,"2"
38,5293,11,475,1,171,6,"2"
39,785,11,1232,2,-1,0,"2"
25,373,11,819,2,-1,0,"2"
39,763,11,877,7,300,2,"2"
37,133,11,1388,2,-1,0,"2"
41,1236,11,911,3,-1,0,"2"
50,8648,12,731,3,176,1,"2"
36,-811,12,365,2,-1,0,"2"
34,7279,12,882,1,-1,0,"2"
34,479,12,515,1,350,5,"2"
42,335,12,580,1,-1,0,"2"
38,199,12,1203,1,306,1,"2"
39,25,12,658,1,351,3,"2"
40,1808,12,560,1,-1,0,"2"
39,167,12,612,1,-1,0,"2"
31,2,12,703,4,-1,0,"2"
37,-106,12,690,1,-1,0,"2"
58,670,12,1272,1,-1,0,"2"
48,-361,12,1062,3,349,3,"2"
35,159,12,826,1,-1,0,"2"
58,119,12,985,1,-1,0,"2"
30,-158,12,426,1,370,2,"2"
34,151,12,590,1,370,1,"2"
51,518,12,918,1,-1,0,"2"
39,5073,12,1182,1,286,4,"2"
39,607,12,454,2,364,3,"2"
36,-308,12,725,1,-1,0,"2"
47,367,12,309,1,306,4,"2"
35,855,12,549,1,300,1,"2"
33,1240,12,844,1,-1,0,"2"
42,257,12,955,2,-1,0,"2"
57,3551,12,458,1,-1,0,"2"
47,663,12,409,1,274,6,"2"
38,895,12,1531,1,-1,0,"2"
46,804,12,1063,2,361,1,"2"
42,-407,12,829,7,-1,0,"2"
47,802,12,289,2,-1,0,"2"
37,912,12,637,3,328,22,"2"
31,355,12,609,1,-1,0,"2"
38,3646,12,1710,2,286,1,"2"
46,3,12,614,3,-1,0,"2"
44,2734,12,897,4,-1,0,"2"
36,0,12,398,6,-1,0,"2"
40,1836,12,750,2,-1,0,"2"
39,1425,12,775,3,-1,0,"2"
45,963,12,528,5,-1,0,"2"
59,145,12,556,2,287,13,"2"
34,634,12,737,3,-1,0,"2"
35,399,13,496,2,345,3,"2"
40,87,13,477,3,-1,0,"2"
50,-522,13,863,3,-1,0,"2"
36,319,13,774,2,301,1,"2"
35,0,13,1073,1,-1,0,"2"
36,478,13,610,1,-1,0,"2"
35,-276,13,850,1,-1,0,"2"
47,4227,13,659,1,-1,0,"2"
47,2785,13,570,1,-1,0,"2"
38,1401,13,516,1,-1,0,"2"
33,0,13,585,1,-1,0,"2"
38,1852,13,606,1,-1,0,"2"
39,462,13,590,1,-1,0,"2"
43,800,13,902,1,-1,0,"2"
33,221,13,669,1,355,4,"2"
34,1089,13,394,3,-1,0,"2"
28,451,13,302,1,301,1,"2"
46,437,13,546,3,-1,0,"2"
36,828,13,1512,1,345,8,"2"
34,496,13,333,1,-1,0,"2"
42,1080,13,951,3,370,4,"2"
33,1064,13,562,1,-1,0,"2"
39,297,13,734,2,-1,0,"2"
32,3,13,568,1,-1,0,"2"
34,142,13,459,1,-1,0,"2"
34,76,13,747,2,371,3,"2"
32,398,13,716,1,-1,0,"2"
48,83,13,1101,1,-1,0,"2"
31,879,13,394,1,-1,0,"2"
30,396,13,366,3,348,2,"2"
34,3050,13,469,1,-1,0,"2"
33,210,13,1207,2,-1,0,"2"
52,306,13,650,5,-1,0,"2"
48,-276,13,674,1,-1,0,"2"
33,863,13,622,3,-1,0,"2"
30,228,13,314,2,-1,0,"2"
35,1396,13,809,1,300,1,"2"
51,-19,13,829,1,296,11,"2"
38,2253,13,937,3,-1,0,"2"
59,2965,13,1970,3,-1,0,"2"
39,0,13,1975,5,-1,0,"2"
29,714,13,482,2,-1,0,"2"
41,471,13,954,2,293,4,"2"
27,265,13,1119,2,-1,0,"2"
50,-54,13,698,2,292,1,"2"
34,3821,13,649,2,-1,0,"2"
38,0,13,531,2,-1,0,"2"
29,-7,13,1279,3,-1,0,"2"
40,830,13,873,3,370,2,"2"
32,0,13,440,2,-1,0,"2"
38,4406,13,689,2,-1,0,"2"
53,6831,13,1130,2,-1,0,"2"
36,437,14,722,2,344,1,"2"
26,3944,14,974,2,-1,0,"2"
58,2946,14,467,1,-1,0,"2"
28,54,14,533,1,371,1,"2"
49,-454,14,558,1,-1,0,"2"
26,1006,14,667,1,-1,0,"2"
38,934,14,715,1,-1,0,"2"
44,2999,14,717,1,-1,0,"2"
49,85,14,590,5,359,1,"2"
31,17924,14,745,1,174,3,"2"
55,8180,14,854,2,360,1,"2"
32,2431,14,646,5,-1,0,"2"
35,341,14,345,1,-1,0,"2"
35,4963,14,456,1,300,1,"2"
31,8781,14,680,1,177,1,"2"
39,1355,14,1180,1,-1,0,"2"
28,-504,14,578,1,-1,0,"2"
26,-930,14,786,1,-1,0,"2"
39,1738,14,633,1,358,1,"2"
48,214,14,307,1,177,2,"2"
40,973,14,449,1,-1,0,"2"
32,684,14,607,3,-1,0,"2"
29,231,14,1075,1,14,1,"2"
41,580,14,874,1,363,1,"2"
34,273,14,492,1,175,2,"2"
32,811,14,563,1,-1,0,"2"
34,0,14,1020,1,-1,0,"2"
36,1354,14,1723,1,356,2,"2"
29,-254,14,406,2,-1,0,"2"
54,-449,14,691,1,-1,0,"2"
29,7863,14,1129,1,-1,0,"2"
35,336,14,191,1,346,2,"2"
36,1049,14,224,4,-1,0,"2"
37,6089,14,616,2,-1,0,"2"
37,-42,14,668,2,-1,0,"2"
31,953,14,479,1,346,2,"2"
33,315,14,888,3,-1,0,"2"
59,5845,14,1060,2,-1,0,"2"
28,1377,14,688,2,-1,0,"2"
30,378,14,566,2,-1,0,"2"
53,765,14,959,3,174,7,"2"
26,5795,14,1094,2,-1,0,"2"
30,315,14,884,3,346,4,"2"
35,916,14,460,2,-1,0,"2"
34,124,14,604,4,366,2,"2"
33,207,14,629,4,-1,0,"2"
59,422,14,647,4,-1,0,"2"
36,125,15,676,3,-1,0,"2"
34,2,15,153,2,-1,0,"2"
39,7066,15,667,3,357,3,"2"
42,146,15,670,4,346,1,"2"
60,496,15,655,2,-1,0,"2"
44,36,15,551,1,371,2,"2"
21,-172,15,409,1,361,3,"2"
29,940,15,382,1,-1,0,"2"
56,-40,15,311,1,368,2,"2"
30,140,15,760,1,-1,0,"2"
26,77,15,619,1,340,4,"2"
35,22,15,1190,2,302,2,"2"
22,-51,15,859,1,-1,0,"2"
26,26,15,899,1,-1,0,"2"
28,154,15,536,1,364,1,"2"
35,534,15,669,1,312,3,"2"
35,1265,15,326,5,179,4,"2"
55,-466,15,901,1,-1,0,"2"
32,38,15,744,1,-1,0,"2"
28,703,15,485,1,88,1,"2"
31,685,15,552,1,329,3,"2"
23,780,15,416,1,-1,0,"2"
26,-67,15,637,1,-1,0,"2"
46,1085,15,523,2,353,58,"2"
34,29,15,285,5,-1,0,"2"
60,560,15,730,5,-1,0,"2"
28,22,15,536,2,-1,0,"2"
29,6567,15,792,2,298,1,"2"
39,2139,15,576,4,371,1,"2"
53,50,15,669,1,337,3,"2"
54,582,15,693,5,372,2,"2"
34,194,15,1015,1,-1,0,"2"
27,353,15,663,1,-1,0,"2"
28,341,15,437,3,347,3,"2"
39,-172,15,562,2,-1,0,"2"
60,-639,15,585,1,-1,0,"2"
26,864,15,659,1,-1,0,"2"
32,134,15,532,3,-1,0,"2"
40,50,15,837,1,-1,0,"2"
25,507,15,832,1,367,3,"2"
44,-101,15,679,1,366,4,"2"
48,480,15,830,1,352,2,"2"
37,-22,15,317,1,-1,0,"2"
39,878,15,611,5,-1,0,"2"
40,2574,15,432,1,176,1,"2"
24,833,15,956,1,-1,0,"2"
31,2734,15,858,3,-1,0,"2"
42,241,15,1012,3,-1,0,"2"
51,129,15,611,2,-1,0,"2"
28,41,15,885,3,352,2,"2"
32,3387,15,1111,5,-1,0,"2"
36,148,15,1357,4,374,2,"2"
36,249,15,709,5,-1,0,"2"
38,5774,15,406,4,359,5,"2"
36,0,15,1002,4,-1,0,"2"
40,1841,15,880,4,-1,0,"2"
33,5,15,934,2,368,2,"2"
37,2120,15,655,3,175,4,"2"
51,297,15,415,4,375,1,"2"
34,89,15,1871,4,-1,0,"2"
35,13460,15,1068,3,-1,0,"2"
56,827,15,462,4,-1,0,"2"
35,205,15,1313,7,312,1,"2"
32,6542,15,1598,4,175,5,"2"
32,217,15,692,3,-1,0,"2"
34,3743,18,722,4,-1,0,"2"
39,117,18,1032,2,-1,0,"2"
29,-493,18,536,2,334,4,"2"
37,465,18,899,3,-1,0,"2"
33,62,18,473,3,-1,0,"2"
40,2040,18,906,2,350,2,"2"
22,344,18,347,1,-1,0,"2"
32,230,18,442,1,266,8,"2"
33,1277,18,827,1,-1,0,"2"
29,104,18,903,4,-1,0,"2"
29,706,18,1340,1,-1,0,"2"
24,174,18,487,1,-1,0,"2"
31,360,18,309,1,-1,0,"2"
31,239,18,666,1,360,1,"2"
28,2290,18,2301,1,-1,0,"2"
32,-770,18,618,1,-1,0,"2"
24,414,18,493,1,370,1,"2"
57,403,18,603,1,340,2,"2"
27,513,18,351,1,-1,0,"2"
32,7290,18,357,1,-1,0,"2"
23,279,18,843,1,370,1,"2"
30,5909,18,420,2,-1,0,"2"
27,-195,18,391,1,-1,0,"2"
55,3917,18,565,1,-1,0,"2"
34,243,18,507,1,-1,0,"2"
28,352,18,431,1,-1,0,"2"
25,-242,18,600,4,332,4,"2"
29,615,18,373,1,-1,0,"2"
55,0,18,616,1,370,1,"2"
25,217,18,504,1,-1,0,"2"
25,839,18,700,3,-1,0,"2"
36,1015,18,1008,1,347,2,"2"
27,409,18,525,1,-1,0,"2"
25,1119,18,1063,1,-1,0,"2"
32,12198,18,178,1,-1,0,"2"
34,6013,18,612,1,-1,0,"2"
29,476,18,427,1,-1,0,"2"
33,235,18,525,1,-1,0,"2"
38,170,18,442,1,-1,0,"2"
45,-357,18,618,1,355,2,"2"
30,2145,18,727,2,-1,0,"2"
32,-454,18,801,5,355,2,"2"
26,-887,18,827,2,-1,0,"2"
29,306,18,774,4,-1,0,"2"
25,292,18,1027,2,-1,0,"2"
34,-578,18,767,2,-1,0,"2"
33,139,18,732,2,291,5,"2"
32,2684,18,542,2,-1,0,"2"
33,1304,18,536,2,-1,0,"2"
34,-1,18,1057,6,355,1,"2"
29,1387,18,256,2,-1,0,"2"
28,-522,18,638,2,-1,0,"2"
38,-242,18,1173,3,278,6,"2"
35,719,18,1359,3,368,3,"2"
28,0,18,390,5,-1,0,"2"
29,497,18,642,3,298,6,"2"
20,76,18,639,2,-1,0,"2"
42,366,22,324,1,106,1,"2"
45,397,22,582,1,95,2,"2"
37,3723,22,354,1,-1,0,"2"
32,1625,22,796,1,109,1,"2"
59,106,22,186,1,-1,0,"2"
55,1504,22,338,2,-1,0,"2"
29,265,22,491,1,-1,0,"2"
37,1543,22,298,1,10,6,"2"
59,2239,22,431,1,-1,0,"2"
27,1977,22,449,1,-1,0,"2"
39,0,22,271,1,93,3,"2"
43,2145,22,271,1,183,3,"2"
39,116,22,554,2,-1,0,"2"
26,620,22,223,1,94,1,"2"
39,307,22,182,2,-1,0,"2"
43,7702,22,460,1,95,2,"2"
27,3733,22,198,1,98,6,"2"
32,3993,22,148,2,-1,0,"2"
29,428,22,293,2,-1,0,"2"
42,5310,22,545,2,186,1,"2"
53,2509,22,231,2,-1,0,"2"
36,255,22,970,2,92,2,"2"
27,616,22,685,1,101,1,"2"
43,733,25,282,1,187,3,"2"
28,2503,25,426,1,-1,0,"2"
60,439,25,464,1,321,1,"2"
29,590,25,124,1,-1,0,"2"
35,204,25,236,1,-1,0,"2"
26,567,25,421,1,-1,0,"2"
26,689,25,678,2,-1,0,"2"
28,482,25,119,1,-1,0,"2"
26,5169,25,397,1,35,2,"2"
36,1379,25,189,1,186,1,"2"
28,386,25,867,1,-1,0,"2"
28,0,25,269,1,40,2,"2"
28,957,25,915,2,-1,0,"2"
40,312,25,612,7,-1,0,"2"
24,167,25,288,1,96,2,"2"
56,13094,25,1064,1,-1,0,"2"
34,5086,25,213,4,-1,0,"2"
28,707,25,226,1,-1,0,"2"
37,466,25,377,1,-1,0,"2"
32,152,25,158,2,-1,0,"2"
43,1612,25,262,2,353,1,"2"
36,911,25,117,2,21,3,"2"
29,238,25,344,2,88,1,"2"
54,1561,25,352,3,186,2,"2"
39,1179,25,284,1,-1,0,"2"
35,27,25,214,1,305,1,"2"
29,6,25,315,1,-1,0,"2"
32,654,25,615,4,-1,0,"2"
27,253,25,242,2,-1,0,"2"
32,705,25,414,2,35,4,"2"
33,109,25,601,2,10,7,"2"
24,23878,26,133,1,97,1,"2"
58,3399,26,1078,1,97,7,"2"
43,79,26,640,1,-1,0,"2"
26,243,26,482,1,-1,0,"2"
31,138,26,91,1,285,2,"2"
25,1317,26,176,1,-1,0,"2"
58,2714,26,165,1,287,2,"2"
34,23076,26,243,2,35,6,"2"
48,17964,26,208,2,96,3,"2"
60,846,26,1346,1,-1,0,"2"
21,360,26,131,2,-1,0,"2"
25,326,26,390,1,-1,0,"2"
26,100,26,445,1,-1,0,"2"
38,3576,26,579,1,-1,0,"2"
25,304,26,226,2,-1,0,"2"
26,39,26,396,3,-1,0,"2"
25,3,26,170,1,-1,0,"2"
32,312,26,208,2,98,2,"2"
25,906,26,253,1,-1,0,"2"
21,524,26,185,1,-1,0,"2"
41,1081,27,229,3,-1,0,"2"
30,983,27,189,2,-1,0,"2"
47,2232,27,439,1,103,1,"2"
37,1967,27,242,1,212,1,"2"
34,1406,27,145,1,-1,0,"2"
28,157,27,155,3,-1,0,"2"
24,0,27,122,2,-1,0,"2"
26,2509,27,776,3,97,3,"2"
32,10287,27,281,4,188,1,"2"
30,5359,27,119,1,98,1,"2"
54,384,27,200,1,-1,0,"2"
35,1368,27,329,1,41,2,"2"
54,3076,27,367,2,-1,0,"2"
44,7818,27,412,1,-1,0,"2"
56,4118,27,165,1,-1,0,"2"
25,760,27,223,3,89,2,"2"
25,277,27,311,2,-1,0,"2"
43,132,27,187,2,71,1,"2"
50,253,28,513,9,-1,0,"2"
25,7103,28,188,3,10,1,"2"
55,602,1,324,3,90,2,"2"
57,473,1,295,1,-1,0,"2"
48,1167,1,264,1,-1,0,"2"
25,343,1,377,1,-1,0,"2"
49,1808,1,205,1,95,1,"2"
25,1199,1,287,1,-1,0,"2"
38,70,1,263,1,-1,0,"2"
45,1723,1,166,2,-1,0,"2"
33,1323,1,327,1,-1,0,"2"
45,2552,1,69,1,293,7,"2"
46,5862,1,84,1,-1,0,"2"
26,2613,1,326,1,-1,0,"2"
49,0,1,1460,1,-1,0,"2"
25,938,1,1048,1,-1,0,"2"
53,284,1,781,1,-1,0,"2"
43,1059,1,335,2,-1,0,"2"
49,1684,1,412,2,-1,0,"2"
54,534,1,177,2,-1,0,"2"
47,293,1,251,1,90,1,"2"
34,262,1,339,1,-1,0,"2"
54,0,1,174,1,81,2,"2"
43,2367,1,114,1,38,2,"2"
23,31,1,192,1,-1,0,"2"
48,3842,1,215,2,-1,0,"2"
30,3343,1,235,1,-1,0,"2"
38,25,1,232,2,-1,0,"2"
38,804,1,1087,1,-1,0,"2"
34,1011,1,253,1,-1,0,"2"
52,-528,1,1144,2,-1,0,"2"
27,1840,1,220,1,28,8,"2"
40,1451,1,314,1,-1,0,"2"
47,2351,2,163,2,84,1,"2"
54,1664,2,257,3,-1,0,"2"
26,1623,2,479,1,-1,0,"2"
37,597,2,395,1,-1,0,"2"
37,0,2,107,1,-1,0,"2"
34,611,2,350,1,-1,0,"2"
53,2240,2,282,2,385,1,"2"
26,313,2,199,1,96,2,"2"
44,1954,2,294,1,-1,0,"2"
29,307,2,690,1,-1,0,"2"
26,915,2,384,1,-1,0,"2"
40,7968,2,596,1,-1,0,"2"
47,1147,2,654,1,95,1,"2"
43,2160,2,169,1,-1,0,"2"
52,1005,2,195,1,-1,0,"2"
38,1988,2,103,1,67,4,"2"
33,1117,2,417,1,-1,0,"2"
50,3370,2,160,2,-1,0,"2"
53,109,2,270,1,-1,0,"2"
57,3376,2,421,2,-1,0,"2"
39,1587,2,171,3,-1,0,"2"
42,1376,2,271,2,92,4,"2"
49,523,2,712,1,60,3,"2"
27,15161,2,74,1,120,1,"2"
32,653,2,84,1,-1,0,"2"
38,5115,2,318,1,95,7,"2"
31,64,2,261,2,-1,0,"2"
29,1165,2,245,1,-1,0,"2"
49,7019,2,263,1,368,3,"2"
46,1568,2,310,1,55,6,"2"
57,3109,2,482,2,-1,0,"2"
28,4987,2,924,2,113,21,"2"
37,189,2,253,2,-1,0,"2"
38,2467,2,192,1,-1,0,"2"
49,5887,2,181,3,293,2,"2"
35,1354,2,250,2,-1,0,"2"
54,2587,2,236,2,-1,0,"2"
29,23,2,163,1,55,2,"2"
52,0,2,541,3,-1,0,"2"
34,978,3,262,2,71,1,"2"
60,294,3,206,4,-1,0,"2"
32,409,3,115,2,86,2,"2"
40,595,3,406,2,-1,0,"2"
54,990,3,244,2,-1,0,"2"
27,261,3,592,4,-1,0,"2"
55,27624,3,437,1,-1,0,"2"
29,3846,3,313,2,-1,0,"2"
42,2913,3,705,1,195,1,"2"
33,2240,3,198,1,-1,0,"2"
34,127,3,117,1,-1,0,"2"
52,2104,3,210,2,-1,0,"2"
29,5,3,321,1,-1,0,"2"
39,150,3,296,4,-1,0,"2"
31,882,3,411,1,-1,0,"2"
60,366,3,593,1,-1,0,"2"
25,1189,3,165,1,-1,0,"2"
45,204,3,224,2,-1,0,"2"
29,637,3,340,1,119,1,"2"
55,2383,3,591,2,-1,0,"2"
26,1231,3,385,2,96,5,"2"
30,3340,3,238,3,-1,0,"2"
54,200,3,170,1,-1,0,"2"
39,48,3,539,1,-1,0,"2"
42,576,3,447,2,96,1,"2"
26,2786,3,300,2,72,1,"2"
57,5313,3,200,1,-1,0,"2"
39,201,3,699,1,119,1,"2"
40,694,3,431,2,119,9,"2"
25,389,3,837,1,-1,0,"2"
43,3917,3,725,2,93,1,"2"
36,3158,3,144,2,-1,0,"2"
25,362,3,617,2,-1,0,"2"
39,1293,3,140,2,-1,0,"2"
32,889,3,1076,2,85,3,"2"
43,481,3,187,1,20,1,"2"
50,810,4,510,3,-1,0,"2"
35,52,4,328,2,94,4,"2"
37,108,4,262,2,-1,0,"2"
42,2665,4,280,2,126,11,"2"
42,684,4,207,1,-1,0,"2"
27,2071,4,449,1,-1,0,"2"
27,339,4,182,1,-1,0,"2"
29,572,4,224,1,-1,0,"2"
29,1779,4,400,1,-1,0,"2"
26,132,4,217,1,-1,0,"2"
39,22086,4,160,1,-1,0,"2"
41,0,4,352,2,122,2,"2"
29,205,4,787,1,-1,0,"2"
33,317,4,323,1,80,14,"2"
32,4945,4,160,1,119,2,"2"
43,2987,4,156,1,85,3,"2"
30,419,4,194,1,-1,0,"2"
38,1130,4,96,2,98,1,"2"
55,1662,4,94,2,-1,0,"2"
25,1871,4,136,1,-1,0,"2"
38,1190,4,81,2,391,3,"2"
41,3426,4,102,2,297,3,"2"
31,447,4,327,3,77,3,"2"
35,563,4,147,1,119,3,"2"
31,6,4,121,4,-1,0,"2"
25,594,4,89,2,-1,0,"2"
31,617,4,1161,1,97,2,"2"
34,2918,4,246,1,196,2,"2"
27,538,4,124,2,-1,0,"2"
30,3384,4,578,2,-1,0,"2"
34,303,4,282,3,126,3,"2"
40,985,4,592,3,50,8,"2"
57,126,4,166,2,-1,0,"2"
46,974,5,174,2,80,1,"2"
27,897,5,397,1,-1,0,"2"
28,171,5,324,1,87,1,"2"
28,1633,5,275,1,-1,0,"2"
35,1085,5,199,1,86,7,"2"
58,1980,5,255,1,-1,0,"2"
57,1227,5,232,1,-1,0,"2"
44,1933,5,462,1,-1,0,"2"
25,801,5,255,2,-1,0,"2"
57,1841,5,302,1,-1,0,"2"
25,42,5,149,1,94,1,"2"
21,794,5,191,1,-1,0,"2"
49,905,5,1543,1,-1,0,"2"
54,8295,5,207,1,-1,0,"2"
59,0,5,493,2,-1,0,"2"
28,874,5,509,1,-1,0,"2"
37,4321,5,657,1,-1,0,"2"
55,366,5,365,3,57,2,"2"
30,0,5,159,2,-1,0,"2"
35,471,5,276,2,-1,0,"2"
35,745,5,522,3,-1,0,"2"
31,924,5,207,2,98,1,"2"
41,216,5,577,3,-1,0,"2"
55,9756,5,103,2,95,1,"2"
30,1159,5,366,1,-1,0,"2"
28,3290,5,201,2,-1,0,"2"
31,1766,5,166,2,-1,0,"2"
31,582,5,548,2,-1,0,"2"
53,380,5,438,2,-1,0,"2"
57,256,5,304,2,91,1,"2"
22,682,5,126,2,91,1,"2"
36,92,5,244,7,-1,0,"2"
33,66,5,157,2,-1,0,"2"
37,0,8,257,2,97,1,"2"
46,3434,8,148,2,101,1,"2"
31,252,8,107,3,-1,0,"2"
49,6574,8,138,3,-1,0,"2"
51,2094,8,458,6,-1,0,"2"
34,294,8,301,3,-1,0,"2"
35,1177,8,243,4,-1,0,"2"
35,925,8,200,4,-1,0,"2"
32,8866,9,234,2,83,2,"2"
50,3357,9,239,4,-1,0,"2"
36,3407,9,993,4,85,4,"2"
31,5205,9,529,2,-1,0,"2"
41,254,9,183,2,294,2,"2"
25,3630,9,221,7,-1,0,"2"
24,1506,12,239,2,95,4,"2"
42,4216,12,186,2,-1,0,"2"
25,12,12,126,6,-1,0,"2"
60,544,12,95,7,357,2,"2"
40,10346,15,491,2,207,1,"2"
50,1612,15,532,2,98,2,"2"
34,1539,15,441,1,56,1,"2"
31,131,15,151,1,-1,0,"2"
32,718,15,95,1,-1,0,"2"
60,3547,15,351,6,-1,0,"2"
32,914,15,372,1,-1,0,"2"
52,1306,15,288,1,-1,0,"2"
34,172,15,177,1,-1,0,"2"
59,259,15,415,1,89,1,"2"
56,-1206,15,382,2,-1,0,"2"
47,372,15,257,1,-1,0,"2"
43,3518,15,181,2,-1,0,"2"
25,505,15,284,1,-1,0,"2"
35,71,15,651,1,-1,0,"2"
31,1776,15,220,1,207,1,"2"
27,20585,15,188,1,-1,0,"2"
26,1595,15,155,1,105,1,"2"
37,1000,15,322,1,90,1,"2"
27,138,15,89,2,-1,0,"2"
49,561,15,173,1,-1,0,"2"
26,170,15,129,1,-1,0,"2"
37,189,16,162,2,-1,0,"2"
28,502,16,136,2,-1,0,"2"
33,379,16,263,2,-1,0,"2"
31,14533,16,245,2,-1,0,"2"
28,136,16,355,1,-1,0,"2"
32,689,16,162,3,-1,0,"2"
27,246,17,453,2,-1,0,"2"
59,3735,17,243,3,91,6,"2"
30,8535,18,393,2,-1,0,"2"
30,2567,18,813,4,-1,0,"2"
34,443,18,235,3,-1,0,"2"
38,605,18,1603,10,-1,0,"2"
58,2074,18,259,2,-1,0,"2"
34,2374,18,270,2,314,2,"2"
26,1347,18,280,6,92,5,"2"
59,3648,19,1321,3,-1,0,"2"
49,7443,19,293,5,211,2,"2"
28,442,19,474,3,95,3,"2"
57,10583,22,295,3,-1,0,"2"
83,425,22,883,1,140,1,"2"
61,997,22,269,1,104,1,"2"
64,5966,22,983,1,-1,0,"2"
37,2061,22,459,1,109,3,"2"
68,0,22,586,1,-1,0,"2"
58,4348,23,790,4,141,1,"2"
71,2887,30,128,1,-1,0,"2"
54,1464,30,157,1,-1,0,"2"
37,1315,30,224,1,-1,0,"2"
22,466,30,377,1,-1,0,"2"
44,2383,1,571,2,-1,0,"2"
37,1649,1,140,3,-1,0,"2"
72,132,1,260,2,65,1,"2"
78,2787,1,372,1,-1,0,"2"
26,0,1,261,4,-1,0,"2"
69,482,2,260,2,-1,0,"2"
41,203,2,342,2,-1,0,"2"
44,88,2,275,1,-1,0,"2"
32,2881,2,356,1,-1,0,"2"
79,668,2,363,1,-1,0,"2"
33,73,2,218,1,-1,0,"2"
45,1309,2,367,1,-1,0,"2"
40,2763,2,566,1,395,2,"2"
30,536,2,309,1,-1,0,"2"
42,2959,2,711,1,342,1,"2"
30,930,2,396,1,-1,0,"2"
28,12956,2,940,1,399,3,"2"
58,0,2,478,2,-1,0,"2"
28,9314,2,276,2,-1,0,"2"
39,19,2,503,2,147,5,"2"
31,625,2,135,2,49,3,"2"
45,5511,2,272,1,-1,0,"2"
56,1137,2,176,1,-1,0,"2"
46,1329,3,247,2,-1,0,"2"
56,1044,3,353,2,-1,0,"2"
27,302,3,203,1,-1,0,"2"
30,330,3,264,1,80,1,"2"
26,2857,3,446,1,-1,0,"2"
35,68,3,175,1,-1,0,"2"
52,1524,3,1007,6,-1,0,"2"
54,1633,3,409,2,-1,0,"2"
25,285,3,658,3,-1,0,"2"
41,0,3,438,2,389,1,"2"
24,507,3,257,1,-1,0,"2"
35,0,3,704,1,-1,0,"2"
28,643,3,308,2,-1,0,"2"
62,2785,6,270,3,-1,0,"2"
52,137,6,227,2,-1,0,"2"
23,870,6,316,4,-1,0,"2"
82,8603,7,429,1,-1,0,"2"
63,18016,7,371,1,-1,0,"2"
32,51,7,297,1,-1,0,"2"
31,1032,7,284,1,-1,0,"2"
48,2892,7,407,1,385,1,"2"
37,981,7,682,2,386,1,"2"
40,431,7,180,2,-1,0,"2"
66,203,7,376,1,-1,0,"2"
37,3737,7,224,1,-1,0,"2"
38,7005,7,370,1,412,1,"2"
27,111,7,495,2,-1,0,"2"
58,565,7,876,1,-1,0,"2"
49,889,7,388,1,-1,0,"2"
51,6840,7,257,1,-1,0,"2"
31,202,8,167,1,62,1,"2"
31,307,8,361,1,229,2,"2"
38,0,8,341,1,385,1,"2"
79,429,8,1006,2,-1,0,"2"
71,4388,8,896,2,-1,0,"2"
52,2557,8,340,1,156,1,"2"
55,3122,8,349,1,-1,0,"2"
46,922,8,576,1,-1,0,"2"
28,3796,8,315,2,-1,0,"2"
24,9883,8,210,5,-1,0,"2"
22,185,8,153,1,-1,0,"2"
49,151,8,97,3,-1,0,"2"
20,829,9,253,2,-1,0,"2"
19,103,10,104,2,-1,0,"2"
34,79,10,336,4,-1,0,"2"
73,1609,14,169,2,-1,0,"2"
27,2489,15,323,2,163,2,"2"
59,989,20,125,2,-1,0,"2"
25,58,24,139,5,-1,0,"2"
44,323,28,332,2,181,2,"2"
42,11008,28,822,6,405,1,"2"
28,5474,28,486,5,-1,0,"2"
46,2196,28,573,5,-1,0,"2"
25,219,4,576,1,96,1,"2"
28,1240,4,849,1,-1,0,"2"
61,569,4,219,1,-1,0,"2"
52,1228,4,218,1,-1,0,"2"
57,1660,4,642,1,-1,0,"2"
49,914,4,185,1,-1,0,"2"
33,1699,4,600,1,-1,0,"2"
47,1167,4,505,1,96,6,"2"
68,19317,4,249,1,-1,0,"2"
40,1646,4,173,1,92,5,"2"
46,242,4,120,2,96,1,"2"
29,382,5,409,4,-1,0,"2"
55,2383,5,1019,2,63,2,"2"
30,2666,5,475,2,93,4,"2"
49,1718,5,211,1,-1,0,"2"
48,1147,5,389,1,64,2,"2"
21,216,5,414,1,-1,0,"2"
45,153,5,277,1,-1,0,"2"
43,1791,5,254,1,-1,0,"2"
47,86,5,253,1,97,4,"2"
27,6791,5,179,2,69,26,"2"
20,292,5,385,2,93,1,"2"
47,3940,5,226,3,97,2,"2"
37,1291,5,150,1,97,2,"2"
36,495,5,157,3,97,2,"2"
61,175,5,270,2,-1,0,"2"
53,1624,6,107,1,98,6,"2"
61,3140,6,975,4,98,1,"2"
57,0,6,355,1,-1,0,"2"
40,0,6,131,2,98,6,"2"
53,0,6,1452,1,98,2,"2"
73,5539,6,338,1,-1,0,"2"
65,4717,6,256,1,-1,0,"2"
67,701,6,254,2,-1,0,"2"
66,3,6,550,1,-1,0,"2"
67,405,7,345,2,-1,0,"2"
57,168,7,342,1,-1,0,"2"
38,4297,7,206,2,-1,0,"2"
47,66,7,358,1,-1,0,"2"
56,10532,7,324,1,-1,0,"2"
46,4693,7,79,1,394,2,"2"
32,1536,7,289,2,-1,0,"2"
69,9064,7,714,1,-1,0,"2"
32,6983,7,255,1,-1,0,"2"
72,2,7,147,2,-1,0,"2"
41,1536,7,273,1,95,2,"2"
72,1612,7,530,2,-1,0,"2"
33,1211,7,456,1,-1,0,"2"
37,96,7,155,1,99,2,"2"
26,390,7,325,1,-1,0,"2"
77,638,7,453,1,-1,0,"2"
34,0,7,262,1,99,2,"2"
44,1534,7,166,1,99,2,"2"
42,3403,7,215,1,99,1,"2"
58,687,7,221,1,99,2,"2"
34,7050,7,130,1,-1,0,"2"
55,538,7,353,2,-1,0,"2"
71,2600,7,212,1,-1,0,"2"
41,2226,7,182,2,99,1,"2"
23,0,7,217,1,99,7,"2"
60,1034,7,231,3,-1,0,"2"
18,108,10,167,1,-1,0,"2"
54,10185,10,559,1,70,2,"2"
42,11115,10,187,1,102,1,"2"
32,935,10,161,2,375,5,"2"
59,3444,10,252,1,185,2,"2"
32,1815,10,235,1,102,2,"2"
61,52587,10,290,1,-1,0,"2"
31,10884,10,294,3,98,2,"2"
30,697,10,179,3,102,2,"2"
23,0,10,213,1,-1,0,"2"
42,201,11,265,1,103,3,"2"
42,190,11,704,2,-1,0,"2"
42,94,11,176,2,90,4,"2"
70,1311,11,651,1,-1,0,"2"
57,589,11,167,1,190,5,"2"
60,1853,11,408,1,-1,0,"2"
53,4401,11,254,1,-1,0,"2"
48,201,11,140,1,-1,0,"2"
30,533,11,229,2,99,4,"2"
61,2557,11,139,3,190,1,"2"
39,3840,11,315,2,-1,0,"2"
42,994,11,149,1,78,5,"2"
26,96,11,349,1,70,3,"2"
46,1600,11,1244,1,-1,0,"2"
40,100,11,221,1,461,1,"2"
39,260,11,175,2,116,2,"2"
58,1013,11,206,1,461,1,"2"
42,413,11,589,2,-1,0,"2"
60,631,12,429,2,-1,0,"2"
32,3283,12,623,2,191,2,"2"
44,1070,12,137,2,104,3,"2"
31,181,12,182,1,104,1,"2"
32,484,12,668,2,463,1,"2"
21,123,12,449,1,-1,0,"2"
35,353,12,582,1,-1,0,"2"
50,2794,12,1336,2,-1,0,"2"
36,3850,12,239,2,100,4,"2"
75,2970,12,641,1,-1,0,"2"
20,6991,12,178,2,-1,0,"2"
36,29,12,576,1,-1,0,"2"
57,2223,12,1064,1,-1,0,"2"
41,27696,12,147,2,104,1,"2"
59,116,12,398,4,422,3,"2"
36,2987,12,307,1,-1,0,"2"
61,2,12,131,1,114,3,"2"
18,608,12,267,1,-1,0,"2"
51,1679,12,417,1,365,9,"2"
34,48,12,810,3,93,6,"2"
55,113,12,306,1,457,3,"2"
58,462,12,332,1,-1,0,"2"
33,498,12,338,2,104,1,"2"
43,2643,12,188,3,100,5,"2"
34,1337,12,255,2,104,1,"2"
35,618,12,293,1,104,1,"2"
43,451,12,289,2,-1,0,"2"
74,0,13,562,2,-1,0,"2"
45,11,13,489,5,-1,0,"2"
38,1165,13,784,3,94,10,"2"
77,699,13,425,2,-1,0,"2"
32,2465,13,414,1,-1,0,"2"
29,41,13,148,2,-1,0,"2"
31,35,13,315,2,105,1,"2"
36,341,13,282,1,-1,0,"2"
50,3169,13,399,1,430,1,"2"
44,14,13,234,1,-1,0,"2"
60,523,13,192,3,-1,0,"2"
23,431,13,496,2,-1,0,"2"
56,616,13,293,2,105,2,"2"
76,3324,13,227,2,192,1,"2"
33,227,13,477,2,-1,0,"2"
28,113,13,204,3,105,1,"2"
34,13014,13,738,1,-1,0,"2"
56,9367,13,320,2,101,2,"2"
45,2067,13,393,2,462,1,"2"
36,376,13,479,1,-1,0,"2"
57,842,13,284,3,-1,0,"2"
49,1235,13,354,3,-1,0,"2"
49,1,13,640,2,101,4,"2"
37,775,14,150,2,-1,0,"2"
37,1276,14,156,2,-1,0,"2"
35,18111,14,172,4,-1,0,"2"
46,44,14,225,1,-1,0,"2"
26,255,14,209,2,106,2,"2"
47,926,14,436,1,403,5,"2"
36,1506,14,326,3,-1,0,"2"
36,2843,14,186,1,-1,0,"2"
37,444,14,137,1,102,5,"2"
62,557,14,185,1,-1,0,"2"
26,535,14,125,1,-1,0,"2"
45,2671,14,94,4,-1,0,"2"
33,271,14,801,2,-1,0,"2"
63,896,14,276,2,-1,0,"2"
23,272,14,100,2,-1,0,"2"
25,528,14,201,1,-1,0,"2"
60,209,14,391,3,106,1,"2"
44,226,14,190,3,270,3,"2"
33,1974,14,498,2,191,1,"2"
39,942,14,880,3,267,1,"2"
46,336,14,260,3,457,1,"2"
25,4147,14,211,3,-1,0,"2"
42,-306,17,308,1,459,1,"2"
56,4623,17,348,1,-1,0,"2"
82,276,17,199,1,-1,0,"2"
77,0,17,286,1,-1,0,"2"
36,1189,17,220,1,-1,0,"2"
35,431,17,343,2,397,1,"2"
50,2218,17,711,1,-1,0,"2"
62,1495,17,606,1,196,1,"2"
26,828,17,156,1,199,1,"2"
24,556,18,460,2,-1,0,"2"
55,12972,18,205,1,-1,0,"2"
22,948,18,215,1,197,2,"2"
30,48,18,161,1,173,1,"2"
55,0,18,237,1,-1,0,"2"
34,0,18,148,1,84,2,"2"
31,537,18,216,1,-1,0,"2"
55,1938,18,193,1,386,3,"2"
34,5,18,370,2,-1,0,"2"
49,9131,18,532,1,461,5,"2"
67,443,18,441,1,-1,0,"2"
43,132,19,574,1,84,3,"2"
26,3704,19,238,4,-1,0,"2"
35,2658,19,768,2,141,3,"2"
25,3411,19,225,2,-1,0,"2"
59,1,19,335,1,-1,0,"2"
44,10905,19,240,2,271,1,"2"
42,976,19,164,1,-1,0,"2"
29,2531,19,634,1,-1,0,"2"
32,1270,19,232,3,-1,0,"2"
30,5359,19,145,1,84,2,"2"
38,10596,19,195,1,197,4,"2"
22,691,19,338,1,-1,0,"2"
28,67,20,329,3,199,2,"2"
25,347,20,267,1,-1,0,"2"
34,9962,20,474,1,-1,0,"2"
59,2239,20,377,6,90,1,"2"
27,11862,20,217,1,87,6,"2"
62,0,20,158,1,-1,0,"2"
35,1756,20,195,1,-1,0,"2"
45,4068,20,184,1,-1,0,"2"
46,368,20,293,1,90,4,"2"
34,1406,20,63,2,85,1,"2"
34,197,20,78,3,-1,0,"2"
42,5310,20,273,1,90,3,"2"
20,215,21,228,4,183,1,"2"
60,106,21,216,3,91,1,"2"
47,0,21,374,1,-1,0,"2"
52,363,21,168,1,462,1,"2"
61,1046,21,158,1,-1,0,"2"
25,469,21,273,1,86,1,"2"
65,2326,21,276,1,-1,0,"2"
50,3370,21,531,2,80,2,"2"
22,144,21,116,1,-1,0,"2"
43,733,21,126,1,88,4,"2"
59,474,21,252,1,-1,0,"2"
53,-309,21,343,2,428,2,"2"
38,6728,21,252,4,-1,0,"2"
71,5584,21,534,3,-1,0,"2"
28,61,21,744,1,109,3,"2"
59,1047,21,438,1,184,3,"2"
29,265,24,130,2,94,1,"2"
51,117,24,467,2,88,4,"2"
48,5473,24,232,2,-1,0,"2"
37,106,25,511,1,392,13,"2"
37,127,25,192,1,193,1,"2"
18,3,25,130,2,-1,0,"2"
64,380,25,479,1,-1,0,"2"
69,0,25,412,2,-1,0,"2"
36,255,25,242,6,95,4,"2"
43,2145,25,291,2,95,4,"2"
63,91,26,128,3,-1,0,"2"
70,1853,26,314,1,-1,0,"2"
60,11262,26,323,1,-1,0,"2"
86,0,26,189,1,-1,0,"2"
64,34,26,244,2,-1,0,"2"
72,1129,26,186,1,-1,0,"2"
42,294,26,513,1,-1,0,"2"
60,108,26,624,1,-1,0,"2"
43,1696,26,257,1,474,3,"2"
25,331,26,170,4,-1,0,"2"
57,854,27,700,4,92,1,"2"
28,223,27,157,2,119,1,"2"
36,40,27,259,3,475,4,"2"
66,2048,27,212,1,-1,0,"2"
33,3689,27,445,3,-1,0,"2"
36,539,27,398,2,477,1,"2"
29,590,27,81,1,94,1,"2"
62,780,28,162,2,-1,0,"2"
34,1464,28,207,3,130,5,"2"
29,1311,28,622,1,-1,0,"2"
30,7,28,173,1,164,4,"2"
32,636,28,370,1,116,4,"2"
39,24277,28,261,1,-1,0,"2"
55,1872,28,155,2,93,8,"2"
36,490,28,207,8,98,1,"2"
27,118,31,160,3,98,1,"2"
45,4119,31,473,2,283,1,"2"
55,1504,31,186,3,101,2,"2"
52,2087,31,267,1,474,1,"2"
49,5689,31,470,1,97,3,"2"
25,1231,31,271,2,-1,0,"2"
30,201,31,219,1,157,12,"2"
33,1429,31,268,8,-1,0,"2"
39,119,1,265,2,476,4,"2"
48,17964,1,120,1,98,5,"2"
36,1113,1,212,1,-1,0,"2"
27,1596,1,82,1,-1,0,"2"
51,2635,1,181,1,98,2,"2"
25,162,1,531,2,-1,0,"2"
48,568,2,378,2,386,1,"2"
70,2626,2,140,2,-1,0,"2"
63,4752,2,233,2,-1,0,"2"
34,528,2,121,3,100,5,"2"
46,2552,3,260,1,94,8,"2"
71,653,3,471,1,189,1,"2"
44,2033,3,444,1,99,1,"2"
31,3343,3,365,1,94,1,"2"
32,995,3,331,1,99,2,"2"
40,7968,3,733,1,93,1,"2"
62,0,3,299,1,-1,0,"2"
30,0,4,316,3,-1,0,"2"
55,2587,4,328,2,94,2,"2"
60,5267,4,520,1,-1,0,"2"
57,6468,4,730,1,157,4,"2"
59,4744,4,879,1,-1,0,"2"
31,882,4,293,1,93,1,"2"
26,1231,4,230,1,93,7,"2"
73,3443,4,770,3,-1,0,"2"
30,2568,4,563,1,100,4,"2"
35,80,4,434,2,94,1,"2"
64,1644,7,569,4,-1,0,"2"
36,1354,7,281,3,97,2,"2"
55,602,7,350,1,98,5,"2"
63,1795,7,219,1,-1,0,"2"
35,7918,7,497,1,-1,0,"2"
52,0,7,211,1,294,1,"2"
34,268,7,587,1,-1,0,"2"
36,52,7,351,1,95,6,"2"
31,924,7,231,1,94,3,"2"
45,1411,7,800,2,102,3,"2"
47,3033,8,293,1,-1,0,"2"
50,6574,8,495,1,92,3,"2"
70,0,8,206,1,-1,0,"2"
43,2160,8,261,1,98,1,"2"
18,108,8,169,1,-1,0,"2"
33,409,8,165,1,97,4,"2"
24,726,8,445,2,-1,0,"2"
25,1871,8,260,1,96,1,"2"
26,1094,8,137,1,-1,0,"2"
32,2915,8,519,1,131,2,"2"
25,480,8,140,1,-1,0,"2"
39,1587,8,108,2,98,3,"2"
58,1227,8,400,2,95,1,"2"
42,1205,8,376,2,-1,0,"2"
30,161,8,298,3,-1,0,"2"
76,802,9,475,5,-1,0,"2"
79,723,9,276,1,79,3,"2"
70,6538,9,394,1,-1,0,"2"
35,2161,9,569,3,-1,0,"2"
30,147,9,234,1,100,1,"2"
60,0,9,408,1,-1,0,"2"
50,3764,9,214,2,99,4,"2"
51,1416,9,345,1,-1,0,"2"
71,14220,9,397,1,-1,0,"2"
31,12569,9,344,1,295,1,"2"
32,555,9,344,1,-1,0,"2"
34,158,9,278,2,132,4,"2"
28,261,9,259,2,98,4,"2"
45,786,10,84,3,-1,0,"2"
32,889,10,185,1,99,5,"2"
53,27,10,230,3,-1,0,"2"
38,0,11,260,3,95,3,"2"
56,2815,11,212,1,-1,0,"2"
42,3082,11,285,1,-1,0,"2"
36,495,11,91,1,37,5,"2"
47,1233,11,91,1,100,2,"2"
73,739,11,210,1,-1,0,"2"
46,640,11,108,2,129,2,"2"
32,2,11,100,2,-1,0,"2"
73,1843,11,106,2,-1,0,"2"
28,322,11,240,2,95,3,"2"
46,7331,11,658,4,95,2,"2"
74,1765,11,290,2,-1,0,"2"
71,1236,14,335,4,-1,0,"2"
41,6046,14,185,2,-1,0,"2"
73,934,14,961,5,-1,0,"2"
47,1013,15,170,1,92,3,"2"
49,596,15,722,1,-1,0,"2"
48,2351,15,150,1,105,3,"2"
46,273,15,1962,1,105,3,"2"
40,4775,15,215,1,-1,0,"2"
57,3109,15,107,2,105,2,"2"
50,388,15,173,2,99,4,"2"
34,262,15,89,2,106,1,"2"
56,654,15,875,1,-1,0,"2"
32,1855,15,126,2,134,1,"2"
50,810,15,91,1,103,3,"2"
54,1664,15,106,1,105,3,"2"
26,362,15,925,1,104,2,"2"
40,1293,16,1702,3,105,2,"2"
31,3384,16,153,1,104,2,"2"
29,874,16,152,1,103,1,"2"
52,10943,16,292,1,-1,0,"2"
38,4539,16,387,1,-1,0,"2"
46,2817,17,543,1,-1,0,"2"
26,1646,18,890,5,-1,0,"2"
25,808,18,267,2,114,2,"2"
28,762,18,115,3,-1,0,"2"
70,44,18,1104,2,88,2,"2"
83,425,22,773,1,92,2,"2"
43,2367,22,83,1,113,3,"2"
45,10252,22,173,1,141,2,"2"
37,1000,22,239,1,99,2,"2"
71,4380,22,369,1,-1,0,"2"
27,20585,23,299,1,100,1,"2"
47,2601,24,261,1,-1,0,"2"
42,238,25,692,1,-1,0,"2"
77,0,25,210,1,-1,0,"2"
61,3371,28,299,2,-1,0,"2"
28,0,28,294,2,105,7,"2"
57,10583,28,341,3,98,3,"2"
34,16,29,316,1,119,1,"2"
50,0,29,159,1,120,2,"2"
40,1451,30,117,1,121,1,"2"
38,1711,30,234,1,-1,0,"2"
84,0,30,992,2,-1,0,"2"
35,611,1,305,2,121,1,"2"
26,132,1,194,1,119,1,"2"
37,189,1,238,1,107,2,"2"
47,288,1,101,1,-1,0,"2"
37,1027,1,137,1,119,1,"2"
28,6784,1,502,1,115,3,"2"
54,1464,2,194,2,94,1,"2"
54,8295,2,849,2,119,1,"2"
61,2917,6,215,1,-1,0,"2"
30,158,6,144,1,-1,0,"2"
60,1588,6,728,1,-1,0,"2"
30,655,6,384,2,-1,0,"2"
57,854,6,480,1,40,5,"2"
44,282,6,296,3,-1,0,"2"
37,604,7,371,1,495,1,"2"
33,5437,7,201,1,58,3,"2"
25,1185,7,290,1,114,1,"2"
54,895,7,335,1,-1,0,"2"
24,1857,8,147,1,92,5,"2"
36,4596,8,234,2,175,2,"2"
42,849,8,667,1,321,1,"2"
29,3528,8,137,1,-1,0,"2"
58,565,8,153,1,93,1,"2"
33,1781,8,611,2,183,1,"2"
27,3415,9,266,3,184,1,"2"
79,79,9,1106,2,-1,0,"2"
60,12039,12,261,1,187,1,"2"
47,2524,12,105,1,-1,0,"2"
56,12,12,511,3,187,1,"2"
25,139,12,138,1,-1,0,"2"
21,2488,12,180,1,-1,0,"2"
73,7111,12,146,1,-1,0,"2"
67,361,13,411,2,-1,0,"2"
51,2109,13,79,2,-1,0,"2"
48,1093,13,1226,2,-1,0,"2"
39,385,13,242,1,48,2,"2"
35,2646,13,221,1,182,1,"2"
61,6,13,210,1,182,2,"2"
62,1495,13,896,1,57,2,"2"
35,670,13,301,2,-1,0,"2"
36,592,13,204,2,99,5,"2"
83,1965,13,1003,3,-1,0,"2"
32,2688,14,216,1,57,1,"2"
23,107,14,84,1,183,1,"2"
50,313,14,958,1,-1,0,"2"
66,40,14,290,2,-1,0,"2"
58,4198,15,441,5,246,5,"2"
30,536,15,244,1,105,1,"2"
54,1311,15,485,3,184,3,"2"
26,766,15,457,2,-1,0,"2"
62,1528,15,134,2,184,1,"2"
43,2557,15,166,3,183,5,"2"
40,79,15,570,1,135,1,"2"
57,1318,16,115,1,185,2,"2"
75,3771,16,186,1,183,1,"2"
77,0,16,847,1,60,1,"2"
31,6138,16,154,2,119,5,"2"
22,129,16,258,1,-1,0,"2"
50,469,16,170,1,183,1,"2"
27,893,16,154,2,-1,0,"2"
34,3119,16,306,1,-1,0,"2"
73,519,16,434,1,57,1,"2"
40,2266,16,447,1,147,5,"2"
37,4017,16,156,1,-1,0,"2"
44,643,16,324,1,143,3,"2"
40,2338,16,717,2,-1,0,"2"
61,0,16,136,2,-1,0,"2"
74,4079,19,343,3,-1,0,"2"
61,6481,19,131,1,-1,0,"2"
47,820,19,98,1,-1,0,"2"
47,1784,19,385,2,-1,0,"2"
76,1411,19,233,2,187,3,"2"
30,7529,19,328,1,-1,0,"2"
22,3472,20,332,1,183,3,"2"
39,206,20,148,2,195,2,"2"
72,1388,20,513,1,-1,0,"2"
77,1807,20,373,1,-1,0,"2"
36,480,20,213,1,-1,0,"2"
65,571,20,349,1,183,2,"2"
54,3994,20,595,2,187,2,"2"
46,1693,20,427,1,-1,0,"2"
28,80,20,676,2,146,2,"2"
61,267,21,192,3,184,1,"2"
53,2581,21,828,1,189,1,"2"
38,0,21,576,1,183,4,"2"
27,1134,21,825,1,183,4,"2"
55,309,21,467,2,184,1,"2"
33,6807,21,512,2,184,1,"2"
87,6746,21,749,1,-1,0,"2"
57,375,21,135,1,-1,0,"2"
33,658,21,307,1,208,1,"2"
51,371,21,287,1,-1,0,"2"
76,2693,21,107,2,-1,0,"2"
64,4688,21,200,1,-1,0,"2"
19,329,22,252,2,-1,0,"2"
33,79,22,249,2,335,2,"2"
55,0,22,360,5,-1,0,"2"
31,6281,22,257,1,128,3,"2"
92,775,22,313,3,-1,0,"2"
35,2779,22,118,2,-1,0,"2"
30,411,22,127,3,149,2,"2"
68,2144,22,277,1,184,2,"2"
42,527,22,181,1,185,1,"2"
41,431,22,133,1,107,2,"2"
29,123,22,247,1,184,3,"2"
27,3792,22,504,1,183,2,"2"
78,4807,22,1002,4,-1,0,"2"
82,8603,22,306,3,107,1,"2"
29,2178,22,260,2,139,1,"2"
78,229,22,97,1,-1,0,"2"
76,2991,22,344,1,183,1,"2"
38,4174,23,336,2,184,5,"2"
60,10925,23,270,3,185,1,"2"
33,2411,23,130,1,161,1,"2"
43,14646,23,210,1,-1,0,"2"
61,86,23,149,1,-1,0,"2"
43,11115,23,476,1,74,2,"2"
73,796,23,427,1,182,2,"2"
57,6900,23,255,4,185,2,"2"
33,5878,23,438,1,430,2,"2"
77,1780,23,221,2,183,3,"2"
35,183,23,281,1,52,4,"2"
59,3648,23,257,2,126,3,"2"
76,4112,23,282,2,-1,0,"2"
73,542,26,355,1,180,5,"2"
81,243,27,131,1,-1,0,"2"
41,942,27,143,1,188,1,"2"
57,254,27,207,1,-1,0,"2"
28,0,27,96,1,267,1,"2"
38,0,27,297,1,75,3,"2"
30,398,27,102,1,180,3,"2"
52,992,27,424,1,515,1,"2"
22,23,27,137,1,-1,0,"2"
53,732,27,759,2,-1,0,"2"
60,4629,27,624,1,-1,0,"2"
56,0,27,298,1,111,8,"2"
38,70,27,255,3,148,1,"2"
44,5063,27,418,2,-1,0,"2"
69,4572,27,146,2,56,1,"2"
29,1788,27,353,1,-1,0,"2"
52,659,27,113,1,-1,0,"2"
36,129,27,149,1,-1,0,"2"
50,3463,28,96,1,-1,0,"2"
75,4984,28,509,1,-1,0,"2"
65,1004,28,371,1,-1,0,"2"
64,4787,28,501,1,-1,0,"2"
30,914,28,524,3,272,1,"2"
57,2326,28,207,1,194,1,"2"
31,81,29,164,2,-1,0,"2"
52,2230,29,423,3,-1,0,"2"
36,203,29,139,1,-1,0,"2"
64,3951,29,164,1,-1,0,"2"
54,240,29,142,1,-1,0,"2"
26,338,29,209,1,188,2,"2"
51,0,29,1707,2,-1,0,"2"
72,0,29,189,3,-1,0,"2"
30,944,29,251,2,-1,0,"2"
60,5,29,401,1,-1,0,"2"
30,697,29,215,3,80,5,"2"
45,0,29,264,1,-1,0,"2"
66,1948,29,106,2,269,2,"2"
50,3654,29,215,2,78,2,"2"
54,962,29,288,3,-1,0,"2"
47,551,29,124,1,-1,0,"2"
53,395,29,136,1,148,1,"2"
47,159,29,220,3,155,3,"2"
80,997,29,746,2,86,1,"2"
61,477,29,377,1,520,1,"2"
47,3663,29,424,2,213,3,"2"
30,853,29,279,1,148,1,"2"
21,8278,29,445,1,-1,0,"2"
62,7458,30,212,2,-1,0,"2"
41,0,30,373,3,-1,0,"2"
49,348,30,125,1,-1,0,"2"
26,44,30,217,1,-1,0,"2"
36,1193,30,640,1,-1,0,"2"
87,230,30,144,1,-1,0,"2"
61,8729,30,480,1,-1,0,"2"
70,2384,30,196,2,-1,0,"2"
60,3401,30,294,1,270,1,"2"
41,881,30,257,3,-1,0,"2"
46,3512,30,175,1,197,1,"2"
22,1522,30,368,2,-1,0,"2"
60,4243,30,416,2,-1,0,"2"
54,473,2,182,1,81,1,"2"
35,5462,2,188,1,186,1,"2"
59,4412,2,162,2,-1,0,"2"
55,2037,2,209,2,273,1,"2"
29,10332,2,46,3,-1,0,"2"
35,1133,3,102,1,-1,0,"2"
44,205,3,289,1,-1,0,"2"
48,0,3,1233,1,351,2,"2"
35,1224,3,187,1,-1,0,"2"
37,238,3,149,1,-1,0,"2"
36,62,3,566,1,182,7,"2"
52,2398,3,412,1,-1,0,"2"
67,704,3,537,1,-1,0,"2"
36,506,3,217,1,70,2,"2"
64,2352,3,181,4,183,7,"2"
45,360,3,215,1,-1,0,"2"
29,938,3,358,1,-1,0,"2"
33,1697,3,179,1,-1,0,"2"
62,2,3,322,1,-1,0,"2"
27,1720,3,284,2,273,1,"2"
76,1492,3,383,1,-1,0,"2"
34,1778,4,358,1,162,2,"2"
54,0,6,464,5,192,8,"2"
67,942,6,455,2,84,2,"2"
24,556,6,368,2,80,2,"2"
33,1699,6,178,2,94,1,"2"
53,10541,9,178,1,-1,0,"2"
33,1536,9,262,1,94,2,"2"
24,235,9,118,1,-1,0,"2"
32,935,9,165,1,91,7,"2"
60,10861,9,98,1,91,2,"2"
64,2331,9,201,1,-1,0,"2"
34,2374,9,161,1,209,2,"2"
35,1228,9,696,2,88,12,"2"
24,125,9,263,1,90,1,"2"
38,3141,9,347,4,189,2,"2"
45,160,10,182,2,194,1,"2"
42,2816,10,193,2,-1,0,"2"
63,109,10,406,2,-1,0,"2"
40,0,10,147,1,96,8,"2"
31,2666,10,318,2,97,6,"2"
44,1534,10,95,1,95,3,"2"
61,2557,10,89,1,91,4,"2"
67,405,10,344,2,95,2,"2"
33,22867,10,266,2,92,3,"2"
57,2155,10,144,3,91,2,"2"
71,1311,10,301,2,91,1,"2"
79,2661,10,254,5,-1,0,"2"
52,94,10,293,3,190,10,"2"
48,201,10,594,1,91,1,"2"
47,0,10,213,1,190,1,"2"
27,4590,10,131,4,89,3,"2"
49,3371,11,269,2,-1,0,"2"
23,598,11,406,1,195,1,"2"
26,943,11,166,1,195,1,"2"
40,9366,11,69,3,-1,0,"2"
32,6746,11,199,1,-1,0,"2"
33,1076,11,131,1,96,5,"2"
35,0,11,229,2,96,3,"2"
53,1624,11,166,3,97,7,"2"
20,801,11,244,2,-1,0,"2"
44,1070,11,172,1,91,5,"2"
53,4401,11,241,1,92,1,"2"
21,123,11,513,1,91,1,"2"
36,3623,12,71,1,378,1,"2"
31,533,12,90,3,93,6,"2"
42,994,12,227,3,93,6,"2"
27,168,12,123,1,196,1,"2"
33,386,12,253,1,92,4,"2"
29,1026,12,226,1,92,1,"2"
54,1213,12,241,1,-1,0,"2"
30,2424,12,110,1,279,1,"2"
51,346,12,134,2,192,3,"2"
32,1331,12,126,1,92,5,"2"
54,2206,12,104,1,99,2,"2"
82,0,12,226,1,-1,0,"2"
47,4693,12,89,1,97,3,"2"
48,1230,12,169,1,196,2,"2"
77,3417,12,134,1,-1,0,"2"
36,2971,12,247,1,97,8,"2"
38,1767,12,893,7,-1,0,"2"
27,5291,12,192,2,92,2,"2"
43,3403,12,707,2,97,2,"2"
33,133,12,627,2,192,1,"2"
27,4745,12,411,4,192,1,"2"
50,3608,13,176,2,197,2,"2"
45,1529,13,181,1,197,1,"2"
76,3324,13,122,1,92,3,"2"
63,5112,13,2184,2,95,3,"2"
81,5220,13,135,1,94,2,"2"
77,2590,13,212,3,277,12,"2"
71,2600,13,186,2,98,1,"2"
39,260,13,226,1,94,4,"2"
18,608,13,210,1,93,1,"2"
58,462,13,495,1,93,1,"2"
44,14,13,167,1,92,1,"2"
67,1146,13,259,1,92,2,"2"
31,181,13,239,2,93,2,"2"
61,3114,13,381,1,-1,0,"2"
36,376,13,193,1,92,1,"2"
56,9367,13,271,2,92,4,"2"
62,0,13,227,2,-1,0,"2"
33,271,13,182,2,91,2,"2"
24,382,13,256,2,92,3,"2"
33,920,16,130,1,95,2,"2"
34,129,16,295,1,200,2,"2"
58,169,16,301,1,94,3,"2"
37,1276,16,146,1,94,2,"2"
64,679,16,167,1,-1,0,"2"
27,535,16,183,1,94,1,"2"
63,3115,16,432,5,-1,0,"2"
23,1234,16,250,1,-1,0,"2"
37,197,16,175,1,200,1,"2"
43,3186,16,380,1,88,1,"2"
56,870,16,257,1,-1,0,"2"
35,3160,16,445,2,95,1,"2"
24,272,16,105,2,94,2,"2"
33,195,16,984,5,-1,0,"2"
75,6027,16,1248,2,94,2,"2"
40,764,17,85,1,-1,0,"2"
62,298,17,709,2,-1,0,"2"
52,583,17,209,1,91,2,"2"
55,0,17,134,2,91,1,"2"
71,5715,17,747,2,-1,0,"2"
59,2013,17,409,2,-1,0,"2"
78,1204,17,135,1,-1,0,"2"
35,4922,17,393,4,201,17,"2"
52,234,17,255,1,-1,0,"2"
29,1374,17,309,3,208,4,"2"
42,2187,17,525,3,-1,0,"2"
20,215,24,325,1,95,5,"2"
42,5310,25,968,2,97,4,"2"
27,11862,25,285,2,97,7,"2"
31,9421,25,372,1,-1,0,"2"
31,4198,25,234,1,-1,0,"2"
38,3576,25,349,2,183,1,"2"
28,1925,25,487,1,97,2,"2"
38,6728,25,232,1,96,4,"2"
72,1129,25,208,1,91,1,"2"
29,265,25,414,1,184,1,"2"
34,69,25,296,1,205,2,"2"
61,3624,25,342,1,-1,0,"2"
27,567,25,238,2,184,1,"2"
46,38,25,541,1,-1,0,"2"
53,1982,27,160,1,-1,0,"2"
58,3399,30,1628,2,188,8,"2"
22,691,30,260,5,103,1,"2"
28,330,2,357,1,188,3,"2"
31,318,2,310,1,-1,0,"2"
26,644,2,346,1,-1,0,"2"
60,4,2,415,1,190,5,"2"
29,1165,3,244,2,184,1,"2"
36,4708,3,284,1,171,1,"2"
68,2820,3,154,1,97,2,"2"
48,1147,3,155,1,120,3,"2"
53,980,3,352,1,-1,0,"2"
39,2983,3,472,1,-1,0,"2"
28,339,3,350,1,182,1,"2"
29,19,3,274,1,230,1,"2"
72,1940,4,705,2,-1,0,"2"
29,1445,4,271,2,-1,0,"2"
26,294,4,208,2,-1,0,"2"
49,5887,4,439,3,185,5,"2"
43,11891,4,821,5,242,1,"2"
28,78,4,232,3,310,2,"2"
44,733,4,360,2,105,5,"2"
73,5028,4,696,10,-1,0,"2"
39,481,7,929,5,189,1,"2"
45,0,7,344,1,-1,0,"2"
29,314,7,415,2,116,4,"2"
51,241,7,308,2,-1,0,"2"
31,684,7,620,3,-1,0,"2"
30,1681,7,329,2,-1,0,"2"
50,10250,7,254,3,385,2,"2"
42,254,9,288,7,183,4,"2"
37,0,9,179,1,190,1,"2"
34,294,9,265,1,184,3,"2"
49,307,9,854,1,-1,0,"2"
59,957,9,479,2,-1,0,"2"
80,155,9,343,2,-1,0,"2"
86,614,9,595,1,-1,0,"2"
69,426,9,395,1,-1,0,"2"
79,8304,9,456,2,275,9,"2"
41,1077,9,207,3,387,2,"2"
36,4721,9,149,3,-1,0,"2"
49,395,10,336,5,-1,0,"2"
69,3588,10,429,1,-1,0,"2"
66,2540,10,441,2,156,1,"2"
32,883,10,798,1,185,5,"2"
47,4402,10,805,1,190,1,"2"
58,256,10,422,1,188,3,"2"
64,43,10,232,1,-1,0,"2"
72,3856,10,582,4,115,1,"2"
30,517,11,141,2,-1,0,"2"
79,3025,11,166,3,126,3,"2"
30,2326,14,420,1,175,2,"2"
36,925,14,321,3,189,4,"2"
53,1961,15,351,1,-1,0,"2"
53,1796,15,476,1,193,1,"2"
34,2037,15,324,2,-1,0,"2"
29,459,15,279,3,189,19,"2"
29,572,16,314,1,195,1,"2"
81,452,16,443,1,-1,0,"2"
57,5313,16,283,2,196,1,"2"
72,1533,16,546,2,-1,0,"2"
28,1705,17,412,2,-1,0,"2"
34,1337,17,330,2,127,3,"2"
57,2986,17,222,2,231,1,"2"
66,1230,17,726,3,-1,0,"2"
32,35,17,324,3,126,3,"2"
51,955,17,221,3,-1,0,"2"
27,538,18,170,4,197,2,"2"
50,5108,18,406,1,182,2,"2"
30,102,18,364,3,-1,0,"2"
75,1341,18,415,7,-1,0,"2"
50,320,21,294,3,315,4,"2"
32,131,21,322,1,189,1,"2"
59,2074,21,467,1,186,2,"2"
68,1443,21,2062,2,257,1,"2"
31,3338,21,264,2,-1,0,"2"
64,661,21,367,2,294,2,"2"
54,12018,21,267,2,-1,0,"2"
30,7105,22,321,2,-1,0,"2"
60,3735,22,190,1,188,9,"2"
35,538,22,410,3,165,2,"2"
72,4657,22,305,3,309,5,"2"
30,5,23,282,1,203,1,"2"
52,230,24,422,2,-1,0,"2"
43,4216,24,150,2,195,2,"2"
33,1808,28,250,3,-1,0,"2"
84,81204,28,679,1,313,2,"2"
26,3145,28,1141,1,209,1,"2"
43,3518,28,206,2,196,2,"2"
39,25,28,315,1,210,2,"2"
27,1347,28,824,1,193,11,"2"
25,2551,28,400,3,-1,0,"2"
38,11303,28,473,2,216,2,"2"
44,2724,28,893,1,-1,0,"2"
20,755,29,284,1,-1,0,"2"
32,718,29,155,1,197,1,"2"
23,870,29,296,1,176,4,"2"
35,978,29,1370,3,209,3,"2"
30,916,29,449,2,-1,0,"2"
27,1595,29,196,2,197,2,"2"
61,544,29,63,3,200,9,"2"
46,461,30,369,2,-1,0,"2"
45,891,7,118,1,-1,0,"2"
27,843,8,187,1,-1,0,"2"
70,2795,8,301,2,-1,0,"2"
25,139,11,202,1,91,1,"2"
57,1044,11,585,1,192,2,"2"
55,1633,11,210,1,192,2,"2"
33,6513,11,170,1,343,1,"2"
73,1388,11,767,2,83,1,"2"
67,1430,11,499,2,91,3,"2"
35,323,11,261,2,-1,0,"2"
34,15,12,377,1,-1,0,"2"
47,1639,12,349,1,-1,0,"2"
66,147,12,411,1,-1,0,"2"
31,2544,12,229,1,279,2,"2"
25,4859,12,227,1,-1,0,"2"
28,168,12,387,1,194,1,"2"
25,2007,12,265,2,-1,0,"2"
47,3696,12,758,4,-1,0,"2"
30,2166,12,316,2,-1,0,"2"
28,4579,12,409,2,-1,0,"2"
49,1093,12,243,2,91,2,"2"
21,2488,12,661,2,92,1,"2"
87,2190,12,512,2,-1,0,"2"
22,254,13,143,2,-1,0,"2"
28,1579,13,163,1,91,3,"2"
31,330,13,260,1,194,2,"2"
60,938,13,380,3,-1,0,"2"
41,5372,13,248,3,-1,0,"2"
21,71,13,169,2,-1,0,"2"
24,3176,13,108,2,-1,0,"2"
54,496,13,452,3,-1,0,"2"
80,1468,13,330,3,-1,0,"2"
35,0,14,187,7,-1,0,"2"
70,482,14,372,1,196,2,"2"
62,180,14,183,1,90,4,"2"
59,4198,14,309,1,91,10,"2"
48,817,14,517,1,282,4,"2"
45,5021,14,233,1,-1,0,"2"
32,51,14,203,1,87,2,"2"
36,991,14,589,2,-1,0,"2"
33,133,14,305,2,274,1,"2"
64,768,14,371,1,-1,0,"2"
30,536,14,362,2,91,2,"2"
59,739,14,408,1,-1,0,"2"
32,366,14,366,2,-1,0,"2"
60,979,15,295,3,347,1,"2"
39,2939,15,348,2,-1,0,"2"
37,0,15,426,2,196,1,"2"
37,4803,15,396,2,-1,0,"2"
55,7803,15,441,1,-1,0,"2"
30,720,15,1265,4,210,4,"2"
85,1255,15,233,3,-1,0,"2"
79,8556,18,326,2,272,2,"2"
64,588,18,366,1,91,2,"2"
42,994,18,453,1,67,9,"2"
47,820,18,262,1,91,1,"2"
21,423,18,287,5,285,5,"2"
66,203,18,353,1,195,1,"2"
61,86,25,639,1,94,1,"2"
50,5969,25,455,1,544,2,"2"
27,2855,25,240,1,301,3,"2"
63,474,25,423,1,-1,0,"2"
36,203,25,255,1,88,1,"2"
38,7005,25,696,1,202,2,"2"
92,775,26,164,4,96,3,"2"
77,4112,26,1616,1,95,2,"2"
68,2144,26,708,1,96,3,"2"
30,255,27,143,1,-1,0,"2"
81,243,27,340,1,92,1,"2"
42,942,27,245,1,92,2,"2"
48,1180,27,142,1,238,3,"2"
52,992,27,342,1,92,2,"2"
38,70,27,164,4,92,4,"2"
61,4629,27,181,1,92,1,"2"
20,829,27,196,3,202,2,"2"
54,0,27,565,1,-1,0,"2"
39,0,27,366,1,436,10,"2"
44,2776,27,701,1,-1,0,"2"
73,279,28,399,3,-1,0,"2"
36,129,28,918,1,93,1,"2"
48,157,28,417,4,-1,0,"2"
52,659,28,390,4,93,1,"2"
30,2493,28,293,2,-1,0,"2"
36,3949,28,130,2,-1,0,"2"
49,387,28,325,1,-1,0,"2"
42,7560,28,132,1,-1,0,"2"
80,997,28,151,1,91,3,"2"
33,1699,28,202,1,83,3,"2"
56,1181,28,186,1,433,1,"2"
64,3951,28,134,1,91,1,"2"
54,0,28,161,1,98,2,"2"
52,2557,28,134,5,204,2,"2"
34,0,28,155,2,-1,0,"2"
50,2366,28,816,2,149,1,"2"
66,1948,28,216,1,91,4,"2"
52,306,28,223,1,-1,0,"2"
62,3904,29,403,2,-1,0,"2"
60,18967,29,177,2,-1,0,"2"
28,261,29,254,3,142,6,"2"
26,2002,29,146,1,-1,0,"2"
56,694,29,144,1,102,1,"2"
36,202,29,313,1,120,3,"2"
60,5,29,533,1,92,1,"2"
45,4831,29,479,11,-1,0,"2"
60,264,1,265,1,-1,0,"2"
33,278,1,563,5,-1,0,"2"
77,7802,1,483,2,-1,0,"2"
66,3629,2,474,1,172,2,"2"
45,547,2,577,1,-1,0,"2"
30,4468,2,204,1,-1,0,"2"
56,1989,3,336,2,281,2,"2"
64,2645,3,219,2,-1,0,"2"
30,4060,3,179,1,93,1,"2"
33,303,3,355,1,301,5,"2"
72,2600,3,443,2,82,3,"2"
44,1818,3,508,1,92,4,"2"
37,728,3,129,1,174,2,"2"
31,302,3,349,1,357,3,"2"
52,955,3,153,1,48,3,"2"
37,265,3,140,1,366,2,"2"
34,123,3,301,3,-1,0,"2"
78,4807,3,892,2,104,4,"2"
45,205,3,373,1,92,1,"2"
37,238,3,185,1,92,1,"2"
29,95,3,172,3,-1,0,"2"
68,2812,3,279,2,181,1,"2"
38,262,3,315,2,180,6,"2"
53,6571,3,208,1,-1,0,"2"
39,2758,4,658,3,-1,0,"2"
55,2037,4,305,2,94,3,"2"
32,0,4,233,3,276,2,"2"
62,569,4,94,5,184,1,"2"
76,2223,4,429,1,-1,0,"2"
35,1085,4,195,6,97,12,"2"
55,602,4,390,2,150,6,"2"
41,1646,4,261,1,184,6,"2"
35,415,4,649,1,176,1,"2"
80,2354,4,739,1,181,2,"2"
38,318,4,383,1,181,5,"2"
48,1730,4,489,1,178,2,"2"
25,448,5,151,1,297,1,"2"
36,994,5,195,1,176,5,"2"
29,19,5,110,2,64,2,"2"
58,1625,5,286,2,-1,0,"2"
32,2976,5,783,1,175,5,"2"
46,1144,8,376,2,129,3,"2"
23,897,8,190,2,280,8,"2"
67,704,8,186,2,97,1,"2"
30,1996,8,1133,3,101,1,"2"
22,216,8,363,1,187,1,"2"
24,556,8,278,1,94,4,"2"
45,1206,8,309,1,446,3,"2"
40,1855,8,78,6,-1,0,"2"
35,62,8,469,2,185,2,"2"
52,3634,8,341,8,-1,0,"2"
33,1536,9,359,1,92,3,"2"
60,824,9,127,1,558,7,"2"
24,235,9,98,1,92,1,"2"
18,108,9,92,1,183,1,"2"
65,2331,9,290,1,92,1,"2"
25,125,9,215,1,92,2,"2"
36,27,9,631,1,260,2,"2"
27,390,9,120,2,104,2,"2"
35,-32,9,63,4,182,5,"2"
39,172,9,125,2,183,2,"2"
53,10541,9,164,2,92,1,"2"
23,480,9,742,2,182,1,"2"
34,2374,9,243,2,92,3,"2"
33,935,9,385,2,92,8,"2"
33,2085,9,501,2,-1,0,"2"
36,479,9,629,2,-1,0,"2"
52,94,10,153,1,92,13,"2"
36,417,10,151,1,-1,0,"2"
55,3450,10,169,1,183,1,"2"
60,1853,10,234,1,183,1,"2"
61,2557,10,158,2,92,5,"2"
58,589,10,511,3,183,6,"2"
48,201,10,406,2,92,2,"2"
35,7050,10,278,3,187,1,"2"
34,2885,10,314,2,156,4,"2"
58,2155,10,135,2,92,5,"2"
39,902,10,691,2,180,5,"2"
44,1791,11,71,1,190,1,"2"
54,2206,11,449,1,91,3,"2"
27,5291,11,293,1,91,4,"2"
33,1211,11,535,1,188,1,"2"
77,638,11,288,1,188,1,"2"
30,4448,11,112,8,-1,0,"2"
31,533,11,144,1,91,9,"2"
61,5267,11,226,3,-1,0,"2"
76,3324,11,309,1,90,4,"2"
28,61,11,253,1,174,4,"2"
35,0,11,391,2,92,5,"2"
59,116,11,268,1,183,7,"2"
42,413,11,456,2,184,2,"2"
35,353,11,352,1,183,1,"2"
48,315,11,271,1,-1,0,"2"
71,1712,11,660,1,-1,0,"2"
60,523,11,467,1,182,3,"2"
34,1454,11,231,2,297,2,"2"
57,9367,11,981,1,90,6,"2"
75,291,11,515,1,183,1,"2"
39,1382,11,397,2,-1,0,"2"
64,846,11,671,1,181,3,"2"
36,341,12,419,2,183,1,"2"
29,113,12,328,2,183,4,"2"
34,13014,12,637,1,183,1,"2"
26,632,12,218,1,-1,0,"2"
41,27696,12,138,2,184,3,"2"
47,3715,12,171,2,182,4,"2"
52,4675,12,181,3,-1,0,"2"
32,3271,12,375,1,374,1,"2"
51,346,12,122,1,92,5,"2"
34,8000,12,291,1,260,2,"2"
21,123,12,379,5,93,2,"2"
54,10185,12,251,1,186,3,"2"
29,1026,12,138,2,92,2,"2"
32,905,12,666,4,-1,0,"2"
38,775,12,1835,3,182,2,"2"
48,926,15,382,4,185,6,"2"
46,349,15,295,2,616,1,"2"
32,484,15,83,6,187,3,"2"
49,1830,15,136,1,-1,0,"2"
37,2987,15,93,1,91,9,"2"
37,197,15,531,1,91,2,"2"
23,431,15,201,3,186,2,"2"
58,169,15,216,1,91,4,"2"
45,226,15,91,4,185,6,"2"
30,2424,15,337,1,95,2,"2"
23,1234,15,379,1,91,1,"2"
34,271,15,308,1,94,4,"2"
27,-69,15,205,3,-1,0,"2"
28,1562,15,659,4,-1,0,"2"
61,52587,15,394,3,189,1,"2"
27,535,15,171,1,91,2,"2"
34,2159,18,386,1,-1,0,"2"
58,473,18,1109,1,262,1,"2"
52,195,18,220,1,63,5,"2"
48,660,18,318,1,561,2,"2"
28,154,18,416,2,-1,0,"2"
35,681,18,737,1,561,2,"2"
66,2326,18,232,1,181,1,"2"
52,961,18,222,1,553,4,"2"
26,2532,18,269,1,-1,0,"2"
38,455,19,255,2,555,6,"2"
59,2013,19,222,4,94,2,"2"
47,1568,19,388,1,262,7,"2"
48,0,19,204,4,182,1,"2"
22,1215,19,145,3,192,1,"2"
82,121,19,330,1,-1,0,"2"
27,377,19,645,2,-1,0,"2"
60,1,19,302,1,184,1,"2"
53,597,22,392,1,-1,0,"2"
39,763,22,543,1,189,1,"2"
27,326,22,326,1,-1,0,"2"
55,2204,22,261,1,264,1,"2"
35,1380,23,155,1,-1,0,"2"
23,381,23,696,1,189,2,"2"
80,0,23,639,1,189,1,"2"
29,67,23,211,1,187,5,"2"
47,368,23,269,1,187,5,"2"
72,438,23,279,1,-1,0,"2"
45,483,23,95,2,265,11,"2"
37,7620,23,367,1,176,6,"2"
29,805,23,132,1,103,7,"2"
40,0,23,228,2,182,6,"2"
32,324,23,432,1,-1,0,"2"
32,302,23,61,1,384,2,"2"
20,215,24,175,1,92,6,"2"
48,5473,24,127,2,184,2,"2"
60,106,24,137,1,187,4,"2"
70,2346,24,694,1,184,5,"2"
78,3219,24,151,1,-1,0,"2"
52,2227,24,242,2,-1,0,"2"
61,6610,24,481,2,-1,0,"2"
37,255,24,562,2,183,10,"2"
27,195,25,416,3,-1,0,"2"
56,4623,25,305,1,192,1,"2"
63,973,25,318,1,388,1,"2"
59,7766,25,1422,1,461,1,"2"
22,948,25,169,1,191,3,"2"
30,48,25,217,1,191,2,"2"
66,2149,25,98,1,87,10,"2"
74,1413,25,385,2,-1,0,"2"
52,117,26,959,3,186,6,"2"
71,0,26,771,1,171,1,"2"
33,71,26,335,3,102,2,"2"
56,1938,26,229,1,192,4,"2"
30,5359,26,427,1,191,3,"2"
73,519,26,270,3,133,2,"2"
65,3195,2,904,1,-1,0,"2"
59,315,2,591,1,176,2,"2"
37,1113,2,229,1,182,1,"2"
28,-46,2,525,1,89,11,"2"
27,1075,2,658,1,-1,0,"2"
49,228,2,368,1,-1,0,"2"
38,91,2,207,1,-1,0,"2"
28,598,2,177,1,288,2,"2"
51,0,2,539,2,-1,0,"2"
56,1947,2,225,2,123,5,"2"
37,1027,2,313,1,152,2,"2"
47,235,2,136,2,203,1,"2"
60,2,2,228,4,390,2,"2"
42,4945,2,311,2,-1,0,"2"
27,311,2,187,3,322,1,"2"
40,7968,2,263,2,180,2,"2"
25,154,3,141,1,180,2,"2"
90,712,3,557,1,-1,0,"2"
29,7585,3,145,2,198,1,"2"
29,2489,3,355,1,86,5,"2"
68,1146,3,153,2,110,3,"2"
38,1559,3,136,2,280,1,"2"
66,3701,3,834,1,-1,0,"2"
63,2896,4,180,2,-1,0,"2"
32,354,4,177,2,133,5,"2"
32,2667,4,251,1,181,4,"2"
42,144,4,148,1,87,4,"2"
26,760,4,456,2,281,5,"2"
73,1050,4,562,3,181,2,"2"
26,5296,5,229,1,205,1,"2"
60,12980,5,115,1,-1,0,"2"
25,509,5,418,1,-1,0,"2"
64,1644,5,341,4,179,4,"2"
26,294,5,87,1,91,2,"2"
68,451,5,373,1,-1,0,"2"
39,53,5,257,1,394,1,"2"
54,2473,5,607,2,-1,0,"2"
40,334,5,219,1,91,6,"2"
37,6771,5,319,1,-1,0,"2"
36,52,5,498,2,179,7,"2"
33,2240,8,264,2,278,1,"2"
83,4761,8,659,1,-1,0,"2"
45,1527,8,132,1,-1,0,"2"
31,1570,8,277,4,286,1,"2"
51,0,8,124,2,-1,0,"2"
64,588,8,409,1,-1,0,"2"
59,957,8,301,1,89,2,"2"
33,224,8,241,2,-1,0,"2"
35,2161,9,139,2,181,3,"2"
69,426,9,225,1,90,1,"2"
31,147,9,469,1,181,2,"2"
73,508,9,176,1,-1,0,"2"
76,802,9,241,1,181,5,"2"
35,294,9,301,1,90,4,"2"
28,1825,9,236,1,-1,0,"2"
34,158,9,212,3,181,6,"2"
33,0,9,305,1,326,1,"2"
36,4721,9,288,2,90,3,"2"
44,282,9,700,2,154,3,"2"
19,108,9,273,2,182,1,"2"
28,187,9,295,1,-1,0,"2"
51,3764,9,450,3,181,6,"2"
52,1416,10,436,2,182,1,"2"
61,2801,10,239,1,-1,0,"2"
39,494,10,106,2,478,3,"2"
37,1978,11,335,1,-1,0,"2"
80,155,12,290,1,93,2,"2"
46,640,12,215,1,182,4,"2"
61,4608,12,212,1,-1,0,"2"
72,951,12,229,3,339,1,"2"
36,495,12,213,3,182,6,"2"
77,29340,15,257,1,91,2,"2"
74,1843,15,192,1,185,2,"2"
35,262,15,427,1,181,3,"2"
82,0,15,506,2,195,1,"2"
67,2027,15,161,2,-1,0,"2"
71,3561,15,577,7,-1,0,"2"
41,6046,15,300,6,182,2,"2"
38,465,16,180,1,302,3,"2"
38,76,16,261,1,-1,0,"2"
60,8332,16,279,1,194,7,"2"
60,514,16,263,1,124,9,"2"
53,1796,16,295,1,91,2,"2"
29,874,16,231,1,181,2,"2"
64,2140,16,881,3,155,2,"2"
35,295,17,473,1,-1,0,"2"
22,780,17,272,3,-1,0,"2"
54,0,18,362,1,290,3,"2"
35,304,18,237,1,-1,0,"2"
46,624,18,420,1,276,1,"2"
25,303,18,265,1,-1,0,"2"
46,273,18,910,2,184,4,"2"
59,3342,18,467,2,188,6,"2"
35,1227,18,593,4,90,6,"2"
52,436,22,95,1,-1,0,"2"
22,283,22,254,2,-1,0,"2"
31,3384,22,247,3,187,3,"2"
43,2367,22,173,2,181,4,"2"
35,5958,22,215,1,-1,0,"2"
60,3735,22,248,1,90,10,"2"
54,2693,22,222,1,188,6,"2"
72,4657,23,255,1,91,8,"2"
29,3290,23,136,1,291,2,"2"
29,655,23,273,1,-1,0,"2"
30,1681,23,128,1,106,2,"2"
28,866,23,191,2,-1,0,"2"
43,774,25,101,1,421,1,"2"
37,2678,25,156,1,-1,0,"2"
62,3371,25,187,1,178,2,"2"
57,10583,25,272,1,178,6,"2"
33,4176,26,288,3,-1,0,"2"
47,334,26,360,1,326,8,"2"
39,393,26,281,1,-1,0,"2"
30,916,29,92,2,90,2,"2"
28,832,29,433,3,342,1,"2"
57,3287,30,277,2,337,1,"2"
23,488,30,236,1,92,2,"2"
56,1947,30,110,1,-1,0,"2"
33,7608,30,238,4,-1,0,"2"
44,558,31,262,2,-1,0,"2"
80,235,31,577,1,223,3,"2"
47,288,31,193,1,181,1,"2"
27,6036,31,175,1,181,1,"2"
26,3,1,149,1,350,1,"2"
50,0,1,280,1,184,3,"2"
84,81204,1,390,1,94,3,"2"
86,5236,1,558,2,-1,0,"2"
46,2466,1,216,3,370,1,"2"
45,1348,1,358,2,-1,0,"2"
60,7929,1,111,1,-1,0,"2"
47,70,5,144,4,374,2,"2"
53,459,5,558,1,-1,0,"2"
54,118,5,280,1,-1,0,"2"
54,2102,5,547,1,626,2,"2"
34,800,5,144,1,-1,0,"2"
19,394,5,327,3,-1,0,"2"
24,4126,5,907,4,185,7,"2"
39,224,5,208,1,-1,0,"2"
53,9001,5,170,1,-1,0,"2"
29,560,5,459,1,307,1,"2"
30,102,5,470,7,426,3,"2"
50,82,5,456,1,-1,0,"2"
32,1088,6,317,1,363,2,"2"
27,13107,6,661,1,314,2,"2"
33,562,6,196,1,363,1,"2"
33,718,6,122,1,98,2,"2"
57,230,6,177,2,210,3,"2"
27,-67,6,604,3,236,2,"2"
55,3848,8,222,2,-1,0,"2"
78,1389,8,335,1,-1,0,"2"
43,4389,8,618,1,-1,0,"2"
34,3696,8,758,2,160,5,"2"
36,579,12,481,1,-1,0,"2"
36,12264,12,158,2,-1,0,"2"
26,1646,12,524,4,206,5,"2"
35,2201,12,350,1,-1,0,"2"
31,1229,12,176,1,-1,0,"2"
25,129,12,176,3,-1,0,"2"
62,6,13,103,1,182,3,"2"
49,197,13,223,1,182,2,"2"
30,3779,13,1093,1,-1,0,"2"
25,1857,13,295,4,187,6,"2"
32,2016,13,232,1,348,1,"2"
36,436,13,567,1,595,2,"2"
40,11766,13,218,2,242,9,"2"
38,413,13,240,1,179,2,"2"
35,670,13,278,4,182,2,"2"
45,116,13,122,1,-1,0,"2"
36,62,13,398,2,-1,0,"2"
23,107,13,256,5,181,2,"2"
38,497,14,173,1,-1,0,"2"
44,2557,14,250,1,181,8,"2"
35,2646,14,133,8,183,2,"2"
75,3771,15,185,1,181,2,"2"
26,1066,15,200,1,-1,0,"2"
51,469,15,200,1,181,2,"2"
59,1,15,159,2,378,3,"2"
30,232,15,141,1,-1,0,"2"
36,1177,15,330,1,311,4,"2"
39,603,15,214,1,-1,0,"2"
24,736,15,442,2,246,2,"2"
22,129,15,218,2,181,1,"2"
36,-115,16,297,4,182,2,"2"
22,104,16,330,3,-1,0,"2"
34,589,19,125,2,-1,0,"2"
22,3472,19,529,1,181,4,"2"
27,453,19,142,2,-1,0,"2"
57,2845,19,1143,5,-1,0,"2"
30,7529,20,175,6,183,1,"2"
55,309,20,167,1,181,3,"2"
38,0,20,162,1,181,5,"2"
39,1672,20,462,1,648,1,"2"
38,1711,20,379,3,202,1,"2"
24,1295,21,476,1,-1,0,"2"
30,2046,21,595,3,254,1,"2"
29,455,21,403,1,-1,0,"2"
25,722,21,623,2,-1,0,"2"
31,26965,21,654,2,-1,0,"2"
52,371,21,224,2,182,1,"2"
58,496,22,132,1,-1,0,"2"
26,194,22,407,2,-1,0,"2"
62,997,22,554,1,304,2,"2"
40,206,23,499,6,185,4,"2"
76,820,23,263,4,-1,0,"2"
31,410,23,342,1,-1,0,"2"
42,1216,23,296,1,521,1,"2"
43,11115,23,291,1,182,3,"2"
73,796,23,888,1,182,3,"2"
41,5037,23,252,9,185,5,"2"
77,1780,23,361,2,182,5,"2"
46,429,26,465,2,369,2,"2"
35,2779,26,182,2,186,2,"2"
31,3160,26,688,2,-1,0,"2"
26,222,26,192,1,334,1,"2"
45,0,26,1472,1,192,4,"2"
29,1445,26,328,2,143,2,"2"
30,655,26,212,1,202,2,"2"
26,77,26,175,1,-1,0,"2"
63,115,27,325,1,180,7,"2"
37,2722,27,426,2,179,3,"2"
26,1438,27,321,1,449,1,"2"
54,140,27,473,2,182,2,"2"
30,915,27,370,1,-1,0,"2"
61,1058,27,159,3,-1,0,"2"
69,0,28,184,2,126,2,"2"
76,4984,28,403,1,182,1,"2"
30,697,28,545,2,181,8,"2"
64,4787,28,392,1,182,1,"2"
55,962,28,623,1,181,3,"2"
55,1320,28,387,2,-1,0,"2"
32,284,29,717,3,-1,0,"2"
39,5047,29,218,4,-1,0,"2"
29,2955,29,226,2,-1,0,"2"
41,0,29,882,1,181,3,"2"
59,1,29,210,1,-1,0,"2"
63,12067,29,660,1,191,1,"2"
45,3006,29,388,2,-1,0,"2"
32,388,29,250,3,-1,0,"2"
33,952,29,1241,5,-1,0,"2"
41,0,29,395,3,426,1,"2"
25,108,29,305,3,-1,0,"2"
37,565,29,449,1,398,1,"2"
19,329,30,169,1,190,2,"2"
61,4243,30,315,1,182,2,"2"
40,72,30,463,1,-1,0,"2"
30,4328,30,262,3,189,11,"2"
37,4017,30,665,2,196,1,"2"
54,395,30,183,1,183,2,"2"
49,0,30,551,1,-1,0,"2"
45,205,4,552,1,90,2,"2"
48,1730,4,361,1,89,3,"2"
60,5,4,494,1,95,2,"2"
34,1965,4,714,1,-1,0,"2"
29,19,4,268,1,88,4,"2"
77,7802,4,421,1,92,2,"2"
33,1697,4,489,1,182,1,"2"
35,415,4,164,2,89,2,"2"
64,2352,4,153,2,182,11,"2"
80,155,4,209,1,53,3,"2"
26,401,5,188,2,-1,0,"2"
33,79,5,389,1,195,4,"2"
41,1646,5,258,1,90,7,"2"
28,437,5,338,1,-1,0,"2"
74,935,5,226,1,99,2,"2"
29,2929,5,232,1,89,4,"2"
72,2304,5,510,4,-1,0,"2"
18,348,5,443,4,-1,0,"2"
46,640,6,246,1,55,5,"2"
37,88,6,195,1,90,3,"2"
67,704,6,613,1,87,3,"2"
36,994,6,211,1,90,6,"2"
37,2283,6,243,2,98,2,"2"
32,473,7,292,3,-1,0,"2"
51,0,7,662,2,66,2,"2"
77,397,7,300,3,-1,0,"2"
35,62,7,226,2,88,4,"2"
53,3634,7,211,4,88,8,"2"
46,273,10,583,6,53,6,"2"
44,618,12,193,1,-1,0,"2"
78,3417,12,309,1,181,1,"2"
42,27696,12,176,2,89,5,"2"
34,1076,12,152,1,182,6,"2"
34,133,12,171,2,181,3,"2"
66,587,12,457,2,392,2,"2"
54,1624,12,166,3,182,10,"2"
31,136,12,228,2,267,1,"2"
33,386,12,317,1,181,5,"2"
19,608,12,236,1,180,2,"2"
24,598,12,762,1,182,2,"2"
23,2530,12,411,1,-1,0,"2"
29,3290,12,430,1,50,3,"2"
28,4745,12,360,1,181,5,"2"
31,533,12,372,1,90,10,"2"
34,2838,13,620,3,-1,0,"2"
54,4401,13,414,1,183,2,"2"
32,1026,13,289,1,-1,0,"2"
54,2206,13,260,1,91,4,"2"
77,3324,13,289,1,91,5,"2"
40,260,13,306,1,181,5,"2"
63,0,13,263,1,181,2,"2"
37,2987,13,216,1,87,10,"2"
48,1230,13,328,2,182,3,"2"
27,535,13,159,1,87,3,"2"
28,2335,13,624,1,-1,0,"2"
35,8000,13,331,1,90,3,"2"
29,-27,13,270,1,-1,0,"2"
68,1146,13,356,1,71,5,"2"
53,1004,13,393,1,84,1,"2"
37,197,13,234,1,87,3,"2"
58,169,13,336,3,87,5,"2"
37,393,14,567,3,275,4,"2"
37,29,14,404,2,183,2,"2"
34,920,14,526,3,179,3,"2"
50,3608,14,196,8,182,4,"2"
56,870,14,220,1,179,1,"2"
57,9367,14,700,4,92,7,"2"
29,1374,14,1205,2,178,7,"2"
75,6027,14,809,1,179,4,"2"
24,1,14,396,5,-1,0,"2"
46,349,14,466,4,88,3,"2"
56,448,17,556,1,181,2,"2"
72,5715,17,1114,1,181,2,"2"
27,39,17,379,1,258,10,"2"
52,583,17,376,1,181,3,"2"
38,1276,17,272,2,182,3,"2"
33,2364,17,508,1,-1,0,"2"
53,53,18,387,1,-1,0,"2"
64,1612,18,336,1,89,5,"2"
84,639,18,353,3,-1,0,"2"
62,3114,18,243,2,186,1,"2"
41,1,18,327,2,361,3,"2"
29,1070,19,30,1,357,1,"2"
53,195,19,472,1,90,6,"2"
30,3144,19,212,2,-1,0,"2"
58,1230,20,420,1,87,1,"2"
35,1880,20,154,1,-1,0,"2"
37,3236,20,291,2,202,5,"2"
78,3208,20,351,3,-1,0,"2"
47,1568,21,226,3,91,8,"2"
61,1191,21,214,4,-1,0,"2"
47,368,21,403,1,87,6,"2"
46,706,21,588,1,386,3,"2"
51,2635,21,407,3,74,5,"2"
31,2616,21,374,1,185,2,"2"
24,2573,24,375,2,-1,0,"2"
21,215,24,382,1,89,7,"2"
71,3230,24,341,2,133,3,"2"
52,726,24,699,1,378,9,"2"
27,2781,24,168,1,389,1,"2"
25,3713,24,323,2,353,3,"2"
33,152,25,202,2,365,2,"2"
60,0,25,641,4,-1,0,"2"
28,1925,25,252,1,88,4,"2"
30,265,25,681,1,181,2,"2"
29,70,25,393,1,-1,0,"2"
52,388,25,272,1,-1,0,"2"
59,1727,25,500,4,358,2,"2"
38,205,26,332,1,-1,0,"2"
56,12356,26,410,1,551,5,"2"
33,2881,26,289,1,328,1,"2"
31,846,26,405,3,205,2,"2"
40,2266,26,175,3,89,7,"2"
28,742,26,236,1,-1,0,"2"
66,2149,26,135,2,90,11,"2"
27,567,26,523,3,182,3,"2"
32,344,26,530,2,-1,0,"2"
67,1430,26,283,2,135,5,"2"
39,265,27,93,1,555,2,"2"
46,38,27,181,3,183,1,"2"
54,3538,27,820,1,-1,0,"2"
23,691,27,1178,1,178,6,"2"
47,973,27,489,1,479,1,"2"
28,128,27,460,1,414,1,"2"
45,1831,27,275,2,-1,0,"2"
63,641,27,417,2,-1,0,"2"
60,1047,27,173,3,279,4,"2"
29,455,27,214,2,36,1,"2"
29,8103,28,473,3,-1,0,"2"
23,922,28,538,2,184,9,"2"
33,523,28,86,1,-1,0,"2"
48,0,28,270,5,-1,0,"2"
26,4613,28,663,3,196,2,"2"
26,515,31,775,1,-1,0,"2"
55,8304,1,201,1,-1,0,"2"
30,0,1,318,1,-1,0,"2"
36,1368,1,516,1,292,5,"2"
33,272,1,326,1,237,2,"2"
28,-46,1,154,2,91,12,"2"
28,168,1,347,3,140,2,"2"
31,515,1,296,5,-1,0,"2"
28,223,1,303,1,278,3,"2"
49,228,2,407,1,92,1,"2"
27,644,2,657,1,182,1,"2"
28,330,2,226,2,182,4,"2"
37,4708,2,238,1,181,2,"2"
65,952,2,310,1,-1,0,"2"
30,1165,4,204,2,183,3,"2"
51,0,7,302,1,-1,0,"2"
38,0,8,187,1,181,2,"2"
36,2823,8,215,1,371,6,"2"
35,3544,8,380,1,-1,0,"2"
63,1490,8,506,1,-1,0,"2"
63,48,9,251,1,-1,0,"2"
34,158,9,190,1,92,9,"2"
36,4721,9,150,1,92,5,"2"
31,877,9,192,1,93,7,"2"
28,187,9,206,1,92,1,"2"
80,8304,9,712,1,64,12,"2"
39,276,9,334,2,-1,0,"2"
31,147,9,163,2,92,3,"2"
39,323,9,874,2,188,6,"2"
30,799,13,674,1,-1,0,"2"
67,2540,14,278,5,116,4,"2"
29,322,14,434,1,96,6,"2"
36,495,14,187,1,94,9,"2"
24,358,14,245,1,384,1,"2"
30,2371,14,661,1,384,2,"2"
21,53,14,270,1,-1,0,"2"
27,861,14,212,4,-1,0,"2"
56,602,14,458,1,130,8,"2"
66,4041,14,713,2,-1,0,"2"
71,275,14,293,1,425,1,"2"
26,12,14,563,1,181,10,"2"
62,1742,14,167,2,98,6,"2"
32,46,14,485,2,-1,0,"2"
68,2027,15,619,2,92,2,"2"
37,3221,15,379,2,376,13,"2"
27,1720,15,910,1,224,3,"2"
45,2033,15,243,5,285,2,"2"
64,3189,15,208,1,-1,0,"2"
28,2725,16,292,1,504,1,"2"
38,2946,16,605,3,-1,0,"2"
66,1230,16,288,6,181,3,"2"
30,572,17,339,3,183,2,"2"
39,1435,17,383,1,296,19,"2"
24,403,17,247,1,-1,0,"2"
30,436,17,1720,1,-1,0,"2"
49,1071,17,169,1,-1,0,"2"
34,3301,17,485,2,227,4,"2"
36,1031,17,282,4,-1,0,"2"
46,1723,17,176,2,52,7,"2"
32,705,17,544,1,-1,0,"2"
52,955,17,301,2,134,4,"2"
25,303,18,252,1,92,1,"2"
20,153,21,100,1,-1,0,"2"
57,3287,22,867,1,84,3,"2"
32,131,22,522,1,183,2,"2"
64,109,23,706,1,225,2,"2"
33,224,23,342,2,107,2,"2"
30,315,23,1407,1,-1,0,"2"
36,538,23,339,1,183,5,"2"
59,5397,23,671,3,-1,0,"2"
25,1957,24,1207,4,385,1,"2"
43,774,24,482,1,91,2,"2"
37,1188,24,310,1,-1,0,"2"
49,1167,25,213,6,150,8,"2"
42,2611,25,300,1,389,3,"2"
27,3145,25,374,1,179,2,"2"
29,825,25,472,2,-1,0,"2"
37,122,25,266,2,318,3,"2"
47,334,28,614,3,94,9,"2"
38,623,28,297,4,144,4,"2"
48,86,28,281,3,186,6,"2"
55,976,28,345,1,94,3,"2"
39,393,28,325,1,94,1,"2"
49,293,28,452,1,-1,0,"2"
26,222,28,247,1,63,2,"2"
68,476,28,363,1,-1,0,"2"
45,2724,28,359,2,182,1,"2"
67,2391,28,737,6,186,10,"2"
22,1796,28,369,3,-1,0,"2"
60,11,29,265,1,586,2,"2"
31,54,29,401,1,-1,0,"2"
58,3109,29,295,1,287,4,"2"
41,3126,29,222,1,91,7,"2"
23,488,29,205,1,91,3,"2"
35,978,29,660,2,182,6,"2"
33,718,29,271,1,84,3,"2"
33,3143,29,421,2,-1,0,"2"
32,3255,29,167,2,-1,0,"2"
32,64,30,598,4,105,5,"2"
48,1544,30,263,1,450,2,"2"
41,985,30,274,2,391,11,"2"
43,0,30,275,2,296,1,"2"
32,4071,30,319,2,-1,0,"2"
21,2488,30,258,6,169,3,"2"
74,29080,30,301,5,93,4,"2"
32,12569,1,561,2,295,2,"2"
63,2896,1,304,1,119,2,"2"
53,36,2,25,1,417,1,"2"
28,196,2,423,3,-1,0,"2"
31,1027,2,217,3,-1,0,"2"
43,4389,2,632,2,85,1,"2"
26,463,2,248,2,-1,0,"2"
31,3511,2,667,1,-1,0,"2"
39,224,2,194,2,88,1,"2"
28,198,5,128,2,-1,0,"2"
30,0,5,140,1,424,8,"2"
24,674,6,267,1,-1,0,"2"
32,623,6,335,3,194,2,"2"
46,558,6,319,1,-1,0,"2"
60,259,6,396,1,386,2,"2"
37,432,6,386,3,776,55,"2"
48,159,7,229,1,251,6,"2"
52,657,7,398,2,460,2,"2"
29,1808,7,273,2,433,1,"2"
71,392,7,276,2,-1,0,"2"
47,6651,8,229,1,412,2,"2"
70,2795,8,480,1,181,2,"2"
28,1414,8,294,1,521,1,"2"
31,2666,8,411,2,148,9,"2"
80,668,8,250,1,371,1,"2"
29,502,8,968,1,87,5,"2"
23,1809,8,414,2,-1,0,"2"
34,267,8,449,2,-1,0,"2"
69,2473,8,967,3,-1,0,"2"
19,372,8,444,3,-1,0,"2"
35,484,8,344,1,87,3,"2"
38,1767,9,483,4,239,7,"2"
32,491,9,474,7,-1,0,"2"
50,558,9,464,1,683,6,"2"
27,337,9,23,1,-1,0,"2"
53,654,10,67,1,-1,0,"2"
35,2427,12,210,3,158,7,"2"
66,53,12,562,4,-1,0,"2"
43,386,12,220,3,529,1,"2"
30,251,12,537,1,-1,0,"2"
57,1044,12,567,1,182,3,"2"
36,93,12,262,2,182,7,"2"
31,2907,12,248,1,194,3,"2"
47,3696,12,250,2,181,4,"2"
65,828,13,305,1,-1,0,"2"
25,1857,13,195,2,91,10,"2"
33,1962,13,363,1,181,1,"2"
29,1579,13,178,1,181,4,"2"
79,2787,13,617,1,377,1,"2"
24,1123,13,475,1,412,1,"2"
27,643,13,317,1,-1,0,"2"
36,62,13,311,1,91,2,"2"
31,330,13,309,1,181,3,"2"
22,71,13,337,1,181,2,"2"
36,618,13,360,1,335,2,"2"
40,4539,13,256,3,439,1,"2"
31,2166,13,577,6,182,2,"2"
26,2007,13,272,3,182,2,"2"
51,3463,13,371,2,166,3,"2"
70,482,14,413,1,181,3,"2"
24,1235,14,334,4,93,6,"2"
23,1298,14,603,1,-1,0,"2"
41,5329,14,397,2,-1,0,"2"
53,6181,14,817,2,209,3,"2"
86,1255,14,247,1,180,3,"2"
27,132,14,276,1,-1,0,"2"
34,2733,14,604,1,-1,0,"2"
68,4189,14,897,2,-1,0,"2"
35,724,14,287,2,415,1,"2"
28,205,14,87,3,184,2,"2"
66,154,15,268,5,181,2,"2"
30,232,15,219,1,91,1,"2"
60,979,15,346,1,181,4,"2"
46,5021,15,957,1,182,1,"2"
47,3676,15,415,2,342,1,"2"
31,2544,15,252,1,184,3,"2"
68,2469,15,552,2,-1,0,"2"
63,180,15,390,2,182,5,"2"
42,1289,15,250,4,415,2,"2"
29,658,15,198,2,244,4,"2"
61,938,15,392,2,183,3,"2"
35,2918,16,815,2,407,3,"2"
43,0,16,745,1,281,1,"2"
64,588,16,574,1,179,3,"2"
22,423,16,316,1,179,10,"2"
49,1946,16,486,1,-1,0,"2"
19,302,16,205,1,-1,0,"2"
31,414,16,241,1,-1,0,"2"
37,0,16,268,2,182,3,"2"
48,817,16,806,3,183,5,"2"
33,183,16,457,2,182,3,"2"
39,2467,19,207,2,276,3,"2"
34,806,19,253,3,458,1,"2"
46,9299,19,1148,1,276,2,"2"
42,1519,19,268,1,-1,0,"2"
60,478,19,173,2,311,8,"2"
36,1057,19,230,2,164,2,"2"
32,762,19,187,11,-1,0,"2"
45,31472,19,568,7,-1,0,"2"
44,1090,19,204,4,532,2,"2"
57,3738,20,178,2,92,8,"2"
29,1277,20,165,2,481,1,"2"
31,756,20,355,2,-1,0,"2"
54,1636,20,1008,2,-1,0,"2"
49,300,21,316,1,-1,0,"2"
35,321,21,143,1,412,3,"2"
24,1234,21,314,1,156,2,"2"
24,1295,22,355,2,92,1,"2"
43,839,22,942,1,-1,0,"2"
34,1974,22,355,1,342,3,"2"
60,0,22,1193,1,412,1,"2"
27,2855,22,138,2,178,4,"2"
54,5475,22,321,4,-1,0,"2"
38,536,22,248,1,-1,0,"2"
34,1279,22,174,2,160,8,"2"
93,775,22,860,2,177,7,"2"
36,203,23,608,3,179,2,"2"
33,146,23,351,3,-1,0,"2"
37,0,23,366,6,-1,0,"2"
35,4124,23,350,2,445,7,"2"
41,14968,23,1360,4,-1,0,"2"
36,1451,23,192,4,93,17,"2"
30,3026,23,251,1,535,1,"2"
41,431,23,196,1,88,5,"2"
29,985,23,396,2,-1,0,"2"
82,243,26,275,1,180,2,"2"
56,393,26,183,1,221,2,"2"
37,1707,26,546,2,784,3,"2"
46,5511,26,414,2,389,1,"2"
44,8,26,423,4,-1,0,"2"
61,10861,26,336,2,259,3,"2"
23,794,26,607,3,171,3,"2"
69,0,27,666,1,90,4,"2"
33,2297,27,527,1,-1,0,"2"
33,373,27,267,1,180,4,"2"
23,1807,27,606,1,-1,0,"2"
45,2776,27,287,2,181,1,"2"
61,1058,27,218,2,91,3,"2"
46,3308,28,219,2,-1,0,"2"
40,0,28,496,2,182,11,"2"
55,1320,28,340,1,91,2,"2"
39,7005,28,429,2,184,3,"2"
82,1381,28,844,5,181,4,"2"
27,204,28,471,2,-1,0,"2"
26,267,28,817,2,-1,0,"2"
22,993,28,115,3,93,1,"2"
27,311,28,462,1,148,4,"2"
53,306,28,388,3,181,1,"2"
54,752,29,211,5,491,4,"2"
64,1574,29,301,3,-1,0,"2"
57,1181,29,169,2,182,2,"2"
31,1761,29,332,3,440,3,"2"
61,4629,29,349,3,183,2,"2"
35,154,29,200,4,181,2,"2"
77,4112,29,426,1,184,3,"2"
36,11650,29,268,1,-1,0,"2"
32,6138,29,519,2,90,9,"2"
25,2022,29,276,8,97,12,"2"
61,264,29,270,1,178,1,"2"
69,2144,29,417,1,184,4,"2"
69,482,29,478,1,267,1,"2"
34,0,30,292,1,183,2,"2"
71,3020,30,304,1,270,3,"2"
45,4831,30,852,3,182,11,"2"
64,12067,30,367,2,92,2,"2"
35,1227,30,1005,5,134,10,"2"
22,1232,30,283,1,430,2,"2"
34,275,2,196,2,455,23,"2"
34,369,2,868,3,342,4,"2"
55,240,2,108,3,277,1,"2"
53,2398,2,317,1,180,2,"2"
63,2785,2,341,2,392,3,"2"
37,62,2,428,2,272,8,"2"
29,1377,3,248,1,446,2,"2"
29,163,3,249,1,-1,0,"2"
38,1199,3,482,1,-1,0,"2"
62,569,3,187,2,180,6,"2"
34,0,3,261,1,470,2,"2"
56,1989,3,279,4,181,4,"2"
48,46,3,113,2,180,1,"2"
42,372,3,654,2,-1,0,"2"
68,2812,3,392,4,181,3,"2"
60,0,3,676,2,181,5,"2"
34,69,3,263,3,251,3,"2"
43,2952,3,417,2,95,1,"2"
62,569,4,288,1,1,8,"2"
68,2812,4,651,1,1,7,"2"
38,1199,4,178,1,1,1,"2"
63,3904,4,250,2,187,2,"2"
48,156,4,291,1,-1,0,"2"
30,1788,4,288,1,181,2,"2"
45,205,4,180,1,92,3,"2"
59,1625,4,198,1,180,2,"2"
38,238,4,139,1,92,3,"2"
49,1730,4,605,2,92,4,"2"
30,19,4,139,1,92,5,"2"
35,415,4,462,1,92,4,"2"
32,1812,4,296,1,182,4,"2"
93,775,4,476,2,13,9,"2"
30,3528,4,250,1,92,2,"2"
33,180,4,561,1,435,3,"2"
48,46,4,118,1,1,3,"2"
38,4017,4,470,1,96,3,"2"
34,69,4,120,3,1,6,"2"
42,372,4,153,3,1,2,"2"
36,1133,4,293,1,181,2,"2"
34,0,5,231,2,2,3,"2"
34,79,5,203,1,92,5,"2"
29,437,5,504,1,92,1,"2"
38,318,5,274,1,182,6,"2"
41,1646,5,172,3,92,8,"2"
45,0,5,374,2,472,1,"2"
57,470,5,480,3,-1,0,"2"
53,3591,5,306,2,181,2,"2"
56,2037,5,318,1,91,6,"2"
36,394,5,324,1,-1,0,"2"
33,2979,5,326,2,437,1,"2"
41,1092,5,736,1,-1,0,"2"
34,661,5,245,2,183,10,"2"
29,2196,5,215,1,-1,0,"2"
34,417,5,270,1,174,15,"2"
21,2077,5,323,1,-1,0,"2"
27,347,6,385,4,-1,0,"2"
37,2283,6,303,2,92,4,"2"
33,1536,6,258,2,178,4,"2"
45,446,6,304,3,-1,0,"2"
61,5,6,562,2,94,3,"2"
27,401,6,218,3,93,2,"2"
22,216,6,178,1,179,2,"2"
37,565,6,174,1,93,3,"2"
45,476,6,356,1,364,1,"2"
35,-32,6,366,2,178,9,"2"
28,1348,6,221,2,-1,0,"2"
31,228,6,744,1,88,4,"2"
62,1859,6,245,3,-1,0,"2"
47,2306,6,239,4,-1,0,"2"
57,2038,9,628,1,182,2,"2"
60,824,9,265,1,181,8,"2"
31,0,10,97,1,782,1,"2"
25,348,10,245,1,-1,0,"2"
19,108,10,168,1,182,2,"2"
40,1515,10,503,1,-1,0,"2"
44,121,10,412,1,-1,0,"2"
33,1514,10,447,1,728,2,"2"
53,94,10,493,1,181,14,"2"
32,473,10,1064,1,95,3,"2"
30,2325,10,263,1,127,7,"2"
36,417,10,304,1,181,1,"2"
56,3450,10,507,1,181,2,"2"
38,2543,10,223,1,414,4,"2"
22,2138,10,164,1,109,2,"2"
34,2085,10,356,3,182,2,"2"
29,464,10,317,2,518,1,"2"
61,1853,10,520,1,181,2,"2"
62,272,11,146,1,286,2,"2"
24,1925,11,1363,1,-1,0,"2"
65,2331,11,425,1,183,2,"2"
70,324,11,632,1,308,6,"2"
60,116,11,329,2,181,8,"2"
30,1779,11,233,1,433,1,"2"
51,346,11,237,1,180,6,"2"
36,353,11,361,2,181,2,"2"
42,27696,11,370,1,91,7,"2"
58,2155,11,248,2,182,7,"2"
35,2374,11,765,2,183,5,"2"
35,7050,11,222,3,182,4,"2"
43,413,12,235,2,182,4,"2"
77,2590,12,345,1,178,20,"2"
34,320,12,352,1,828,2,"2"
35,1454,12,323,1,182,4,"2"
39,1382,12,357,1,182,2,"2"
75,291,12,350,1,182,2,"2"
35,2427,12,175,3,31,10,"2"
41,2498,12,411,1,-1,0,"2"
25,1003,12,361,1,-1,0,"2"
51,2007,12,1226,3,-1,0,"2"
48,926,12,504,2,178,10,"2"
26,632,12,312,3,181,1,"2"
55,2206,12,265,1,91,5,"2"
44,1791,12,201,1,182,2,"2"
49,1830,13,261,1,179,1,"2"
29,814,13,461,1,-1,0,"2"
67,5275,13,222,4,-1,0,"2"
42,2129,13,633,1,182,2,"2"
58,169,13,880,1,92,8,"2"
35,2717,13,394,6,-1,0,"2"
45,226,13,177,6,179,10,"2"
37,341,13,287,3,182,3,"2"
35,2885,13,199,3,43,8,"2"
61,523,13,211,3,183,4,"2"
60,367,16,318,2,-1,0,"2"
60,4256,16,239,3,761,1,"2"
33,484,16,205,3,182,9,"2"
27,535,16,265,3,95,4,"2"
65,1760,18,855,4,-1,0,"2"
24,431,19,418,11,185,5,"2"
57,1269,31,1120,1,-1,0,"2"
63,0,31,253,5,-1,0,"2"
36,364,31,185,1,123,1,"2"
61,211,31,443,2,186,3,"2"
52,4012,31,634,3,92,5,"2"
34,625,31,34,1,-1,0,"2"
60,474,31,415,5,186,3,"2"
28,1584,1,222,2,-1,0,"2"
60,315,1,840,1,183,3,"2"
32,200,1,729,1,29,3,"2"
34,589,1,300,1,44,3,"2"
31,-205,1,481,1,579,1,"2"
28,-46,1,199,1,92,14,"2"
55,8304,1,193,1,92,1,"2"
65,308,1,400,1,-1,0,"2"
22,552,1,327,1,-1,0,"2"
37,1113,1,265,2,183,2,"2"
35,992,1,238,1,-1,0,"2"
33,272,1,293,2,92,3,"2"
75,1413,1,532,2,188,2,"2"
48,1819,2,1440,1,458,1,"2"
33,1623,2,291,3,-1,0,"2"
27,1075,2,529,2,184,1,"2"
62,1128,2,236,1,290,3,"2"
38,630,2,362,1,388,3,"2"
25,2975,2,799,2,-1,0,"2"
41,7968,2,404,1,184,4,"2"
25,154,2,382,1,183,3,"2"
27,5169,3,431,1,466,3,"2"
49,228,3,252,2,93,2,"2"
39,91,3,213,1,185,1,"2"
43,4945,3,219,3,185,2,"2"
52,1708,6,310,1,75,4,"2"
48,0,6,194,2,125,6,"2"
29,1584,6,245,1,-1,0,"2"
32,390,6,440,1,280,1,"2"
43,1707,6,369,3,504,5,"2"
65,952,6,255,1,96,1,"2"
72,1978,6,312,1,-1,0,"2"
33,329,6,224,1,145,2,"2"
26,1105,6,415,1,297,3,"2"
37,52,6,908,1,185,9,"2"
33,616,6,250,3,-1,0,"2"
45,406,7,314,1,-1,0,"2"
37,6771,7,337,1,186,1,"2"
28,890,7,201,1,-1,0,"2"
61,56,7,288,3,-1,0,"2"
32,1644,7,492,3,102,5,"2"
51,151,8,638,1,427,3,"2"
38,0,8,210,1,92,3,"2"
34,2240,8,220,2,184,3,"2"
60,957,8,246,1,184,3,"2"
24,689,8,630,1,-1,0,"2"
36,2161,8,708,2,183,5,"2"
46,1527,8,358,3,184,1,"2"
80,8304,8,606,3,91,13,"2"
37,698,8,1081,2,-1,0,"2"
39,494,9,216,1,183,5,"2"
62,2801,9,261,1,183,1,"2"
84,4761,9,1405,1,92,3,"2"
24,834,9,679,1,-1,0,"2"
37,1978,9,404,1,182,1,"2"
24,139,9,430,4,-1,0,"2"
28,12,9,202,1,-1,0,"2"
31,877,9,209,1,92,8,"2"
33,2066,9,305,1,749,2,"2"
33,555,9,204,1,365,1,"2"
64,48,9,167,3,92,1,"2"
48,235,9,386,2,191,3,"2"
28,1595,9,268,1,254,4,"2"
28,5741,10,1042,5,200,3,"2"
69,426,10,211,2,185,2,"2"
28,187,10,255,1,93,2,"2"
24,166,10,256,2,-1,0,"2"
52,1416,13,218,3,187,3,"2"
37,1189,13,323,9,199,4,"2"
25,486,13,273,3,199,4,"2"
58,0,14,358,2,-1,0,"2"
67,2540,14,279,3,92,9,"2"
72,2321,14,221,2,64,12,"2"
62,2557,14,211,1,216,7,"2"
41,3138,14,409,1,398,1,"2"
28,1720,14,230,1,91,4,"2"
68,2027,14,404,2,91,4,"2"
75,1765,14,808,1,187,4,"2"
21,1506,14,340,1,-1,0,"2"
74,1843,15,251,2,184,3,"2"
40,3585,15,506,3,-1,0,"2"
35,262,15,331,1,75,6,"2"
49,1093,15,316,1,246,4,"2"
39,76,15,200,1,183,1,"2"
63,4680,15,953,2,-1,0,"2"
38,1477,15,385,3,769,2,"2"
72,3561,15,511,3,184,7,"2"
24,8165,15,216,1,-1,0,"2"
31,3340,15,213,2,469,3,"2"
33,611,16,390,2,-1,0,"2"
36,376,16,173,1,-1,0,"2"
49,1071,16,225,1,91,1,"2"
29,247,16,143,2,587,3,"2"
39,112,16,574,3,-1,0,"2"
78,527,16,193,1,-1,0,"2"
61,2580,16,270,3,202,7,"2"
60,975,16,303,1,792,1,"2"
35,2326,16,319,1,-1,0,"2"
26,655,16,190,1,-1,0,"2"
58,2986,16,414,1,91,5,"2"
23,780,16,393,1,183,3,"2"
67,2048,16,452,5,195,4,"2"
20,2785,16,327,2,-1,0,"2"
28,127,16,1334,2,-1,0,"2"
41,0,17,294,4,63,11,"2"
31,4951,17,285,3,81,3,"2"
34,3301,17,164,5,92,6,"2"
37,488,17,328,1,854,2,"2"
81,1154,17,231,1,-1,0,"2"
46,624,17,336,2,183,2,"2"
46,4343,20,185,1,-1,0,"2"
44,2367,22,263,1,184,6,"2"
23,283,22,175,1,184,2,"2"
40,6403,22,208,2,-1,0,"2"
41,1819,22,397,1,371,3,"2"
27,802,22,569,1,-1,0,"2"
36,5958,22,155,1,184,1,"2"
60,3735,22,183,1,184,11,"2"
55,2693,22,182,1,184,7,"2"
58,99,22,396,2,-1,0,"2"
43,0,23,183,2,184,13,"2"
26,1027,23,744,1,-1,0,"2"
25,3902,23,856,1,-1,0,"2"
31,243,23,305,2,842,1,"2"
54,0,23,209,1,-1,0,"2"
33,224,23,409,2,92,4,"2"
29,1055,23,427,1,603,1,"2"
36,60,23,156,2,-1,0,"2"
59,5397,23,244,1,92,3,"2"
37,217,23,272,2,-1,0,"2"
28,6551,23,203,1,-1,0,"2"
30,655,23,272,4,184,1,"2"
35,303,24,173,2,190,10,"2"
40,3840,24,232,2,409,2,"2"
32,2093,24,224,2,444,1,"2"
49,1167,24,249,1,91,14,"2"
50,2376,24,395,1,-1,0,"2"
55,0,27,262,6,193,4,"2"
81,949,27,188,2,280,1,"2"
24,393,27,1298,1,-1,0,"2"
38,2678,28,282,2,187,1,"2"
48,334,28,600,2,92,12,"2"
61,11,29,232,1,92,3,"2"
67,4416,29,245,3,-1,0,"2"
28,390,29,845,1,232,4,"2"
29,1934,29,271,1,-1,0,"2"
31,3511,6,311,1,96,1,"2"
71,1696,6,486,1,-1,0,"2"
33,1278,6,649,1,-1,0,"2"
47,1011,6,808,1,-1,0,"2"
39,2939,6,608,1,99,3,"2"
26,3466,6,275,2,-1,0,"2"
22,372,6,218,1,-1,0,"2"
34,549,6,1246,2,-1,0,"2"
32,1102,8,194,1,-1,0,"2"
48,973,8,319,1,134,2,"2"
32,491,8,251,2,91,7,"2"
58,3337,8,369,2,690,3,"2"
48,368,8,363,2,140,7,"2"
34,247,8,401,2,-1,0,"2"
28,326,11,450,1,231,1,"2"
36,12264,11,285,1,182,2,"2"
67,203,11,405,1,266,2,"2"
30,502,11,463,3,95,6,"2"
27,346,11,212,1,-1,0,"2"
24,1809,11,165,1,95,2,"2"
33,816,11,383,2,503,2,"2"
31,4328,12,203,4,165,14,"2"
25,1857,12,187,1,91,12,"2"
27,279,12,323,1,-1,0,"2"
33,131,12,209,3,427,2,"2"
36,2646,13,169,1,182,10,"2"
62,6,13,216,1,183,4,"2"
29,1579,13,190,1,92,5,"2"
26,2007,13,194,1,92,5,"2"
38,413,13,252,2,183,3,"2"
59,1,14,585,1,182,5,"2"
51,469,14,491,1,182,3,"2"
28,159,14,246,2,420,2,"2"
27,643,14,301,1,93,1,"2"
60,514,15,187,2,213,10,"2"
42,1289,15,1176,3,92,6,"2"
47,3676,18,567,1,95,3,"2"
45,2048,18,310,1,804,1,"2"
43,0,18,464,1,94,2,"2"
22,104,18,509,1,185,3,"2"
34,159,18,252,1,-1,0,"2"
64,466,18,526,1,-1,0,"2"
39,728,18,222,1,-1,0,"2"
27,107,18,767,3,-1,0,"2"
49,1946,19,192,1,95,1,"2"
42,1519,19,230,1,92,1,"2"
64,5112,19,898,7,137,11,"2"
44,1090,20,178,4,93,6,"2"
36,521,20,347,3,-1,0,"2"
64,4833,20,621,1,181,3,"2"
29,1925,21,150,3,149,5,"2"
52,335,21,411,1,182,1,"2"
52,371,21,453,1,183,3,"2"
27,771,21,181,1,302,3,"2"
54,5475,21,1032,1,91,4,"2"
37,203,21,759,1,90,5,"2"
48,50,21,419,1,-1,0,"2"
28,11862,21,549,2,238,13,"2"
77,820,21,330,2,181,4,"2"
63,791,21,212,2,-1,0,"2"
34,1279,21,339,3,91,10,"2"
59,496,22,738,3,183,1,"2"
29,455,22,542,4,148,3,"2"
25,325,22,716,3,-1,0,"2"
38,536,22,234,1,92,1,"2"
33,146,22,380,1,91,3,"2"
43,2081,22,554,3,-1,0,"2"
37,480,22,344,2,182,8,"2"
47,1693,22,608,2,92,4,"2"
63,1495,25,389,1,195,4,"2"
61,10861,25,225,1,91,5,"2"
30,985,25,304,1,94,2,"2"
74,935,25,400,1,173,3,"2"
31,410,25,182,1,185,1,"2"
33,51,25,253,1,284,3,"2"
32,660,25,226,2,490,1,"2"
25,679,25,297,5,94,6,"2"
78,1780,25,211,2,185,7,"2"
26,222,26,318,1,120,3,"2"
25,1868,26,259,1,103,2,"2"
47,1210,26,604,1,91,4,"2"
32,1547,26,289,1,805,4,"2"
56,1693,26,238,4,442,4,"2"
27,232,26,701,2,-1,0,"2"
40,858,26,202,2,-1,0,"2"
54,876,27,269,3,541,3,"2"
46,3308,27,171,1,91,2,"2"
47,0,27,508,1,-1,0,"2"
24,822,27,184,1,91,2,"2"
70,0,27,258,1,92,5,"2"
30,297,8,188,1,-1,0,"2"
63,3904,8,360,1,96,4,"2"
22,2488,8,449,2,38,10,"2"
38,88,8,282,2,186,4,"2"
44,121,9,248,1,91,1,"2"
37,3556,9,268,1,-1,0,"2"
52,0,9,467,3,92,7,"2"
35,0,9,524,1,96,5,"2"
29,464,9,208,2,91,3,"2"
41,79,9,394,1,390,2,"2"
62,2557,10,404,1,57,8,"2"
62,272,11,289,1,92,3,"2"
38,2543,11,357,3,93,5,"2"
54,66,11,167,1,-1,0,"2"
36,1224,12,482,1,374,1,"2"
34,320,12,413,1,92,3,"2"
34,133,15,401,2,187,5,"2"
60,4256,16,200,1,92,4,"2"
32,1168,16,411,1,-1,0,"2"
29,703,16,236,1,550,2,"2"
32,136,16,206,1,188,3,"2"
75,3810,16,262,1,183,1,"2"
29,765,16,238,1,-1,0,"2"
28,159,16,449,2,33,4,"2"
68,1146,16,212,1,187,6,"2"
25,358,16,330,1,-1,0,"2"
36,1511,16,270,1,-1,0,"2"
38,557,16,1556,4,-1,0,"2"
53,583,17,226,1,184,4,"2"
34,557,17,224,1,-1,0,"2"
23,113,17,266,1,-1,0,"2"
73,2850,17,300,1,40,8,"2"
25,505,17,386,2,-1,0,"2"
51,825,17,977,3,-1,0,"2"
71,1729,17,456,2,-1,0,"2"
72,5715,17,1127,5,184,3,"2"
