"area","rooms","bathroom","parking_spaces","hoa_.BRL.","rent_amount_.BRL.","property_tax_.BRL.","fire_insurance_.BRL.","totalBRL"
70,2,1,1,2065,3300,NA,42,8.6339089911122
320,4,4,0,1200,4960,NA,63,8.9839415279413
80,1,1,1,1000,2800,0,41,8.2537483433285
51,2,1,0,270,1112,22,17,7.25981961036319
25,1,1,0,0,800,NA,11,6.72982407048948
376,3,3,7,0,8000,NA,121,9.10007897771864
72,2,1,0,740,1900,85,25,7.91971976092457
213,4,4,4,2254,3223,1735,41,8.88930831984285
152,2,2,1,1000,15000,250,191,9.70753349401088
35,1,1,0,590,2300,NA,30,7.99159228206809
26,1,1,0,470,2100,NA,27,7.91862865334224
46,1,1,1,550,580,43,8,7.07496319796604
36,1,1,0,359,2100,70,27,7.84658997529119
55,1,1,1,790,4200,224,54,8.56959587020929
100,2,2,2,900,4370,17,56,8.58372971521648
330,4,6,6,680,8000,NA,121,9.11932097358901
110,2,2,1,700,3000,NA,39,8.25894046298846
88,2,3,1,1614,3500,221,16,8.58522560180806
56,2,1,0,800,1220,0,16,7.61923341622681
600,4,5,6,0,12000,9500,181,9.98419157995109
100,7,4,0,0,3800,118,58,8.28828304520769
42,1,1,1,470,2690,NA,36,8.12237124340655
160,3,2,2,1530,1900,167,25,8.19505769089508
35,1,1,0,0,1100,3,14,7.01929665371504
90,3,2,1,800,1800,NA,24,7.9168074909376
49,1,1,1,480,3500,42,45,8.31090675716845
41,1,1,1,600,3000,0,39,8.19973896063079
64,2,2,1,352,1500,80,20,7.57712193087668
208,3,2,4,0,3180,NA,48,8.11042723757502
20,1,1,0,602,1800,130,23,7.84619881549743
55,2,2,2,780,1068,142,14,7.60339933974067
32,1,1,0,515,1700,NA,22,7.72621265050753
80,2,2,1,1208,2550,216,33,8.2960476427647
45,1,1,1,2450,2500,NA,33,8.62640627638955
350,4,4,3,2100,4000,500,51,8.80267284031282
38,1,1,2,450,1750,0,26,7.70841066725737
30,1,1,0,460,1600,0,21,7.64108424917491
80,3,2,1,0,11000,425,181,9.35970820362701
70,2,1,0,0,1150,59,18,7.11314210870709
40,1,1,1,390,2990,NA,44,8.13885675069633
300,4,6,4,3700,12000,1584,153,9.76657903526867
240,3,2,3,0,3500,292,53,8.25478892614873
200,4,2,1,850,2550,NA,34,8.14438886554762
45,1,1,1,500,1631,192,12,7.75619534394812
360,4,5,0,4000,6410,2000,82,9.43276366396591
40,1,1,1,978,2829,NA,33,8.2534880283459
100,3,1,0,700,1220,10,17,7.57455848420248
42,1,1,2,190,1770,17,26,7.60290046220476
250,3,3,2,2200,1700,256,22,8.33782726244791
48,1,1,1,505,1600,59,21,7.68982866873648
90,3,3,1,1250,3800,NA,49,8.56541176368671
45,1,2,1,856,3900,NA,50,8.50855599802057
150,2,3,4,1700,4000,700,52,8.77230041793584
60,2,1,0,200,1445,0,19,7.41758040241454
31,1,1,0,370,2350,56,30,7.93987157636188
210,4,5,4,1650,9000,772,115,9.35366119142041
280,3,1,2,0,6000,113,91,8.73311069763871
93,2,3,2,663,5500,NA,70,8.75888368001702
75,3,2,1,340,1800,NA,27,7.73061406606374
194,3,4,3,0,4000,70,61,8.32651683023953
41,1,1,1,523,4000,NA,51,8.45659356928731
65,1,1,1,2000,5100,250,66,8.91152994173656
70,2,1,1,761,2150,67,28,8.00869818298853
278,4,5,2,4052,9000,1261,115,9.57713394943608
35,1,1,0,306,1521,NA,20,7.53315880745556
300,4,4,3,2300,6000,417,77,9.08193865717166
61,2,1,1,459,1850,0,24,7.7553388128465
130,3,2,1,1660,1700,NA,22,8.25790419346567
80,2,1,1,500,900,90,12,7.31521838975297
164,4,4,2,2159,5000,386,64,8.93721845085573
220,4,2,3,450,2422,125,33,8.0166478770578
45,1,1,0,0,1050,46,16,7.01481435127554
108,3,2,2,1290,5600,435,71,8.90882979158787
128,1,1,0,418,2100,NA,28,7.91169052070834
60,1,1,0,450,1800,48,24,7.75061473277041
250,4,5,4,2050,9800,998,125,9.47047137534067
47,1,1,1,400,2200,NA,33,7.87625888230323
170,4,3,4,744,2700,NA,36,8.23668532271246
45,1,1,0,300,1240,0,16,7.350516171834
42,1,1,1,686,3500,123,45,8.3790798892866
164,4,4,3,1840,6000,NA,77,9.04404963225476
70,3,1,1,700,1020,NA,13,7.56734567601324
100,4,3,1,600,2200,NA,33,8.0040315078527
64,2,2,2,1300,4500,440,58,8.74814616962193
68,2,1,1,320,1200,27,16,7.35500192110526
75,2,2,2,620,2500,264,34,8.1371033896393
600,4,4,4,7400,8500,3368,108,9.87204848370075
63,2,2,0,590,1550,152,20,7.74630066223144
145,3,4,3,1200,6000,750,77,8.99069070991623
85,2,2,2,1500,2800,292,36,8.44009614103127
254,4,4,4,3366,9000,1800,115,9.56668526145293
350,4,4,4,1,9000,359,160,9.16125516428569
300,4,4,3,0,3500,584,53,8.32796785830549
296,4,3,2,0,13500,NA,222,9.55754057195237
64,2,2,2,450,2800,30,36,8.10681603894705
133,3,2,0,813,2957,38,38,8.25504890275229
44,1,1,0,350,550,12,7,6.82437367004309
240,3,4,2,0,3000,NA,46,8.10076824307173
70,3,2,1,490,2500,8,37,8.01829613851552
22,1,1,0,302,2050,45,26,7.7931743471892
50,1,1,1,350,950,50,14,7.21890970761906
67,3,2,2,600,2200,NA,33,7.96693349840484
31,1,1,0,430,2300,0,30,7.92334821193015
90,2,1,1,850,3468,191,45,8.42398080969406
109,3,3,1,2000,3800,300,49,8.72420736080056
400,4,2,2,0,2500,NA,41,7.86940171257709
300,4,5,4,0,14000,1167,211,9.64088826045181
284,4,3,3,2340,6000,483,77,9.09391890895893
70,2,1,1,360,2400,NA,36,7.94697135769359
309,4,5,4,2661,6500,NA,84,9.20311432688444
70,2,1,0,0,2100,NA,32,7.72621265050753
360,3,4,1,2300,10000,584,127,9.47355043250348
30,1,1,1,886,1500,0,20,7.78613643778307
80,2,2,2,832,2200,171,28,8.08085641964099
133,4,4,3,1500,7000,800,94,9.14793291184756
38,1,1,1,1620,2800,279,36,8.46294817656384
73,2,2,1,1100,3500,100,45,8.46505743699571
155,3,4,2,1500,2000,150,26,8.20985248130127
63,2,2,1,357,3200,50,41,8.20220843643645
58,2,1,1,0,1400,0,18,7.25770767716004
48,1,1,0,377,3450,0,44,8.26152644839647
210,3,4,3,1700,2790,834,36,8.58690580382754
100,3,2,2,340,1600,183,22,7.67136092319064
94,3,2,2,1337,3570,140,46,8.5358186555394
94,3,3,2,1220,5010,NA,64,8.80836915312227
76,3,1,1,1200,2500,267,32,8.29404964010203
192,3,3,2,2100,7800,634,99,9.27152954028861
217,3,4,3,2884,6500,0,83,9.15567297063388
68,2,1,1,610,1400,35,18,7.63240112660145
110,3,2,2,1145,2400,NA,31,8.24905227417129
95,2,2,1,660,1600,164,22,7.80261806344267
900,4,6,8,0,15000,4417,226,9.8853744971092
34,1,1,0,347,1200,45,16,7.38336814699238
192,3,4,3,2000,8000,NA,102,9.22038970782918
62,2,2,1,350,1800,75,27,7.72001794043224
180,3,3,4,0,3700,184,56,8.279189777195
44,1,1,0,350,916,12,12,7.16317239084664
100,2,1,1,250,1700,116,23,7.64491934495886
140,3,3,1,900,1370,100,18,7.77863014732581
170,3,3,3,1570,2800,648,36,8.52813313145457
100,3,2,2,0,1600,150,25,7.48211892355212
75,3,2,2,652,1600,NA,21,7.76472054477148
52,2,1,0,200,1200,NA,16,7.28619171470238
999,5,7,8,0,14000,667,211,9.60784051043005
270,4,4,4,2200,7000,1500,89,9.28646773236373
50,2,1,1,160,930,60,13,7.05961762829138
200,3,3,2,650,2210,184,34,8.0323601479245
71,2,2,0,430,1920,100,25,7.81439963380449
500,5,4,6,0,13000,250,196,9.50680873170858
60,2,1,0,0,1080,94,17,7.0833878476253
110,2,1,0,1100,1300,NA,17,7.82484569102686
210,3,3,4,0,3294,276,50,8.19450550976564
220,3,4,3,2021,6000,NA,77,9.11548009095222
200,3,2,5,0,4000,NA,66,8.35960327084147
130,3,4,3,2300,4250,502,54,8.86883549282689
65,2,2,2,1037,4000,245,51,8.58185670474196
96,3,2,2,804,3200,250,41,8.3654396361887
660,4,5,5,4800,20000,1750,254,10.1961944792357
107,3,2,0,1460,3200,270,42,8.51177855871474
105,3,2,0,740,2200,NA,29,7.99934295271328
100,3,2,0,900,3290,NA,43,8.37632063253482
287,3,4,4,0,9000,430,136,9.16607495567817
24,1,1,0,230,1180,9,15,7.26892012819372
22,1,1,0,0,976,0,15,6.89972310728487
70,1,1,1,0,2529,142,39,7.90507284949867
44,1,1,1,250,1500,NA,22,7.4899708988348
150,3,2,2,0,2500,0,38,7.83952558170468
90,1,2,2,998,2900,220,37,8.33230835221912
200,4,4,2,3000,2800,830,36,8.80492526261806
320,8,4,0,450,10500,350,158,9.3467052464967
90,2,1,1,550,1700,NA,25,7.77737360265786
240,4,4,3,2500,2144,834,28,8.61377528926248
154,4,3,3,1684,7000,1020,89,9.18952523226226
60,2,2,2,2340,3230,NA,41,8.68202943386917
101,3,2,0,780,2380,NA,31,8.09651291750159
140,3,4,2,0,3090,0,55,8.05388708361822
500,4,5,8,0,15000,1850,226,9.74572201363806
110,3,3,3,1195,2350,687,30,8.35772841676521
110,3,3,2,0,4800,NA,73,8.50187648730434
90,2,2,2,200,2000,84,27,7.74586822979227
384,4,6,4,3500,15000,344,191,9.85434982797458
57,2,1,1,570,1500,NA,20,7.67693714581808
160,3,3,2,1650,1500,419,20,8.18590748148232
39,1,1,0,330,1250,19,16,7.38770923908104
78,1,2,1,0,2290,NA,30,7.80954132465341
36,1,1,1,0,762,15,14,6.67456139181443
70,2,1,1,558,1200,0,16,7.48155570190952
45,1,1,1,300,3200,0,43,8.17301131172497
200,3,4,3,3500,8500,1250,108,9.50009529458889
100,3,3,3,0,4300,120,65,8.40871671508015
42,1,1,1,0,5000,0,64,8.53010941668278
280,4,4,1,3000,8000,NA,102,9.34057884889991
28,1,1,1,615,2800,42,36,8.158802490694
30,1,1,0,296,1826,30,24,7.68570306123455
85,3,2,1,337,1500,88,20,7.57353126274595
83,1,1,1,500,1080,59,14,7.41095187558364
85,3,2,2,550,3300,150,42,8.30474226964077
90,3,2,2,325,1600,105,22,7.62705741701893
50,2,1,0,0,900,NA,12,6.92067150424868
50,1,1,0,600,2900,NA,38,8.20876404581967
300,3,2,3,0,6700,539,110,8.90245559220688
39,1,1,0,350,850,27,13,7.12367278520461
750,4,4,6,0,15000,2084,226,9.75909741657673
60,2,1,0,222,1100,46,17,7.23417717974985
68,2,1,0,750,1250,9,17,7.614312146452
70,2,1,1,230,1250,50,16,7.34407285057307
90,2,2,1,900,6500,89,83,8.93234456911382
258,5,6,0,0,8700,670,133,9.15946804160243
200,2,2,6,0,4500,292,68,8.48899945704546
123,2,2,2,1800,2990,625,38,8.60410456340553
127,3,2,2,220,2150,67,33,7.81237820598861
180,4,2,2,0,1800,NA,30,7.62119516280984
110,3,2,0,0,2900,NA,44,8.11042723757502
70,2,2,1,585,1719,77,23,7.78530518253986
35,1,1,1,720,3000,130,39,8.26616443661249
219,3,2,2,0,2900,150,44,8.0375431851187
25,1,1,0,50,700,NA,10,6.63463335786169
170,4,5,0,1200,7100,639,92,9.1085291058295
45,1,1,0,900,1570,98,21,7.85941315469358
420,4,4,2,0,7000,200,115,8.89781900951076
46,1,1,0,0,1040,48,16,7.00760061395185
145,3,3,2,1088,5800,250,74,8.88364023250367
59,2,2,1,190,1100,59,15,7.21890970761906
225,4,3,0,1850,7500,466,100,9.20200573518612
210,4,4,3,2270,4675,NA,60,9.00159270094571
76,1,1,0,209,1249,52,19,7.33302301438648
220,3,4,3,2500,5150,1250,66,9.10130645095205
109,3,2,2,1746,2500,134,32,8.39231000926955
95,2,1,1,646,1000,NA,14,7.48493028328966
32,1,1,0,280,1500,50,20,7.5234813125735
480,4,6,5,6660,15000,3063,191,10.1230647519707
53,1,1,1,694,4390,NA,56,8.58316818033977
40,1,1,0,0,780,17,12,6.69703424766648
50,1,1,1,500,3223,100,41,8.25971696102152
60,1,1,0,0,1300,NA,20,7.36264527041782
64,2,2,2,450,1500,50,22,7.61233683716775
140,3,3,2,2280,12000,535,155,9.61387027544984
121,3,3,1,800,2040,NA,26,8.07121853996986
43,1,1,1,498,2100,84,27,7.90470391387375
20,1,1,1,1700,1360,0,18,8.0323601479245
58,2,1,1,289,950,11,13,7.1420365747068
570,5,6,7,0,8330,873,137,9.14216859187285
88,2,1,1,980,2790,0,36,8.2445967563825
89,3,2,2,900,6000,184,77,8.87654455055838
47,1,1,1,400,2200,0,33,7.87625888230323
40,1,1,0,0,1100,NA,17,7.06304816338817
40,1,1,0,386,1950,91,26,7.80547462527086
60,1,2,1,400,750,NA,10,7.12367278520461
25,1,1,0,257,1650,0,21,7.56475701290573
50,2,1,0,340,1130,30,17,7.32514895795557
90,3,1,0,145,1130,55,17,7.20637729147225
173,3,3,3,3000,2000,NA,26,8.67453876214002
91,3,2,2,700,2250,175,29,8.05674377497531
90,3,2,2,1710,1200,109,16,8.01829613851552
530,5,6,4,8300,15000,NA,191,10.2573435269111
155,1,4,0,1117000,2790,NA,38,13.928840136128
40,1,1,0,0,1300,NA,17,7.18387071506245
296,4,5,3,0,15000,0,191,9.62845842620766
87,3,2,1,850,1400,NA,18,7.81156848934518
300,3,3,5,0,5000,NA,76,8.64135583403666
136,3,3,3,1430,4206,364,54,8.70863965598719
52,2,1,0,0,1340,NA,17,7.21376830811864
94,2,2,2,600,2900,230,43,8.2358907259285
300,4,5,3,3850,12750,NA,165,9.77115544048709
100,3,3,1,850,3229,100,42,8.34806422840827
500,4,6,3,6466,7300,2536,110,9.70570712067963
240,3,4,3,3600,4950,1000,63,9.17097564845391
308,2,3,3,0,2000,171,33,7.69848278788095
350,4,5,4,2700,4590,1334,59,9.06923753099818
75,2,2,0,570,1450,0,19,7.62070508683826
155,3,2,3,2600,11700,667,149,9.62383978511267
260,3,5,4,2227,6000,1468,77,9.18737876033884
80,2,2,1,0,1500,184,23,7.44307837434852
85,3,1,1,810,1998,NA,26,7.98002359231065
120,2,2,2,1400,3500,375,45,8.57941653459637
100,2,2,1,0,1970,NA,30,7.60140233458373
240,4,5,4,1869,3500,717,45,8.7212762399917
360,7,6,6,0,5270,245,80,8.62980733578537
42,1,1,0,0,1100,0,17,7.01929665371504
33,1,1,1,600,2800,112,36,8.1744211526465
48,1,1,0,626,1020,53,14,7.44658509915773
36,1,1,0,350,1130,42,15,7.33823815006559
270,6,3,6,0,4500,417,68,8.5143892640835
75,2,1,1,670,1200,NA,16,7.60489448081162
46,2,1,0,270,1600,0,21,7.54538974961182
350,3,3,3,0,10000,1292,151,9.34495867370094
131,3,3,1,1625,1750,NA,26,8.16706817834124
90,3,2,1,920,1300,129,17,7.76937860951398
26,1,1,0,390,1650,120,22,7.68845535654994
44,1,1,0,400,1100,NA,15,7.33302301438648
70,2,2,0,0,1880,NA,29,7.55485852104068
40,1,1,0,0,900,0,15,6.82001636467413
320,4,2,4,0,3200,206,53,8.14902386805177
213,2,2,3,0,5150,0,78,8.56197533418813
80,2,1,0,0,1100,0,14,7.01660968389422
70,1,1,0,500,800,NA,11,7.20191631753163
60,2,1,1,690,1500,NA,20,7.71244383427499
270,4,4,4,4500,12850,1834,163,9.87049937670915
70,2,1,1,800,1300,44,17,7.67878899819915
300,6,2,2,0,6000,242,107,8.75621009188674
220,4,5,3,2050,12000,NA,153,9.61253346621393
64,2,2,2,450,1600,NA,24,7.65396918047877
80,3,3,1,1100,1470,0,19,7.85941315469358
56,1,1,0,625,2500,81,32,8.08301991917133
161,4,3,2,1450,10000,467,127,9.39607277189222
35,1,1,0,350,1350,0,18,7.44949800538285
720,4,6,5,0,12750,2613,192,9.65252306301951
280,4,5,4,2500,3200,750,41,8.77832592863448
96,3,2,0,408,2100,NA,31,7.87245515006398
236,3,4,4,1600,11000,NA,140,9.48653167771246
81,3,2,1,204,1510,0,20,7.45876269238096
62,2,1,1,580,1650,92,21,7.7596141506969
125,3,2,0,150,1200,NA,16,7.26961674960817
37,1,1,1,890,4150,110,53,8.5571828396324
60,2,2,1,1680,4000,200,51,8.68811670325782
230,4,2,3,3600,5000,1551,64,9.23219970632908
210,4,5,2,3800,8500,NA,108,9.42633845512952
450,4,3,8,0,14000,175,211,9.57435829017017
234,3,5,4,0,3680,NA,56,8.32772616646141
135,4,3,2,868,2450,NA,33,8.20521842639541
395,4,5,3,0,6000,NA,91,8.73456008995299
92,2,2,1,450,1700,67,25,7.71556953452021
412,3,5,6,2000,3952,NA,51,8.7738488852629
42,1,1,1,560,5300,NA,68,8.70433643848941
33,1,1,0,385,3000,125,39,8.17470288246946
28,2,1,1,0,600,0,11,6.41673228251233
190,4,4,2,0,4450,223,67,8.46400336290212
165,4,3,3,2440,6300,1292,80,9.2213792190914
44,1,1,0,355,1200,NA,18,7.37400185935016
60,2,1,1,603,1275,109,17,7.60339933974067
380,3,3,2,3580,11000,1084,140,9.6678285081515
73,2,1,0,375,830,120,11,7.19818357710194
19,1,1,0,620,1100,NA,15,7.50714107972761
230,3,5,4,1800,7500,0,96,9.14814576838306
37,1,1,1,500,2500,NA,37,8.01895468315572
124,3,2,3,1450,6600,NA,84,9.04014499498007
115,3,2,1,1090,2680,114,35,8.27384693278451
600,3,3,4,0,5500,NA,83,8.6941671418836
700,5,5,4,1380,15000,1667,229,9.81361754810709
35,1,1,0,100,815,NA,12,6.85118492749374
15,1,1,0,0,1100,0,15,7.01750614294126
80,3,2,1,570,1450,125,19,7.68017564043659
48,1,1,0,200,700,38,11,6.85646198459459
96,3,2,1,922,1500,NA,20,7.85554467791566
150,3,2,1,1843,6715,340,86,9.10331179921766
105,3,2,2,1681,3300,390,44,8.59711281459211
204,4,4,4,2701,10000,760,134,9.51789859843275
125,3,1,2,1317,2600,170,33,8.32385113133882
50,2,1,0,490,2300,NA,30,7.96241568012106
250,3,4,3,0,3740,234,57,8.3020178097512
300,3,4,3,3000,2000,1250,26,8.74464743831753
80,2,1,1,0,1500,NA,23,7.36454701425564
130,3,4,1,1200,1400,334,19,7.99091546309132
120,2,3,0,904,3300,195,42,8.39886000445437
540,3,3,4,6200,15000,NA,191,10.1222615713324
23,1,1,0,392,2100,41,27,7.84815308619953
15,1,1,0,0,2500,0,32,7.83715965000168
72,1,2,2,900,4000,200,51,8.54714026778419
95,3,2,2,985,2300,NA,30,8.1426451859428
330,4,5,4,2870,10000,1119,127,9.55541833006925
75,2,2,2,1600,6600,400,84,9.0693526786752
53,1,1,1,690,4398,200,56,8.58391682345914
178,3,2,1,1200,1900,180,25,8.10349427838097
150,3,2,0,0,4000,24,61,8.31532177537757
50,2,1,1,520,1200,30,16,7.4770384723197
150,3,2,1,0,2500,59,38,7.86249719723055
25,1,1,0,286,984,11,15,7.16780918431644
210,3,4,4,3150,12000,NA,153,9.70874922572708
75,3,2,1,600,1500,75,20,7.69439280262942
200,2,4,3,1897,15000,827,200,9.79372848854339
350,4,4,0,0,8000,NA,121,9.11723775371386
49,2,1,1,360,1150,30,17,7.35115822643069
40,1,1,0,0,2000,0,30,7.61628356158038
45,1,1,1,1900,4200,NA,54,8.78032639094661
46,1,1,1,900,7600,118,97,9.07291569606451
80,2,2,2,2000,11000,NA,140,9.48349239264364
30,1,1,0,400,2850,0,37,8.09803475617607
80,2,2,2,50,2200,173,34,7.80710329012598
105,2,2,1,1780,1530,134,20,8.150467911624
105,3,2,2,1170,2000,219,27,8.13651825211529
114,3,1,0,0,2570,150,39,7.9229859587112
200,3,3,4,0,7000,425,106,8.92691588977704
120,3,3,2,800,3000,167,44,8.29704514908183
60,2,2,1,647,4000,21,51,8.4595640785796
90,2,1,1,1000,3000,50,39,8.31630024903685
53,2,1,0,535,1800,50,24,7.7873820264847
80,2,2,5,0,3000,59,46,8.04109100370863
87,4,2,2,784,1600,106,21,7.82883452758809
110,3,1,1,557,5000,188,65,8.66750795207511
113,4,2,1,1587,4000,429,54,8.71127861513043
170,3,2,2,2199,5000,423,64,8.94728586934913
150,3,2,0,700,3000,42,39,8.2380082492184
60,2,2,1,469,1500,51,22,7.62217459481762
43,1,1,0,290,2100,66,31,7.81923445385907
130,3,2,2,800,3500,0,45,8.37701116081637
69,3,2,0,650,1900,185,25,7.92334821193015
306,3,2,2,0,2500,NA,38,7.99328232810159
187,3,2,3,500,3500,193,53,8.35396813031327
385,3,4,3,0,9000,NA,136,9.27246974344173
355,4,4,3,0,7300,660,110,8.99603266932437
90,2,1,1,405,1100,NA,17,7.55118686729615
190,3,4,4,0,5000,NA,76,8.58522560180806
181,2,1,2,0,1400,132,22,7.34923082461333
350,3,5,4,4000,3490,1750,45,9.13626316857987
168,5,3,2,1443,2900,NA,39,8.47449443688312
73,2,1,0,1600,2800,204,37,8.44290058683438
378,5,5,4,4000,3000,2000,39,9.10941445338622
60,2,1,1,0,1300,180,20,7.31388683163346
362,4,5,0,4138,15000,1975,200,9.96697865031733
90,3,2,0,0,1700,136,26,7.52994337060159
42,1,1,0,500,1973,79,26,7.85515700588134
56,2,1,1,568,1000,88,13,7.4205789054108
16,1,1,0,0,850,NA,11,6.79346613258001
90,2,2,2,1400,10000,NA,127,9.35279433977112
67,1,1,0,375,850,55,12,7.16472037877186
488,4,3,3,14130,6400,NA,82,9.99062808785113
30,1,1,0,850,1100,60,15,7.61381868480863
290,6,3,4,0,8000,1525,121,9.17440226517055
266,3,3,4,4700,6400,NA,82,9.4478600892349
47,2,1,1,260,900,25,12,7.08840877867539
590,6,6,2,750,8000,975,122,9.19502366786429
900,4,9,8,0,15000,NA,226,9.94898659260735
86,2,1,1,0,2200,110,34,7.76004068088038
290,3,3,2,0,15000,NA,226,9.69467827290507
84,3,2,2,750,3300,100,49,8.34283980427146
160,3,1,2,0,5000,225,76,8.57583938684897
37,1,1,0,470,3500,127,45,8.3291754420774
73,3,1,1,308,850,NA,11,7.10332206252611
350,4,5,5,2400,15000,NA,191,9.90303745125574
57,1,1,0,200,1100,10,15,7.18992217074581
48,1,1,0,350,650,21,9,6.93828448401696
30,1,1,0,390,800,25,11,7.11232744471091
198,6,3,4,0,2000,145,31,7.68570306123455
47,1,1,0,300,1000,59,15,7.22620901010067
60,2,1,1,250,800,22,12,6.98933526597456
230,3,3,0,1700,5000,109,64,8.83550145740978
90,2,1,1,0,1520,NA,25,7.34342622914737
129,3,2,1,1200,3255,167,42,8.44784311328144
240,4,4,4,1980,6672,417,85,9.12205545710861
55,1,1,0,700,1020,29,15,7.4759059693674
52,1,1,0,150,1200,NA,18,7.25205395185281
250,3,4,3,1610,6000,1089,77,9.07988994259212
200,3,2,2,2573,10000,NA,127,9.53394445360403
312,4,3,3,1498,2300,NA,31,8.36474106822456
230,5,5,3,0,9900,NA,149,9.27528506061656
72,2,2,2,750,2480,209,32,8.15248607578024
55,2,1,0,620,2400,24,31,8.03138533062553
72,2,2,1,914,3600,133,47,8.45425339164236
50,2,1,0,0,1200,83,19,7.17242457712485
17,1,1,0,0,2700,5,35,7.91607809630279
160,3,3,2,150,2400,263,32,7.9536697786498
214,4,4,3,2638,6520,1187,83,9.25253742067597
65,1,1,0,300,1800,30,24,7.67554600253785
136,3,2,1,1300,6500,267,47,9.00146947994869
70,2,2,1,440,1900,57,28,7.793999089504
38,1,1,0,340,650,350,10,7.2086003379602
450,8,5,5,0,8000,NA,121,9.11844435727164
67,2,1,1,1217,2200,130,29,8.18227973925902
20,1,1,0,0,1100,35,14,7.0475172213573
41,1,1,0,290,1530,60,20,7.55013534248843
50,2,1,1,500,1550,7,20,7.63916117165917
205,3,3,3,0,5525,NA,84,8.72988228482659
100,3,2,1,0,3300,500,50,8.25608813381491
190,3,4,4,2849,15000,1160,191,9.86271763999292
45,2,1,0,0,1350,0,23,7.22548147278229
57,1,1,1,605,800,NA,11,7.30182234213793
88,1,2,2,340,1600,NA,24,7.60339933974067
70,1,1,1,459,3400,80,44,8.29004161870449
76,2,2,0,646,2800,0,36,8.155649270366
36,1,1,0,450,1370,NA,18,7.53262361878879
61,2,2,2,445,2500,NA,37,8.01466637046494
280,4,3,6,0,12500,NA,188,9.50233811849556
480,5,6,3,0,5000,1000,76,8.71226643213535
45,1,1,1,0,1950,0,25,7.58882987830781
42,1,1,0,1290,1500,184,20,8.00469951054955
62,2,1,0,352,736,28,11,7.028201432058
38,2,1,0,90,1500,0,20,7.38461038317697
44,1,1,1,578,2400,0,31,8.00969535774292
75,3,2,2,630,2800,167,36,8.19808924895612
66,2,1,1,650,1250,NA,17,7.55903825544338
125,3,3,2,0,2800,NA,43,7.96623977655947
62,2,1,2,609,1500,90,20,7.70526247486633
77,2,1,1,1148,3100,464,40,8.46653127661401
136,2,4,2,1540,4800,NA,61,8.80146947073318
200,4,2,1,2115,5000,NA,64,8.9237243977064
35,1,1,0,250,1305,0,17,7.36073990305828
250,4,3,2,10,4500,100,68,8.45083969086622
90,2,2,2,0,4100,0,62,8.33399124719497
72,2,2,1,480,850,9,11,7.2086003379602
168,3,3,5,1675,3500,184,45,8.59507973007331
360,3,4,3,4000,13200,500,193,9.79205307208982
38,1,1,1,500,740,30,10,7.15539630189673
23,1,1,1,487,2300,59,30,7.96450336355155
440,3,3,3,100,10500,84,154,9.29109052166129
120,3,3,2,1200,3500,109,45,8.48776438072542
90,2,2,0,830,2500,84,33,8.14554963178358
125,4,2,0,1006,1632,150,14,7.93844555116479
200,3,4,3,1800,5058,NA,65,9.00257792270028
190,3,3,2,1800,3260,292,42,8.59322787769223
123,3,2,1,363,2600,143,35,8.05261481881557
53,2,1,1,284,2000,41,26,7.76302130901852
70,2,1,1,560,2180,NA,29,7.94803199063728
90,2,2,2,1500,12200,454,155,9.56878375131088
95,3,2,0,0,1590,NA,24,7.38709023565676
74,3,1,1,474,900,40,12,7.26332961747684
64,1,1,1,620,3600,0,46,8.358666283188
155,4,5,3,1850,6000,625,77,9.05403737758078
125,3,1,2,1000,2200,NA,29,8.12829017160705
40,1,1,1,350,1580,25,21,7.58933582317062
350,3,2,4,0,6522,492,116,8.8722067560283
417,3,5,8,0,7650,450,126,9.01517670716893
350,4,4,4,0,6000,192,107,8.74830491237962
40,1,1,1,440,2800,100,36,8.12474302038557
30,1,1,1,668,3500,127,45,8.37586001529959
142,3,4,2,1100,4500,NA,58,8.70516541971901
110,3,3,2,1300,4000,300,59,8.64117917119723
100,4,4,1,0,10000,NA,151,9.22631214148588
377,5,4,3,0,8000,900,121,9.10742131796834
230,2,3,3,2575,8000,633,102,9.33353098253138
35,1,1,0,450,1800,91,7,7.76174498465891
32,1,1,1,533,2900,0,37,8.15219801586179
74,2,1,1,569,2024,71,8,7.89095671613892
147,2,3,4,2600,1200,375,16,8.34093322600088
35,1,1,0,480,2500,NA,32,8.03040956213048
26,1,1,0,630,1500,NA,20,7.71199650704767
70,2,2,1,517,1700,5,22,7.71646080017636
150,3,3,3,1800,2800,NA,36,8.58988587680968
200,3,3,2,0,8000,292,121,9.03765226415047
60,1,1,1,583,1100,NA,14,7.46565531013406
250,4,5,3,1700,2550,334,33,8.43771698991444
44,1,2,0,3300,3300,126,42,8.82010864450861
250,7,5,2,0,6000,0,91,8.71473171401505
157,3,2,0,1325,4500,347,58,8.73729211254422
97,2,2,0,1200,5600,0,71,8.83521046366409
548,4,7,6,5905,15000,NA,200,10.0686205623468
28,1,1,0,0,1325,0,17,7.20266119652324
250,3,4,0,2000,10000,NA,127,9.53177148447434
193,4,2,2,0,8900,255,146,9.13798470978404
428,5,5,4,0,9600,NA,158,9.25253742067597
50,2,1,0,200,950,0,13,7.05961762829138
135,2,3,2,2000,12300,542,156,9.61587214452889
103,2,2,1,530,1600,221,21,7.77191025643576
103,3,2,2,1500,1360,292,18,8.06180227453835
80,3,2,1,740,1500,150,20,7.78779687818117
160,3,3,2,1229,4000,390,51,8.64312074801403
238,4,3,4,2980,10200,NA,130,9.62450089845157
500,7,4,4,0,5500,167,91,8.65851912750667
580,5,5,4,9900,15000,2200,191,10.2143122564902
80,1,1,0,0,1370,50,21,7.27378631784489
210,4,5,3,2620,2975,1184,38,8.82732145269785
106,3,3,1,900,2250,186,33,8.12266802334641
30,1,1,0,500,1200,21,16,7.46049030582534
156,3,2,1,0,2000,147,31,7.68662133494462
60,1,1,1,0,1250,NA,19,7.14677217945264
200,3,4,0,3672,3600,NA,46,8.99949587624899
70,2,2,0,280,1000,138,13,7.26682734752059
177,4,5,4,1500,9200,959,117,9.37424334324612
103,3,3,2,735,2500,19,38,8.09955428237636
440,4,4,4,0,12000,2500,181,9.59430941973946
65,2,1,1,600,1700,92,22,7.78945456608667
260,5,3,3,2000,4000,487,54,8.78599820809833
200,4,4,6,0,4320,375,65,8.46821300919452
96,3,2,1,1122,3050,231,39,8.39908510293591
68,2,2,1,690,2900,NA,37,8.23350314023399
300,5,5,5,0,4500,450,74,8.52218073292728
34,1,1,0,305,750,NA,10,6.99668148817654
398,5,6,0,3500,8500,700,108,9.45805945585643
100,1,1,0,0,2600,0,35,7.8770178956224
176,4,5,3,2136,6500,704,87,9.15143926405602
90,2,2,2,500,4000,250,54,8.47741232140439
680,7,6,8,0,8000,428,132,9.05497228474248
220,4,3,0,3000,15000,1138,200,9.86998247397873
110,2,2,2,0,2120,NA,32,7.75233516330229
180,3,2,1,1260,5500,255,70,8.86587628542542
36,1,1,1,410,1800,93,8,7.74586822979227
450,4,4,4,2394,12700,NA,170,9.68663666084494
103,3,2,0,812,3300,336,43,8.41005331585833
101,2,2,2,480,1800,NA,27,7.9402277651457
196,4,4,0,2450,6000,NA,77,9.20893939106056
28,1,1,0,495,1980,68,26,7.85166117788927
260,3,4,4,0,4500,0,68,8.42704964156327
330,4,2,5,0,1870,NA,29,7.74066440191724
70,3,2,1,607,1189,96,16,7.55433482372575
33,1,1,0,500,1200,13,16,7.45587668749182
160,3,3,2,2200,10500,NA,134,9.49859727917881
60,2,1,1,506,1350,42,18,7.55851674304564
36,1,1,1,130,1379,99,10,7.38956395367764
20,1,1,0,0,2060,0,27,7.64396194900253
70,2,1,0,375,750,NA,11,7.05875815251866
180,3,4,4,0,4700,2,71,8.47093980689877
105,3,3,1,980,2150,0,28,8.05801080080209
275,4,5,4,4200,9700,NA,123,9.63958710874914
450,2,2,5,0,1512,71,25,7.38336814699238
360,4,6,4,864,7700,NA,116,9.10286651367095
140,2,2,1,700,1900,150,25,7.9287663216267
900,3,5,8,0,8000,NA,121,9.24676872858973
152,3,5,3,1600,6000,321,88,8.9884460400624
280,3,4,3,0,8000,500,121,9.06207235530708
230,4,4,3,2564,2500,934,32,8.70466811345099
92,3,2,3,700,2100,NA,27,8.00469951054955
58,1,1,1,0,1100,34,19,7.05098944706805
41,2,1,1,248,1193,0,16,7.2848209125686
206,4,4,3,1890,12000,917,153,9.61320209421423
214,3,3,2,2016,5900,227,75,9.0142038261485
110,2,2,1,1286,1710,NA,22,8.01268092970684
100,2,1,0,0,777,25,13,6.70441435496411
80,2,2,1,250,1200,NA,16,7.29097477814298
311,3,4,3,3075,13000,1753,174,9.7981825908907
200,2,3,2,1700,15000,667,191,9.77343581317586
96,3,2,2,800,3200,NA,41,8.35019365072007
140,4,2,1,1700,6000,380,78,9.0068768914288
138,3,3,2,1100,7070,382,90,9.06450502375264
140,3,3,1,2200,3900,359,50,8.78109473520261
60,2,2,1,592,1250,0,17,7.52833176670725
40,1,1,0,0,600,34,10,6.46925031679577
178,3,4,4,2700,10200,NA,130,9.52522410185311
140,3,3,2,0,4900,25,74,8.51719319141624
72,2,1,0,864,1020,0,13,7.54855597916987
117,2,1,1,720,2700,11,35,8.15104494568502
35,1,1,1,0,977,NA,13,6.92853781816467
42,1,1,0,360,890,NA,13,7.1420365747068
29,1,1,0,0,1100,NA,15,7.02464903045364
130,2,1,0,650,2150,9,28,7.95085485771999
100,3,2,1,2350,5000,NA,65,8.95531908176395
39,1,1,0,450,609,44,8,7.01391547481053
61,1,1,0,394,1600,0,21,7.60887062919126
750,4,5,5,0,10400,667,157,9.32554230166487
142,4,3,2,900,2700,277,36,8.27231514795602
650,4,4,8,0,7500,200,113,8.96367227561502
69,2,2,0,0,1700,73,26,7.49554194388426
100,2,2,4,0,2600,NA,40,7.89618060861549
300,4,2,2,1750,8000,500,107,9.24580403625175
190,3,4,3,1700,2740,900,35,8.58969988220299
115,2,2,0,950,4500,2731,58,9.01675562290352
119,3,1,1,926,1200,100,16,7.71556953452021
100,2,3,1,1200,1890,42,24,8.05737748855799
55,2,1,1,400,1087,0,14,7.31455283232408
44,1,1,1,724,3000,89,39,8.25660734462616
316,4,6,4,4767,8000,1963,102,9.60447486374196
83,2,3,2,200,3500,NA,53,8.27410200229233
1000,5,7,8,0,14980,1904,246,9.74864496673046
150,3,2,1,1172,4800,0,61,8.70516541971901
53,2,1,1,450,4200,NA,54,8.46526811855132
49,2,1,1,400,970,NA,13,7.23561914106675
185,3,3,2,1200,2200,NA,28,8.16876982367527
40,1,1,0,0,1200,20,19,7.12286665859908
65,2,1,0,654,1140,9,15,7.50604217851812
67,3,2,1,496,1560,72,20,7.67275789664251
46,1,1,1,500,2200,35,28,7.92443418488756
205,3,2,1,950,2200,156,28,8.11222795834972
550,5,5,3,0,9000,NA,160,9.17585244151751
50,1,1,1,393,650,NA,9,6.99025650049388
266,4,5,4,2900,10900,1167,139,9.62317823441376
280,3,2,2,3140,8000,1126,104,9.42311030286283
1600,6,6,6,0,7600,1834,115,9.16429643347478
70,1,1,0,760,2400,156,31,8.11611843160937
84,3,2,2,700,2340,NA,30,8.10802122137675
40,1,1,0,496,1000,116,14,7.39449310721904
117,3,2,1,750,4110,384,53,8.57508466983201
68,2,2,2,1030,3430,236,44,8.46400336290212
140,2,2,2,692,2800,104,38,8.19836438996762
450,4,2,3,0,13000,1000,196,9.56106766364501
44,1,2,0,140,1350,100,20,7.38461038317697
40,1,1,1,686,3200,52,41,8.28903709827848
70,1,2,1,1300,8250,NA,105,9.19674841845672
50,1,2,0,0,900,NA,14,6.87212810133899
405,2,3,0,3500,4000,NA,54,9.01845321031253
75,2,2,1,700,3160,NA,41,8.31066090590723
80,3,3,1,560,1501,NA,20,7.64108424917491
450,4,5,6,0,12000,NA,181,9.51199931135876
225,4,5,4,1600,7106,0,91,9.08227970190866
250,3,2,3,2500,15000,1084,191,9.84060099948094
60,2,1,1,965,2200,NA,28,8.11939858961229
31,1,1,1,1500,3400,150,44,8.53601494565683
100,3,1,3,0,2000,164,31,7.69439280262942
20,1,1,0,420,1050,79,14,7.35500192110526
200,3,4,8,0,7000,25,106,8.87234697898303
50,1,1,1,780,1690,62,22,7.8458075026378
61,3,2,2,712,2200,90,28,8.0166478770578
200,3,4,2,4475,9800,820,125,9.63043133227967
100,2,2,0,0,11000,100,181,9.33087517360492
365,4,5,6,3722,13900,2588,177,9.92284890601475
38,1,1,0,414,3000,64,39,8.1656479252975
49,2,1,0,362,1350,NA,18,7.48941208350872
207,3,5,4,2400,12000,934,153,9.64801448910636
82,3,2,1,825,1500,142,20,7.81923445385907
400,5,4,3,0,4000,250,61,8.36915711258883
170,4,2,2,2420,9000,NA,116,9.42311030286283
105,3,2,2,370,2890,217,43,8.16650031915505
383,4,4,5,2189,3004,709,39,8.68980105602255
168,3,3,3,1605,2700,322,35,8.44741429680832
53,2,2,1,1940,2400,NA,31,8.46821300919452
320,4,3,2,0,4500,125,80,8.45659356928731
300,3,4,3,3500,9900,834,126,9.57227147806062
100,3,2,3,0,2200,0,34,7.71199650704767
40,1,1,0,0,900,NA,12,6.90073066404517
180,3,1,0,0,2500,334,38,7.96311205897929
257,4,5,4,2730,7500,1107,96,9.34408424202578
178,2,4,2,2300,7000,891,89,9.23805281054272
179,3,3,0,1828,12000,472,153,9.57851889529833
64,2,1,0,300,1750,42,26,7.6586995582683
60,2,1,0,326,990,25,15,7.21303165983487
55,1,1,1,696,2200,148,28,8.03040956213048
50,1,1,0,470,1970,NA,25,7.81035268372429
82,3,2,2,470,1994,0,26,7.82043951526218
60,1,1,1,650,1210,106,16,7.5923661285198
40,1,1,1,1300,1200,68,18,7.85825418218603
230,4,4,8,0,5100,NA,77,8.61213966872519
73,2,1,1,680,1300,NA,17,7.60986220091355
79,2,2,1,600,2000,75,26,7.90174751852014
230,3,4,2,2000,4800,292,61,8.87542691981896
214,3,3,3,3575,14000,NA,181,9.84219708409302
120,2,1,0,0,1500,90,23,7.38647084882989
200,4,2,1,0,2500,NA,38,7.96311205897929
85,3,2,2,940,3300,102,49,8.38753998318937
45,1,1,1,3000,5520,0,70,9.05847042263806
30,1,1,0,198,755,22,12,6.89568269774787
57,2,2,1,476,2300,NA,30,7.93987157636188
500,4,7,3,0,15000,2500,226,9.78306979905699
322,4,5,5,2700,15000,1875,191,9.89197149657488
20,1,1,0,224,1530,0,20,7.48155570190952
100,2,2,1,0,1346,NA,24,7.22329567956231
620,4,6,4,8133,15000,4520,191,10.2342650333435
240,4,3,5,0,2500,NA,45,7.88833450073865
95,3,2,2,900,7000,142,89,9.00356217474824
35,1,1,1,542,2100,99,27,7.92624152317096
325,5,4,7,0,8900,NA,146,9.15525040565822
58,3,1,1,456,2800,NA,36,8.10591119798651
200,4,4,3,1400,9000,1000,115,9.35192673603805
92,3,2,2,1407,1100,250,14,7.92732436030979
65,2,1,1,450,1545,94,7,7.64826303090192
57,2,1,0,378,800,NA,11,7.1074254741107
50,2,1,1,400,1600,0,21,7.61184239958042
165,4,5,2,2500,9500,NA,121,9.42875274891449
70,2,1,1,900,1900,122,25,7.98888225330923
230,4,3,1,2400,4000,513,51,8.84865288621391
34,1,1,0,820,2000,NA,26,7.99328232810159
25,1,1,0,0,660,0,11,6.51025834052315
50,2,1,1,0,1800,NA,23,7.50878717063428
120,3,2,2,700,2975,155,44,8.26230094178745
60,2,1,1,0,1400,96,25,7.32778053842163
67,2,2,1,980,2240,215,29,8.150467911624
22,1,1,0,384,2100,40,27,7.84463264446468
197,3,1,2,0,2100,290,32,7.79276172081653
105,3,3,1,1300,2300,130,34,8.23350314023399
80,2,2,1,0,1556,0,8,7.35564110297425
140,4,2,2,820,2500,NA,34,8.19090888118251
70,2,2,1,1200,4000,NA,52,8.60098271714592
383,5,5,4,0,10000,250,178,9.25253742067597
172,3,4,3,1650,9000,NA,115,9.36486241141235
57,2,2,1,425,1800,NA,27,7.75276480885133
32,1,1,1,1800,2000,416,26,8.35302584520232
341,10,6,7,0,5500,459,91,8.70797882662232
600,5,6,8,0,10500,NA,173,9.33441468707811
43,2,1,1,307,2000,18,26,7.76302130901852
98,3,2,1,727,1233,84,16,7.63094658089046
36,2,1,0,590,1790,0,23,7.7848892956551
42,1,1,0,500,2800,79,37,8.13651825211529
120,3,3,3,700,2700,167,35,8.18952211074809
78,2,2,1,720,1400,NA,19,7.79564653633459
113,3,4,2,1600,4000,NA,51,8.73921611506174
47,2,1,1,560,1390,0,18,7.58528107863913
60,2,2,1,478,1300,0,17,7.49331724886215
77,2,1,0,0,1130,25,17,7.06731984865348
75,2,2,1,200,1500,142,22,7.53101633207792
60,3,1,1,470,1550,NA,20,7.62119516280984
240,3,4,3,2100,5800,NA,74,9.0825070004663
48,1,1,1,633,3400,114,44,8.34093322600088
70,3,1,1,395,1300,71,18,7.48717369421374
345,3,3,0,0,3500,150,58,8.21851757748959
250,4,2,3,3000,15000,100,191,9.81416441457592
158,4,4,3,1990,3500,589,45,8.72013403541293
55,2,1,1,0,1300,34,24,7.21450441415114
80,2,1,1,866,1820,235,24,7.98820359702258
42,1,1,1,500,2200,50,33,7.93164402145431
80,3,3,2,600,4450,242,57,8.58485183989005
50,1,1,0,519,1550,28,20,7.65822752616135
380,4,3,2,3220,15000,1348,194,9.8914655773088
85,2,2,1,1200,5300,NA,68,8.80026465131034
120,4,3,2,0,3250,NA,44,8.10016144693661
214,4,5,4,2235,3251,NA,42,8.7879833961978
277,4,4,6,4200,3800,1947,49,9.21004032696718
50,2,1,1,330,1080,0,14,7.26192709270275
90,3,2,2,530,2000,NA,27,7.90728360942635
287,4,5,2,0,6000,317,91,8.76545853150423
11,1,1,0,300,2000,42,26,7.77022320415879
62,2,1,1,485,1620,NA,24,7.6889133368648
45,1,1,1,522,3100,NA,40,8.23827262463303
80,2,1,1,200,1650,70,25,7.57353126274595
115,3,3,2,1000,4890,234,62,8.73020559553099
110,2,2,1,600,1800,152,27,7.85554467791566
162,3,3,2,1756,7000,367,89,9.12837080910893
85,3,2,1,1250,1800,306,24,8.12592680270789
105,4,3,3,1148,1900,228,26,8.10258642539079
180,2,2,5,1,3000,1,46,8.02256894698825
80,2,1,0,330,831,NA,11,7.19443685110033
56,2,1,1,680,2200,11,28,7.97933889526233
70,2,1,1,1049,1200,NA,16,7.74109909003537
70,1,2,1,1100,1200,85,16,7.78405700263993
75,3,1,1,482,1000,145,14,7.40367029001237
420,4,6,4,300,6500,417,98,8.89781900951076
279,3,3,8,0,3500,NA,53,8.22577079934873
160,4,4,2,0,2400,0,37,7.79893331004122
41,1,1,0,250,1100,0,14,7.21890970761906
97,2,2,2,1400,2200,NA,28,8.20821938349683
40,1,1,1,400,1400,NA,21,7.52725591937378
110,3,2,1,1217,3600,NA,46,8.53286967080125
298,4,3,2,330,2500,300,34,8.05990833457828
87,4,2,2,370,1600,160,22,7.67461749736436
150,5,5,4,1800,3700,917,47,8.77415829120596
113,3,2,2,1750,2975,NA,38,8.5414954839392
293,6,2,3,0,2600,NA,43,7.93092537248339
90,3,2,2,1017,2000,NA,26,8.07371464110986
305,4,3,3,2500,9000,660,120,9.41580863161038
50,2,1,1,0,1040,NA,14,7.19443685110033
150,3,3,2,0,3300,135,50,8.15651022607997
367,3,4,4,7000,15000,NA,220,10.0541034208433
50,2,1,0,505,2350,64,31,7.98989937494294
230,3,4,3,3200,8000,1167,102,9.43116122792075
125,3,3,1,1600,5500,247,70,8.91166475804954
140,3,2,1,1100,1350,NA,18,7.84932381804056
63,3,2,0,550,1800,NA,23,7.77233157516961
110,2,1,1,975,3300,234,42,8.42332197580617
54,2,1,1,480,1610,0,21,7.65539064482615
67,2,1,0,330,1523,NA,23,7.56371966841437
296,3,4,4,1860,8864,0,113,9.29109052166129
70,2,1,1,0,1000,75,17,6.99668148817654
50,2,1,0,50,1100,0,17,7.06304816338817
160,3,2,4,0,3500,NA,53,8.1758290087146
60,2,2,1,460,2200,NA,28,7.9043348420851
220,3,4,3,3120,8000,1034,102,9.41417877223239
340,4,3,8,0,13000,1167,196,9.57227147806062
52,2,1,0,50,1150,34,15,7.13089883029635
50,2,1,1,100,915,63,13,6.99576615630485
60,2,1,0,290,2200,80,30,7.86365126544865
125,3,3,3,100,2450,15,37,7.86441990499457
36,2,1,0,0,1080,0,17,7.00124562206948
100,3,2,1,730,1500,120,20,7.77106708606541
550,4,7,3,0,11500,1650,173,9.49709701635146
60,3,1,2,383,1105,NA,14,7.31521838975297
48,1,1,0,490,500,17,7,6.92264389147589
164,3,3,1,1795,9000,NA,115,9.31659049181884
90,3,2,1,280,1200,NA,16,7.37588214821501
78,3,2,1,450,2800,75,41,8.12177741916107
44,2,1,0,260,1125,0,15,7.24494154633701
180,3,3,2,1500,2950,267,40,8.4675826908629
82,3,2,1,650,1200,NA,16,7.58426481838906
49,1,1,1,830,2900,139,37,8.27052509505507
400,5,4,5,0,13970,NA,210,9.58816017926402
74,2,3,2,450,3200,NA,41,8.22469956196723
110,2,1,1,0,1500,163,23,7.43070708254597
58,1,1,1,475,3500,70,45,8.3165447179294
23,1,1,0,320,1540,NA,20,7.53955882930103
95,3,2,1,1061,2500,67,33,8.20576472523446
196,4,3,3,2420,5000,NA,64,9.03788993497749
70,2,1,0,0,2300,123,35,7.80751004221619
148,2,1,2,385,1650,880,25,7.986504938554
70,2,1,0,1100,1280,NA,17,7.78239033558746
30,1,1,1,610,2300,NA,30,8.03106018024062
300,3,2,4,0,2700,250,41,8.00369733909437
53,1,1,1,1132,2600,0,33,8.2337687092171
96,3,2,2,920,3148,81,40,8.34045601291618
190,3,4,2,1764,6000,48,77,8.97335141383992
250,3,5,8,0,6000,7,91,8.71588010229646
130,4,1,3,0,2150,NA,36,7.69028602067677
250,3,3,6,0,4250,519,64,8.48342956126343
50,1,1,0,305,650,NA,9,6.88550967003482
840,5,6,5,0,8000,NA,132,9.06462071762678
95,3,3,0,750,1999,291,26,8.02845516411425
33,1,1,0,250,1305,NA,17,7.36073990305828
60,2,1,0,380,1350,0,18,7.4667994750186
51,1,1,0,900,4950,NA,63,8.7059937143079
200,4,3,2,1900,8000,NA,104,9.28368376620039
212,4,5,6,2850,4500,NA,58,9.04499391938819
66,3,1,0,15,1525,0,26,7.35691824235602
150,3,5,2,1423,3102,452,40,8.52078672692637
48,2,1,1,400,1270,9,17,7.43661726523423
90,2,2,1,0,2500,274,38,7.94200680848986
136,4,3,2,750,4000,NA,59,8.54422453046727
40,1,1,1,557,3000,95,39,8.21392359562274
100,1,2,2,0,1700,0,26,7.45414107814668
32,1,1,0,330,1200,100,16,7.40671073017764
30,1,1,1,700,3300,NA,42,8.30696586536857
170,2,2,5,0,5500,600,83,8.72972059026726
184,4,3,4,0,3240,220,49,8.16337131645991
368,4,5,4,4210,5000,NA,64,9.38773313553338
230,3,4,4,3300,7000,917,89,9.33353098253138
214,4,6,4,2000,11000,780,140,9.54115377038857
37,1,1,1,425,2000,0,27,7.80506704425849
450,5,5,4,0,5540,520,84,8.72339402200014
87,3,2,0,1284,2000,231,26,8.17244681834278
70,2,1,1,0,1300,25,20,7.20489251020467
54,2,1,1,480,1250,7,16,7.46965417293213
155,4,3,3,1200,3300,356,44,8.49719454490955
35,1,1,0,0,1100,30,14,7.04315991598834
160,4,4,5,0,4500,0,68,8.42704964156327
95,3,2,2,210,1400,NA,19,7.46851327149634
113,2,1,1,1000,3000,50,39,8.31630024903685
70,3,2,1,1002,850,255,11,7.6586995582683
131,3,2,2,1497,1800,600,23,8.27410200229233
130,3,3,1,690,3200,NA,43,8.31483217928456
72,2,1,0,80,1300,40,19,7.27239839257005
130,2,1,1,0,1280,59,21,7.21597500265147
80,2,3,1,850,1300,NA,10,7.8164169836918
50,3,2,2,150,2800,30,43,8.01433573729942
54,2,1,1,570,2000,10,26,7.8659554139335
130,3,3,3,1290,2800,489,36,8.43728380818794
230,4,1,1,1287,3500,NA,52,8.55833513474741
50,2,1,1,300,1100,NA,14,7.25488481007734
100,3,2,3,0,2800,NA,46,7.95402108727804
40,1,1,1,0,970,NA,13,6.89162589705225
75,3,1,1,296,12000,0,181,9.43196276691845
30,1,1,1,1787,1200,144,16,8.05452260953729
68,2,2,1,400,1800,NA,27,7.74500280351584
117,3,3,2,0,2700,16,41,7.92226105835325
600,5,4,5,0,12000,NA,214,9.50159106930499
126,3,2,2,990,1610,0,21,7.87169266432365
290,4,4,3,0,2500,NA,45,7.9402277651457
120,3,1,0,1090,1500,125,22,7.91498300584839
35,1,1,0,450,1600,NA,21,7.63626960337937
40,1,1,1,0,970,0,13,6.89162589705225
56,2,2,1,500,2000,0,26,7.83478810738819
53,2,1,1,0,800,NA,11,6.77650699237218
270,4,4,4,2800,15000,100,191,9.80316985602126
150,4,2,2,600,1100,NA,20,7.45066079621154
40,1,1,0,0,980,NA,13,6.90173720665657
31,1,1,0,400,3280,109,42,8.25114213909075
50,2,2,1,450,1275,23,17,7.47647238116391
347,5,5,4,0,7000,500,106,8.9368241549973
70,3,1,1,428,1800,42,23,7.73805229768932
75,2,1,0,440,1200,0,16,7.41276401742656
90,3,2,0,405,1105,NA,17,7.35179986905778
200,3,4,1,1600,1190,550,16,8.11880299698004
201,4,4,4,2600,5933,NA,76,9.16009915553944
37,1,1,0,0,1400,0,18,7.25770767716004
75,3,1,1,837,2200,70,28,8.0507033814703
42,1,1,0,1290,1650,NA,21,8.05388708361822
148,3,2,0,610,1700,102,22,7.79770203551669
200,2,2,0,0,3000,9,46,8.02486215028641
216,3,3,3,2328,13000,NA,165,9.72442069346267
300,3,2,0,0,8300,217,125,9.06450502375264
73,1,1,0,0,1350,NA,18,7.26612877955645
77,3,1,0,1163,4200,269,55,8.64611397148308
50,2,1,0,0,850,30,12,6.7945865808765
480,4,7,8,0,14000,2186,211,9.70509758756311
300,5,5,2,0,4000,220,61,8.36217546914963
180,3,2,1,1600,4900,NA,64,8.85708813531495
68,3,2,1,600,1600,76,24,7.74109909003537
62,2,2,1,560,1550,NA,20,7.67229245562876
62,2,2,2,1000,3230,NA,41,8.41227702146668
212,4,1,2,0,1500,88,23,7.38523092306657
340,3,4,4,0,10000,1584,151,9.37084226863021
280,5,4,8,0,10000,NA,178,9.2687036152731
250,4,3,4,0,7200,434,109,8.95467362895641
64,2,1,0,500,1600,NA,21,7.70616297019958
25,1,1,0,318,2100,41,27,7.8188324438034
37,1,1,0,346,3250,69,42,8.21824792668574
51,3,1,1,246,1100,71,14,7.26682734752059
75,2,3,1,862,1600,NA,21,7.91717198884578
40,1,1,1,0,972,0,15,6.89568269774787
25,1,1,0,50,700,0,10,6.63463335786169
340,5,4,4,0,4800,NA,86,8.5539107743514
60,2,1,0,880,2650,NA,35,8.23615566168312
90,1,1,1,1750,1680,100,22,8.17554759602103
120,3,3,2,0,8900,371,134,9.14910306250499
200,1,2,0,0,8000,NA,121,9.08500388066488
168,4,4,3,1400,3250,234,42,8.50248556254396
212,4,5,4,4000,10000,834,127,9.61320209421423
40,1,1,1,450,2400,NA,31,7.96623977655947
78,1,2,1,900,2440,167,31,8.17159948034546
340,3,4,3,0,9800,392,148,9.24387185518498
300,4,4,4,2200,10000,1114,134,9.50680873170858
181,3,3,3,0,5500,148,91,8.65521448931361
68,2,2,0,630,6443,20,82,8.87849740373863
600,6,7,4,10000,15000,84,226,10.1389943628337
138,3,3,2,0,2700,141,41,7.9665866976384
65,2,1,1,486,1200,NA,16,7.49776170062257
44,1,1,1,571,2000,130,26,7.91132401896335
600,5,7,8,0,9000,NA,136,9.30665005211359
53,1,1,0,398,1300,89,18,7.49886973397693
340,4,5,4,2260,12000,872,160,9.63501969900815
183,6,5,2,800,3800,25,58,8.45190772471761
80,2,3,0,1312,3300,427,42,8.53346016388011
50,1,1,1,406,2800,NA,36,8.12148037475075
293,4,3,3,3300,1050,500,14,8.4898219946201
80,3,2,1,413,1800,124,24,7.76726399675731
30,1,1,0,143,1318,0,17,7.2991214627108
150,3,4,2,0,2000,200,31,7.7106533235012
70,3,2,2,359,2010,NA,26,7.81197342962202
85,2,1,1,500,2300,NA,30,7.9820748750812
500,5,5,1,0,7900,486,121,9.04876217632013
49,2,1,1,150,1220,6,22,7.24351297466548
325,4,5,7,0,11500,825,173,9.43356392009056
35,1,1,0,0,2570,58,34,7.88720858581393
270,4,3,3,3260,7500,550,96,9.34233308143468
540,4,7,5,4922,15000,NA,191,10.072428317836
150,3,5,3,990,11000,NA,140,9.42633845512952
300,3,3,2,0,5000,690,82,8.66094715506093
42,1,1,1,2406,2500,202,32,8.54500289205551
126,2,1,0,0,1700,314,26,7.62119516280984
67,2,1,1,1500,2099,NA,27,8.26281693767093
80,3,3,2,1374,2000,283,26,8.2117543973752
85,3,1,2,1600,1900,139,25,8.20658361432075
290,5,5,3,3500,5600,49,82,9.13043098874788
274,2,3,4,0,3000,323,46,8.12266802334641
46,2,1,1,250,970,NA,13,7.15148546390474
50,2,1,1,250,860,69,12,7.0833878476253
42,1,1,0,0,1600,50,25,7.42416528104203
55,1,1,1,0,1195,NA,16,7.10002716662926
55,1,2,1,650,1200,55,16,7.56112158953024
80,2,3,2,980,3260,350,44,8.44139147799996
42,1,1,1,460,2300,95,30,7.96762673933382
70,2,1,1,500,1275,74,17,7.53208814354172
78,3,2,1,542,1935,73,25,7.85399308722424
55,2,1,1,200,1100,NA,15,7.24921505711439
63,2,1,1,600,1120,NA,15,7.47873482556787
57,2,2,1,358,2550,132,33,8.03073492409854
78,2,1,0,80,1330,91,20,7.32778053842163
140,2,2,2,1260,6740,0,86,8.99801311309582
71,3,2,2,270,1300,NA,18,7.43248380791712
845,5,9,6,0,8499,1000,128,9.17243079890296
70,2,1,1,344,1100,107,15,7.35691824235602
40,1,1,0,327,595,12,8,6.84906628263346
82,2,2,1,750,3100,51,40,8.27944348771267
31,1,1,1,272,3200,64,41,8.18255926406867
62,2,2,1,800,3900,100,57,8.48838210956212
156,4,4,3,1531,3510,995,45,8.71308886823731
300,3,4,7,0,4340,550,66,8.50855599802057
35,1,1,0,0,750,0,10,6.63463335786169
40,1,1,1,1100,1600,NA,21,7.96623977655947
39,1,1,1,300,1700,50,22,7.63675211243578
100,3,3,2,720,1800,143,24,7.89655270164304
60,2,1,0,528,1100,86,15,7.45587668749182
43,2,1,0,0,1250,NA,16,7.23489842031483
120,2,2,0,990,12000,125,155,9.49333648243725
90,3,1,1,0,1360,1,23,7.23345541862144
170,3,2,1,1670,10500,84,134,9.42472568161649
154,4,2,3,2150,5400,647,72,9.02038978801774
108,3,3,2,1800,4800,393,61,8.86149186428691
20,1,1,0,602,1800,NA,23,7.84619881549743
200,4,3,2,1940,2300,467,30,8.46337038471873
800,7,7,4,0,8900,943,146,9.2093398716426
43,2,2,0,0,1750,70,23,7.51969240411654
125,2,1,0,778,850,120,11,7.4730690880322
28,1,1,0,0,1390,NA,18,7.25063551189868
37,1,1,1,604,2600,252,33,8.15765701519647
60,3,2,1,0,2430,NA,37,7.81116338502528
121,2,3,1,825,2560,170,33,8.18562889114761
600,5,5,2,0,7500,158,123,8.9595686535445
161,3,3,2,1500,2750,418,35,8.45616848957846
60,2,1,1,497,1350,67,18,7.56682847920833
60,3,1,1,630,1700,8,22,7.76684053708551
55,2,1,0,523,2300,NA,30,7.99395754757357
90,3,1,1,1000,3000,50,39,8.31630024903685
65,2,1,0,0,1500,NA,23,7.38274644973891
18,1,1,0,480,700,15,11,7.09589322109753
345,3,3,5,3000,12750,834,162,9.72621323696369
50,2,1,1,600,1190,NA,18,7.5234813125735
230,4,5,4,3240,12500,NA,159,9.73038338479178
100,2,2,1,299,1850,60,24,7.71154897962915
136,3,3,3,1430,4206,364,54,8.70863965598719
263,3,3,0,30,3500,150,52,8.22496747891458
65,2,2,2,230,1700,115,23,7.63482067774554
166,2,2,2,300,2100,253,28,7.89431806384162
20,1,1,0,602,1800,NA,23,7.84619881549743
308,4,3,4,0,3900,381,59,8.37586001529959
400,4,3,5,0,10600,459,160,9.32554230166487
140,3,4,3,525,3000,NA,40,8.26178467951475
47,1,1,0,380,550,14,7,6.85856503479136
178,3,3,3,2500,8300,700,106,9.35970820362701
100,3,2,1,288,1500,NA,20,7.53315880745556
62,3,2,1,1550,4800,167,61,8.791638037086
390,4,4,5,8500,8600,3917,109,9.95849643556693
217,3,4,1,2200,9000,458,115,9.37339415841248
280,4,4,3,2850,9000,503,120,9.43116122792075
30,1,1,1,673,2500,62,32,8.09193345597989
39,1,1,1,390,2500,NA,32,7.98036576511125
118,3,3,1,350,1230,88,17,7.4301141385618
42,1,1,1,1352,1900,150,25,8.13973227971767
120,2,3,2,0,9920,0,126,9.21542741102474
174,4,5,4,1850,4745,NA,61,8.88516409509682
450,4,4,3,5096,10000,NA,127,9.63043133227967
50,2,1,1,250,900,69,12,7.11639414409346
50,2,2,2,1720,7070,NA,90,9.0916694422585
80,2,1,0,300,2000,76,26,7.78447323573647
134,3,2,2,985,2900,242,43,8.33591109419694
188,5,4,0,0,4000,NA,61,8.352318548226
90,2,2,2,1100,4850,200,63,8.73456008995299
340,4,4,3,5000,5000,1084,64,9.31928445896536
110,3,3,2,0,2800,NA,43,7.97968130238774
58,2,1,1,500,2673,0,35,8.07371464110986
37,1,1,0,687,1840,86,24,7.87777633327726
280,3,5,3,0,8000,NA,121,9.00233170824624
220,3,4,3,1500,8000,555,102,9.22631214148588
272,5,5,2,0,11000,917,166,9.39938924951956
49,2,1,1,370,2000,NA,26,7.81480342948936
54,1,1,1,750,773,67,10,7.37838371299672
68,2,1,1,400,500,NA,7,6.84374994900622
227,3,4,4,2100,12000,1292,153,9.65188022422134
350,5,4,4,0,15000,1320,246,9.71540945862979
116,3,2,1,700,2600,NA,38,8.16223106548118
130,2,2,1,993,5600,75,71,8.81581520390635
94,2,2,1,1000,3500,NA,45,8.44203851781548
330,5,4,4,0,4600,NA,70,8.48941081040379
230,4,4,0,2500,11000,900,142,9.58472752451349
55,2,1,1,160,900,NA,12,6.9782137426307
148,3,2,3,1750,3300,609,42,8.64857226947262
500,3,3,7,0,5500,84,83,8.64259160081057
184,4,3,4,0,3240,NA,49,8.16337131645991
250,4,4,0,2000,5000,575,65,8.94128376364757
306,3,5,0,0,8000,0,132,9.00368513816677
20,1,1,0,420,1050,NA,14,7.35500192110526
60,1,1,0,300,920,0,14,7.11882624906208
130,3,2,2,1400,6200,4000,79,9.3657188691557
450,4,5,7,0,12000,334,181,9.43516251366895
113,3,1,0,700,2500,130,33,8.12088602109284
66,2,1,1,699,1170,67,16,7.57712193087668
83,2,1,1,390,960,50,13,7.25417784645652
83,3,3,2,450,3655,NA,49,8.365672383775
50,1,1,1,1450,4600,305,59,8.76639427704974
52,2,1,1,789,3350,0,43,8.3387839714422
250,3,3,3,0,3210,NA,49,8.08948247436075
121,2,2,1,1800,3100,NA,40,8.56274000637221
85,2,3,1,950,7100,194,92,9.02845871841061
152,4,3,3,1607,4700,823,60,8.88058552310249
32,1,1,1,2000,1700,125,22,8.2553088117856
311,4,5,6,5083,14000,3461,178,10.031044885951
97,3,2,2,730,3000,303,39,8.31213510764841
250,4,5,4,4000,8440,NA,107,9.52886682772294
32,1,1,0,574,1400,NA,19,7.63046126178363
360,4,9,8,0,8540,1329,129,9.21024036697585
24,1,1,0,0,870,NA,14,6.78558764500793
55,1,1,1,920,3190,309,41,8.40312823512826
83,3,2,2,200,1250,112,17,7.36518012602101
87,3,2,2,940,2600,234,33,8.24485939591126
64,2,1,1,549,850,76,11,7.30451594646016
25,1,1,0,0,1350,NA,21,7.28550654852279
30,1,1,1,1900,2001,125,26,8.30721262662831
500,2,5,5,0,1810,NA,28,7.54591815120932
75,2,2,2,400,2750,NA,41,8.09681747057232
205,3,3,4,0,6500,667,98,8.89096121278115
88,3,2,0,0,1200,295,20,7.32383056620232
60,3,2,1,700,1800,80,27,7.86633892304654
70,2,1,1,215,1100,NA,15,7.23777819192344
100,2,3,0,0,1700,130,22,7.52456122628536
37,1,1,0,220,628,13,10,6.77078942390898
45,1,1,0,50,1050,34,16,7.04838640872188
330,3,3,5,0,8500,NA,128,9.19319421314121
35,1,1,0,726,2800,200,36,8.23297179059344
144,3,1,2,483,2300,170,31,8.0013550258267
70,3,2,1,250,1200,69,16,7.33693691370762
68,2,2,1,762,2083,154,27,8.01532730902172
101,3,2,2,1205,5250,316,67,8.8303968010981
33,1,1,1,842,2000,95,26,7.99429498641598
200,4,2,2,0,5800,NA,88,8.7224171414275
80,2,1,0,0,1439,52,22,7.32251043399739
74,2,1,0,0,1290,34,20,7.20414929203594
65,2,2,1,300,1500,76,20,7.54802896993501
111,3,3,3,1000,5000,NA,64,8.7558950816463
380,3,6,8,0,9000,244,136,9.14644164612595
60,2,1,0,120,1720,NA,26,7.57916796739608
300,3,3,5,0,4250,417,64,8.46210322509828
72,2,2,2,400,2400,NA,36,7.98104975966596
75,2,2,1,1832,2750,263,36,8.49331025095291
70,2,1,2,543,1400,NA,18,7.65822752616135
360,5,4,1,0,4600,158,76,8.48363640788739
23,1,1,0,423,1580,0,21,7.61332497954064
100,3,2,2,2152,3500,227,45,8.68693596600333
150,4,4,3,0,4100,NA,62,8.37447688921464
57,1,1,1,2480,2480,800,32,8.66440557109662
180,3,2,2,0,3270,NA,50,8.16308637558322
360,3,3,4,0,5000,454,82,8.61920811682297
120,3,3,2,995,2200,100,28,8.10892415597534
45,2,1,1,300,900,0,12,7.10085190894405
30,1,1,0,456,900,94,12,7.28824440102012
40,1,1,1,1300,3000,248,39,8.43119947824926
130,3,2,1,1100,4500,384,58,8.70665585636156
68,2,1,1,482,831,NA,11,7.18916773842032
70,2,1,1,280,1000,138,13,7.26682734752059
77,2,2,1,1150,3000,230,39,8.39389497507174
220,4,4,1,1800,5500,NA,70,8.98981838136693
55,1,1,1,550,720,80,10,7.21597500265147
70,3,1,1,500,1300,36,19,7.52617891334615
250,4,4,4,3300,12000,NA,153,9.71540945862979
110,3,2,2,950,5550,385,71,8.84750362592364
151,2,2,1,900,2000,262,26,8.06746266701006
45,1,1,0,290,700,10,9,6.9177056098353
40,1,1,1,591,2600,272,35,8.16023249236769
98,3,2,2,260,1100,NA,15,7.2848209125686
70,2,2,1,280,1000,NA,13,7.26682734752059
205,4,3,3,3800,10000,1167,127,9.62185381861855
40,1,1,1,225,1080,65,14,7.23345541862144
100,3,2,1,1684,3600,325,46,8.64047220757641
55,2,1,1,250,1200,83,16,7.34601020991329
288,3,3,3,0,12000,878,181,9.47738596957752
70,1,1,0,776,3400,77,44,8.36590507720246
70,2,1,1,600,2000,0,26,7.87359778968554
100,2,2,2,1050,2780,109,36,8.28803156777646
72,2,1,0,620,1600,NA,24,7.74022952476318
20,1,1,0,422,980,NA,13,7.26961674960817
360,4,4,4,0,2820,321,51,8.06871619271478
150,3,3,2,0,4680,235,71,8.51458980554612
130,3,4,0,0,2443,0,31,7.81399567500279
22,1,1,0,385,2100,40,27,7.84502441724148
53,1,1,1,1350,3110,85,40,8.43076346341785
53,2,1,0,500,1000,0,13,7.32251043399739
642,4,7,4,0,9050,250,137,9.15249937228633
240,4,5,5,3442,9900,1529,126,9.61587214452889
450,3,3,1,1125,6500,59,98,8.95969714695939
57,2,1,1,343,850,67,11,7.14834574390007
130,4,3,1,350,2600,NA,35,8.0684029585697
53,2,2,1,450,2350,NA,30,7.9483852851119
39,1,1,1,350,2600,67,38,8.02486215028641
850,6,7,4,15000,13000,NA,196,10.33074676768
35,1,1,0,250,1305,0,17,7.36073990305828
67,1,1,0,0,1300,55,20,7.22693601849329
120,3,2,1,850,2600,120,33,8.18979961872823
200,5,6,4,3300,5000,1250,64,9.17107965802288
69,3,1,2,230,1300,NA,18,7.34536484041687
60,2,1,1,0,540,0,10,6.31173480915291
30,1,1,1,800,890,NA,12,7.45760928971561
30,1,1,0,500,1200,NA,16,7.46049030582534
650,4,6,4,760,13000,1042,196,9.61587214452889
80,2,1,1,500,1500,NA,22,7.72885582385254
35,1,1,1,0,977,30,13,6.92853781816467
135,3,2,1,1850,4100,NA,53,8.7827830173932
60,2,1,0,260,1800,NA,23,7.64204440287326
80,2,2,1,700,1070,100,15,7.5422134631934
80,2,2,1,0,1500,NA,23,7.35564110297425
160,4,6,3,1750,4750,NA,64,8.90869459250701
135,2,2,1,1313,8700,343,111,9.25636481028746
340,4,5,0,800,4000,NA,61,8.55564437779049
35,1,1,1,444,3507,NA,45,8.32385113133882
38,1,1,0,670,806,NA,12,7.36581283720947
81,3,2,1,490,1630,90,24,7.71199650704767
150,3,3,3,0,5950,NA,98,8.73149779406324
126,3,1,2,0,4200,299,64,8.42595471098197
71,1,1,0,718,1443,0,5,7.68109900153636
20,1,1,0,602,1800,130,23,7.84619881549743
55,1,1,1,730,750,NA,10,7.35946763825562
76,2,2,2,1027,2800,NA,36,8.29804166137157
40,1,1,0,700,2800,100,37,8.19918935907807
400,3,5,5,0,12500,0,188,9.44864835981016
70,3,1,2,230,1000,0,14,7.12689080889881
38,1,1,1,473,2800,10,36,8.10772006191053
80,2,1,0,1050,1500,NA,20,7.8995244720322
64,1,1,0,670,1200,105,16,7.59689443814454
300,4,3,2,0,10000,695,164,9.29293367028004
71,3,4,0,0,4000,0,61,8.30943074214033
25,1,1,1,600,3500,92,45,8.35184673882824
1000,4,7,4,6000,15000,NA,191,10.1693457062579
196,3,5,3,3338,8440,NA,60,9.47738596957752
48,2,1,1,183,1190,0,16,7.23705902612474
315,3,5,2,4300,20000,959,254,10.1468650106811
184,3,1,2,300,4000,110,54,8.4040244933106
450,5,4,4,0,9000,250,160,9.14963449685879
102,3,2,2,1300,2000,284,26,8.19174002127746
135,3,2,2,1100,2040,NA,26,8.08917567883756
41,1,1,1,707,3000,36,39,8.23827262463303
144,2,4,6,0,2196,225,34,7.80628928926703
110,3,3,1,1300,1000,NA,13,7.78904040165748
43,1,1,1,240,1870,0,28,7.66809370908241
450,4,5,2,0,15000,1400,226,9.71902370267014
70,2,1,2,222,1600,100,22,7.57301725605255
220,4,4,4,2056,3230,1576,41,8.83985623276326
52,1,2,1,1100,5000,210,64,8.76013937002663
198,2,2,2,1700,5500,NA,70,8.93471861401677
30,2,1,0,0,1500,NA,23,7.33236920592906
217,3,3,2,2487,10300,600,133,9.51199931135876
290,4,4,0,0,6800,1100,103,8.98769669570362
70,2,1,0,350,1450,NA,22,7.57198844937744
45,1,1,0,700,2500,NA,33,8.10711747075039
40,1,1,1,800,1675,50,22,7.84306401669205
180,4,3,2,1050,4348,NA,66,8.63621989783788
90,2,1,0,200,1200,142,16,7.35179986905778
26,1,1,0,394,1178,28,15,7.38770923908104
629,4,4,4,0,15000,NA,226,9.75794141390479
120,4,3,2,0,3000,67,46,8.04366335239394
49,1,1,0,600,600,15,9,7.11069612297883
44,2,1,1,290,1250,0,16,7.350516171834
427,4,6,4,3440,10000,1350,127,9.61052489564042
286,4,5,4,3150,4000,1580,51,9.08045945112166
88,2,2,2,240,1600,NA,24,7.57507169950756
120,2,3,2,2000,7000,180,89,9.1345386585599
74,1,2,2,1300,3560,NA,46,8.55487425838393
350,3,4,4,0,3500,167,63,8.22443157322116
80,2,2,1,693,1600,92,24,7.7873820264847
63,2,2,1,784,4300,136,55,8.5709235138372
22,1,1,0,423,1600,0,21,7.6231530684769
94,2,3,0,1700,1300,306,17,8.10892415597534
60,2,1,0,0,1600,25,25,7.40913644392013
190,4,4,0,2200,4000,NA,52,8.83244179158582
78,2,1,1,410,2500,NA,32,7.98718474823347
300,5,4,4,0,9000,1461,148,9.26964647787359
211,4,4,4,1500,2880,717,37,8.54383512236266
84,2,1,1,590,1100,104,14,7.50052948539529
300,3,3,5,0,3825,NA,68,8.28979058318164
497,5,5,4,0,8000,720,132,9.08851166361105
71,3,2,1,530,2500,130,32,8.06871619271478
138,2,1,0,810,1000,NA,13,7.6004023345004
120,3,2,1,1300,2480,NA,32,8.3059782109673
110,2,2,1,1000,3500,210,46,8.46737249643228
30,1,1,1,457,2800,NA,36,8.12148037475075
386,4,6,3,3890,12750,NA,162,9.84060099948094
70,2,1,0,680,2000,NA,26,7.93844555116479
120,3,2,2,150,1700,196,23,7.63530388625941
300,2,3,2,7000,3560,1834,46,9.42875274891449
40,1,1,0,0,780,17,12,6.69703424766648
210,3,2,1,3400,7500,450,96,9.34583234141334
62,3,2,1,800,2100,174,28,8.04012466444838
84,3,2,1,839,1820,234,24,7.97865372908273
23,1,1,0,385,2050,40,26,7.82484569102686
140,2,4,2,950,6599,375,84,8.98832118832368
40,1,1,1,512,2100,13,27,7.88344635413774
148,3,3,0,2056,2400,NA,31,8.45276133125685
75,3,2,2,658,2300,87,30,8.03138533062553
40,1,1,0,0,650,17,10,6.5191472879404
77,2,2,2,1039,4200,301,55,8.62980733578537
90,2,2,0,657,1800,0,23,7.8164169836918
300,4,4,0,0,3800,344,58,8.34355383500512
98,2,2,0,820,3050,172,40,8.31458729131958
64,2,2,1,750,2800,0,36,8.18507147753228
100,3,2,2,1400,3500,217,45,8.54927308487965
80,2,1,0,275,1500,104,20,7.54960916515453
110,3,2,1,1341,4400,NA,56,8.70896990698095
40,1,1,0,0,1000,56,13,6.97541392745595
80,2,1,0,877,1800,74,24,7.9287663216267
17,1,1,0,0,2700,42,35,7.92948652331429
137,2,2,1,0,4600,410,70,8.53326337159373
230,4,3,4,2217,6000,745,77,9.10941445338622
90,3,3,1,811,1700,52,22,7.8578675593318
347,4,7,6,0,8900,NA,134,9.21343557688348
200,4,3,0,0,15000,36,246,9.63436550560526
56,1,1,0,390,1300,NA,17,7.46450983463653
650,5,4,8,0,8500,NA,128,9.11283779061494
30,1,1,0,310,1200,NA,16,7.36010397298915
52,1,1,1,750,1250,123,16,7.6685611080159
120,3,2,2,1520,5000,0,36,8.78828846026362
50,1,1,1,90,1010,NA,14,7.01660968389422
120,3,2,1,1250,2000,230,26,8.16251625014018
80,2,2,2,1100,4800,NA,64,8.74273386733017
58,2,2,1,450,4700,42,60,8.56655462095396
89,3,1,0,631,1100,NA,17,7.51425465281641
250,3,4,3,2900,9800,125,125,9.46892828422359
242,5,3,2,0,4250,380,64,8.45425339164236
55,2,1,1,300,2200,84,28,7.86825426552061
45,1,1,0,0,1100,NA,19,7.12849594568004
204,4,6,4,3900,6800,NA,87,9.36999018950572
37,1,1,0,709,1200,196,16,7.66011431917393
50,1,1,0,240,2640,0,34,7.97762509878459
73,2,2,2,778,1200,84,16,7.63964228785801
180,6,2,2,0,4100,234,60,8.38822281011928
300,4,2,0,219,6500,280,99,8.86770920803939
71,2,2,1,861,1300,79,19,7.72312009226633
284,3,2,2,2300,6600,584,84,9.16628398577926
37,1,1,1,478,555,0,8,6.94889722231331
35,1,1,0,0,750,34,12,6.68085467879022
190,2,2,4,0,4200,NA,64,8.35819745992578
67,2,1,1,894,1600,NA,21,7.84031298332016
98,2,2,0,950,2882,223,38,8.31727776622123
260,4,5,2,2600,8000,417,102,9.31659049181884
139,3,2,2,1600,3870,325,50,8.67351294567119
76,2,2,1,700,2200,0,33,7.98412195870293
150,3,2,1,480,3000,224,40,8.22817689595132
51,1,1,1,800,1100,64,15,7.59085212368858
120,3,2,2,150,1700,195,23,7.63482067774554
42,1,1,0,150,1050,NA,16,7.10414409298753
180,4,2,2,1500,2800,NA,38,8.43511508038063
65,2,1,0,286,4200,NA,54,8.42463920980563
420,5,4,4,8000,12000,200,153,9.92088532971255
90,2,2,2,1649,1400,850,18,8.27333659850449
44,1,1,0,460,1700,0,22,7.68845535654994
240,2,3,1,2300,6500,30,83,9.0953783535065
280,4,5,4,0,6350,350,96,8.82423661734664
120,2,2,3,2449,3300,575,42,8.75888368001702
140,4,3,4,1050,2300,NA,31,8.23164217997341
65,2,2,1,489,1750,NA,23,7.75405263903576
52,1,2,1,1000,3600,211,48,8.48879371689454
199,3,4,3,900,8750,334,128,9.2213792190914
71,2,2,1,1080,2700,NA,40,8.27410200229233
42,1,1,0,530,2800,NA,36,8.12177741916107
420,4,3,4,0,15000,1250,226,9.70996348123418
169,2,1,1,0,2800,NA,50,7.97453284413023
170,3,2,4,3678,1500,1130,20,8.7528975247753
45,2,2,0,0,1650,84,25,7.4730690880322
60,2,1,1,660,2700,98,35,8.158802490694
76,3,2,2,915,1450,104,19,7.81963630236759
47,1,1,1,400,2200,0,33,7.87625888230323
22,1,1,0,472,2200,55,28,7.92153563213355
63,2,2,1,600,1800,92,24,7.83082299513532
33,1,1,1,630,3600,0,46,8.36100710822691
96,3,2,2,480,2300,250,30,8.02649693894541
573,4,3,6,0,10000,NA,164,9.29660980712836
84,3,1,0,805,2400,209,31,8.14496941708788
400,4,4,3,1200,8700,458,131,9.25827302573148
150,3,3,2,350,1950,0,26,7.75233516330229
120,3,1,0,680,2040,110,26,7.95752740223077
78,2,1,1,0,1700,NA,26,7.50052948539529
20,1,1,0,602,1800,130,23,7.84619881549743
117,2,1,1,380,2100,NA,31,7.85748078694253
40,1,1,0,350,2090,0,27,7.81116338502528
50,2,1,0,1000,1059,NA,14,7.68063742756094
80,3,1,1,350,1300,NA,19,7.44775128004791
65,2,1,1,580,2600,57,33,8.09285102753838
90,2,2,0,320,1125,34,17,7.31121838441963
76,2,1,1,700,5600,0,71,8.75966867102994
85,3,2,2,510,3000,165,39,8.22013395715186
76,1,2,2,540,2800,NA,36,8.18785544369562
92,2,1,1,1000,1839,NA,24,8.00570067866254
150,3,3,3,100,4600,NA,70,8.51819269174932
515,5,4,3,5600,15000,250,191,9.95422819423931
91,2,1,0,316,1350,NA,20,7.47079377419506
161,3,3,3,2000,15000,667,191,9.79037484390448
64,2,1,1,500,1400,11,18,7.56527528189893
59,1,1,1,300,2200,67,33,7.86365126544865
150,4,4,4,890,4200,NA,56,8.6427680143243
90,3,4,2,1200,5500,266,70,8.85893722196655
30,1,1,0,653,1800,26,24,7.82564473221999
127,2,3,1,0,3200,NA,49,8.09101504171053
48,1,1,1,867,2300,133,30,8.11102783819368
90,2,2,1,0,4500,414,68,8.5137873982814
20,1,1,0,602,1800,NA,23,7.84619881549743
82,2,1,1,1060,3300,NA,42,8.39479954320217
66,2,2,2,580,2500,116,32,8.07992777075827
81,3,1,1,900,2800,NA,36,8.26333266743997
170,3,3,3,0,4200,239,64,8.41272116981953
280,4,7,4,350,3000,660,40,8.30671904320269
70,2,1,1,250,1400,NA,19,7.4730690880322
69,2,2,2,670,2500,NA,37,8.12148037475075
143,3,2,3,680,2500,170,34,8.12710918534638
50,1,1,0,0,1250,34,19,7.1731917424866
102,3,2,0,918,2500,248,32,8.21581779183245
60,2,1,0,0,1200,38,19,7.13727843726039
265,3,3,2,0,2400,NA,37,7.85476918349913
76,2,1,1,1353,2750,179,36,8.3707791729607
96,3,2,2,1122,8500,285,108,9.21243817005833
70,2,1,1,467,1800,170,23,7.80832305039106
140,3,4,2,1750,12000,615,153,9.58335115653074
81,2,1,1,710,2810,217,36,8.2358907259285
52,2,1,0,380,1500,55,22,7.57967882309046
298,5,3,3,0,8000,1384,121,9.15967845717396
70,2,2,2,535,1600,59,24,7.70481192293259
92,2,1,1,425,1536,72,20,7.6275443904885
190,4,3,2,2500,9300,375,120,9.41743583886878
42,1,1,0,32000,700,40,11,10.3966887749484
40,1,1,1,765,2500,34,32,8.11132800328673
312,4,4,3,4000,15000,1084,194,9.91743976615413
106,2,1,2,0,2100,NA,32,7.71556953452021
110,3,3,2,560,3700,88,56,8.39049553837028
384,5,5,3,4000,8000,1240,102,9.49859727917881
69,2,1,0,240,1200,NA,18,7.53315880745556
82,2,2,0,800,4500,NA,58,8.59359852261864
500,7,6,3,0,15000,NA,246,9.65701140089547
130,3,2,1,1267,4500,334,58,8.72583205652757
55,1,1,0,0,1500,138,23,7.41577697541539
170,4,4,2,1411,2800,417,36,8.44784311328144
183,4,2,0,920,2400,NA,37,8.18757739559151
336,3,5,3,299,6000,208,91,8.79467340138342
45,1,1,1,3000,5520,0,70,9.05847042263806
40,1,1,0,350,1700,40,22,7.65586401761606
45,3,1,0,0,1300,NA,22,7.27931883541462
180,3,3,0,20,2550,170,39,7.93020620668468
23,1,1,0,399,2100,42,27,7.85127199710988
53,1,1,0,277,500,NA,8,6.69208374250663
100,2,2,1,1050,4000,240,51,8.58335539366991
400,4,5,4,3884,8700,NA,111,9.57296756607425
92,1,3,1,1450,2720,365,36,8.4277060249147
420,6,4,0,927,3500,NA,47,8.49290049884719
78,3,1,1,900,2800,100,37,8.25270667656764
70,2,1,1,500,1800,NA,23,7.75319426988434
500,6,5,8,0,8000,625,121,9.07646606341985
130,3,4,2,2500,2000,NA,26,8.55525939222269
24,1,1,0,445,2000,NA,26,7.82963038915019
125,2,1,1,700,2000,63,26,7.93379687481541
242,3,4,2,2200,4500,NA,58,8.95040315983296
69,3,1,1,413,1199,0,16,7.39572160860205
135,2,2,1,1063,3250,NA,42,8.41516046585109
43,2,1,1,199,620,100,9,6.83410873881384
565,4,5,6,2337,14850,2112,224,9.87924608816309
62,2,1,1,485,1296,54,19,7.52563997504154
112,4,1,2,0,1900,212,32,7.67089483136212
31,1,1,1,478,2500,NA,32,8.03463103292311
89,3,3,0,990,3550,84,45,8.44891435066294
100,2,2,0,0,2200,0,40,7.71467747380093
65,2,1,0,650,6000,200,77,8.84332645024227
60,3,2,0,350,2362,88,30,7.9483852851119
75,3,2,1,450,1950,NA,29,7.83518375526675
41,1,1,1,540,1150,NA,17,7.46336304552002
100,2,1,0,765,3300,0,42,8.32069157104845
288,3,2,2,0,3700,NA,56,8.34616759436413
400,5,6,0,0,5200,0,79,8.57168137670031
240,3,2,1,0,15000,667,226,9.67350819021264
80,1,1,1,0,1150,75,18,7.12608727329912
43,2,1,1,274,1000,7,13,7.16626597413364
25,1,1,0,0,1200,35,16,7.13249755166004
49,2,1,1,665,2000,100,26,7.93451346388226
40,1,1,0,0,970,NA,15,6.9555926083963
71,2,1,0,0,1500,0,22,7.32843735289516
50,2,1,0,450,1430,25,19,7.56268124672188
44,1,1,0,0,1800,125,28,7.57763383260273
400,4,2,8,0,7200,NA,109,8.9128772876693
225,3,3,2,1100,3800,192,56,8.54655780004614
82,3,2,2,967,2200,92,29,8.09833884618906
102,3,1,1,0,1760,0,27,7.48885295573346
981,3,2,4,0,7000,4500,125,9.36142922633904
25,1,1,0,50,700,0,10,6.63463335786169
230,3,4,0,1700,3000,700,39,8.60153433984999
280,3,4,3,1717,5200,250,66,8.88654741251204
69,3,1,1,650,1350,84,18,7.6511201757027
58,1,2,0,700,1600,90,21,7.78821155784708
58,1,1,0,500,1050,NA,14,7.37963215260955
64,2,1,1,441,730,NA,10,7.09007683577609
84,3,1,1,670,2180,NA,28,7.99934295271328
35,1,1,0,450,1100,21,15,7.36960072052641
78,2,1,0,850,1600,94,21,7.85010354517558
55,2,1,2,780,980,142,13,7.55799495853081
250,4,5,4,3500,15000,1540,191,9.91497136047742
110,3,2,0,1100,4860,300,63,8.75210719832936
206,2,1,3,0,3500,214,53,8.23429963569625
150,3,4,1,0,4250,491,64,8.47762041629641
180,4,3,2,1880,9000,NA,115,9.3467052464967
330,4,5,4,0,6500,750,98,8.90231952852887
68,1,1,0,0,1100,0,17,7.01929665371504
280,4,4,4,3200,6000,NA,77,9.14612179964953
85,3,2,1,915,1500,63,20,7.82364593083495
55,2,1,0,340,1530,NA,20,7.54486106865846
90,3,2,1,1100,2800,NA,36,8.2845042272585
96,3,1,1,0,1200,34,20,7.13489085156588
250,4,1,8,0,2125,NA,35,7.77988511507052
80,2,2,1,500,1800,NA,27,7.79482315217939
41,1,2,1,400,2800,67,41,8.10440130792161
75,2,1,3,700,2500,250,32,8.155649270366
800,7,7,8,0,9000,NA,136,9.40434343354398
45,1,1,0,750,1000,34,13,7.49443021503157
74,2,2,2,1000,5000,120,64,8.72988228482659
160,4,3,2,0,3700,143,61,8.27001306227379
50,1,1,0,400,1500,NA,20,7.59085212368858
126,2,3,1,2000,10000,NA,127,9.42875274891449
65,1,1,1,1100,4000,NA,52,8.62819774945915
120,3,2,2,740,4000,NA,51,8.52317526309379
150,4,2,2,730,4200,396,56,8.59100111856096
76,1,1,1,969,2500,130,32,8.19753873972118
226,4,5,4,4360,15000,NA,191,9.98925231949692
22,1,1,0,0,976,NA,15,6.89972310728487
154,3,3,1,1700,6500,NA,83,9.02208122251548
56,2,2,2,480,1630,NA,21,7.68432406768116
212,3,5,4,0,4200,393,69,8.44741429680832
62,3,2,1,400,1300,NA,17,7.49164547360513
80,2,2,2,4200,7800,NA,101,9.42794863179172
420,4,4,4,6000,12000,2000,153,9.91100919393498
32,1,1,0,230,750,23,11,6.92264389147589
30,1,1,1,0,3000,0,39,8.01961279440027
70,2,2,0,0,1000,62,16,6.98378996525813
200,3,3,2,0,6000,750,91,8.83083536553755
25,1,1,0,105,1330,NA,17,7.28138566357028
42,1,1,1,768,3696,17,47,8.41825644355621
135,3,3,2,1650,4250,584,54,8.78553952756128
47,1,1,0,250,900,38,14,7.09257371597468
35,1,1,0,200,880,15,13,7.01121398735037
75,3,2,0,800,2236,64,29,8.0487882835342
300,2,2,0,0,3000,292,46,8.11342663994365
45,1,1,1,2200,2300,167,30,8.45489216521886
850,5,7,8,0,10000,1,164,9.2272958126256
140,3,2,2,686,3000,250,44,8.28928832300032
60,2,1,0,0,1222,NA,19,7.12447826249342
50,1,1,0,0,1250,NA,19,7.1731917424866
150,4,5,2,1100,2860,360,37,8.37976851550457
160,3,2,1,185,7693,223,116,9.01408214944336
334,3,3,8,0,8600,209,130,9.09829086816756
330,4,3,0,0,9800,750,148,9.278092474027
38,1,1,0,190,1800,20,27,7.61972421378267
280,4,7,4,350,3000,642,40,8.30226579487337
200,3,3,2,2000,6500,417,83,9.10509096125708
100,4,5,2,2400,8500,500,108,9.35105837891506
80,2,1,0,515,1400,101,19,7.61874237767041
267,3,6,6,0,4800,NA,73,8.58372971521648
130,3,1,1,1000,3500,NA,46,8.46189187563115
70,2,3,1,700,2450,165,33,8.1164170727942
213,3,5,5,3800,6200,0,79,9.21840774305394
35,1,1,0,0,780,40,12,6.72503364216684
312,4,5,4,3150,15000,1747,200,9.9085248440534
160,3,4,3,2087,2500,NA,32,8.50065722277614
22,1,1,0,295,2000,44,26,7.76895604453833
400,4,4,3,3000,10000,0,127,9.482731125859
45,1,2,1,495,2100,NA,27,7.90912218321141
237,4,4,0,3168,8000,1031,102,9.41743583886878
180,3,3,0,0,13000,715,196,9.54043517305957
30,1,1,0,349,1805,0,23,7.68616230349291
13,1,1,0,0,2200,42,28,7.72797554210556
140,4,4,2,0,6800,107,103,8.85523562320697
62,2,1,1,100,1050,84,14,7.13009851012558
76,2,1,0,625,1000,50,13,7.4318919168078
220,3,4,4,1587,4250,711,54,8.79527937019457
143,3,3,2,1600,3300,250,42,8.55506684384432
44,2,1,0,272,650,NA,9,6.83733281468559
90,3,2,1,934,1450,65,19,7.81156848934518
190,4,3,3,1384,4800,357,64,8.79573360595074
79,2,3,1,2500,3100,500,40,8.7227428743294
45,1,1,2,695,1800,NA,23,7.89692465626886
73,3,2,2,570,2400,125,31,8.04782935745784
168,3,4,5,1610,3600,190,46,8.60282027738367
95,3,2,3,687,2500,41,32,8.08978917578932
180,2,2,1,170,2001,25,30,7.70841066725737
65,2,2,0,485,1390,NA,21,7.59287028784482
110,4,2,0,0,1850,0,31,7.54009032014532
58,1,1,1,750,4700,NA,60,8.65014941866486
15,1,1,0,45,665,0,9,6.5792512120101
213,4,3,5,0,3900,298,59,8.35655484545343
162,4,4,3,1500,5500,NA,70,8.98243550356026
49,1,1,0,443,3800,89,49,8.38526052015541
32,1,1,0,0,1400,0,18,7.25770767716004
78,3,2,2,875,2300,NA,31,8.14206328310415
240,4,4,2,0,5000,630,89,8.65172408437384
150,3,2,1,0,1320,167,20,7.3185395485679
60,2,1,1,275,1200,97,16,7.37086016653672
160,3,2,3,460,3500,177,47,8.33926198292358
74,2,2,2,1100,3400,NA,44,8.45701846838017
280,4,4,8,0,7040,NA,106,8.96635615479012
42,1,1,0,320,850,21,13,7.09423484592476
102,3,2,5,0,2975,NA,53,8.04942705711069
123,3,2,2,1342,2174,NA,28,8.25009775257285
50,2,1,1,0,1000,25,18,6.95081476844258
125,3,2,2,0,1700,NA,26,7.45703208912238
240,3,2,4,0,5500,500,98,8.71588010229646
85,3,2,3,1100,1999,153,26,8.09529377684465
260,4,5,4,2405,15000,NA,200,9.78476032126733
22,1,1,0,0,870,0,14,6.78558764500793
278,3,2,1,2640,7800,601,99,9.31838727605932
18,1,1,0,400,1130,NA,15,7.36264527041782
196,3,4,1,1500,5500,NA,71,8.93221251232921
26,1,1,0,200,3500,1,45,8.22871079879369
100,4,2,2,0,3500,42,53,8.18757739559151
460,4,3,6,4400,10000,1667,127,9.69221081128675
189,4,3,2,2300,6500,584,83,9.15567297063388
226,3,3,0,0,6000,NA,91,8.72029728739272
418,2,4,3,5274,6875,117,88,9.42149231043801
660,5,5,4,1400,5000,1000,76,8.91958692099992
120,1,2,1,0,1112,0,17,7.02997291170639
70,2,1,1,484,1100,20,14,7.38956395367764
400,10,5,8,0,10900,1417,164,9.43196276691845
82,3,3,2,550,1500,153,20,7.70706265537047
210,3,4,4,2000,15000,1000,191,9.80868224526222
92,3,2,2,660,1900,105,25,7.89766815072691
64,3,1,0,215,1400,NA,19,7.41577697541539
35,2,1,0,0,1350,0,20,7.22329567956231
120,2,2,2,0,2690,NA,41,7.99226864327075
16,1,1,0,0,1200,NA,16,7.15148546390474
60,2,1,0,300,950,0,14,7.14282740116162
223,3,5,2,1400,3300,290,42,8.52377150677636
50,1,1,0,0,800,0,13,6.70196036600254
30,1,1,0,400,940,NA,14,7.23705902612474
111,2,2,1,1400,3500,175,45,8.54110501146255
290,4,3,2,2890,7150,862,91,9.3048320350689
80,3,1,1,380,1328,NA,10,7.47816969415979
353,4,5,5,3000,10000,0,127,9.482731125859
55,2,1,1,635,1990,NA,26,7.91278922069068
49,2,1,1,263,1000,38,13,7.18159194461187
50,2,1,0,450,850,21,11,7.19518732017871
182,4,4,2,2965,6000,NA,77,9.17450591896697
42,1,1,1,565,3800,NA,49,8.39818440483404
500,5,7,5,5500,14000,NA,178,9.98787465579629
56,1,1,0,0,1200,48,19,7.14519613499717
170,3,2,1,2000,4600,384,60,8.86007342433278
160,3,3,2,2000,5000,570,64,8.94049821765273
70,1,1,2,0,1300,63,20,7.23273313617761
120,2,1,4,0,2400,59,37,7.82284529027977
65,2,1,1,550,1650,0,22,7.7066129139642
300,4,4,6,4000,5500,1180,70,9.28275405248523
140,3,2,2,1050,12000,209,153,9.50383054471094
108,2,3,2,450,2100,250,32,7.94909149983052
220,3,3,4,0,2500,2360,45,8.49821422481843
157,3,3,4,1300,4900,725,63,8.85209276347713
101,3,4,2,1300,3120,NA,40,8.47657950853094
87,3,2,4,800,2000,67,26,7.97039490719143
123,3,2,2,834,2000,148,26,8.00936307663004
67,1,2,1,815,2479,117,32,8.14438886554762
200,3,3,8,0,4480,509,68,8.52872642722991
48,2,1,1,545,1720,NA,22,7.73543335249969
51,2,1,1,260,700,27,10,6.90575327631146
54,2,1,1,245,1300,NA,17,7.35691824235602
280,3,3,2,3000,5650,692,72,9.15005944109125
172,3,4,3,1650,7800,890,99,9.25349564229011
136,3,2,2,1259,15000,374,191,9.73038338479178
300,4,2,0,6000,15000,834,191,10.0002058314126
26,1,1,0,250,2300,42,30,7.87207397986687
52,1,1,0,477,1172,50,16,7.44775128004791
72,2,2,1,500,1200,5,16,7.45124168498768
240,3,3,1,2300,7000,417,91,9.19105561056432
100,3,2,6,0,7500,1000,113,9.06114406561406
145,3,3,2,4000,11960,0,155,9.687878048876
60,2,2,2,165,1950,67,30,7.70210434005105
260,2,2,1,170,2000,25,30,7.70796153183549
28,1,1,0,550,1100,NA,15,7.41818082272679
25,1,1,0,300,1000,NA,13,7.18083119904456
45,2,1,1,300,1920,34,25,7.73193072194849
115,3,2,2,450,1950,133,26,7.84776253747361
48,2,1,0,468,800,28,12,7.1770187659099
150,3,3,8,0,8000,NA,121,9.12761072437719
160,4,3,2,0,3800,250,58,8.32093496888341
700,4,4,4,0,10000,21880,151,10.3747716116815
340,4,6,4,4800,7650,1667,97,9.56177159159186
25,1,1,0,561,1513,0,7,7.64108424917491
79,3,2,2,652,1290,NA,17,7.62559507213245
35,1,1,1,530,1600,134,21,7.73455884435476
270,3,4,0,0,3500,165,45,8.2190566610606
156,3,4,3,1417,5000,500,64,8.85109068766498
50,1,1,1,600,2800,0,20,8.13768818497761
60,1,1,2,3398,1900,288,25,8.63266244122235
140,3,4,3,1100,4000,489,51,8.63781663373998
53,1,1,0,170,1680,68,22,7.57095858316901
200,4,4,4,0,4220,450,64,8.46273700562018
125,4,2,2,1100,2100,267,28,8.15937473677543
160,3,4,3,0,9350,NA,141,9.15820461755565
300,4,5,3,1650,9500,459,121,9.36999018950572
175,3,3,2,400,3700,NA,50,8.37930948405285
158,3,2,2,2000,8000,NA,104,9.26397592114209
110,3,2,1,1200,2850,259,37,8.37724123098879
168,3,2,2,0,2500,NA,38,7.89766815072691
120,3,1,2,0,3500,NA,53,8.20821938349683
230,4,3,4,3100,15000,NA,200,9.8934877204578
255,3,4,2,2600,6000,500,77,9.12456459495478
23,1,1,1,472,2300,59,30,7.9592759601164
120,3,2,1,870,2500,NA,32,8.17835816560584
45,1,1,2,695,1800,NA,23,7.89692465626886
154,3,2,1,300,2000,NA,27,7.8188324438034
50,1,1,1,0,4520,0,59,8.42945427710823
104,3,2,2,1549,7000,337,91,9.10253241934188
50,2,1,1,978,2430,124,31,8.1786387885907
75,2,2,1,383,1400,117,21,7.56112158953024
145,3,2,1,1017,2000,12,26,8.02486215028641
211,3,5,3,2500,7000,750,89,9.24387185518498
30,1,1,0,0,2060,NA,27,7.64396194900253
170,4,3,1,1470,3700,0,47,8.55986946569667
86,2,2,1,690,1900,93,25,7.9043348420851
230,3,4,3,2000,3000,556,39,8.62980733578537
61,1,2,2,2200,4000,250,51,8.77986510086385
383,4,4,5,2189,3004,NA,39,8.68980105602255
210,3,3,0,0,5500,734,83,8.75115798136203
60,2,2,1,916,5650,NA,72,8.80956425335415
213,4,6,4,3200,8500,970,108,9.45571497213171
93,2,2,3,873,3900,224,57,8.52813313145457
50,1,1,1,781,5300,NA,68,8.75809807230909
149,2,3,3,1603,4500,883,58,8.86007342433278
410,4,5,5,0,20000,NA,254,9.91595945403145
40,1,1,1,474,3175,105,41,8.24170315972982
46,1,1,0,659,1500,101,20,7.73236922228439
378,4,4,8,0,10000,1334,151,9.34931939925763
60,2,2,2,760,3800,132,49,8.46421426662535
180,2,3,1,2500,8500,NA,110,9.37678657961185
70,2,2,2,300,1450,94,20,7.53101633207792
68,2,1,1,0,2100,0,27,7.66293785046154
85,2,2,1,763,1800,NA,24,7.88833450073865
140,4,2,2,450,2281,221,31,8.00101996132365
52,2,2,1,360,1650,86,22,7.6586995582683
63,2,2,0,400,2600,NA,38,8.05452260953729
65,2,2,2,1084,3300,207,42,8.44117570499232
60,3,1,1,348,950,63,13,7.22620901010067
27,1,1,0,0,1167,NA,16,7.32514895795557
260,4,4,3,3500,15000,NA,191,9.9090222080346
44,1,1,1,400,1200,0,16,7.38832785957711
170,3,3,2,0,4850,334,73,8.56750600528983
118,3,2,1,1116,4775,185,61,8.72225423517968
114,3,2,2,900,3780,NA,48,8.48239468587354
154,4,2,2,1465,2800,305,38,8.43576619272051
108,3,1,1,2300,15000,NA,194,9.78869379453405
147,3,2,2,1313,3600,414,46,8.58932778917544
365,3,4,3,3700,12000,1250,153,9.74689222031305
109,3,2,1,681,2423,NA,36,8.11192806331074
148,3,3,2,284,2500,104,34,7.98036576511125
250,3,4,2,0,6000,NA,91,8.72696777499149
79,2,1,1,245,1000,25,13,7.15773548424991
66,2,1,1,997,2400,179,31,8.19090888118251
54,1,1,1,0,1370,NA,18,7.25841215059531
87,3,1,1,730,1200,NA,16,7.60638738977265
640,4,4,4,5400,10200,NA,130,9.75909741657673
71,2,1,0,613,1040,0,14,7.41938058291869
35,1,1,1,886,1250,90,16,7.71556953452021
57,2,2,1,584,2300,50,30,7.99463231143183
38,1,1,0,480,1220,25,16,7.46278915741245
70,2,2,1,990,3700,122,48,8.48899945704546
350,2,4,8,0,3300,NA,50,8.24301946898925
300,4,3,2,2500,12000,750,155,9.64283681913538
80,2,2,0,430,1320,121,20,7.54538974961182
160,3,3,1,1050,2900,NA,38,8.36776467792431
117,3,2,2,1564,5500,167,81,8.89740886527095
112,3,2,2,800,4100,100,60,8.52931937121408
100,2,2,1,0,1870,0,29,7.54960916515453
160,4,2,1,1500,4230,0,55,8.66319648553608
68,2,1,0,270,700,19,11,6.90875477931522
530,4,4,4,3857,5000,NA,64,9.26492324974647
210,3,2,2,0,3500,101,53,8.20385137218388
33,1,1,0,600,3300,NA,25,8.30052860619974
40,2,1,0,348,1100,NA,14,7.28824440102012
200,5,5,8,0,6000,1017,99,8.87024156729927
58,2,1,2,383,1360,0,18,7.47420480649612
120,3,3,2,1800,3400,NA,44,8.59025776227324
162,3,4,0,0,3200,267,49,8.16536363247398
301,4,5,4,4265,12500,NA,159,9.8266605024228
40,1,1,0,150,1800,38,23,7.60688453121963
45,1,1,0,750,1000,34,13,7.49443021503157
135,3,2,1,1940,3060,NA,40,8.60685106334677
135,3,2,1,1378,3290,279,42,8.51519118874556
102,3,2,2,1125,5525,225,81,8.84750362592364
76,2,2,2,978,1400,123,18,7.83201418050547
180,4,1,1,2420,8500,NA,108,9.34408424202578
72,2,2,1,0,1250,NA,21,7.19893124068817
128,2,3,1,755,4339,85,55,8.56312212330464
60,3,2,0,350,2362,88,30,7.9483852851119
44,1,1,0,450,2500,NA,32,8.0106915391303
189,3,3,1,2143,5800,371,74,9.0346766028463
450,6,2,8,0,4000,197,72,8.35936910622267
286,4,4,5,0,10800,1125,163,9.40021665317425
276,4,6,4,3450,4500,NA,58,9.1821466376054
60,1,2,1,844,3800,NA,49,8.45404037641097
40,1,1,0,0,880,48,14,6.84906628263346
57,2,2,1,600,1800,0,24,7.79358680337158
45,1,1,1,521,600,NA,8,7.06304816338817
42,1,1,1,712,3500,22,45,8.36170828857584
68,2,1,1,560,1100,42,15,7.4489161025442
120,3,2,1,1650,4800,NA,62,8.83462822201737
360,4,4,2,3340,11050,0,141,9.5840395773207
140,2,1,0,0,1650,NA,25,7.51914995766982
35,1,1,0,0,1100,30,14,7.04315991598834
16,1,1,0,0,910,NA,12,6.82762923450285
110,3,1,1,780,1100,NA,9,7.5999019592085
69,2,1,1,485,980,60,13,7.33888813383888
59,2,2,0,510,1400,112,19,7.62168499872461
336,4,4,6,0,7677,950,116,9.07612302985637
210,4,4,3,2800,5000,NA,64,9.08045945112166
242,4,5,4,3270,12000,930,153,9.70204433653459
28,1,1,0,350,550,21,9,6.83625927727707
220,4,3,3,4208,9000,1203,115,9.5840395773207
62,3,2,1,485,1629,54,24,7.69302574841789
111,3,2,2,1100,3500,325,46,8.5115774526306
159,3,2,2,1000,2500,334,32,8.2602342916073
70,2,2,0,690,2250,100,29,8.02943284058124
150,3,2,2,1181,2000,NA,26,8.18646442942209
50,1,1,1,776,4000,126,51,8.5079506100493
450,3,3,8,0,5015,400,76,8.61104776688786
64,2,1,1,252,850,78,12,7.08422642209792
600,5,7,5,0,5200,NA,79,8.60061479955531
70,1,1,0,430,3200,109,41,8.23774380389093
76,3,2,0,1160,1240,95,16,7.82883452758809
280,3,3,4,0,6520,834,99,8.9165060800392
172,2,4,3,1400,11000,775,140,9.49709701635146
246,3,4,4,3800,12000,750,153,9.72322387685162
64,2,1,1,400,1500,101,20,7.61184239958042
30,1,1,0,0,550,0,8,6.3261494731551
80,3,2,1,0,2170,47,33,7.71912984090673
87,3,1,1,786,1800,159,24,7.92660259918138
50,1,1,1,250,800,0,12,6.96885037834195
50,1,1,0,400,800,NA,12,7.11720550316434
30,1,1,0,0,1850,167,28,7.62364194651157
43,1,1,0,219,1472,42,6,7.46164039220858
300,3,4,0,0,10000,2000,151,9.40516674990861
58,1,2,1,850,750,40,10,7.40913644392013
30,1,1,1,1379,1660,18,22,8.03268487596762
54,2,1,0,571,1700,NA,22,7.79523492900217
80,2,2,1,1050,3500,167,46,8.46884293047519
62,2,2,1,480,1600,9,24,7.65633716643018
66,2,2,0,550,1200,50,18,7.50604217851812
80,2,2,1,400,1500,36,20,7.57916796739608
560,4,4,7,8600,15000,NA,191,10.2678181172857
30,1,1,1,500,3900,NA,50,8.41958036254924
50,1,1,0,0,1600,NA,25,7.39387829010776
81,2,2,1,615,3500,225,46,8.38640090116621
218,4,4,4,2488,4930,1454,63,9.09784334074904
54,2,1,2,300,1200,NA,16,7.35436233042148
60,2,1,0,0,1200,0,19,7.1066061377273
100,3,1,1,150,1200,0,16,7.22037383672395
156,2,3,2,2040,13590,292,173,9.68601538845915
300,3,4,3,3000,4000,0,51,8.86106654351776
39,1,1,1,680,2500,NA,32,8.1101268019411
150,4,3,4,0,3000,500,46,8.17385745477362
140,2,3,4,2300,6170,NA,79,9.10130645095205
240,4,4,3,2800,4200,792,54,8.96788657212747
70,2,1,0,0,1300,70,20,7.23777819192344
462,4,7,4,0,5000,NA,76,8.64241515616962
67,3,1,1,351,890,NA,12,7.16549347506085
100,2,1,0,0,1200,63,20,7.15773548424991
113,3,3,1,350,1100,NA,15,7.34858753092759
99,3,2,1,390,2500,NA,32,8.0106915391303
120,2,1,1,0,2100,175,32,7.74413662762799
110,3,2,3,0,2600,400,40,8.01994168767737
38,1,1,1,342,980,51,15,7.23633934275434
100,3,1,1,999,1090,NA,14,7.69530313496357
135,4,2,2,1378,4200,468,55,8.71637186527662
130,3,2,1,1338,3250,450,42,8.53326337159373
80,3,2,1,305,1200,122,16,7.40488757561612
300,3,2,5,0,11500,2000,173,9.52303207993199
72,2,1,2,195,1300,97,18,7.38461038317697
70,3,2,2,1058,1659,44,22,7.93164402145431
395,4,4,3,2137,15000,NA,191,9.8070317167185
540,6,8,3,0,15000,NA,267,9.6633885668225
318,4,6,4,3450,10160,0,129,9.52813934333178
42,2,1,1,170,900,27,12,7.01211529430638
52,1,1,1,613,1400,NA,19,7.62803112693033
167,3,2,1,1787,10850,532,138,9.49634604004702
50,1,1,0,467,1209,NA,8,7.50328963067508
65,2,2,1,412,1000,NA,13,7.29369772060144
140,4,4,3,1800,3600,NA,46,8.70450228972123
92,3,1,1,340,1600,4,21,7.58375630070711
150,4,3,3,1200,3300,NA,44,8.48425669116997
60,1,1,0,250,1300,75,17,7.40427911803727
308,4,5,6,2000,13500,173,180,9.67098786879789
159,2,3,1,1276,3230,49,41,8.43315919580623
240,3,5,4,0,7500,NA,113,8.99628043939502
65,3,2,0,450,1690,86,25,7.71957398925958
200,3,2,2,0,5000,NA,76,8.56483984488359
130,3,5,2,1170,3610,209,46,8.52436739516424
21,1,1,0,519,1200,0,16,7.4593388952203
68,2,1,1,525,1600,NA,21,7.73587031995257
40,1,1,0,450,900,38,14,7.24636808010246
310,4,3,6,0,3100,187,51,8.11342663994365
103,2,1,1,635,1060,84,14,7.49220304261874
650,5,7,4,4100,15000,4241,229,10.0677724218439
30,1,1,0,380,500,10,7,6.8001700683022
155,4,5,3,1200,5000,593,67,8.83360848269089
107,2,2,1,400,2600,NA,33,8.01763715990848
340,4,5,5,5200,12000,3400,153,9.94034971726869
70,3,1,0,275,1200,104,16,7.37525577800976
58,2,2,1,310,950,86,13,7.2152399787301
70,3,2,1,569,3300,159,42,8.31164394850298
240,3,3,0,300,4300,292,65,8.50875771259514
130,3,2,1,1300,2800,300,37,8.39795910349254
310,5,6,5,6900,10000,1834,127,9.84485157705117
60,1,1,1,731,1300,54,17,7.6511201757027
319,4,6,5,5000,10050,NA,128,9.80261694215115
81,2,1,0,350,1150,NA,17,7.32843735289516
306,3,5,0,0,8000,0,132,9.00368513816677
113,2,2,1,1000,3000,NA,39,8.31630024903685
280,3,4,2,4000,6000,1059,77,9.31838727605932
270,3,3,3,2800,13000,959,165,9.73631073306863
78,2,1,1,645,2000,35,26,7.9035962896143
60,1,2,1,0,1500,30,23,7.34858753092759
30,1,1,0,0,750,NA,12,6.71174039505618
58,2,1,1,594,800,77,11,7.30182234213793
65,1,1,0,350,1800,30,24,7.69848278788095
58,1,1,1,580,1740,NA,23,7.79110951061003
22,1,1,0,385,2100,40,27,7.84502441724148
32,1,1,1,811,3200,174,41,8.34924780056679
176,3,5,3,1350,5200,NA,66,8.86205867739547
350,7,5,4,0,7500,357,123,8.98481899587601
260,4,4,2,2570,4400,584,56,8.93734984826739
100,2,1,0,0,2300,198,35,7.83755436088108
65,1,1,0,750,3500,142,46,8.39818440483404
600,7,6,1,1300,15000,1167,194,9.77911409769637
300,4,3,1,0,5000,NA,77,8.60245303536706
430,4,3,4,0,8500,NA,128,9.21642184229205
260,5,5,4,4000,8000,2620,102,9.59703032475801
211,3,4,3,0,8400,292,138,9.0860235374688
103,3,2,1,885,1800,113,23,7.94520113241276
62,2,2,0,400,1556,NA,23,7.64012317269536
80,2,2,1,1100,3499,NA,46,8.48694014824522
60,1,1,1,0,1180,0,18,7.08924315502751
27,1,1,0,1404,3500,NA,45,8.50734485536142
486,4,6,5,4614,4861,NA,62,9.49634604004702
40,1,1,1,480,1680,102,22,7.7341213033283
60,2,1,0,806,2800,NA,37,8.22710823434815
64,2,2,0,665,2200,104,29,8.00603417874901
660,5,7,4,5381,10000,1100,127,9.71782040549108
62,3,2,1,487,2400,NA,31,7.9973268229981
50,2,1,1,180,946,NA,14,7.03966034986208
380,3,4,4,0,8000,952,121,9.11316846022391
134,3,3,2,1000,2500,177,32,8.21878715560148
74,2,2,0,1105,3600,NA,46,8.50956416425175
68,2,2,1,1183,2500,207,34,8.27512163021651
33,1,1,0,470,1600,72,21,7.67971363996637
60,2,1,0,0,1100,NA,17,7.01929665371504
50,1,1,1,707,3700,30,47,8.4084937744929
57,2,2,2,834,1630,NA,21,7.89170465933011
39,1,1,1,529,995,49,13,7.36960072052641
45,1,1,1,30,760,0,12,6.68835471394676
221,3,2,2,1980,4500,200,58,8.81566682494622
140,3,2,0,2500,1799,375,23,8.45489216521886
650,5,4,2,5718,9000,1431,116,9.69713966113932
210,5,4,1,0,15000,1667,226,9.73453621468034
100,4,2,3,1027,2600,238,35,8.26898820950666
220,3,3,2,2500,9000,367,116,9.3910773406399
42,1,1,0,400,1150,NA,15,7.37337430991005
98,3,2,0,891,3000,185,39,8.32263709695394
150,3,1,2,3290,5200,NA,68,9.13443077787583
170,3,3,4,0,3500,NA,53,8.23642052726539
60,2,1,0,1,1610,NA,25,7.40062057737113
120,3,4,2,187,3450,149,52,8.2529671950008
142,2,3,2,1400,3550,492,45,8.61031916940572
90,2,2,1,500,2500,84,37,8.04622910107538
140,3,3,2,2400,6000,NA,77,9.10253241934188
26,1,1,0,325,1200,26,16,7.35755620091035
20,1,1,0,0,790,0,11,6.68710860786651
24,1,1,1,0,550,NA,9,6.32793678372919
140,3,2,0,350,2900,194,38,8.155649270366
134,4,2,3,650,3000,NA,40,8.29504914043511
400,5,4,2,2675,2000,832,26,8.61866616034687
18,1,1,0,628,650,49,9,7.19818357710194
62,1,1,1,1550,2800,NA,37,8.42726848388825
192,3,3,3,1790,6500,630,83,9.10542420202662
80,3,2,1,850,1790,NA,23,7.93451346388226
38,1,1,1,350,2900,42,43,8.11252776347864
112,2,3,2,442,1400,92,19,7.57763383260273
15,1,1,0,500,1100,0,15,7.38770923908104
29,1,1,0,257,1043,0,14,7.18159194461187
55,2,1,1,200,1050,0,14,7.14282740116162
88,3,1,2,1900,2500,84,32,8.4156033356546
100,4,1,0,0,1600,NA,25,7.45356187164337
92,3,2,1,268,1800,NA,24,7.71154897962915
154,4,2,2,1850,4250,NA,55,8.77477681604399
240,4,3,3,2850,12000,700,153,9.66147968357552
28,1,1,0,0,1340,4,20,7.21890970761906
50,1,1,0,0,1250,NA,19,7.1731917424866
180,3,3,2,2100,8000,NA,102,9.27058845232154
35,1,1,0,150,850,0,11,6.91968384984741
64,2,1,1,0,3500,0,46,8.17385745477362
60,2,1,1,550,1310,5,17,7.54062152865715
239,4,4,3,0,5950,500,90,8.78584533796121
130,3,2,1,1100,2300,109,30,8.17188200612782
85,2,2,0,810,918,98,12,7.51697722460432
75,2,2,1,650,2000,310,26,8.00202481821611
90,2,2,1,0,1800,0,28,7.51152464839087
100,3,1,1,300,1500,85,20,7.55276208421415
70,2,2,1,670,1450,0,19,7.6685611080159
86,3,1,0,800,1258,80,17,7.67600993202889
29,1,1,0,484,1500,26,20,7.61628356158038
82,2,2,1,450,1700,NA,25,7.71556953452021
55,2,1,1,640,1625,0,21,7.73499619402278
47,1,1,1,400,2200,0,33,7.87625888230323
33,1,1,0,550,4000,0,51,8.43424627059531
50,1,1,1,650,1800,130,23,7.86480400332846
159,4,2,0,2064,1900,634,25,8.43901541035221
62,3,2,1,230,1100,NA,15,7.25063551189868
80,2,1,2,0,1569,0,24,7.37400185935016
170,3,4,3,1500,5000,450,64,8.85580599253656
68,2,2,1,400,1800,82,27,7.74500280351584
300,4,4,3,0,5080,284,77,8.60190191934319
50,2,1,1,100,1460,0,22,7.36707705988101
80,2,2,1,824,2000,279,26,8.0487882835342
40,2,1,1,300,820,NA,12,7.0604763659998
270,3,4,2,2890,6500,100,83,9.16680636995245
75,3,1,1,360,1100,NA,17,7.32974968904151
60,1,2,2,500,2800,17,41,8.11939858961229
300,4,5,4,3600,7500,1334,96,9.43596085316529
73,2,1,2,150,1200,62,16,7.26473017792987
85,2,1,1,230,1000,NA,14,7.17472430983638
100,3,3,1,0,2400,0,37,7.79893331004122
49,1,1,0,310,680,NA,10,6.92951677076365
35,1,1,0,420,1800,0,23,7.71601526664259
240,3,4,1,1700,14850,NA,189,9.74922853350706
45,1,1,0,0,900,0,14,6.81892406527552
55,2,1,1,565,2800,0,36,8.13211877295581
305,4,3,4,3428,11000,2134,140,9.72322387685162
622,5,5,6,0,10000,924,164,9.31388924760474
55,2,1,1,250,1200,NA,16,7.3356339819272
42,1,1,0,600,2300,167,30,8.03851202097681
132,3,3,2,0,1500,NA,20,7.454719949364
53,2,1,0,626,850,NA,12,7.35564110297425
998,7,10,4,0,15000,NA,226,9.91497136047742
22,1,1,0,350,2410,NA,31,7.93451346388226
35,1,1,0,350,850,60,11,7.14834574390007
189,4,2,2,1970,8000,NA,102,9.27152954028861
375,4,5,3,0,9000,850,136,9.20903952624314
65,2,1,1,315,1400,NA,18,7.48493028328966
462,4,6,4,0,8000,1081,121,9.12728479683886
150,2,1,0,180,2285,100,29,7.86134179559999
350,2,2,2,0,4300,150,65,8.41538192526955
260,4,5,4,3471,7500,NA,96,9.31208435585947
61,1,1,0,80,1100,160,17,7.21376830811864
175,4,3,2,0,2890,0,44,7.9844627322622
70,2,1,0,270,1800,23,27,7.65964295456468
60,2,1,1,520,1500,80,20,7.65964295456468
296,6,4,8,0,5200,375,79,8.64029538855022
96,2,2,1,995,2900,109,38,8.30474226964077
150,4,2,3,3030,7377,800,94,9.33264649636015
375,4,4,3,0,6400,NA,97,8.79072562826358
70,3,1,1,600,1500,NA,20,7.66762609158499
127,4,3,2,1040,4930,NA,63,8.7804801070333
67,2,2,2,850,2800,0,38,8.21311069759668
50,1,2,1,750,3300,214,42,8.36799688505411
56,2,1,0,502,1500,0,20,7.61233683716775
55,2,1,1,608,2100,84,27,7.94449216393216
34,1,1,0,0,900,46,14,6.86797440897029
68,2,1,0,498,930,48,12,7.30586003268401
80,2,1,0,400,1777,0,23,7.69666708152646
120,3,1,1,650,1800,80,23,7.84541603659248
50,1,1,1,718,1600,13,21,7.76344638872736
78,2,2,1,432,1200,NA,16,7.48211892355212
90,2,2,1,880,3800,80,49,8.47845236309981
320,5,4,6,0,8000,584,132,9.07303042101158
560,5,6,4,2190,2633,1133,34,8.69801362208393
25,1,1,0,600,1850,25,24,7.82404601085629
37,1,1,0,270,650,23,10,6.86066367144829
95,3,1,0,1048,3600,283,47,8.51298434664218
130,3,3,2,1400,1650,414,21,8.15651022607997
270,5,4,6,0,3910,125,53,8.31605572036464
40,1,1,0,0,650,59,11,6.58063913728495
65,2,2,3,366,1450,110,20,7.5740450053722
45,1,1,0,350,1015,33,13,7.25276241805319
20,1,1,0,0,2060,0,27,7.64396194900253
720,4,5,5,6471,6500,3520,83,9.71540945862979
80,3,2,2,280,2500,126,34,7.986504938554
90,2,1,0,0,1000,NA,14,6.96034772910131
60,1,2,0,0,1062,1,16,6.98471632011827
45,1,1,1,1550,3400,198,46,8.55545190353333
100,1,2,0,4320,3100,NA,40,8.91744473247151
553,4,6,3,2800,10870,1459,145,9.63371088395318
250,4,3,2,0,3900,475,59,8.39728289474368
92,3,2,3,643,3700,NA,47,8.45318786144033
98,1,2,0,3177,15000,130,191,9.8255800636596
114,3,2,1,967,1400,176,18,7.84854348245668
27,1,1,1,650,1900,59,25,7.87663846097546
225,1,2,0,0,3500,218,63,8.2380082492184
30,1,1,0,380,1700,NA,22,7.6511201757027
135,3,3,4,200,4000,0,59,8.35702443926342
150,4,3,4,750,4000,NA,61,8.54597499284169
190,4,2,0,1000,5580,NA,75,8.86403999703599
47,1,1,1,400,2200,0,33,7.87625888230323
120,3,1,1,0,1150,67,18,7.11963563801764
90,3,2,1,900,2066,92,27,8.03463103292311
350,4,5,2,0,7500,0,113,8.93774393694244
160,3,4,2,0,4300,209,65,8.42836197770962
150,3,2,0,1800,2500,200,33,8.41935983106747
35,1,1,0,790,2000,NA,26,7.97349996402463
25,1,1,0,0,550,0,9,6.32793678372919
240,4,4,4,3250,13000,1121,165,9.77229627684378
150,4,2,2,1700,4400,37,56,8.73133636053315
20,1,1,0,0,700,0,10,6.56667242980324
85,3,2,1,690,1341,110,6,7.67229245562876
50,2,1,1,400,1900,0,15,7.74759683869288
197,3,3,2,4200,6000,NA,77,9.36314729221994
70,3,2,1,800,2800,67,36,8.21716859576607
220,3,2,2,1850,3500,265,46,8.64153246567185
270,4,3,2,1200,4800,241,64,8.74925684010501
100,3,2,2,650,2499,NA,37,8.09529377684465
195,4,6,3,1400,8000,750,102,9.2351305407834
160,3,3,2,0,4200,NA,64,8.43533216493592
470,4,6,3,0,7200,1134,109,9.04121140896821
60,3,2,1,366,1200,0,16,7.36707705988101
300,4,4,3,0,12900,NA,194,9.52376328792011
330,5,6,2,800,8950,250,114,9.2213792190914
109,1,2,2,496,4300,87,63,8.50653661122771
240,4,5,4,3700,12000,NA,153,9.73216528120054
150,3,2,5,0,2300,260,35,7.86172707782398
200,3,2,1,1750,4500,375,58,8.80747188971528
140,4,3,1,475,2300,167,31,7.9976631270201
106,2,2,2,1170,10600,NA,135,9.41254625207551
92,2,2,1,645,2100,NA,31,8.59174392268053
35,1,1,1,380,2200,100,28,7.9043348420851
70,3,2,1,1200,2900,25,37,8.33399124719497
74,2,1,2,1100,6600,424,84,9.01298639234827
69,2,2,2,853,1900,NA,25,8.00269416228394
50,1,1,0,0,830,0,13,6.73815249459596
450,5,3,6,0,4760,NA,85,8.50512061018197
68,2,1,0,593,1000,400,13,7.60439634879634
71,1,1,1,1650,3000,238,39,8.50268850521336
69,2,1,1,500,1370,56,18,7.57301725605255
32,1,1,1,197,1500,126,20,7.51969240411654
57,2,1,1,350,1800,50,23,7.70706265537047
28,1,1,0,500,2200,72,28,7.93773177526011
39,1,1,0,300,2000,0,26,7.75233516330229
140,3,3,0,750,1700,NA,25,7.86365126544865
160,3,3,2,0,4500,209,68,8.47177732788576
235,3,3,1,2585,5150,575,66,9.03324513415381
171,3,2,1,1200,2200,300,28,8.22389538017882
139,3,2,2,2047,6000,540,78,9.06716260229985
160,4,3,2,763,2300,230,31,8.10922495308995
60,2,1,1,485,800,60,11,7.21303165983487
134,3,3,3,1680,2125,NA,27,8.34474275441755
70,2,1,1,897,1300,NA,18,7.75833346749091
57,2,1,0,100,1530,0,20,7.40913644392013
240,3,3,4,2600,5500,1834,70,9.21044036697652
50,1,1,0,0,800,34,13,6.7428806357919
120,3,2,1,1470,3550,190,46,8.56731580081945
200,3,3,4,2900,1200,260,18,8.3845756668014
572,6,6,4,0,7800,2359,118,9.23805281054272
145,2,2,1,1463,4000,0,51,8.6152269316876
70,2,1,2,80,1200,NA,16,7.23993259132047
85,2,2,1,3700,8000,659,104,9.43035904594287
140,3,2,0,0,3000,NA,40,8.08425410630732
260,4,5,5,3000,12500,NA,159,9.76025208444938
211,4,4,4,1800,3390,775,43,8.70101362433393
58,2,1,1,280,650,NA,9,6.84587987526405
110,1,1,2,1936,4500,NA,58,8.82995804423548
72,2,2,0,820,1500,70,20,7.78779687818117
700,4,7,8,0,45000,8750,677,10.9046891234807
68,1,2,1,1040,6000,229,77,8.90204734562028
100,3,3,2,1167,2700,95,35,8.29354951506035
240,3,2,0,1717,6500,444,83,9.0762373874527
104,3,1,0,784,3500,195,46,8.41759382619348
70,1,1,1,290,1600,NA,21,7.59186171488993
67,1,1,1,920,2600,NA,33,8.1958853913148
160,4,2,5,0,3780,NA,62,8.29654652030061
64,3,1,0,215,1400,27,19,7.41577697541539
140,3,3,5,2000,8000,NA,102,9.28831941329277
38,1,1,0,376,750,15,10,7.04925484125584
34,1,1,0,372,2700,57,35,8.05990833457828
54,2,1,0,535,2001,0,26,7.84893372636407
54,1,1,1,1050,7200,NA,92,9.05870319731322
200,3,2,4,0,3500,500,53,8.30745932701195
107,3,2,2,1122,2600,NA,33,8.32020459757888
70,2,2,0,879,1550,77,20,7.83478810738819
20,1,1,0,602,1800,130,23,7.84619881549743
86,2,1,1,1002,2340,0,8,8.11701408773731
30,1,1,1,0,1480,NA,20,7.3304052118444
108,3,2,1,826,2000,NA,30,7.98820359702258
250,4,3,4,0,2700,154,41,7.97108575350561
80,2,1,0,740,2200,92,28,8.02649693894541
73,2,1,1,1022,1100,0,15,7.66762609158499
45,1,1,1,250,1205,NA,18,7.34342622914737
45,2,2,0,0,1650,84,25,7.4730690880322
255,4,4,0,4000,2500,NA,32,8.98931956604295
217,4,3,4,2644,6000,1177,80,9.20049203592137
70,1,1,0,472,1870,NA,24,7.76937860951398
25,1,1,0,0,885,0,12,6.8001700683022
110,3,3,0,400,3250,NA,48,8.2358907259285
80,2,2,1,1200,10000,109,127,9.34495867370094
260,3,5,0,0,9000,634,136,9.18717409394434
50,2,2,1,624,2700,82,35,8.14380797677148
60,2,1,1,430,815,20,6,7.14834574390007
400,3,6,6,0,6500,375,98,8.8499442272356
113,2,1,1,1000,3000,50,39,8.31630024903685
400,4,4,6,3900,8000,NA,102,9.52886682772294
64,2,2,2,450,2250,NA,33,7.93164402145431
82,2,1,2,2020,3100,333,40,8.61141186665522
65,2,1,3,800,2000,217,26,8.02092771898158
128,4,3,2,1160,4900,NA,88,8.78844095740459
38,1,1,0,60,950,0,13,6.93147180559945
175,3,2,0,0,2000,0,31,7.61677580869837
107,3,3,2,1600,4500,417,58,8.79118193673602
257,4,3,2,3250,3800,709,49,8.96303219366268
35,1,1,1,550,3250,30,42,8.26178467951475
463,4,7,6,0,12000,1264,181,9.50680873170858
40,2,1,0,335,920,55,12,7.18765716411496
297,4,2,3,2000,1870,209,15,8.31752199628717
137,3,3,1,1247,5500,303,70,8.87080344398212
35,1,1,0,498,1200,80,16,7.49276030092238
128,3,3,1,950,3500,242,46,8.46358142196759
59,2,1,1,190,1250,NA,17,7.33171496972647
400,4,4,2,634,11480,1357,175,9.52083524249312
100,3,2,1,980,4500,125,58,8.64188563537355
50,1,1,0,680,2200,85,29,8.00469951054955
80,2,2,1,740,1900,120,28,7.93343838762749
68,2,2,2,230,1650,154,22,7.62900388965296
32,1,1,1,2000,2000,416,26,8.39908510293591
161,3,3,3,1300,4500,NA,58,8.77940359789435
85,2,2,0,0,1700,0,26,7.45414107814668
100,2,2,0,0,2500,274,38,7.94200680848986
136,3,4,3,1400,5000,117,64,8.79209392950328
362,4,5,2,0,7000,834,106,8.97979449089521
276,3,3,4,3600,6500,NA,83,9.37847848425366
22,1,1,0,50,1322,59,16,7.27793857294566
60,2,1,0,114,980,NA,15,7.04925484125584
500,4,7,8,0,9250,1167,140,9.26492324974647
65,1,1,1,426,980,38,15,7.28619171470238
56,2,1,1,350,2600,0,33,8.00101996132365
35,1,1,1,300,2840,10,36,8.06683531441734
98,3,2,2,700,2550,100,38,8.12829017160705
45,1,1,0,0,950,30,15,6.9037472575846
48,2,1,1,300,800,35,12,7.04577657687951
48,1,1,1,490,1500,42,20,7.62705741701893
114,2,3,1,902,7010,NA,89,9.00810178134187
197,4,2,3,850,4250,400,57,8.62299361030245
200,4,1,2,345,2500,NA,34,8.03560269291858
110,3,2,0,0,2500,0,41,7.8407064517494
300,2,4,2,0,6000,NA,91,8.78124833323686
120,3,1,1,1140,1900,NA,26,8.07309119969315
40,1,1,0,370,1084,NA,16,7.32448997934853
92,2,1,1,690,3950,0,51,8.45361420977337
140,3,2,2,1640,5500,583,70,8.96110948589866
244,4,3,4,3460,7000,1000,89,9.35452729228868
59,2,1,0,326,1000,42,15,7.23273313617761
35,1,1,0,0,791,NA,11,6.72503364216684
120,3,2,3,1400,2000,292,26,8.22121009392507
248,4,5,4,2500,9100,250,116,9.39024233725137
63,2,2,1,783,1690,27,22,7.83320394864106
45,1,1,1,694,1800,172,23,7.89729647259588
129,2,3,2,1100,2376,334,38,8.25556865328375
300,3,3,8,0,4675,NA,71,8.54616929965275
29,1,1,1,650,2200,118,28,8.00536706731666
100,3,2,1,745,1300,119,18,7.68845535654994
153,4,3,3,2500,5500,700,70,9.07920610395138
87,2,1,1,780,1200,NA,16,7.6251071482389
75,1,1,2,976,7000,323,89,9.0346766028463
300,4,4,2,4100,12750,NA,165,9.81743934791068
48,1,1,0,340,700,NA,11,7.20934025660291
56,2,2,1,500,2000,0,26,7.83478810738819
71,2,1,1,670,977,114,13,7.48155570190952
84,4,1,3,1914,6000,804,77,9.08205235167465
208,3,4,3,0,3490,NA,53,8.29903718161307
100,1,2,1,1520,6000,NA,77,8.98042393637454
84,3,2,2,540,2200,71,28,7.95155933115525
145,4,3,2,1644,4800,500,61,8.85452220375743
300,4,3,2,0,15000,NA,226,9.69713966113932
65,2,2,1,980,6000,250,77,8.8967249174979
27,1,1,0,0,836,0,13,6.74523634948436
102,3,2,1,1900,1350,140,18,8.1341742721379
60,2,1,1,385,2848,64,37,8.11222795834972
60,1,1,0,230,1286,NA,19,7.38150189450671
50,1,1,0,520,1620,0,21,7.67878899819915
97,3,1,1,762,2300,NA,30,8.04494704961772
52,1,2,1,1100,5000,210,64,8.76013937002663
373,4,4,3,4500,12750,NA,162,9.84325972698564
157,4,3,2,0,6608,492,100,8.88197518424887
68,3,1,1,555,1100,50,14,7.4500795698075
172,4,4,3,1650,8800,890,112,9.34583234141334
64,2,2,2,865,3500,NA,45,8.39185670010494
41,1,1,0,800,1700,NA,22,7.86633892304654
106,2,2,1,900,2850,296,37,8.31483217928456
150,4,2,3,900,3300,NA,44,8.43054538469057
135,4,2,2,450,3500,117,47,8.32239411311117
350,4,6,6,0,9600,1367,145,9.31569088758401
360,3,1,3,0,1500,142,25,7.41938058291869
700,4,7,8,0,15000,NA,226,9.76886985581118
100,2,2,1,2400,8900,380,115,9.37593955262575
50,1,1,2,300,1200,NA,16,7.32448997934853
55,3,1,1,458,1300,0,17,7.48211892355212
215,4,4,2,1950,6000,834,77,9.08952775175944
287,3,2,5,0,15000,NA,226,9.6310881036155
58,2,1,1,383,1500,43,20,7.5740450053722
90,3,2,2,850,1600,300,21,7.92732436030979
200,3,3,3,0,3315,241,50,8.19063168090354
65,3,2,1,650,2200,NA,28,7.96693349840484
820,4,6,6,2500,10000,NA,151,9.62582181535984
102,2,1,0,538,2000,109,26,7.89133075766189
108,3,2,2,2000,4500,442,58,8.8538082749772
86,3,2,2,800,3100,203,40,8.32941678393932
210,6,3,0,0,4200,NA,64,8.35819745992578
140,4,2,2,995,4200,NA,56,8.65067458279072
220,4,4,3,2500,4500,NA,58,8.99974278983049
66,2,1,1,265,1100,34,14,7.25417784645652
389,4,5,6,4000,8500,1834,108,9.57782666212656
80,3,3,1,934,1700,NA,22,7.89431806384162
78,2,2,1,792,2200,148,28,8.06117135969092
178,4,2,5,0,6000,NA,91,8.78737298873188
47,2,1,1,565,1140,NA,15,7.48717369421374
160,4,1,1,0,2150,NA,36,7.69028602067677
25,1,1,0,50,700,0,10,6.63463335786169
80,2,2,2,50,1700,177,26,7.57763383260273
144,3,3,2,0,5000,109,76,8.55371796609861
400,5,7,4,3200,7900,888,101,9.40021665317425
100,3,2,1,0,14500,423,238,9.62648162008158
48,2,1,0,90,1150,90,15,7.20489251020467
64,3,2,2,500,1530,34,20,7.6425241342329
50,2,1,0,100,700,100,11,6.81563999007433
50,1,1,1,1140,5156,117,66,8.77647578934632
60,2,2,1,700,1465,NA,19,7.7341213033283
180,3,2,1,2000,4800,377,62,8.88737648537976
339,3,3,4,0,3880,NA,59,8.36474106822456
54,1,1,1,751,2350,127,30,8.08917567883756
420,4,6,4,5700,12000,3167,153,9.95327721703864
350,4,5,4,680,8000,417,121,9.12902185079859
72,2,2,2,800,3060,250,39,8.33086361322474
50,1,1,0,0,800,NA,13,6.7719355558396
450,4,4,4,0,11000,NA,166,9.43994301835113
60,2,1,0,800,2900,NA,38,8.25088114470065
160,2,3,3,0,7500,NA,113,8.99106433218846
450,4,4,5,2200,13500,1130,180,9.74161547260958
265,3,4,3,0,3490,450,53,8.29254851397576
103,3,1,3,1054,3400,94,44,8.43228868432579
60,2,2,1,640,1650,NA,21,7.74586822979227
136,3,3,3,1450,7900,490,101,9.20452348665462
45,2,1,1,227,750,NA,10,6.92362862813843
206,3,3,4,1800,12500,758,159,9.63043133227967
229,4,2,3,1100,5500,409,70,8.86502918668777
70,1,2,1,450,1000,35,13,7.3125534981026
130,3,2,0,1386,4500,574,58,8.78247626892454
87,2,1,0,415,1100,82,14,7.38523092306657
200,4,5,3,2750,6000,250,77,9.11360918301641
50,1,1,1,170,1320,0,18,7.31920245876785
120,3,2,1,0,3000,495,46,8.17244681834278
40,1,1,0,600,1300,111,17,7.61529833982581
54,2,1,1,600,1800,NA,23,7.84502441724148
48,2,1,0,100,1350,0,18,7.29233717617388
149,3,4,3,1300,6000,550,77,8.97815607600982
45,2,1,1,270,1500,NA,20,7.53529670244409
76,2,2,2,850,2650,130,34,8.20658361432075
60,2,1,0,487,1850,0,24,7.76726399675731
118,3,3,2,1800,9000,NA,115,9.32998833424208
200,2,3,1,2300,13000,625,165,9.68601538845915
200,2,2,1,0,5000,0,76,8.53247581494739
138,3,4,2,1500,10000,527,127,9.40516674990861
53,2,1,1,950,1200,0,16,7.68109900153636
61,1,1,1,1237,3800,104,56,8.55602921520144
135,3,3,2,1855,2800,641,36,8.5816692106006
50,1,1,0,0,750,25,12,6.66949808985788
34,1,1,1,1200,1300,100,17,7.87016594646984
218,3,3,3,2300,4000,775,51,8.87164566750187
400,3,5,4,3500,10000,1250,127,9.60784051043005
25,1,1,1,0,550,NA,8,6.46614472423762
360,5,3,3,0,3500,NA,63,8.1786387885907
72,2,1,1,990,2630,378,34,8.30226579487337
45,2,1,1,300,1600,NA,21,7.57865685059476
340,3,5,5,0,4600,211,76,8.49453850085143
130,3,3,2,0,3100,130,47,8.09498875930377
72,3,2,2,616,3000,NA,39,8.26898820950666
50,1,1,0,0,900,0,14,6.81892406527552
100,2,2,0,1100,4999,50,64,8.73456008995299
270,3,2,4,3200,13000,1250,165,9.77684665156873
60,2,1,1,122,1325,0,18,7.2902928824466
46335,4,8,5,960,8500,646,114,9.23219970632908
700,3,3,8,0,10000,807,164,9.30301070681749
550,4,5,0,2700,8800,0,112,9.35970820362701
21,1,1,1,1000,980,0,14,7.59839932932396
55,1,2,1,777,3800,100,49,8.46104603079324
40,1,2,1,1935,4200,NA,54,8.78078746833893
50,1,1,1,571,1500,NA,20,7.69256964806791
52,1,1,1,650,3950,290,51,8.50552538654856
46,2,1,1,280,1434,NA,19,7.46336304552002
20,1,1,1,0,1100,0,15,7.01750614294126
50,1,1,0,0,1050,59,16,7.02642680869964
49,1,2,1,761,2400,133,31,8.10952565975287
440,3,2,3,100,10500,84,154,9.29109052166129
59,2,1,1,382,900,62,14,7.21450441415114
150,4,1,3,0,2300,0,38,7.75747876658418
100,3,2,0,750,2020,132,26,7.98241634682773
72,2,2,1,880,2100,27,27,8.0179667034936
500,7,7,8,0,9000,NA,136,9.28739400141847
264,3,5,0,0,6000,488,91,8.79179002431936
76,2,2,2,909,5500,NA,70,8.82158487743096
16,1,1,0,0,870,0,12,6.78332520060396
198,3,2,2,1400,3250,NA,42,8.52257866369258
190,3,2,1,1600,4000,NA,51,8.65730289940088
210,4,4,4,2857,11500,NA,146,9.67915579558511
233,3,1,1,0,2700,NA,41,8.00001409367807
180,3,2,2,0,11000,150,166,9.33441468707811
1020,5,4,6,0,6520,654,107,8.89316082873538
320,3,3,2,0,7200,NA,109,8.9758830607617
116,3,2,2,1884,3800,NA,49,8.74065669154137
128,2,1,1,1200,8500,9,108,9.191972714618
42,2,1,1,191,1020,0,13,7.11069612297883
70,2,1,1,660,3800,45,49,8.42398080969406
320,3,4,4,3440,15000,1659,191,9.91793271696762
77,2,2,1,725,1200,71,16,7.60738142563979
208,3,3,3,2490,15000,1200,191,9.84591140439853
115,3,3,3,0,2400,71,37,7.82763954636642
60,2,1,1,400,1300,25,19,7.46450983463653
50,1,1,0,200,1045,30,16,7.16394668434255
108,2,4,2,1289,4500,NA,58,8.75935474856621
64,2,2,1,1182,6950,276,89,9.04758612067476
178,3,2,1,0,3500,130,53,8.2117543973752
53,1,1,0,240,1480,42,22,7.48717369421374
118,3,2,0,1334,1560,NA,21,8.04750951098142
65,2,1,1,420,1250,NA,16,7.46164039220858
180,3,3,2,2000,7000,NA,91,9.16607495567817
348,3,3,3,0,4850,400,73,8.579980179515
150,3,3,1,2229,4500,484,58,8.89178663585731
45,1,1,0,350,650,28,10,6.94601399109923
37,1,1,1,485,3300,NA,42,8.2534880283459
540,4,4,6,0,5220,1542,79,8.83083536553755
521,5,2,3,0,10000,NA,164,9.2975267336551
147,4,3,3,1600,4800,284,61,8.8167050156216
130,3,2,1,1889,2610,450,34,8.51398806046729
190,3,2,1,0,3700,NA,56,8.23137604557397
28,1,1,0,1100,730,99,10,7.57044325205737
160,3,3,3,1509,5850,NA,88,8.98419231164167
310,3,2,0,2500,5200,NA,68,9.03169206054852
530,4,5,6,0,13000,0,196,9.48804786328076
59,2,1,1,801,1200,NA,16,7.60986220091355
800,5,4,8,0,14200,2250,214,9.72082593792907
77,2,1,0,590,2050,7,26,7.89133075766189
160,3,2,1,1500,4300,NA,55,8.75715452765661
47,1,1,1,530,1800,0,23,7.76387128782022
52,2,1,1,160,1000,0,14,7.06902342657826
60,1,2,1,1155,4000,NA,51,8.57904059474232
120,3,3,2,750,3000,500,39,8.36404201192206
55,2,1,0,0,850,50,12,6.81673588059497
110,3,3,2,560,3200,88,49,8.26821888006751
145,3,4,0,250,2950,75,44,8.10772006191053
88,2,4,2,840,2300,379,30,8.17470288246946
49,2,1,1,350,2000,3,26,7.77485576666552
26,1,1,0,550,3500,80,45,8.33710912956247
36,1,1,0,300,1600,60,21,7.59186171488993
150,3,2,5,0,2100,260,32,7.78030308790837
77,1,1,1,0,5700,0,73,8.66112036022288
60,1,1,2,0,1610,50,25,7.4301141385618
58,2,2,1,761,1190,105,16,7.63675211243578
145,4,4,3,1663,4500,584,58,8.82555985506085
408,4,6,3,2800,15000,1667,191,9.88639225710749
50,1,1,0,0,800,18,13,6.72383244082121
85,3,2,2,900,3300,116,42,8.37999795223839
210,3,3,3,400,4200,NA,56,8.49678638163858
100,3,1,2,200,1646,73,22,7.57147364885127
68,2,1,1,480,1900,78,28,7.8188324438034
42,1,1,1,472,2000,75,26,7.85321638815607
87,3,1,0,725,1300,105,17,7.67229245562876
40,1,1,0,240,950,84,13,7.1608459066643
50,2,1,1,540,1850,NA,24,7.84306401669205
85,2,2,0,660,2520,113,37,8.11102783819368
55,1,1,1,550,1910,NA,28,7.86288203464149
127,2,2,2,1550,5500,361,70,8.92025541490809
172,3,5,3,0,5800,607,88,8.77894188184151
75,2,1,2,380,1200,55,18,7.41095187558364
50,1,1,1,500,3000,123,39,8.20603776277881
120,4,2,5,0,4200,NA,64,8.35819745992578
95,3,2,2,720,3490,NA,45,8.39457347786833
300,5,3,6,0,5200,NA,86,8.63426486300208
44,1,1,0,360,1600,NA,21,7.59186171488993
563,3,6,4,5200,15000,1250,220,9.98373024021233
65,2,2,0,150,1700,84,22,7.57916796739608
170,2,2,1,884,2940,NA,38,8.27969713387763
22,1,1,1,0,1500,0,20,7.32712329225929
410,4,4,4,0,4900,466,81,8.60300384782935
60,2,1,1,561,1400,NA,19,7.61184239958042
47,1,1,0,890,2700,NA,35,8.24380842366528
72,2,2,0,820,1500,70,20,7.78779687818117
157,4,3,3,1717,9000,NA,120,9.30118605527576
280,3,4,2,0,7000,NA,106,8.94780609305705
68,3,2,1,830,1050,82,14,7.58933582317062
56,1,1,0,428,560,17,9,6.92264389147589
140,2,4,1,2200,8900,300,113,9.35105837891506
50,2,1,0,386,830,55,11,7.15695636461564
40,2,1,1,320,1200,70,16,7.38212436573751
260,3,4,4,5000,12000,NA,153,9.74981175993208
700,6,8,8,0,14000,1020,211,9.6310881036155
130,2,1,0,0,1900,292,29,7.70616297019958
215,3,2,0,1054,4000,229,51,8.58204416373585
300,4,3,2,2500,4500,796,58,8.96890555068972
250,4,5,4,4200,12000,1667,153,9.79929302351827
80,2,2,1,1180,5435,207,71,8.83840674707681
54,2,1,0,460,1200,NA,18,7.4500795698075
57,1,2,1,660,650,0,9,7.18538701558042
130,3,2,1,1500,4500,NA,58,8.70930004894499
48,1,1,2,2121,6800,400,87,9.14942195700677
318,4,3,0,0,19000,NA,338,9.88943933681007
77,1,2,1,750,7740,NA,99,9.08239335764556
42,1,1,1,1202,2650,NA,34,8.32603268595508
74,3,1,0,0,1600,40,25,7.41818082272679
452,4,6,4,3033,9980,NA,127,9.65765095067424
41,1,2,1,400,2400,NA,36,7.97384437594469
90,2,2,2,1200,1917,275,25,8.13681086367554
145,1,3,1,1200,8000,537,104,9.19441422142592
70,1,2,0,450,2035,111,26,7.87207397986687
180,3,4,5,0,3300,266,50,8.1934002319521
68,2,1,0,470,1300,50,17,7.51643330291563
300,4,4,3,0,10000,767,151,9.29844282019773
270,3,3,1,0,6500,23,98,8.79815271810719
63,1,1,1,298,650,0,9,6.86484777797086
140,2,3,1,1306,5000,NA,64,8.79800169492485
220,5,4,3,0,8000,425,121,9.05333562316602
90,3,2,2,1478,2500,355,32,8.38160253710989
62,2,2,1,733,3200,129,41,8.31971738685061
55,1,1,0,140,770,0,10,6.82546003625531
170,3,2,3,0,4000,180,66,8.35396813031327
75,3,2,1,290,1100,NA,15,7.31055015853442
150,3,4,3,1700,2490,375,32,8.43337670532313
270,4,4,2,0,7000,NA,125,8.89918494333876
55,2,1,0,185,1500,27,22,7.45876269238096
38,1,1,0,457,1050,NA,14,7.32778053842163
87,2,2,1,580,1970,117,29,7.89989532313973
26,1,1,1,60,750,67,10,6.78897174299217
384,5,4,6,0,5000,435,82,8.61577075477723
62,2,1,1,100,1050,NA,14,7.13009851012558
70,2,1,1,900,1750,50,23,7.9098566672694
48,1,1,1,1580,1288,0,19,7.96831950001272
396,4,4,4,0,10000,750,151,9.29660980712836
480,3,4,1,5200,7000,1201,91,9.50977807543882
230,4,4,3,1700,6300,NA,84,9.04970202601337
60,1,1,0,650,2210,84,29,7.9976631270201
80,2,2,2,1088,1900,420,25,8.14148104145742
150,4,3,3,1609,7500,525,97,9.18317470390341
85,3,1,0,150,1100,150,15,7.25559127425367
25,1,1,0,304,2200,60,28,7.86057078553866
105,3,3,0,840,2125,111,32,8.04205641005875
144,4,2,2,1820,4800,667,61,8.90231952852887
80,3,2,2,750,2600,NA,35,8.17470288246946
100,1,1,0,0,1530,NA,23,7.40123126441302
649,5,5,6,0,15000,1065,246,9.69959500581403
55,2,1,1,300,850,30,13,7.08506429395255
68,2,2,1,400,1800,NA,27,7.74500280351584
265,3,3,0,0,8500,NA,128,9.11646915636611
96,2,1,0,940,4387,3,56,8.59174392268053
241,5,4,3,0,5200,NA,86,8.62998601889136
65,2,1,1,610,900,88,12,7.38461038317697
71,2,1,1,670,1130,NA,15,7.56527528189893
90,1,1,0,200,1550,167,20,7.56941179245071
90,3,2,0,900,2100,NA,27,8.04302088529828
42,1,1,1,460,1020,NA,13,7.33693691370762
109,3,1,1,500,1400,42,21,7.58273848891441
260,4,1,2,3800,15000,1167,194,9.91150532412971
154,3,3,2,1042,2000,0,26,8.02910705461974
55,1,1,0,0,1020,21,17,6.96508034560141
49,2,2,1,632,2400,55,31,8.0452677166078
56,1,1,0,0,8000,280,102,9.03396112463786
67,2,1,1,500,1230,42,16,7.48941208350872
160,4,4,0,1300,3175,787,41,8.5762165318657
118,3,2,1,300,1800,50,27,7.68616230349291
47,2,1,1,350,1480,75,20,7.56320059235807
132,3,4,3,2137,2980,520,38,8.64400203827993
47,1,1,0,280,755,27,12,6.98007594056176
60,3,2,1,340,1700,NA,22,7.68845535654994
250,4,5,0,3392,7880,1566,100,9.46815584482167
400,3,4,5,0,8500,309,152,9.10074869534609
28,1,1,0,484,2200,0,29,7.90617884039481
300,3,4,2,2000,14000,NA,178,9.75620490038669
78,2,1,2,0,5900,0,75,8.69550672681265
56,2,1,0,250,1800,41,23,7.65681009148038
110,2,2,0,1356,3360,248,43,8.51879191277993
65,2,2,1,630,1800,25,23,7.81561053203519
59,3,1,1,100,1018,63,14,7.08673793451058
20,1,1,0,602,1800,NA,23,7.84619881549743
65,3,1,1,510,1800,0,23,7.7553388128465
235,4,4,4,3330,14900,NA,189,9.89550578279447
137,2,3,2,2800,14000,542,178,9.77115544048709
28,1,1,0,550,1100,NA,15,7.41818082272679
50,1,1,1,0,1500,80,23,7.38025578842646
120,3,1,4,0,3500,NA,53,8.23959345430597
80,2,1,0,0,1576,125,24,7.45356187164337
82,3,1,0,460,2700,50,35,8.08517874807454
160,3,2,1,0,4700,0,71,8.47052078321781
51,1,1,0,785,2350,150,30,8.10651451625519
56,2,1,0,200,1400,0,10,7.38461038317697
170,3,4,0,2200,4000,NA,51,8.86106654351776
300,4,5,4,3150,3800,1630,49,9.06299978407747
60,2,1,1,500,3400,23,44,8.28601746840476
50,1,1,1,470,990,NA,13,7.30854279753919
250,5,6,2,0,9000,NA,136,9.19563274310391
80,2,2,2,900,935,NA,13,7.57507169950756
20,1,1,0,602,1800,130,23,7.84619881549743
110,2,1,1,1200,3800,NA,49,8.57546209954021
430,4,5,3,0,6000,0,99,8.7160440501614
144,4,3,3,1050,4500,390,60,8.69968140098951
80,2,1,1,875,24000,NA,305,10.1338450208685
30,1,1,0,280,580,12,8,6.78105762593618
163,2,3,2,1464,8000,470,102,9.21443198987944
80,2,2,2,400,2600,113,35,8.05484022110102
300,5,4,7,0,15000,2292,226,9.77115544048709
544,4,3,7,0,3200,250,53,8.16166045205628
95,3,2,2,666,1800,NA,24,7.87283617502572
65,2,1,0,355,1030,NA,16,7.26262860097424
305,4,5,5,5071,14000,NA,187,9.97585472466203
103,2,2,2,400,1200,100,16,7.44833386089748
135,3,2,2,1650,2300,NA,30,8.46716225781067
200,3,4,2,1900,7000,677,89,9.17647330246461
47,2,2,1,500,1000,40,13,7.34858753092759
35,1,1,0,310,700,80,10,7.00397413672268
44,2,1,1,244,1000,NA,13,7.13727843726039
82,2,1,1,860,3400,0,44,8.36753241686183
50,1,1,1,0,900,NA,14,6.84161547647759
360,4,3,3,0,3300,NA,55,8.16820293023605
95,3,2,2,350,2500,NA,37,7.99260665240021
83,2,3,2,1555,3200,NA,41,8.61830469278465
60,1,1,1,683,2100,0,27,7.94129557090653
122,3,2,1,1766,5800,279,74,8.97714648480847
150,3,4,4,1076,7925,651,101,9.18543273627
450,5,4,8,0,3460,400,53,8.27231514795602
58,2,1,1,350,1000,NA,15,7.25347038268453
380,4,2,4,0,4600,700,70,8.58876938990546
430,4,5,3,1945,8000,NA,107,9.26681521890416
280,3,5,2,729,5280,NA,78,8.79300509129753
580,5,6,5,0,15000,NA,246,9.70509758756311
98,2,2,0,310,1100,38,17,7.2902928824466
40,1,1,1,225,1080,65,14,7.23345541862144
50,2,1,1,328,2300,0,30,7.88570539124302
40,1,1,1,1233,4065,202,52,8.62209360124161
75,4,4,1,700,4500,0,58,8.56769617358934
72,1,1,1,957,3500,239,46,8.46442512587758
429,5,4,6,0,12750,2312,192,9.63240035365618
380,4,2,0,0,8000,NA,121,9.00233170824624
72,3,1,1,300,900,86,12,7.1693500166706
114,3,3,0,150,2600,171,40,7.99361999482774
100,3,2,4,0,3880,NA,59,8.34164861890131
120,4,2,2,1630,4000,464,51,8.72355674269043
100,3,3,2,1250,5500,250,70,8.86375719160424
170,2,3,2,0,6500,292,116,8.8405801884888
62,1,2,1,2400,12000,NA,153,9.60918360377546
62,2,2,1,510,2500,NA,32,8.07121853996986
94,2,3,2,1600,4400,325,56,8.76123680683819
144,3,2,1,1500,8200,622,106,9.25253742067597
68,2,1,2,520,1200,74,16,7.50163445788341
42,1,1,0,290,2200,66,33,7.85941315469358
84,3,1,0,70,1460,NA,22,7.37588214821501
165,3,4,4,2000,10000,NA,127,9.46738280829585
50,2,1,1,390,1072,NA,14,7.29776828253138
65,2,1,1,400,1750,100,26,7.73061406606374
52,1,1,1,1000,2300,50,30,8.12592680270789
136,3,3,2,738,3400,115,44,8.36590507720246
75,2,1,1,200,1100,NA,15,7.2283884515736
212,3,5,3,2300,7000,1084,89,9.25636481028746
70,2,1,1,580,1400,NA,18,7.62608275807238
57,2,1,1,550,2300,63,30,7.98752447984877
128,2,3,3,2000,3900,500,50,8.77199043653224
62,2,2,1,0,2350,0,30,7.77527584648686
140,3,3,2,0,3800,200,58,8.3086919168389
55,2,1,1,420,1399,NA,18,7.51643330291563
130,3,2,1,2400,5500,209,70,9.00944742959679
82,3,2,2,860,2600,209,33,8.21689858091361
100,3,2,1,1221,1200,38,16,7.81439963380449
122,2,2,2,1761,3950,640,51,8.7645219095188
87,2,1,0,300,1300,NA,19,7.42892719480227
70,2,1,2,290,780,NA,11,6.98656645940643
123,3,2,1,2800,3700,237,48,8.82261694534418
91,3,2,2,400,3390,150,50,8.29179710504873
50,1,1,0,100,1100,0,14,7.10249935577465
189,4,3,3,3300,5780,440,74,9.1689974084418
45,2,1,1,312,850,25,11,7.08924315502751
35,1,1,0,560,1950,50,26,7.85825418218603
350,5,5,4,3000,7200,1417,92,9.36828385004214
73,1,1,0,744,1460,NA,20,7.76937860951398
35,2,1,1,125,2100,0,32,7.72223474470961
685,4,3,5,3960,13000,3120,165,9.91595945403145
140,5,2,1,0,3999,200,51,8.35490952835879
78,3,3,2,639,2800,117,36,8.18674278711352
200,6,4,2,0,5600,4710,85,9.24965723435313
102,2,2,1,1900,3000,259,44,8.5571828396324
48,2,1,1,263,1000,66,13,7.20266119652324
84,3,2,1,741,2175,185,28,8.0487882835342
80,2,1,1,30,1300,40,20,7.23777819192344
391,4,5,2,2900,10000,NA,127,9.61787001413323
227,4,4,3,2000,15000,750,191,9.79484387541938
180,3,3,4,1800,6500,NA,83,9.13162178726478
178,4,4,4,1200,3900,NA,52,8.62371303479391
105,1,1,2,1300,8700,NA,111,9.2620785673806
26,1,1,0,400,4300,60,55,8.47969898698866
200,2,3,1,1750,4500,0,58,8.74973246437081
78,2,2,2,150,1300,100,18,7.35819375273303
309,4,5,3,0,12000,NA,181,9.46660917372222
66,3,2,1,400,1500,40,22,7.58222919427646
20,1,1,0,0,1650,NA,22,7.42237370098682
35,1,1,1,475,750,32,10,7.14519613499717
130,2,4,3,1800,6000,667,77,9.05310159554969
120,3,1,0,0,1210,207,16,7.26822302115956
75,2,2,0,670,2200,59,29,7.99260665240021
120,3,3,2,1500,7300,NA,93,9.13712430964492
65,2,1,1,0,1530,0,20,7.34665516317654
20,1,1,0,602,1800,130,23,7.84619881549743
62,3,1,2,750,1400,NA,18,7.75147531802146
129,3,4,2,1800,3000,600,39,8.60153433984999
70,2,2,4,0,3000,NA,46,8.08240225392624
38,1,1,0,600,1700,82,22,7.78530518253986
120,3,3,3,800,5000,0,74,8.67846133901236
180,2,3,2,0,3150,301,48,8.1605182474775
82,1,1,2,1650,8000,267,102,9.21243817005833
58,2,2,2,304,1400,100,19,7.50878717063428
52,2,1,1,450,2400,78,31,7.99294454731811
67,2,1,0,385,1300,56,17,7.47250074473756
100,3,1,1,0,2900,301,39,8.08363720314155
570,4,5,4,3800,10870,2016,138,9.73038338479178
54,2,1,1,280,2200,NA,28,7.82763954636642
150,4,2,0,0,2500,184,38,7.90948949267376
32,1,1,1,652,3870,42,50,8.43706714693695
127,3,2,2,0,5000,250,76,8.580543506917
58,2,1,1,170,800,24,12,6.91473089271856
230,3,2,2,0,4590,NA,69,8.51097389160232
60,1,1,0,0,1600,192,25,7.50549227473742
60,1,1,0,100,1170,0,18,7.16162200293919
245,3,5,4,2450,11500,NA,146,9.66020506738103
180,3,2,2,2500,7000,1200,89,9.28646773236373
42,1,1,1,280,900,19,14,7.10167597161944
41,1,1,0,300,1090,NA,16,7.30720231476474
800,4,4,3,0,8000,834,132,9.10130645095205
700,7,6,5,0,15000,1161,246,9.70570712067963
140,3,3,2,0,2300,NA,35,7.75619534394812
222,4,3,2,2300,4000,NA,59,8.78874588193814
122,3,3,2,600,2500,NA,37,8.09773057366422
62,1,1,0,943,2700,156,35,8.25192471380136
107,2,2,0,799,3150,0,40,8.29154650988391
59,2,2,0,510,1400,112,19,7.62168499872461
40,1,1,0,510,1360,NA,18,7.54433210805369
72,3,1,1,470,1075,49,14,7.38336814699238
400,4,6,4,1840,6000,668,80,9.05823759376623
84,2,3,2,634,6900,165,88,8.96033936649209
80,3,2,2,700,1800,167,24,7.89803969076462
90,2,2,0,0,1750,NA,27,7.48324441607385
413,4,4,0,2314,7900,NA,106,9.30665005211359
120,4,4,1,0,4500,NA,68,8.44160720445964
66,2,1,1,200,1000,NA,14,7.12286665859908
140,3,2,1,732,3000,305,39,8.31311670281925
190,4,2,2,970,3500,287,47,8.47741232140439
325,5,5,4,0,6000,420,91,8.78140190768238
60,2,2,0,1640,2300,205,30,8.33710912956247
310,4,4,3,0,7000,675,106,8.9595686535445
100,2,2,2,1700,6500,NA,83,9.02713842775492
120,2,1,0,830,1100,95,14,7.62070508683826
52,2,1,1,180,730,0,10,6.82546003625531
52,2,1,1,540,1100,45,14,7.43838353004431
115,3,3,1,1035,1900,30,25,8.00336305862995
47,1,1,1,390,1000,0,13,7.24708058458576
66,2,1,1,530,1780,NA,23,7.7553388128465
100,2,1,2,0,1650,0,25,7.42416528104203
55,2,1,1,300,1319,75,20,7.44716835960004
200,3,4,3,2450,12000,NA,153,9.67161854490356
51,2,1,1,390,800,50,11,7.13249755166004
140,3,3,2,2420,2580,1000,33,8.70516541971901
200,4,4,3,1200,4200,580,56,8.70566247879643
30,2,2,1,250,1275,NA,19,7.37462901521894
87,3,2,2,700,3500,NA,47,8.38320455141292
100,3,2,1,1374,1800,NA,27,8.13534694890671
48,1,1,1,415,2000,0,8,7.7931743471892
40,1,1,1,800,1160,NA,15,7.63385355968177
78,2,2,1,700,2300,105,34,8.0519780789023
41,1,2,1,400,2800,NA,41,8.10440130792161
200,3,4,3,3249,5500,843,70,9.17605943799931
234,3,3,3,0,8200,NA,135,9.06831587194677
136,3,1,0,2000,3000,NA,39,8.52516136106541
250,3,4,4,2200,3300,NA,42,8.76327171401294
125,3,2,1,1164,3000,NA,39,8.40155784781731
86,2,1,0,0,1387,NA,21,7.33888813383888
62,2,1,0,504,1100,32,17,7.41095187558364
120,3,2,2,0,3110,111,47,8.09223940672421
61,1,1,0,378,1900,43,25,7.76089319585102
160,3,2,1,1200,2500,NA,37,8.27078101316267
64,1,1,0,680,1100,50,14,7.52023455647463
70,3,2,1,1292,2100,94,28,8.16479480424477
258,2,2,1,0,1400,67,22,7.30653139893951
163,4,3,2,300,2300,136,31,7.92588031673756
360,4,5,4,3500,1700,NA,22,8.80086724247048
90,2,2,1,1389,3973,422,52,8.67197224520379
50,1,1,0,0,1100,0,17,7.01929665371504
264,4,4,1,3200,7000,1067,91,9.3379417165699
70,2,1,0,950,2500,NA,19,8.20767442435528
126,2,2,1,889,3120,204,40,8.35561499576018
35,1,1,1,450,2700,NA,35,8.06652149046999
98,2,2,1,465,1300,54,19,7.51697722460432
47,2,1,1,466,1375,NA,18,7.52833176670725
70,3,2,1,758,2000,109,26,7.97039490719143
85,3,3,0,550,2500,72,45,8.06085575293432
90,2,2,1,1200,3800,253,49,8.57602797713713
250,3,4,3,2850,9000,834,115,9.45727857185611
160,4,2,0,0,6800,142,104,8.86035727332702
25,1,1,0,0,1200,NA,16,7.13249755166004
97,2,3,2,768,3300,243,42,8.37885024179449
33,1,1,0,550,4000,0,51,8.43424627059531
66,2,1,1,477,1100,44,15,7.40062057737113
78,3,2,2,780,1540,230,20,7.85205020726589
248,3,4,3,2200,6000,742,77,9.10719961305667
163,3,2,1,1100,4000,84,51,8.56331312702979
332,5,4,3,3200,15000,1167,191,9.88129306702636
30,1,1,1,730,1850,70,24,7.89170465933011
172,3,3,3,2000,5000,NA,65,8.97030495299176
100,3,2,0,0,1550,125,26,7.43955930913332
260,4,4,2,0,5200,NA,79,8.60593640125063
432,5,7,6,3208,15000,3007,191,9.97166008763918
46,2,1,1,600,1180,NA,15,7.50714107972761
999,5,7,4,100,15000,459,226,9.66719543646664
274,6,6,2,0,9000,671,148,9.19217640134851
76,2,1,0,625,1000,50,13,7.4318919168078
210,4,4,2,1500,4200,NA,56,8.70615929092886
400,4,5,4,3413,11000,NA,166,9.71782040549108
110,3,2,1,1200,1200,350,16,7.92551897978693
20,1,1,0,602,1800,NA,23,7.84619881549743
160,3,2,2,0,3500,250,53,8.24380842366528
95,3,2,2,1200,5800,430,75,8.92345797969497
38,1,1,0,188,2001,0,26,7.70345904786717
220,4,3,3,2080,5500,1092,70,9.07600865918089
396,4,5,6,0,10000,250,164,9.25061821847475
360,4,7,5,3900,3990,2505,51,9.2544529465945
25,1,1,0,659,1910,0,25,7.86134179559999
120,3,2,8,0,3000,386,46,8.14118979345769
556,6,7,4,0,7500,1084,113,9.07084839315758
100,3,1,1,0,1970,NA,33,7.64778604544093
40,1,1,0,0,780,17,12,6.69703424766648
55,2,1,1,235,700,0,9,6.85118492749374
60,2,1,0,500,2000,57,26,7.85709386490249
70,3,1,2,882,3200,140,41,8.35796296584568
52,2,1,1,616,1200,65,16,7.54855597916987
110,3,2,1,788,2500,NA,33,8.14960173573616
53,2,1,1,571,1800,22,23,7.79028238070348
188,1,3,2,1180,8000,550,102,9.19349935478016
121,3,2,1,800,1900,200,28,7.98241634682773
80,1,1,1,0,1300,NA,20,7.24779258176785
160,4,2,2,700,2700,305,36,8.22737550683403
285,4,5,4,2e+05,20000,1834,254,12.3108875123487
70,2,1,0,0,1350,0,21,7.22402480828583
53,2,2,1,443,1900,NA,25,7.79276172081653
320,3,6,3,2000,6490,900,84,9.15641202995063
96,2,2,2,1320,7500,434,97,9.1433455031519
35,1,1,1,430,2100,0,27,7.84698098213879
375,4,5,0,1200,10000,825,151,9.40763263969996
60,2,1,0,0,1700,245,26,7.58680353516258
100,7,2,1,0,2800,NA,46,7.96380795323145
82,2,1,0,0,4950,59,76,8.53424694598207
57,1,1,0,300,6000,17,77,8.76327171401294
485,5,6,6,5709,13000,2495,165,9.96979014179019
61,1,2,1,444,1930,87,25,7.8188324438034
28,1,1,0,453,1009,NA,7,7.29301767977278
130,3,2,1,1200,7500,NA,96,9.12847934549586
119,3,1,0,560,2100,84,31,7.9287663216267
123,3,1,1,2000,3800,348,49,8.73198193834769
96,2,1,1,671,1800,52,23,7.84267147497946
120,3,2,2,1950,5500,NA,71,8.95828281049733
89,3,1,1,1100,2000,NA,26,8.07620452723903
190,3,3,2,2800,9000,888,115,9.45727857185611
402,4,4,4,0,7500,483,123,9.00048316498771
40,1,1,0,379,1180,0,16,7.36264527041782
210,4,3,3,1250,4000,750,51,8.70814407490825
77,2,2,1,840,3170,NA,41,8.31532177537757
65,3,1,1,245,900,69,12,7.11232744471091
160,3,4,3,0,2770,NA,42,8.09803475617607
80,2,3,1,602,3100,240,40,8.28979058318164
110,3,2,0,370,2070,NA,31,7.85243908535751
132,3,2,2,1000,3350,NA,49,8.426611813185
90,3,2,2,650,3500,NA,47,8.41693076947784
50,2,1,1,100,1540,0,23,7.41697962138115
55,3,1,1,600,1800,121,23,7.84188592898462
40,1,1,0,600,3480,NA,45,8.35890061242164
38,2,2,1,1450,3200,NA,42,8.49556089128912
50,2,1,1,510,1100,50,14,7.42356844425917
136,3,3,1,1530,7500,NA,96,9.15027184551006
140,3,2,2,1450,2700,169,35,8.3790798892866
150,4,2,2,2900,9000,834,116,9.46117690830714
65,2,2,1,255,1400,NA,19,7.47079377419506
41,3,2,1,0,6500,0,83,8.79239774235691
180,3,3,1,1785,6000,294,77,9.00663173330058
425,4,4,0,0,15000,NA,267,9.68165564064671
70,2,1,1,450,1800,NA,27,7.75833346749091
460,6,6,4,0,6500,NA,98,8.8110561229431
70,2,2,1,2800,6000,835,78,9.18132342290569
25,1,1,0,432,2200,45,28,7.90322680873073
274,4,5,6,0,11000,767,166,9.3868953338758
42,1,1,2,595,3380,0,43,8.2987883944492
64,2,1,1,600,980,34,15,7.39633529380081
31,1,1,0,400,1350,NA,18,7.51534457118044
74,2,1,0,589,2850,NA,37,8.15392513200786
110,2,3,3,1600,1890,0,24,8.16479480424477
20,1,1,0,602,1800,130,23,7.84619881549743
91,2,3,1,853,2350,221,32,8.14815643992162
85,2,3,1,350,3000,125,44,8.16621626859214
42,1,1,1,704,3000,NA,39,8.27792025817214
359,3,4,2,2300,7000,292,103,9.1794687083091
89,2,1,0,340,1190,NA,18,7.34536484041687
50,1,1,0,0,750,NA,12,6.63725803128446
43,1,1,0,300,1600,17,21,7.56992765524265
40,1,1,1,620,5000,184,64,8.67743954055833
42,1,1,1,470,1750,75,23,7.74889133725553
143,3,2,1,750,2058,NA,27,7.97933889526233
140,3,1,1,1000,4445,NA,65,8.64417820317073
60,1,1,1,252,750,NA,10,6.92951677076365
121,1,1,0,2000,6800,300,88,9.12576239550088
148,3,2,2,2200,3990,167,59,8.76670599775052
130,4,3,0,750,9900,NA,128,9.29844282019773
35,1,1,0,81150,4500,9900,58,11.4680431551818
85,3,2,1,1100,4170,NA,54,8.62155320674048
40,1,1,0,0,900,25,14,6.84587987526405
53,2,1,1,365,1239,0,16,7.39079852173568
80,3,2,2,690,2650,NA,34,8.15104494568502
77,3,3,2,223,2400,70,37,7.91242312147371
103,3,2,2,1100,7550,209,96,9.10007897771864
78,2,2,0,450,1500,NA,22,7.6685611080159
158,3,4,2,1361,2750,142,35,8.36380888451688
300,4,4,3,2150,13100,1500,166,9.73631073306863
65,2,1,1,560,1000,125,13,7.43779512167193
58,2,2,1,520,2055,0,27,7.86441990499457
250,3,4,0,3500,5000,1334,64,9.20018902091981
440,4,4,4,4985,10200,2849,130,9.8070317167185
39,1,1,1,500,2200,50,33,7.93164402145431
45,2,2,0,0,1300,NA,24,7.18916773842032
200,4,3,3,1350,7900,700,106,9.21642184229205
40,1,1,0,180,1250,6,19,7.28344822875663
75,2,1,1,380,849,71,12,7.1800698743028
85,2,2,1,675,1310,79,17,7.64108424917491
57,2,1,1,430,1000,43,13,7.30451594646016
60,3,1,0,565,1950,NA,25,7.88231491898027
46,2,1,1,380,850,18,11,7.13886699994552
57,2,2,1,180,1460,NA,20,7.48773376143644
102,3,2,2,1250,4200,250,54,8.65782432115598
61,2,2,1,650,2300,NA,30,8.00703401219341
29,1,1,0,580,1770,83,23,7.80669637252118
280,3,3,2,0,8000,NA,121,9.07360384840271
210,3,3,4,3100,6500,1400,83,9.31298720893633
130,3,3,3,0,4000,146,61,8.34474275441755
45,1,1,0,750,900,658,14,7.75061473277041
45,1,1,1,757,2900,9,39,8.21770840684531
40,1,1,0,450,2000,50,26,7.83478810738819
175,1,1,2,0,1600,167,25,7.49164547360513
750,4,5,8,0,15000,4338,226,9.88129306702636
60,2,3,2,730,1200,NA,16,7.66340766489348
86,2,1,1,1105,3800,NA,49,8.53895468319775
75,2,2,2,556,2200,95,33,7.9672801789422
281,4,3,4,0,4950,442,88,8.60904284504612
70,2,2,1,400,2200,NA,33,7.91059061225648
280,3,3,2,6500,8000,NA,104,9.69775406273151
30,1,1,0,0,1850,0,24,7.53636393840451
100,2,2,1,0,2000,0,26,7.614312146452
271,3,2,2,0,4800,NA,73,8.61613313927114
123,3,3,2,1527,3400,334,44,8.57659353469768
59,2,2,0,380,3900,NA,50,8.40603814205008
130,2,3,3,0,1830,NA,28,7.52779398772144
58,1,1,1,273,1200,27,18,7.32580750259577
42,1,1,1,500,2325,128,30,8.00101996132365
168,3,2,4,600,3500,317,53,8.40536737623398
430,4,7,6,0,7990,300,121,9.03741453682259
90,3,2,1,830,980,NA,13,7.57250298502038
36,1,1,0,450,2000,0,26,7.81480342948936
45,1,1,1,1050,2700,196,35,8.28953948462414
73,3,1,1,707,1400,121,19,7.71779621101358
38,1,1,0,60,950,NA,13,6.93147180559945
95,3,2,1,850,2300,0,30,8.06495089174914
60,1,1,1,665,1700,37,22,7.79358680337158
60,2,1,1,200,2000,66,27,7.73805229768932
44,1,1,1,590,2000,29,26,7.8808043446749
39,1,1,1,185,900,NA,14,7.02731451403978
30,1,1,0,70,1100,9,14,7.08506429395255
250,3,3,2,0,3700,NA,56,8.3466420902212
170,3,3,3,0,3500,209,53,8.23297179059344
65,2,1,0,0,1800,NA,28,7.59890045687141
320,3,3,4,1700,4320,NA,65,8.73681053295389
60,2,1,3,0,2200,188,34,7.79276172081653
100,3,1,0,250,1870,NA,28,7.69984240739699
100,2,2,2,1750,2800,450,36,8.52456594574565
45,2,1,0,60,900,42,12,6.92264389147589
270,5,7,2,0,3978,NA,60,8.3255483071614
90,3,2,1,1500,3500,NA,46,8.59359852261864
51,2,1,2,457,1850,NA,24,7.77821147451249
72,2,2,1,0,1760,NA,23,7.50328963067508
45,1,1,1,50,2000,50,26,7.66246781520024
60,2,1,0,170,1090,25,16,7.17165682276851
213,3,3,2,3200,6500,NA,83,9.23610557986221
33,1,1,0,250,1305,0,17,7.36073990305828
74,3,1,1,308,814,49,11,7.07580886397839
120,3,1,1,0,2625,0,26,7.88306935130575
45,1,1,0,340,1900,13,25,7.73149202924568
59,2,2,1,759,3478,75,14,8.37262974022488
35,1,1,0,600,4500,NA,58,8.56140144608056
253,4,5,3,2100,4100,0,52,8.7408166275673
78,3,2,1,645,1600,67,21,7.7553388128465
200,4,3,3,2012,5000,NA,67,8.93944986216424
128,3,3,2,2600,3800,NA,49,8.86149186428691
200,5,2,5,0,4000,148,54,8.34355383500512
60,2,2,1,440,1250,38,16,7.46450983463653
244,3,4,2,3500,12000,NA,153,9.69898173460629
120,2,1,1,0,3000,280,46,8.10982627601848
145,4,3,2,1800,5700,292,73,8.97030495299176
120,3,2,1,1400,4675,200,60,8.75400293349426
34,1,1,0,430,650,70,9,7.05617528410041
90,2,1,2,1100,2000,0,26,8.04782935745784
76,2,1,0,300,700,100,9,7.01211529430638
69,3,2,1,670,2000,6,26,7.90211754627645
150,3,2,0,0,2500,NA,38,7.89692465626886
101,2,2,1,582,1700,0,22,7.74283595543075
225,3,3,2,2560,10800,NA,137,9.55895290182487
220,4,4,4,2058,4500,NA,58,8.8758461777386
79,2,1,0,400,1880,67,28,7.77317368048254
25,1,1,0,0,1200,25,19,7.12689080889881
277,3,5,4,2580,9000,771,136,9.43276366396591
282,4,4,3,3100,10000,1334,127,9.5861020007109
200,4,5,3,2800,5500,997,70,9.14505490527755
45,1,1,2,800,2300,NA,34,8.0532511535491
280,4,4,3,2400,6553,NA,84,9.10919318997123
155,4,3,2,1050,3500,NA,45,8.52813313145457
44,1,1,1,398,1900,19,25,7.7591874385078
312,4,5,4,1067,8000,890,107,9.21642184229205
90,2,1,0,200,1200,142,16,7.35179986905778
64,2,1,1,741,1850,75,24,7.89766815072691
150,2,2,3,4085,8000,NA,102,9.45414892373398
65,2,1,0,0,1300,70,17,7.23561914106675
47,1,1,1,400,2200,0,33,7.87625888230323
40,1,1,0,550,1980,84,26,7.87891291229713
50,1,1,0,501,1800,0,23,7.75147531802146
120,3,3,2,0,2320,NA,39,7.81802793853073
95,3,1,0,528,3000,140,39,8.21824792668574
25,1,1,2,540,1650,NA,22,7.72090525193678
202,4,3,4,4308,12000,1896,153,9.81798412892219
30,1,1,0,350,1000,17,13,7.23056315340929
30,1,1,0,230,850,NA,13,7.01391547481053
1000,3,4,2,0,5000,365,82,8.60300384782935
80,3,1,1,400,1700,125,25,7.71912984090673
120,4,3,2,0,3250,NA,44,8.10016144693661
249,3,3,3,0,9000,834,136,9.20743615882879
90,3,3,2,1119,2600,360,33,8.32190796823042
91,2,2,1,1102,3450,201,45,8.47616284185825
36,1,1,0,300,1162,19,15,7.31121838441963
51,2,1,1,427,2900,114,37,8.15450017515194
287,4,4,4,7900,11300,2590,144,9.9956564400075
65,2,2,1,1265,6700,262,87,9.02581639162703
84,2,2,2,1250,9600,217,122,9.32286516281803
43,1,1,1,488,3600,NA,46,8.35890061242164
58,2,1,1,430,1540,NA,20,7.5963923040642
208,4,4,3,2860,8000,NA,102,9.44390938877397
462,7,2,3,0,8600,NA,130,9.16586588187435
167,3,2,1,1800,9500,NA,121,9.386056829718
62,2,1,1,650,1236,NA,16,7.568895663407
75,2,2,0,400,2500,NA,37,8.03203531439882
244,5,7,4,1600,8000,500,102,9.23024103368252
309,4,7,8,0,8000,1250,121,9.14548179962769
40,1,1,0,400,950,100,14,7.28961052145117
90,2,1,0,200,950,26,14,7.0825485693553
47,1,1,0,200,1100,NA,17,7.18387071506245
143,3,2,3,1950,6000,NA,88,9.0753221602981
230,3,4,3,2700,4210,1167,54,9.00356217474824
580,6,6,6,0,6960,2084,105,9.12150915826957
238,4,4,3,2569,15000,542,191,9.81471098214528
113,3,4,3,1055,3400,NA,44,8.45062594714412
115,2,2,2,1395,3800,259,49,8.61323037961318
80,1,2,1,1000,4000,109,51,8.54888563814873
300,4,4,3,2300,4500,803,58,8.94402832526059
70,1,1,2,0,1450,5,22,7.29844510150815
52,2,1,0,375,990,0,13,7.2291138777933
55,2,1,1,655,1530,100,20,7.743269700829
58,2,1,1,754,750,44,10,7.35179986905778
50,2,1,1,330,1150,0,15,7.31055015853442
40,1,1,0,420,500,17,7,6.85118492749374
164,3,2,1,1229,3700,198,47,8.55159461813357
76,2,2,0,190,2100,49,38,7.77401507725073
80,2,1,1,1950,2800,209,36,8.51639287124547
300,5,4,3,0,15000,417,246,9.65892882446643
75,2,2,2,550,1600,122,24,7.7393592026891
280,3,4,2,8000,8000,667,121,9.72859830755947
50,1,1,1,370,1200,50,18,7.40184157874383
74,1,2,2,850,5500,NA,70,8.81209910895734
73,2,1,1,540,2080,0,27,7.8815599170569
280,4,3,4,2307,3100,341,47,8.66492330344057
403,3,4,2,2800,15000,667,194,9.83419106353347
424,4,5,4,0,3315,NA,50,8.22255363839696
190,4,5,3,3200,4000,417,51,8.94494150776486
454,4,3,4,2700,10900,NA,164,9.59430941973946
138,3,2,1,2000,7600,NA,97,9.20391980417326
600,5,5,6,0,15000,NA,191,9.75794141390479
58,2,1,1,385,3500,64,45,8.29279885820037
38,1,1,0,290,2500,0,32,7.94555542825349
113,2,2,1,1000,3000,NA,39,8.31630024903685
70,2,1,0,0,1700,25,26,7.46851327149634
90,2,1,0,1,4000,NA,52,8.30770596654951
183,4,4,3,2200,5000,834,64,8.99949587624899
20,1,1,0,630,1370,NA,18,7.6226639513236
66,2,1,1,380,500,23,7,6.81454289725996
92,2,2,0,1550,2700,250,35,8.41980084540759
70,2,1,0,300,1800,NA,27,7.66293785046154
93,3,2,1,1497,3400,227,44,8.55043452519604
220,4,5,4,2066,3230,1577,41,8.84144824409886
20,1,1,0,300,600,40,8,6.85540879860993
92,3,2,2,150,2200,198,34,7.85670679309584
50,2,1,0,0,1200,250,16,7.29097477814298
300,3,5,2,2100,13900,809,177,9.74043907108576
90,3,1,1,380,1750,90,26,7.71735127218533
36,1,1,0,300,500,10,7,6.70686233660275
70,2,2,0,1015,2250,135,29,8.14031554015999
200,3,3,2,0,3500,292,53,8.25478892614873
160,3,2,1,1957,6800,513,88,9.14409372615726
135,3,2,3,1941,2800,635,36,8.59655874679698
70,1,1,0,0,1200,NA,19,7.13409372119287
95,2,1,1,330,2000,NA,27,7.8046592970561
60,2,2,2,692,1900,NA,25,7.90396563403217
36,1,1,0,0,860,50,11,6.82654522355659
136,3,3,3,1970,6000,600,77,9.06508335931904
250,3,2,2,0,3500,250,53,8.24380842366528
330,3,5,3,3400,15000,NA,191,9.95660168818561
65,3,2,1,250,950,NA,13,7.16703787691222
380,3,4,4,3640,8000,534,121,9.41743583886878
350,5,5,4,0,3000,467,46,8.16451026874704
70,2,1,0,470,700,39,9,7.10578612948127
65,2,2,0,640,1500,70,20,7.71020519443253
45,1,1,1,3000,5520,NA,70,9.05847042263806
95,2,2,0,450,3430,NA,45,8.34021732094704
120,2,1,1,0,1600,167,25,7.49164547360513
248,3,4,3,4325,5300,NA,68,9.32465071815359
100,2,1,2,0,3300,317,50,8.20740183337636
394,4,6,4,6000,4000,2500,51,9.43755562266045
209,3,3,2,593,2550,237,39,8.13739583005665
16,1,1,0,450,555,30,8,6.95081476844258
49,2,1,1,528,1700,135,22,7.77737360265786
70,2,2,1,750,4100,NA,53,8.50045386741194
150,3,2,3,0,2430,38,32,7.82444593087762
58,2,1,1,220,1320,67,20,7.39510754656249
200,3,4,1,2200,6000,375,77,9.06566136060674
400,3,3,0,0,3500,142,58,8.21635833238616
196,3,4,2,2200,3300,559,42,8.71637186527662
40,1,1,0,0,2000,0,30,7.61628356158038
158,3,3,2,796,3700,360,50,8.4984180360899
130,2,1,1,0,4000,0,61,8.30943074214033
48,1,2,0,704,987,NA,13,7.46794233228585
72,2,1,1,438,1440,NA,19,7.57507169950756
65,2,1,0,425,1680,NA,22,7.67832635650689
60,2,1,1,320,1900,50,28,7.74022952476318
48,1,1,1,588,1525,0,6,7.65917136766606
47,1,1,0,306,1400,22,19,7.46622755621548
84,2,1,0,500,900,NA,14,7.30518821539304
186,4,2,2,1500,2500,NA,32,8.30226579487337
85,3,2,2,500,1500,114,20,7.66622192566273
160,4,5,3,1623,3800,834,49,8.74941540666365
74,2,1,1,100,900,65,12,6.98286275146894
18,1,1,0,0,1720,NA,22,7.46336304552002
130,2,1,2,0,2000,NA,36,7.67136092319064
95,3,2,1,300,2300,182,31,7.94236223767433
105,3,2,3,1250,1900,552,25,8.22362717580548
85,2,2,1,1105,1100,NA,15,7.75790620835175
50,1,1,2,0,1280,83,21,7.23345541862144
103,3,2,1,1736,4500,290,58,8.79254961417738
54,2,1,1,990,780,NA,10,7.48493028328966
75,2,1,2,235,1400,25,18,7.42595365707754
25,1,1,0,0,1200,NA,16,7.13249755166004
63,3,2,2,180,1300,90,18,7.37086016653672
150,5,5,5,0,14000,835,230,9.62052764641968
47,2,1,1,597,1570,0,20,7.69074316354187
140,3,2,3,926,4235,145,55,8.58709231879591
40,1,1,0,380,1110,0,15,7.31721240835984
115,3,2,1,334,2200,110,30,7.89170465933011
160,4,3,2,2800,9530,286,121,9.45258041898138
80,1,1,0,70,1400,NA,22,7.33367639565768
75,2,1,1,450,1100,50,15,7.38770923908104
80,2,1,0,0,950,65,14,6.93731408122368
80,2,2,1,0,2600,NA,40,8.02551638648901
199,3,4,5,2800,4000,NA,51,9.03025631012242
400,4,4,3,0,9000,542,136,9.17771386914909
70,1,1,0,0,1086,163,17,7.14440718032114
300,4,5,4,0,5000,538,76,8.63319686717254
70,2,1,1,370,1100,103,15,7.37086016653672
250,3,2,1,3200,8500,5000,108,9.72978871303306
27,1,1,0,350,1700,67,22,7.6685611080159
54,2,1,1,720,2010,NA,26,7.94732502701646
225,4,5,4,2000,9000,1192,115,9.41824845064762
125,3,2,1,1000,4655,200,59,8.68524677641249
55,2,1,0,0,2000,75,31,7.65302041380419
186,3,3,2,1350,5435,405,69,8.89013510781884
154,3,3,1,1450,5000,367,65,8.83680988239836
200,3,4,2,0,9800,NA,148,9.24676872858973
246,3,4,3,3200,4500,NA,58,9.05403737758078
78,2,1,0,280,1380,NA,21,7.44658509915773
70,2,1,1,60,2100,NA,32,7.69302574841789
188,3,1,3,0,9500,472,143,9.2223677521889
165,3,2,4,230,2870,142,39,8.09620827165004
63,2,1,0,430,950,0,13,7.23993259132047
200,4,2,2,2341,4000,NA,54,8.82717477136278
298,4,5,4,3600,6000,1250,77,9.29935806829384
154,3,1,3,830,6700,NA,85,8.98919482332465
110,3,2,2,900,2100,NA,27,8.0481491016652
130,2,2,5,0,1800,321,28,7.67322312112171
32,1,1,1,1600,3500,NA,45,8.59044365315583
170,4,3,2,2500,2430,500,32,8.60575336839572
69,2,1,0,1100,1600,0,21,7.90912218321141
118,2,2,1,1600,3950,NA,51,8.67812085552252
90,3,1,0,370,2800,109,37,8.10681603894705
65,1,1,1,380,1200,NA,16,7.4265490723973
260,4,3,4,2780,4000,1200,51,8.99118884193151
182,3,5,3,3600,4900,875,63,9.15260532132494
41,1,1,1,900,3500,100,45,8.42200300441249
45,1,1,0,0,1400,NA,22,7.26052259808985
40,1,1,0,0,780,17,12,6.69703424766648
100,1,3,2,800,2500,NA,32,8.14844566624324
66,2,1,0,356,1650,0,21,7.61480536471107
71,3,2,2,660,970,149,13,7.49164547360513
94,2,1,1,525,1200,88,16,7.51207124583547
80,2,2,1,662,1380,NA,18,7.73017479524622
41,1,1,1,380,3220,0,13,8.19257047115217
140,3,2,1,0,3825,0,58,8.26462082941122
47,1,1,1,400,2200,NA,33,7.87625888230323
70,3,1,1,550,1200,0,16,7.4770384723197
58,1,1,1,710,720,40,10,7.3004728142678
200,3,4,4,1800,5600,NA,71,9.02785880238086
40,1,1,0,262,725,0,10,6.90575327631146
240,3,4,4,0,4000,NA,61,8.39660622842712
96,3,2,1,1122,3050,231,39,8.39908510293591
220,4,5,2,0,6500,1176,98,8.95866873704743
132,3,2,2,1650,4000,400,51,8.71637186527662
106,3,2,2,1294,2200,239,30,8.23323750070527
150,3,3,2,2100,2000,NA,26,8.45765547870004
68,3,1,1,700,1400,0,18,7.6586995582683
180,4,5,3,2500,10500,NA,154,9.51495330508794
44,1,1,1,280,1170,31,18,7.3132203870903
75,2,1,0,888,1900,267,25,8.03300949859667
58,2,2,1,450,4700,5,60,8.55948610360649
72,2,1,0,760,2200,17,28,8.00836557031292
190,4,4,2,0,3500,NA,53,8.26075135470051
150,3,2,1,1500,1300,NA,17,7.99226864327075
550,3,7,8,0,7700,NA,116,9.01760477683336
220,2,2,3,0,10500,750,158,9.34233308143468
200,3,2,3,0,6000,209,91,8.74846362994206
300,5,3,4,900,6800,167,112,8.98469369044386
70,2,2,0,260,2280,92,29,7.88683299895506
43,2,1,1,274,1000,NA,13,7.16626597413364
45,1,1,1,240,740,NA,11,6.90675477864855
55,2,1,0,350,650,NA,10,6.95939851213398
700,5,8,3,0,12000,1000,181,9.48653167771246
300,3,5,0,0,5500,310,91,8.68304655550289
220,4,5,2,0,7000,225,125,8.90259163737409
300,4,5,6,0,15000,1805,226,9.74279049183884
52,1,1,0,90,748,1,11,6.74641212857337
106,2,2,1,1550,4000,323,52,8.68710472813351
84,2,2,2,657,3200,189,47,8.31727776622123
50,2,1,0,0,1200,NA,19,7.1066061377273
240,3,3,2,0,4000,292,61,8.37885024179449
240,3,3,4,0,8000,NA,121,9.11844435727164
260,2,2,1,350,1640,0,24,7.60837447438078
73,2,2,1,700,1250,150,16,7.65775527113487
334,4,6,5,3790,3800,2435,49,9.21741528564814
67,2,1,1,313,1200,NA,16,7.43661726523423
71,2,1,0,764,1800,0,23,7.85864065562079
280,3,4,3,4200,7600,1250,97,9.48425308034196
450,5,5,3,0,6500,542,107,8.87486763568805
82,3,2,1,700,2500,59,37,8.10076824307173
380,4,5,4,4000,8000,NA,102,9.6004210780406
105,3,2,2,600,2390,134,35,8.05832730658096
55,1,1,1,570,1800,NA,7,7.77401507725073
45,1,1,0,700,1500,0,20,7.70571282389443
70,2,2,1,820,3100,117,40,8.3133619511344
160,3,3,0,0,5000,500,76,8.62640627638955
48,2,1,1,480,1710,NA,22,7.70210434005105
200,3,4,2,2700,9180,0,117,9.39274525863144
46,2,1,0,0,1200,0,16,7.10414409298753
30,1,1,0,0,680,NA,9,6.5366915975913
140,3,2,1,1600,3600,375,47,8.6346206082922
101,3,3,2,780,4600,330,59,8.66042735950215
340,2,4,3,4900,15000,917,191,9.95280138908905
400,4,5,4,2700,7000,NA,89,9.33176122718052
55,2,1,1,453,749,44,10,7.13648320859025
45,2,1,1,560,1450,18,19,7.6246189861594
62,2,2,0,0,1250,0,19,7.14677217945264
75,2,1,0,750,3190,NA,42,8.33782726244791
86,3,1,1,460,3150,0,40,8.20275638165564
182,3,3,2,0,3200,NA,57,8.12266802334641
30,1,1,1,0,762,15,14,6.67456139181443
153,4,3,1,0,2710,121,42,7.96346006663897
70,2,1,1,0,1100,NA,17,7.08590146436561
82,2,1,1,750,1840,83,24,7.9002660367677
160,3,4,4,0,7000,534,106,8.94128376364757
270,5,4,4,3500,7000,1684,89,9.41499403397655
370,7,6,8,0,10000,1875,151,9.39524193103352
470,4,6,2,3000,7200,NA,109,9.33353098253138
200,1,1,3,0,1600,264,25,7.54433210805369
62,2,2,0,645,1400,92,18,7.67600993202889
64,2,2,1,690,2500,5,32,8.07961802938984
58,2,1,1,170,1100,0,14,7.15851399732932
75,2,2,0,436,1350,50,20,7.52671756135271
200,2,2,2,2900,11000,560,140,9.58884529850156
36,1,1,1,380,1600,60,21,7.63143166457691
120,2,2,1,850,1700,NA,25,7.90470391387375
62,2,2,2,540,1600,9,24,7.68432406768116
490,3,3,3,0,4450,NA,67,8.65137437288226
67,2,2,2,831,3170,34,43,8.31360713931756
161,3,3,3,1762,2500,741,32,8.52436739516424
176,4,2,3,1225,5000,0,76,8.74862232231722
178,4,4,4,2200,4500,688,58,8.91556654571064
88,3,2,0,520,1658,NA,25,7.71199650704767
470,3,3,4,0,3700,NA,66,8.32190796823042
257,4,3,2,0,7000,1200,106,9.02485381183907
70,4,3,0,0,3500,270,53,8.24905227417129
50,2,1,1,145,700,NA,10,6.82219739062049
89,3,2,1,330,1300,138,18,7.48829351515943
73,2,1,1,680,1300,21,17,7.61035761831284
95,3,2,2,1000,4500,325,58,8.67999208172133
54,2,1,1,560,1600,0,21,7.68799716639302
150,4,1,3,1600,4350,542,58,8.78737298873188
139,2,3,1,720,5966,387,77,8.8750074860484
45,1,1,0,200,1700,NA,25,7.59135704669855
255,4,4,4,0,3400,375,52,8.25009775257285
100,1,1,0,0,2150,NA,33,7.80425138352811
120,3,3,1,1015,2870,0,37,8.27461194620955
200,4,5,2,1000,8000,84,121,9.12761072437719
72,2,1,1,899,1280,NA,17,7.69757534680234
50,1,1,0,0,1100,13,20,7.0335064842877
158,3,4,3,1950,12000,NA,153,9.60514889989582
22,1,1,0,384,2100,40,27,7.84463264446468
105,3,2,1,1937,2380,NA,31,8.46019946989612
50,2,1,1,420,1500,3,20,7.57250298502038
65,2,2,0,210,1200,19,16,7.27655640271871
108,3,2,2,980,2000,NA,26,8.07153089355666
50,1,1,0,450,1080,NA,14,7.35244110024358
198,3,3,6,0,4200,250,64,8.41516046585109
74,3,2,1,700,1800,120,23,7.88004820097158
71,2,2,1,2438,5500,246,71,9.01869548772134
52,2,1,1,400,1100,42,17,7.35244110024358
355,3,4,8,2700,6000,1106,80,9.19897604189713
162,3,1,0,440,1300,67,19,7.51043055637801
90,1,1,0,300,2000,NA,26,7.75233516330229
62,2,1,1,485,1377,54,21,7.56941179245071
130,3,2,2,0,3000,NA,46,8.02191277898571
78,1,1,0,420,2522,25,32,8.00636756765025
276,4,5,4,0,4900,NA,74,8.54830418644129
50,2,1,1,380,1500,88,20,7.59538727885397
35,1,1,0,350,1500,50,22,7.56164174558878
161,3,1,2,0,3500,NA,58,8.29254851397576
30,1,1,0,340,920,0,12,7.14913159855741
251,4,4,3,2700,4200,NA,54,9.01249900352419
77,2,1,1,1300,2600,100,33,8.30251371851416
112,3,3,2,1222,3250,486,42,8.5173931714189
273,4,2,2,2100,2470,366,32,8.51097389160232
55,1,1,1,400,1100,9,15,7.32974968904151
80,3,2,2,704,1800,83,23,7.86748856869913
400,4,5,3,0,15000,NA,226,9.7398503509463
110,3,2,1,1100,2500,100,33,8.22523532410167
262,4,5,4,2500,2250,NA,29,8.72095002893026
38,1,1,0,600,1700,82,22,7.78530518253986
140,2,2,1,2000,12500,279,159,9.61186439085108
110,6,5,7,0,9810,1000,148,9.30209879721572
46,1,1,1,280,1099,NA,17,7.28069719538474
55,2,1,0,390,1500,42,22,7.57814547241947
70,2,1,1,470,1710,100,23,7.74240202181578
60,2,2,1,600,1860,NA,24,7.81802793853073
87,3,2,2,750,4000,NA,51,8.52753948347038
400,3,4,4,3000,12000,1100,214,9.69959500581403
64,2,2,0,550,1350,52,20,7.58731050602262
85,2,2,1,3499,9000,NA,116,9.50159106930499
140,3,4,2,1990,3490,NA,51,8.66974258987652
288,4,5,4,3635,5025,NA,64,9.19826779074191
64,3,1,1,470,1200,110,16,7.49387388678356
62,2,2,1,684,5050,NA,64,8.70383871969025
15,1,1,0,0,700,0,10,6.56667242980324
200,4,3,2,2744,4100,1615,52,9.04923221158143
450,4,3,4,2000,12750,NA,170,9.65765095067424
72,3,2,1,800,3010,NA,39,8.25582842728183
75,2,1,1,970,1750,NA,23,7.93236215433975
20,1,1,0,0,550,30,9,6.38012253689976
77,2,2,1,900,3000,80,39,8.29903718161307
57,1,1,0,300,6000,17,77,8.76327171401294
103,3,3,0,1530,6000,320,77,8.97815607600982
180,3,2,1,2000,12000,334,153,9.58128304604592
80,2,1,1,0,833,4,13,6.74641212857337
25,1,1,1,0,4000,0,51,8.30696586536857
248,3,4,4,2648,8000,NA,102,9.34320904505061
360,6,2,0,0,8000,NA,132,9.09211974058875
62,1,1,0,670,2300,0,30,8.00670084544037
85,2,1,0,259,1800,0,23,7.64156444126097
187,3,3,2,0,2805,98,50,7.99091546309132
58,2,3,2,50,2000,0,31,7.64108424917491
93,2,1,0,475,1600,70,22,7.68156036255954
28,1,1,0,450,1999,NA,26,7.83122021460429
120,3,2,5,0,1700,75,26,7.49665243816828
70,1,2,0,0,1200,0,19,7.1066061377273
162,2,3,3,2200,15000,959,191,9.81743934791068
210,3,2,3,0,4700,0,71,8.47052078321781
300,3,2,2,0,2500,224,41,7.9251575122247
40,1,1,1,651,1900,30,25,7.8659554139335
270,3,4,4,3200,4800,928,61,9.10386812746567
65,2,1,1,1082,3820,NA,49,8.53424694598207
83,2,2,1,450,1400,67,21,7.56992765524265
340,4,5,5,4800,7500,NA,96,9.56878375131088
28,1,1,1,720,890,NA,12,7.4312996751559
70,1,1,0,0,930,60,14,6.91274282049318
300,3,2,2,0,4000,184,66,8.35490952835879
423,4,5,7,5785,14000,2647,178,10.0261917925116
16,1,1,0,0,850,35,11,6.7990558620588
38,1,1,0,300,1300,NA,19,7.42237370098682
210,4,4,4,2680,7000,146,94,9.2024090016499
380,4,5,5,6500,3400,1125,44,9.31208435585947
289,3,2,1,3000,5000,NA,65,9.07486423241373
28,1,1,0,0,1300,NA,17,7.18387071506245
83,2,3,1,1100,1500,42,20,7.88720858581393
120,4,3,3,1680,3430,622,44,8.66163979578127
60,2,2,1,606,1080,88,16,7.49052940206071
100,2,1,0,0,1100,125,17,7.12528309151071
108,4,3,2,1134,6500,NA,83,9.02725852623582
345,2,3,2,3655,12000,NA,153,9.71661565864336
210,3,4,4,1475,10000,650,127,9.41336284529417
80,2,1,0,600,5300,34,69,8.70018119275335
270,4,4,4,3900,2900,NA,37,8.83025057019925
60,2,1,0,290,770,45,12,7.01929665371504
64,2,1,1,810,2900,172,38,8.27410200229233
90,2,2,0,857,4800,208,62,8.68744216697592
157,3,3,1,1325,4500,347,58,8.73729211254422
100,3,2,1,690,1300,76,17,7.64204440287326
86,3,2,2,420,2340,81,30,7.96276393016811
56,2,1,1,390,1800,9,23,7.7066129139642
40,1,1,0,735,2900,137,38,8.24564690087386
188,3,4,1,2100,10000,NA,127,9.45649707759939
44,2,1,1,310,1800,34,23,7.68156036255954
300,3,2,0,3000,2970,709,39,8.81269461292015
101,3,3,2,2163,5000,377,65,8.9366926884882
130,3,1,1,0,2000,293,27,7.74975340627444
120,4,3,3,1420,6160,390,79,8.99342737041261
200,3,4,2,0,2900,NA,44,8.30523682949259
140,3,4,2,1583,8500,NA,108,9.27340906344317
100,3,1,0,1367,3399,NA,44,8.52277756971014
260,5,3,0,0,5500,NA,83,8.72972059026726
77,2,2,2,547,3000,203,39,8.24012129807647
45,1,1,0,0,770,NA,10,6.70318811324086
50,2,1,1,0,1000,NA,18,6.95081476844258
44,2,1,2,342,908,24,12,7.16006920759613
84,1,2,0,300,2200,NA,33,7.83755436088108
53,3,1,0,230,1000,68,14,7.1800698743028
200,3,4,2,0,3250,292,49,8.18646442942209
75,3,2,1,280,900,0,12,7.08422642209792
120,2,2,1,360,2525,NA,37,8.00570067866254
70,2,1,0,0,1030,0,17,6.95463886488099
100,3,2,0,815,808,81,11,7.44775128004791
73,2,2,1,450,2450,94,36,8.0166478770578
70,2,1,1,600,3000,167,39,8.2445967563825
110,2,4,2,2100,6375,NA,81,9.11129321837495
200,3,2,2,1626,3000,NA,39,8.44805745258138
75,2,2,2,700,1198,NA,16,7.66949525100769
96,2,1,1,0,3450,NA,52,8.16791936295782
270,3,2,1,2000,4000,1000,52,8.86120833720818
100,1,1,0,0,2720,138,41,7.97246601597456
195,4,2,2,0,3400,236,56,8.21419441485256
102,3,2,0,900,3100,380,40,8.39412119382624
310,4,4,8,0,5500,521,83,8.71686338654481
63,2,2,1,690,1850,103,24,7.88908440703551
131,3,2,2,1400,3000,534,39,8.51197962436335
37,1,1,1,440,2850,152,37,8.15478757276852
145,3,2,2,0,3000,NA,46,8.06306291132679
135,3,3,1,1600,4300,NA,55,8.73327184500832
67,3,2,1,406,1399,56,21,7.54062152865715
25,1,1,0,0,1049,31,14,6.9985096422506
300,4,4,4,0,6200,343,102,8.80177044891454
190,3,2,2,1700,5700,NA,73,8.98293776374159
105,3,2,2,1320,7300,NA,93,9.1037568865734
48,1,1,2,1313,4500,248,58,8.71931737550637
170,2,3,1,0,1300,50,24,7.22620901010067
75,3,2,1,980,2000,109,26,8.04430540699064
520,3,4,8,0,10000,1008,151,9.32018083765571
37,1,1,0,600,1840,NA,24,7.90544164906029
305,3,6,3,2980,10000,NA,127,9.61186439085108
80,2,2,1,1100,3776,NA,49,8.5356223268846
69,2,2,1,325,1800,NA,23,7.73149202924568
36,1,1,1,250,1850,0,24,7.66152708135852
28,1,1,0,568,2150,NA,28,7.91826468609527
110,1,2,1,540,2040,179,30,7.93379687481541
88,2,1,0,270,1300,NA,19,7.38832785957711
500,5,7,7,0,11500,NA,173,9.7509771933138
122,3,2,1,970,3860,NA,49,8.51579221050061
85,2,1,1,250,1250,88,17,7.38150189450671
36,1,1,0,345,1600,30,21,7.59940133341582
80,3,2,1,720,1900,195,26,7.95226330865705
114,3,3,0,1480,2289,542,29,8.37586001529959
150,3,2,2,808,1600,NA,22,7.89020821310996
70,2,1,0,480,1800,NA,23,7.74240202181578
370,4,4,3,0,7900,1000,119,9.10719961305667
47,1,1,1,582,2700,135,35,8.14699869738999
70,3,2,2,700,2910,84,37,8.22469956196723
70,2,2,2,1400,3300,84,42,8.48198043566049
50,2,3,0,0,1740,84,27,7.52402141520612
37,1,1,0,1100,1900,250,25,8.09437844497296
136,3,2,2,1546,2800,NA,36,8.44139147799996
60,2,1,0,498,2000,NA,26,7.90470391387375
65,2,2,1,600,1540,290,20,7.80425138352811
450,7,5,3,0,7880,292,130,9.02437217426203
180,3,4,3,1600,3400,NA,44,8.57451825803551
130,3,3,2,1140,4000,NA,51,8.60959004068221
200,3,2,6,0,2300,NA,35,7.82883452758809
180,2,3,2,0,12500,NA,159,9.44628168152025
55,2,2,1,380,1700,75,23,7.68662133494462
79,2,1,2,705,6250,0,80,8.85879510585745
47,1,1,1,907,9200,313,117,9.26302769425519
65,2,1,1,1300,2550,109,33,8.29229810706322
292,4,4,3,1650,3750,424,48,8.67812085552252
181,4,2,2,1530,4000,NA,54,8.70267641154777
327,5,4,5,0,11000,2000,166,9.48577272199905
300,2,3,2,3000,5120,NA,65,9.06946781309477
366,4,5,5,4000,15000,NA,191,9.95375281868368
115,3,3,1,1254,3150,NA,41,8.43923164994653
216,4,5,5,600,7500,0,100,9.01201137703641
70,2,1,1,710,820,45,11,7.36960072052641
170,3,3,2,0,5000,242,76,8.57904059474232
65,3,2,2,245,3000,NA,39,8.09742629859721
88,3,3,2,700,2900,190,37,8.25009775257285
54,1,1,0,350,1870,NA,24,7.71779621101358
95,1,2,2,1859,8000,566,102,9.2620785673806
800,4,5,4,6000,15000,NA,191,10.1076929028301
75,1,1,0,0,1450,0,22,7.29505641646263
38,1,1,0,640,1940,NA,25,7.89020821310996
178,2,4,3,2580,6000,70,77,9.07429152751291
310,2,6,3,2300,6000,NA,77,9.12063445889169
66,1,1,1,550,2600,50,33,8.08147504013705
90,3,2,0,921,2550,142,33,8.20166019080868
180,3,3,2,3100,4250,625,54,8.99093980694081
40,1,1,0,480,1100,NA,15,7.38770923908104
150,3,2,1,1300,5500,NA,70,8.8667226671941
37,1,1,0,346,2900,69,37,8.11761074646623
71,2,2,1,730,2800,234,36,8.24301946898925
130,3,2,2,1400,5000,584,64,8.86064104177388
75,2,2,1,990,2700,145,35,8.26126815057765
45,1,1,1,1000,1760,NA,23,7.98989937494294
260,4,3,4,600,5830,596,88,8.86996051052395
50,1,1,0,0,750,NA,12,6.63725803128446
63,2,2,1,360,1600,NA,21,7.6246189861594
99,2,1,1,1300,4300,125,55,8.66233195708248
170,4,4,3,1990,8250,594,105,9.30027247947679
67,2,2,1,400,1612,59,22,7.64683139143048
126,2,2,2,1000,2300,263,30,8.1870210673435
70,2,2,2,900,1700,265,22,7.96831950001272
57,1,1,1,653,1717,64,23,7.80710329012598
27,1,1,0,300,694,NA,11,6.92657703322272
78,1,2,1,762,1840,50,24,7.89245204352035
1100,4,6,10,3000,14000,2000,211,9.86323831062844
162,2,2,3,1500,15000,609,191,9.75851958228352
85,2,2,2,1028,2550,NA,33,8.26924452118306
67,2,1,1,682,1100,60,15,7.52725591937378
122,3,1,0,1000,2000,NA,26,8.08548677210285
220,4,3,4,3200,11000,1000,140,9.63828426184477
30,1,1,0,0,1000,0,13,6.92165818415113
50,1,1,0,0,950,NA,15,6.87316383421252
120,3,2,2,350,1500,81,20,7.57660976697304
75,2,2,1,798,1500,NA,12,7.74543561027438
70,2,2,2,835,2700,102,35,8.20876404581967
650,4,6,6,0,8500,1600,128,9.23317760587894
71,3,2,1,530,1300,48,19,7.54855597916987
27,1,1,0,585,2000,0,26,7.86787149039632
187,3,3,2,1300,2950,342,38,8.44052810648075
110,3,2,1,1000,4500,0,58,8.62317351495347
180,4,2,2,0,3500,150,53,8.21716859576607
57,2,2,2,834,1510,190,20,7.8458075026378
250,3,2,2,0,15000,459,226,9.66084257855907
49,2,2,1,500,1460,100,19,7.64012317269536
110,1,1,1,0,1300,NA,20,7.35946763825562
59,2,2,1,360,2200,18,28,7.8659554139335
65,2,1,1,740,1700,NA,22,7.82284529027977
220,4,2,2,2500,5000,692,64,9.01881660441743
220,3,2,2,3100,6400,NA,82,9.23805281054272
88,2,2,1,1200,7300,0,93,9.05881956433494
90,3,2,2,200,4100,300,62,8.44741429680832
30,1,1,0,350,3400,0,44,8.24143968982973
49,2,1,1,400,1800,0,23,7.70706265537047
100,3,2,0,900,5900,NA,77,8.88002911746844
120,3,1,1,560,2300,209,30,8.03915739047324
150,2,3,3,0,4250,NA,64,8.36985260351753
100,3,2,0,0,1550,NA,26,7.43955930913332
170,3,3,0,1900,7500,529,96,9.21343557688348
70,2,1,2,0,1300,70,20,7.23777819192344
70,1,1,1,650,3150,NA,40,8.28425179762192
80,1,1,1,1300,6500,NA,83,8.97259066827261
60,2,2,1,900,5700,NA,73,8.83724564389847
100,3,3,3,1000,3300,NA,42,8.46800294722547
260,4,2,3,0,3850,NA,58,8.37539918579835
300,3,5,4,0,6500,853,98,8.91623773172148
86,3,3,2,550,2500,200,32,8.09651291750159
250,4,4,2,0,6600,0,100,8.81001204797317
48,1,1,0,250,900,NA,14,7.44249272279444
70,3,2,2,554,1900,228,26,7.9043348420851
82,3,2,2,915,2100,NA,27,8.10016144693661
80,3,2,1,790,1900,164,25,7.96554557312999
429,5,4,5,0,10500,334,187,9.30755782269154
104,2,2,1,580,1700,122,22,7.79358680337158
35,1,1,0,525,2600,96,34,8.08825472712243
240,4,2,1,1200,4500,217,58,8.69550672681265
40,1,1,0,180,850,41,11,6.98749024700099
400,3,3,2,0,12000,0,181,9.40763263969996
90,2,2,2,965,4500,36,58,8.62335338724463
45,2,1,1,457,1720,91,22,7.7367436824535
110,3,2,0,0,2000,60,31,7.64587582518481
110,4,2,2,1300,1900,NA,25,8.19035440376326
143,2,1,2,900,2500,NA,37,8.19478163844336
60,2,2,2,894,1100,210,14,7.70481192293259
124,3,3,2,1100,2791,339,36,8.358666283188
55,2,1,1,580,1490,21,19,7.65491704784832
73,3,2,2,760,2500,283,32,8.18200013629341
200,4,4,2,900,4100,500,55,8.62263370387423
70,1,1,0,150,850,46,13,6.96602418710611
44,1,1,0,370,2600,NA,33,8.00770001288403
87,2,1,1,1350,2500,209,33,8.3170334764924
60,1,1,1,345,1290,35,19,7.43248380791712
200,3,5,3,1513,4350,584,56,8.78017265122765
80,2,1,1,660,2900,0,37,8.18813341451048
51,2,1,1,270,1080,25,16,7.23849684089437
147,2,3,2,1500,12000,NA,153,9.55754057195237
210,3,4,3,1817,10000,685,134,9.44470077849556
110,3,2,2,0,3200,0,41,8.08394570229562
50,1,1,0,287,1100,46,17,7.28000825288419
32,1,1,0,360,1430,62,19,7.53476265703754
82,3,2,1,410,1000,NA,14,7.30586003268401
98,3,3,2,1100,2100,NA,27,8.17807746384961
170,4,3,2,2300,9000,667,116,9.39938924951956
20,1,1,0,602,1800,130,23,7.84619881549743
168,4,3,2,430,2000,NA,27,7.85010354517558
50,2,1,0,215,800,NA,11,6.99301512293296
212,4,4,3,2300,9200,1046,117,9.44628168152025
73,2,2,1,700,1250,150,16,7.65775527113487
50,1,1,1,500,1800,0,23,7.7510451179718
20,1,1,0,602,1800,NA,23,7.84619881549743
190,1,1,1,0,3900,162,64,8.32530602975258
450,4,6,2,0,4900,NA,74,8.60538720215215
180,5,5,4,0,4500,270,74,8.48570252432487
682,6,7,6,0,5500,NA,91,8.70284253830287
68,2,1,0,593,1000,NA,13,7.60439634879634
58,2,1,0,0,1300,NA,19,7.18538701558042
60,3,2,1,404,1100,83,15,7.37963215260955
50,1,1,1,750,1160,185,15,7.65491704784832
120,3,3,1,0,2200,145,30,7.89207842124812
43,2,1,1,465,2000,0,26,7.82084087990734
91,1,2,2,2076,13000,NA,165,9.65380750221735
75,2,1,2,1250,1600,NA,21,8.00869818298853
300,4,3,4,4900,6000,1500,77,9.43196276691845
74,2,2,2,500,4920,NA,63,8.60959004068221
90,3,2,2,472,1550,NA,21,7.66293785046154
154,4,4,3,1670,8500,NA,114,9.25349564229011
280,3,3,7,0,8670,450,131,9.13259502335133
150,3,3,2,1570,4000,NA,51,8.7220913023891
20,1,1,0,602,1800,130,23,7.84619881549743
110,2,2,0,664,2690,0,35,8.1285852003745
247,4,4,4,2900,2550,684,33,8.72712991524317
220,3,4,2,400,15000,NA,226,9.70874922572708
70,2,2,0,0,3800,NA,58,8.28121766128665
98,3,2,2,1400,1760,NA,23,8.17948018535889
300,4,6,6,6300,15000,3400,191,10.1222615713324
80,2,1,1,755,4000,212,59,8.52257866369258
57,2,1,2,645,1450,69,19,7.6889133368648
75,2,1,0,0,1200,NA,16,7.15773548424991
70,2,2,1,741,2300,75,30,8.05420489706441
80,2,1,0,330,1700,NA,22,7.62705741701893
372,5,4,6,0,9200,1041,139,9.24773249119324
120,3,2,2,722,4500,238,58,8.6159519634395
71,1,1,1,486,750,NA,10,7.17242457712485
130,3,3,2,1200,3500,342,45,8.53464010501996
300,2,1,2,0,2800,350,43,8.06902932877496
320,5,4,3,660,3400,220,46,8.37262974022488
200,3,2,2,0,12000,369,197,9.43914785291483
56,2,2,1,250,1600,84,24,7.58018941794454
165,3,2,3,1260,3730,NA,48,8.69851424787661
35,1,1,0,0,1290,0,17,7.17625453201714
96,3,1,1,575,2200,154,30,7.99294454731811
450,4,5,4,0,6500,230,98,8.82893352896109
227,4,4,3,4200,6900,1534,88,9.45100945015621
40,1,1,1,700,2600,25,33,8.11939858961229
288,4,5,4,3600,6000,1150,77,9.29016767183574
90,1,2,0,325,1300,54,18,7.43720636687129
45,2,1,1,320,1290,NA,17,7.39510754656249
63,2,2,1,453,2800,NA,36,8.14293601043227
120,3,2,2,600,2200,120,37,7.99226864327075
94,3,2,2,1046,7150,341,91,9.06288390250831
60,1,1,1,316,500,10,8,6.72743172485086
106,3,2,2,300,4000,NA,59,8.40290404501411
167,3,4,2,2884,2900,732,37,8.78783082925876
69,2,3,2,700,2600,172,35,8.16280135349207
300,4,4,1,0,3400,292,52,8.22817689595132
50,2,1,0,800,2473,3,32,8.10440130792161
40,1,1,0,500,850,42,13,7.24850407237061
380,4,3,3,3500,5800,1600,74,9.30301070681749
20,1,1,0,0,750,0,10,6.63463335786169
50,2,1,1,270,950,43,13,7.15226885603254
60,2,2,1,600,4500,50,58,8.55814317774519
40,1,1,1,300,3470,70,44,8.26487826280175
62,2,2,1,700,1730,22,22,7.81399567500279
230,3,3,0,1950,7200,667,93,9.20140053040671
45,2,1,1,300,870,NA,12,7.07580886397839
60,2,1,0,340,730,20,11,7.00488198971286
65,2,2,1,682,1039,42,14,7.48324441607385
90,3,1,0,500,2710,8,35,8.08764028777898
150,3,3,2,0,3400,325,52,8.23695004806146
180,3,4,3,2848,4330,1228,55,9.04334083128001
95,3,2,2,150,1650,NA,22,7.5847730776122
45,1,1,0,450,2200,50,29,7.91205688817901
216,3,5,0,3200,15000,1500,191,9.89802264710506
58,1,1,0,540,900,66,12,7.32580750259577
42,1,1,0,0,3256,0,42,8.10137467122858
40,1,1,0,350,750,42,11,7.05098944706805
220,4,4,3,2200,4930,NA,63,8.98757175036705
42,1,1,1,410,2690,172,36,8.10440130792161
421,3,3,1,5000,10000,834,129,9.67790352568256
226,4,2,2,1850,3000,NA,39,8.57414047185799
55,1,1,0,0,1400,0,18,7.25770767716004
61,1,1,1,350,2200,NA,33,7.88269220628903
50,1,1,0,630,1000,NA,13,7.5109777520141
300,4,4,0,2700,9600,500,122,9.46660917372222
58,2,2,2,470,2550,0,38,8.0258433441509
104,3,3,2,1200,3900,200,57,8.58634605010455
72,2,2,0,1000,2500,200,33,8.22523532410167
65,3,1,1,470,1100,1500,14,8.03430693633949
160,4,2,2,1506,4900,460,63,8.84361509218395
40,1,1,0,380,730,11,10,7.03174125876313
23,1,1,1,520,2300,NA,30,7.97590836016554
35,1,1,0,0,900,50,14,6.87212810133899
28,1,1,0,200,840,NA,13,7.00669522683704
20,1,1,0,602,1800,NA,23,7.84619881549743
68,2,2,1,750,1880,189,24,7.95296679092313
70,3,1,1,549,1200,0,16,7.47647238116391
127,2,3,2,996,3800,292,49,8.54441917766983
138,3,2,3,0,5200,231,79,8.61450137388324
53,1,1,1,588,550,73,7,7.10578612948127
130,5,2,0,0,3000,NA,39,8.03171037532204
39,1,1,1,334,800,NA,12,7.05444965813294
60,2,1,0,340,980,8,15,7.20340552108309
300,4,4,4,4000,1400,834,18,8.7408166275673
500,3,3,5,0,8500,534,128,9.12292891496521
90,3,2,1,495,1600,NA,21,7.69302574841789
120,3,1,2,150,1790,NA,23,7.65633716643018
134,3,5,2,1152,4900,NA,63,8.71866356704895
78,2,1,1,605,1300,106,17,7.61529833982581
55,1,1,1,850,4300,21,55,8.56159277871292
167,3,3,2,1315,5500,292,70,8.87877607170755
15,1,1,0,0,1200,0,16,7.10414409298753
46,2,1,1,200,1050,27,14,7.16394668434255
30,1,1,0,750,4000,67,52,8.49084921607663
60,2,2,1,700,2198,125,29,8.02387999273488
380,3,3,4,0,4200,300,64,8.42617379302907
95,3,2,1,722,1400,129,19,7.72797554210556
55,2,2,1,380,1850,NA,24,7.72090525193678
55,2,1,1,180,850,0,12,6.94985645500077
30,1,1,0,350,1140,0,15,7.31721240835984
58,2,1,0,500,4000,NA,52,8.46653127661401
480,4,5,2,0,6000,2308,91,9.0359869848314
97,3,2,2,600,2100,NA,27,7.9218984110238
33,1,1,1,1791,1300,155,17,8.090708716084
192,3,4,2,1600,8500,0,108,9.23122084955554
114,4,2,1,2500,3000,NA,39,8.6978466911095
70,2,2,0,800,4000,NA,51,8.49739856408806
240,3,4,4,2800,7000,NA,89,9.19927942461676
110,3,1,0,630,1850,NA,28,7.85902697975154
950,6,5,2,0,13000,NA,198,9.59567079766397
55,1,1,1,812,3200,0,41,8.30745932701195
166,4,3,3,1860,2050,284,26,8.3478273457825
117,3,3,2,1090,4000,329,59,8.60867788153842
115,3,2,1,680,1364,91,5,7.66902828858968
55,2,1,1,385,940,20,12,7.21376830811864
85,1,2,1,800,2800,92,36,8.22389538017882
61,1,2,1,680,2270,25,29,8.00803284696931
34,1,1,0,370,2600,NA,33,8.03203531439882
70,3,2,0,290,1500,0,22,7.50273821075485
85,2,2,0,560,6000,250,43,8.83258770243455
93,2,1,1,985,5500,NA,70,8.80477525886769
150,3,2,1,1600,3600,310,46,8.62281367327992
48,2,1,1,452,1740,NA,23,7.76259604854007
70,2,1,0,0,1200,42,16,7.13807303404435
80,2,2,1,420,3000,107,39,8.17948018535889
137,3,3,3,1500,9800,417,125,9.37932336433096
230,3,4,3,3700,12000,NA,153,9.68103126500206
95,3,2,1,1018,4300,380,55,8.65765054411149
87,2,2,1,826,1950,219,26,8.01367414283268
800,8,7,4,0,14000,NA,230,9.61986390021185
88,3,1,2,685,1400,35,18,7.66809370908241
245,3,3,1,1904,12000,NA,153,9.58472752451349
34,1,1,0,370,2800,74,36,8.0959035329611
469,4,5,4,5706,15000,NA,191,10.0502251086477
113,2,2,1,1566,8000,NA,104,9.2272958126256
200,4,4,3,2000,4000,475,54,8.78416222227048
44,1,1,0,632,1700,86,22,7.80016307039296
45,2,1,1,530,1440,NA,19,7.59588991771854
63,2,2,1,690,1850,103,24,7.88908440703551
58,1,1,0,500,867,42,13,7.26052259808985
55,2,2,1,670,2500,199,32,8.13211877295581
320,4,4,2,4110,8000,645,102,9.46195475526609
57,1,1,1,1500,1400,158,19,8.03203531439882
240,5,2,3,0,6500,290,98,8.8376812155932
127,3,2,1,1780,3300,400,42,8.61667646990119
18,1,1,0,0,1710,0,22,7.45760928971561
35,1,1,0,480,500,14,7,6.90975328164481
320,3,5,3,0,9000,0,136,9.12008738299862
46,1,1,0,450,500,14,7,6.87935580446044
130,3,2,1,1168,6290,233,80,8.95828281049733
37,1,1,0,0,1625,NA,25,7.40913644392013
136,3,4,2,970,2500,131,32,8.19808924895612
81,2,2,1,787,1400,71,18,7.73061406606374
38,1,1,0,400,1450,0,19,7.53369370984863
198,3,4,2,0,2500,259,38,7.93666015522543
220,5,4,4,400,2700,NA,36,8.10379671298179
125,3,4,1,1100,4900,NA,63,8.71012492732221
450,4,6,4,4000,15000,2500,191,9.98465270695364
145,3,2,2,1834,3000,546,39,8.59785109443369
70,3,1,2,100,1600,NA,22,7.77904864492556
140,3,4,3,2200,8000,550,117,9.293853972204
100,3,2,1,285,1930,100,25,7.75833346749091
39,1,1,0,0,1300,0,17,7.18387071506245
98,2,2,1,1600,3500,225,46,8.58895555764313
367,4,5,3,3200,8500,1167,108,9.471242028893
61,2,2,1,764,4200,NA,54,8.54733434832822
66,2,2,1,568,2100,NA,28,7.98036576511125
235,3,3,0,2550,8300,709,106,9.36486241141235
110,3,3,2,560,3200,88,49,8.26821888006751
84,3,2,1,780,2200,25,28,8.01763715990848
165,3,1,3,0,3400,384,52,8.25244609024695
90,2,1,0,0,1320,70,22,7.25347038268453
48,1,1,0,0,1150,34,18,7.09257371597468
60,2,1,1,0,950,NA,17,6.90975328164481
92,3,2,2,960,3300,NA,42,8.43836641087027
80,3,1,1,880,3000,213,39,8.32675881451173
25,1,1,0,0,650,NA,9,6.49223983502047
220,4,4,4,2200,5500,832,70,9.05986625862135
74,2,3,1,894,1584,118,6,7.86441990499457
98,2,2,0,660,2500,NA,32,8.06871619271478
69,2,2,1,810,1400,18,18,7.71735127218533
90,2,1,1,0,2500,NA,38,7.92226105835325
105,2,2,0,1180,3430,174,45,8.48260174664662
400,3,4,4,0,12000,1667,181,9.5361127111751
110,2,2,2,0,2700,300,41,8.02027047281924
245,3,4,3,2900,14000,NA,178,9.7981825908907
60,1,1,1,0,3000,0,40,8.01994168767737
40,1,1,0,350,800,NA,12,7.09754885061479
35,1,1,1,0,1400,0,21,7.25981961036319
35,1,1,0,1400,2595,0,33,8.30127348519135
500,3,2,8,0,4000,NA,61,8.45404037641097
30,1,1,0,700,1650,0,25,7.77317368048254
200,3,3,0,0,1800,NA,30,7.51261754467451
33,1,1,1,1512,1464,313,19,8.10440130792161
47,1,1,1,400,2200,0,33,7.87625888230323
50,1,1,0,0,810,34,13,6.75460409948796
54,2,2,2,691,2400,103,31,8.07899825868515
60,2,1,0,670,2500,34,33,8.08271113423758
36,1,1,1,510,2300,105,30,7.98820359702258
205,4,4,4,2608,5000,796,67,9.04452188728124
625,5,3,2,0,15000,1250,229,9.70996348123418
60,2,1,1,0,900,48,12,6.86797440897029
50,1,1,0,850,2480,20,32,8.12651816878071
185,2,3,3,2600,5500,834,70,9.10553525761006
256,3,4,4,2800,7000,1000,89,9.29569203907569
170,3,3,2,2377,9500,828,121,9.45961939689502
90,3,1,0,280,1500,5,22,7.49997654095212
110,2,3,0,0,3500,125,47,8.20876404581967
89,3,2,2,900,1897,176,25,8.00603417874901
54,1,1,1,600,3600,NA,46,8.38845031552351
113,3,2,2,0,2990,22,45,8.02551638648901
100,3,1,1,1350,3000,92,39,8.40782465436087
400,4,6,5,4900,8160,2084,104,9.63240035365618
65,2,1,1,708,1600,0,21,7.75362354655975
65,3,2,1,380,1980,NA,29,7.79811262882979
50,1,1,1,2000,2000,382,26,8.39140318535794
150,3,3,1,932,4800,NA,62,8.69533937679971
170,4,3,4,1876,2350,576,31,8.48342956126343
164,4,2,2,310,3500,NA,47,8.29454951514368
470,3,4,0,2600,7900,900,119,9.35192673603805
430,4,6,2,2360,3378,286,43,8.71078434046842
108,3,3,2,0,2800,209,43,8.02387999273488
75,2,2,1,270,1300,NA,18,7.43070708254597
200,4,3,1,0,4050,NA,72,8.38320455141292
32,1,1,1,60,850,67,12,6.89770494312864
40,1,1,0,474,2500,59,33,8.02845516411425
360,4,5,4,5420,12750,2779,162,9.95754951063466
55,1,1,1,1250,3450,250,46,8.51659301134421
30,1,1,0,473,2030,66,27,7.86211221166275
59,2,1,1,313,1640,40,21,7.60837447438078
120,3,2,1,1695,3300,231,43,8.56978564153541
78,3,2,2,250,2000,292,31,7.85321638815607
95,2,3,0,1700,6020,250,78,8.99330313909373
180,3,3,1,1680,5000,192,64,8.8446246833853
91,2,3,2,1350,4675,417,60,8.78001888786915
70,2,1,1,600,1800,1,23,7.79358680337158
315,3,5,4,4475,5820,NA,74,9.38101098602928
56,2,1,1,1302,2800,249,37,8.38685668968823
480,4,3,3,0,13500,834,203,9.58472752451349
400,3,3,6,0,15000,1123,226,9.70204433653459
83,4,2,2,270,1500,225,20,7.60887062919126
47,1,1,1,400,2200,0,33,7.87625888230323
90,2,1,1,0,1450,NA,22,7.3178761986265
131,3,2,1,1100,2500,125,37,8.23297179059344
700,5,7,3,0,13000,NA,196,9.56668526145293
180,3,2,0,0,3200,359,53,8.19229373114764
60,2,1,0,457,1134,55,15,7.41577697541539
50,1,1,1,1300,1300,68,19,7.89655270164304
200,3,2,3,300,2500,600,38,8.14293601043227
80,4,3,1,1500,3000,NA,39,8.46421426662535
54,2,1,1,320,1580,69,21,7.5963923040642
150,3,2,1,1600,6000,284,77,8.98243550356026
129,3,3,1,1100,2300,78,30,8.16308637558322
200,3,2,1,2100,8500,NA,108,9.31748928749323
65,1,1,0,350,1800,30,24,7.69848278788095
210,4,2,2,0,8000,684,121,9.0831885863157
115,3,2,2,1465,2850,141,37,8.41049845274527
350,4,5,5,2500,5000,NA,67,9.09481728072064
55,1,1,0,0,1500,NA,23,7.38336814699238
46,1,1,0,1200,4300,292,31,8.66974258987652
160,3,2,1,1400,3100,NA,40,8.49515206053936
230,4,4,4,2260,6000,NA,80,9.16858043772795
180,4,4,4,2400,10000,1000,127,9.51273862826364
440,4,3,7,0,15000,1084,226,9.69959500581403
90,2,2,1,1000,3000,50,39,8.31630024903685
45,1,1,0,285,500,0,7,6.67582322163485
77,3,1,1,1316,3000,117,39,8.40581460343285
25,1,1,0,0,1000,NA,13,7.00124562206948
65,3,1,1,588,1380,NA,18,7.6506445514369
60,2,2,0,400,1085,55,16,7.350516171834
50,2,1,1,230,799,NA,11,7.01031186730723
103,3,2,2,1224,1600,NA,21,8.10500553754725
35,5,1,0,0,2500,200,38,7.91534816926308
121,2,1,2,300,1200,75,18,7.37400185935016
307,4,6,4,0,9100,NA,137,9.31298720893633
150,3,2,2,2200,6800,594,88,9.17812704961153
98,2,3,2,450,2200,167,33,7.95542508891267
16,1,1,0,0,850,59,11,6.82546003625531
45,1,1,1,507,2800,142,38,8.15708378502887
45,2,1,0,525,1300,15,17,7.52725591937378
70,3,1,1,550,1200,0,16,7.4770384723197
200,4,2,2,0,6500,500,98,8.86770920803939
155,3,2,1,1950,3800,NA,49,8.71259548774872
35,1,1,1,0,1020,30,13,6.96979066990159
60,3,2,1,452,800,50,11,7.18083119904456
35,1,1,0,0,874,NA,12,6.82110747225646
67,2,2,1,580,3500,60,45,8.33950090300594
38,1,1,0,100,1380,NA,18,7.35627987655075
190,4,4,4,2690,7700,NA,103,9.35452729228868
45,1,1,1,0,1300,NA,20,7.22983877815125
600,5,5,4,3300,5000,NA,76,9.13701670755734
27,1,1,1,0,3700,0,47,8.22897764335831
160,3,2,2,0,3500,NA,53,8.21229713822977
320,4,6,4,0,12000,782,160,9.46815584482167
41,1,1,1,120,2680,110,41,7.99023818572036
60,1,1,1,646,3900,109,50,8.45659356928731
66,1,1,1,762,3500,65,45,8.38320455141292
41,1,1,0,800,1700,85,22,7.86633892304654
98,2,3,3,800,4150,375,53,8.59025776227324
75,2,1,0,1310,1283,0,17,7.86748856869913
62,2,1,0,706,1700,97,22,7.83439230291044
120,2,1,1,0,1300,50,20,7.22329567956231
98,1,2,2,1241,4000,422,51,8.65084957622891
380,4,5,4,0,10500,815,158,9.34757739028127
45,1,1,1,1600,1800,177,23,8.18896686364888
65,2,1,1,409,800,17,11,7.12125245324454
88,2,1,1,800,3400,150,44,8.38822281011928
250,3,4,2,0,3000,233,46,8.09559870137819
108,1,3,2,980,4500,NA,58,8.6195692580331
160,3,2,2,1200,3900,221,50,8.58895555764313
70,2,1,0,0,1300,50,20,7.22329567956231
320,4,5,5,0,10870,NA,164,9.42955621995241
68,3,1,1,522,1600,NA,7,7.66387725870347
130,3,2,1,1050,4500,150,58,8.65851912750667
600,3,3,3,6826,15000,2860,191,10.1218597389714
127,3,2,2,600,2900,220,43,8.23323750070527
200,4,4,4,1,2650,283,41,7.99833539595298
90,3,2,2,950,2800,234,36,8.29928590689727
135,2,1,0,0,2000,NA,26,7.61677580869837
70,2,2,0,600,3100,50,46,8.2419665602318
46,1,1,1,700,3000,NA,39,8.26178467951475
20,1,1,0,0,2060,NA,27,7.64396194900253
350,3,6,4,2200,8500,1035,108,9.37932336433096
45,1,1,1,616,1900,NA,25,7.88269220628903
223,3,3,0,2409,765,350,10,8.17046857833067
115,1,2,2,1327,1550,NA,23,8.03203531439882
85,3,2,1,250,1450,73,20,7.49220304261874
63,2,1,1,498,840,90,11,7.27239839257005
69,3,2,1,305,1600,NA,22,7.60986220091355
48,2,1,1,150,900,0,12,6.96885037834195
400,5,4,2,3000,8000,34,104,9.31838727605932
49,2,1,1,395,1250,0,16,7.41577697541539
120,4,2,2,0,4500,89,68,8.44634145044429
168,3,4,3,1900,7300,1000,93,9.23902500583609
80,3,1,0,1050,2700,167,35,8.28223006329669
100,2,4,2,1600,5990,NA,76,8.99764207852351
38,1,1,1,1100,2863,0,37,8.29429960885724
45,1,1,0,550,550,0,9,7.01211529430638
123,3,3,0,0,4000,42,61,8.31971738685061
200,4,2,3,910,2390,267,31,8.18841130807903
73,3,1,1,547,1140,100,15,7.49720722320332
80,2,1,1,1036,7450,NA,95,9.0687768076544
185,4,3,3,3250,11340,1835,147,9.71540945862979
100,3,3,4,0,9775,0,147,9.20261057391424
240,3,3,2,0,4350,385,66,8.4767877767812
405,4,3,2,4032,14000,1649,181,9.89651328879879
130,3,4,4,1100,3280,490,50,8.50126704086598
129,2,3,1,900,1925,61,29,7.97796809312855
130,2,2,2,0,2700,123,41,7.96032362914884
73,2,1,1,550,2500,NA,37,8.05134093329298
50,2,1,1,530,1200,109,16,7.52617891334615
90,3,2,1,300,1859,NA,7,7.7367436824535
25,1,1,0,0,1050,NA,14,7.04664727784876
556,4,5,7,0,7000,2059,106,9.12325626506907
23,1,1,0,30,950,NA,13,6.93537044601511
110,2,2,0,700,3500,NA,52,8.35537989525363
350,4,3,3,4459,15000,0,191,9.88588350658777
300,4,3,5,0,4100,NA,62,8.3387839714422
20,1,1,0,0,2050,0,26,7.63867982387611
31,1,1,1,550,460,92,7,7.01211529430638
250,4,3,3,0,4350,NA,66,8.44827174594982
200,4,2,2,1280,4300,429,58,8.71078434046842
500,4,7,6,5400,5000,NA,64,9.57921064961479
105,3,2,0,940,5660,0,73,8.80597465931132
320,5,3,8,0,14000,917,211,9.62450089845157
236,4,4,0,3035,3500,985,45,8.93141980519298
50,1,1,0,710,3100,85,12,8.27078101316267
65,2,1,0,180,1130,NA,15,7.18992217074581
502,4,3,4,0,6500,436,107,8.8599314696161
160,3,3,2,0,6700,295,101,8.86742743852498
90,2,2,1,0,1950,NA,30,7.65254569269392
44,1,1,1,390,1200,74,16,7.42714413340862
200,4,7,4,0,8000,575,121,9.07073341758977
150,3,2,0,715,1700,210,22,7.8815599170569
578,4,5,8,0,9500,787,143,9.25253742067597
85,3,2,1,996,3560,150,46,8.46653127661401
67,1,1,1,0,1000,0,6,6.91473089271856
900,6,6,6,0,5570,1084,92,8.81685324062743
182,4,4,3,2100,3400,542,44,8.71391062849392
54,2,1,1,100,800,NA,11,6.87729607149743
33,1,1,0,350,1650,0,21,7.61184239958042
236,4,5,4,3950,15000,NA,191,9.8668754340394
33,1,1,1,570,1630,NA,21,7.71020519443253
25,1,1,0,350,1800,0,23,7.68432406768116
400,4,4,6,0,7000,209,125,8.90041269057708
130,4,2,2,1300,4200,592,55,8.72388210465849
240,4,3,3,4976,15000,1813,191,9.99793372282807
190,4,3,2,2700,7700,1305,98,9.37593955262575
42,1,1,1,330,2100,NA,27,7.84971375760487
112,2,3,2,1890,3580,418,46,8.68862230704377
108,3,2,2,900,3100,92,46,8.32820949174873
50,1,1,0,250,1100,38,15,7.24708058458576
60,2,1,1,200,1040,0,14,7.13489085156588
60,3,1,1,500,1480,0,19,7.60090245954208
462,4,4,0,0,10000,2700,151,9.46117690830714
70,1,2,2,1000,4500,NA,58,8.67436786578824
72,2,1,1,850,2300,0,30,8.06495089174914
320,4,5,0,4600,8700,2300,142,9.66402405235482
140,2,2,2,305,1600,99,22,7.614312146452
60,1,1,0,250,1300,NA,17,7.40427911803727
114,5,3,1,0,6000,42,91,8.7216023446742
40,1,1,0,359,2000,NA,26,7.81439963380449
76,1,1,1,1300,5015,NA,64,8.7895077867369
170,3,5,3,1750,2800,600,36,8.5539107743514
156,4,2,2,435,2700,189,36,8.11999382772511
65,2,1,1,267,1000,34,13,7.18159194461187
67,1,1,1,350,840,25,13,7.11395610956603
110,3,2,1,790,2300,75,34,8.07090608878782
300,4,5,5,4500,8800,2750,112,9.69035621134864
47,1,1,1,400,2200,NA,33,7.87625888230323
35,1,1,0,120,1300,39,17,7.29776828253138
46,2,1,0,352,1400,0,19,7.47986413116503
60,2,1,0,990,2500,50,32,8.18116085802341
170,3,2,3,0,5000,NA,76,8.53247581494739
30,1,1,0,300,1600,NA,21,7.58273848891441
84,2,2,1,900,2750,275,36,8.2845042272585
720,4,5,4,0,12000,3200,181,9.64088826045181
83,2,1,0,230,1300,31,19,7.36581283720947
250,3,3,1,2000,6500,NA,83,9.09110628405248
325,3,5,0,4285,5800,2049,74,9.41009246383302
98,1,1,1,730,2800,152,36,8.22121009392507
95,2,2,1,0,2400,180,37,7.87016594646984
380,4,4,4,3300,1500,1917,20,8.8155184239665
70,2,1,0,730,1600,240,21,7.86018505747217
86,3,3,0,1100,2500,75,32,8.21824792668574
367,4,3,8,0,4500,404,74,8.51298434664218
495,5,5,4,3100,15000,2180,191,9.92676452944062
320,4,4,6,5281,15000,3151,191,10.0698914258577
197,3,4,3,2000,10000,0,127,9.40351943877092
140,4,2,1,1800,2100,NA,27,8.39253658681668
105,2,1,1,530,1960,NA,26,7.84893372636407
200,3,4,4,1800,2953,686,38,8.60849534982302
88,3,2,1,600,1960,1180,26,8.23403420769204
96,3,3,2,855,3700,NA,47,8.53483662658883
192,3,4,4,2350,8500,NA,108,9.30209879721572
110,3,4,3,1446,3800,467,49,8.65921345143667
43,1,1,2,500,2500,75,37,8.04334217044161
48,2,1,1,400,1650,51,21,7.66058546170326
65,2,1,0,0,1300,34,20,7.2115567333138
400,5,3,6,0,13950,1880,210,9.68290322361684
160,3,2,0,0,1600,117,25,7.46336304552002
60,2,1,1,314,1000,0,13,7.19142933003638
110,3,2,2,1590,2200,NA,28,8.36846113761584
56,3,1,1,320,1000,61,14,7.24136628332232
140,3,2,2,1780,7500,417,97,9.18962733037864
150,3,2,3,0,2500,0,38,7.83952558170468
208,3,4,3,1900,3800,1100,49,8.83200393125627
32,1,1,0,550,1250,0,17,7.50549227473742
50,1,1,1,1500,500,105,7,7.65586401761606
300,5,3,4,0,6000,0,99,8.7160440501614
32,1,1,1,450,3250,0,42,8.22764270790443
900,5,5,2,2700,1000,542,15,8.35655484545343
40,1,1,0,0,850,0,11,6.75925527066369
301,3,3,4,0,5860,34,105,8.69951474821019
299,5,4,2,800,5600,691,85,8.87863674743007
131,3,2,1,2100,2400,NA,31,8.45871626165726
78,2,1,1,615,1000,71,13,7.43838353004431
45,1,1,0,0,928,NA,14,6.90775527898214
250,5,3,2,0,2960,232,45,8.08271113423758
40,1,1,0,320,650,NA,10,6.89770494312864
40,1,1,1,500,2200,50,33,7.93164402145431
244,3,6,4,2600,15000,NA,191,9.86894786626138
190,2,3,0,0,2500,NA,41,7.84619881549743
80,3,2,1,500,1800,NA,27,7.75276480885133
56,1,1,1,2500,4600,467,59,8.93944986216424
53,1,1,0,390,1100,14,14,7.32580750259577
243,4,4,4,2800,10000,NA,134,9.55965831946135
62,2,1,0,0,1268,0,20,7.16162200293919
110,2,2,1,700,1450,NA,22,7.7397944584087
176,3,3,3,1950,5000,542,64,8.93022956502072
150,3,2,1,0,4500,110,68,8.45083969086622
190,4,4,3,2289,7000,NA,89,9.23415455007544
62,2,1,0,839,2383,97,31,8.11701408773731
78,2,1,0,280,1520,0,20,7.50714107972761
330,3,6,5,0,7100,0,107,8.88294679928817
284,4,4,1,3010,7950,692,103,9.37254425185104
999,6,6,6,0,10800,1500,178,9.43196276691845
55,1,1,0,600,1100,60,14,7.48155570190952
50,2,1,1,230,1520,40,20,7.50163445788341
109,4,3,1,680,1950,NA,29,7.9291264873068
420,4,4,2,3300,13000,NA,165,9.7914939755752
40,1,1,0,390,500,NA,8,6.80128303447162
140,3,3,2,1300,2800,NA,36,8.3959291039232
400,4,5,3,3000,8695,834,116,9.44549154241467
28,1,1,1,537,3076,80,39,8.22496747891458
74,2,2,0,610,1650,0,21,7.73280753042202
41,2,1,1,200,1100,79,15,7.24064969425547
76,2,1,0,500,2290,0,30,7.944846711002
233,3,3,0,870,1600,96,22,7.85902697975154
30,1,1,0,253,1250,NA,16,7.34601020991329
530,4,5,6,0,5950,NA,90,8.88751459738882
94,3,3,2,750,2200,192,28,8.06180227453835
160,3,3,1,2000,4500,84,58,8.80131894766524
84,3,3,1,1500,3860,NA,50,8.6376393444921
120,3,2,2,2150,4610,400,59,8.88461023188687
180,3,2,2,2192,4000,413,51,8.8034242116007
51,2,1,1,720,3700,5,47,8.40581460343285
65,1,1,0,300,1250,25,19,7.37462901521894
206,3,2,3,1900,3910,417,50,8.7448067374019
75,3,2,1,330,1740,110,26,7.69938940625674
125,3,2,4,1000,6500,NA,95,8.96072450033086
75,3,2,2,1250,1600,NA,21,8.01763715990848
96,3,1,1,1172,3550,140,45,8.4986218058308
80,2,2,1,600,1500,109,20,7.70975686445416
45,2,1,1,250,1100,22,17,7.23705902612474
68,2,1,1,400,1310,NA,17,7.48885295573346
50,2,1,1,345,2750,72,41,8.07371464110986
200,2,4,1,0,15000,NA,226,9.6841492520629
100,3,2,2,1239,7950,NA,101,9.16993495734114
107,2,1,0,480,4950,55,63,8.6213730103259
60,1,2,0,430,2244,NA,29,7.9208096792886
180,6,3,2,0,3800,350,58,8.34498036877057
85,3,2,2,100,2500,NA,38,7.90617884039481
20,1,1,0,150,3142,67,40,8.13153071060425
260,4,3,2,0,9700,611,160,9.25636481028746
152,4,4,3,1350,4100,525,55,8.70466811345099
25,1,1,0,590,1336,NA,18,7.60489448081162
80,2,1,1,0,1900,NA,29,7.82284529027977
79,2,2,1,400,3200,NA,27,8.19643681123503
70,2,2,1,1600,3440,250,44,8.58204416373585
92,2,2,1,1590,2490,NA,32,8.35960327084147
68,2,1,0,515,1650,73,25,7.72488843932307
158,3,3,2,1995,5500,529,70,8.99900186611174
45,1,1,1,716,3300,166,42,8.34877453979127
284,5,2,3,0,4500,270,74,8.48570252432487
500,4,6,3,0,15000,845,226,9.68477168454907
151,4,3,3,2061,4000,736,51,8.83185793519791
65,2,1,1,360,1066,15,16,7.2848209125686
70,2,1,0,100,2000,42,26,7.68202151082687
115,4,3,4,1133,7000,NA,89,9.0146903849709
155,1,1,2,1952,5500,NA,70,8.92572027356022
35,3,2,0,0,1600,84,25,7.44424864949671
71,3,2,1,310,1150,NA,16,7.35372233039963
48,2,1,1,391,1865,17,24,7.7397944584087
202,3,3,3,1500,7900,NA,116,9.2037184956673
18,1,1,0,360,830,10,13,7.10167597161944
76,3,1,1,484,1100,63,14,7.41577697541539
25,1,1,0,450,2070,80,27,7.8739783796045
68,2,1,1,1020,2800,101,37,8.28374674710613
44,2,1,1,296,1000,60,14,7.22329567956231
320,3,3,2,3300,4800,820,62,9.10308918122921
180,3,2,1,1300,4000,NA,51,8.62515033292133
250,3,2,2,0,6000,0,91,8.71473171401505
60,1,2,2,650,3000,167,44,8.25894046298846
180,3,2,2,0,5048,0,90,8.54461378699223
60,1,2,1,3800,3300,500,42,8.94154547524288
50,2,1,1,370,1290,30,17,7.44307837434852
35,1,1,0,0,1100,30,14,7.04315991598834
270,4,4,0,2300,14000,1917,178,9.82016028994637
479,4,5,4,0,9500,525,143,9.2272958126256
50,1,2,1,1100,5400,259,69,8.82893352896109
80,2,2,1,999,3000,118,39,8.33254893925264
110,3,2,0,550,1980,234,29,7.93522953981691
310,4,4,3,360,3000,341,40,8.22737550683403
500,4,4,3,5288,15000,82,191,9.9311513565186
256,3,3,2,0,5600,NA,85,8.99998964246073
52,2,1,1,540,1300,63,17,7.56060116276856
44,1,1,1,0,1200,0,18,7.10578612948127
100,2,4,2,885,3000,330,39,8.35585004100747
500,5,4,4,0,7000,NA,115,8.93603509656604
50,1,1,1,550,2180,200,28,7.99260665240021
402,4,7,4,2124,15000,NA,200,9.76886985581118
45,1,1,1,450,3900,105,50,8.41316512099219
40,1,1,0,370,830,60,11,7.14834574390007
35,1,1,0,265,1270,17,17,7.35883089834235
75,2,2,1,650,2500,179,33,8.12058871174027
190,3,4,4,3600,11000,NA,140,9.7002079011507
193,4,2,1,975,1800,NA,24,8.04462627976734
90,3,2,2,850,2180,NA,28,8.09223940672421
215,3,4,4,1740,3980,695,51,8.77446760144659
65,2,2,0,150,1700,84,22,7.57916796739608
93,2,2,0,1360,3180,272,41,8.48755838628655
50,2,1,1,300,1170,0,15,7.3038432252777
170,3,2,0,0,5550,255,84,8.68101127664563
380,4,3,2,3500,4000,NA,52,9.02437217426203
150,3,3,0,0,2560,0,39,7.86326672400957
45,1,1,0,900,1820,NA,24,7.94979721616185
80,3,1,1,0,2800,138,46,8.0013550258267
35,1,1,0,465,1200,0,16,7.42773884053289
22,1,1,0,50,700,5,9,6.63987583382654
107,3,2,2,1393,3300,413,42,8.54655780004614
125,2,2,1,0,1570,55,24,7.40853056689463
80,3,2,2,461,2000,59,30,7.84424071814181
24,1,1,0,500,2150,NA,28,7.92407232492342
87,3,2,3,914,1300,265,17,7.82284529027977
400,7,7,0,0,14000,1667,211,9.67287870511065
55,1,1,1,0,1100,80,14,7.08590146436561
48,2,1,1,470,1700,0,22,7.69302574841789
129,3,2,2,880,2250,156,29,8.10651451625519
200,3,3,0,850,2370,NA,31,8.1371033896393
240,5,4,4,0,4760,584,85,8.59969441292798
140,3,2,3,1100,8000,167,102,9.14526837523247
30,1,1,0,590,850,126,11,7.36391350140582
28,1,1,1,330,930,125,14,7.24422751560335
43,1,1,0,250,1700,0,22,7.58731050602262
184,4,2,3,2800,2550,417,33,8.66578559546606
120,3,3,2,1350,4800,NA,61,8.79664145894091
170,3,3,2,0,2750,100,42,7.97004930497614
77,3,2,1,400,2050,NA,26,7.83676478326407
50,1,1,0,200,1300,NA,19,7.33432935030054
42,1,1,0,350,1500,0,22,7.53529670244409
250,2,1,0,0,1500,9,23,7.33498187887181
33,1,1,1,170,1600,9,22,7.49665243816828
106,3,3,2,637,2250,133,33,8.02420748577858
480,5,8,6,0,13200,1230,199,9.59089784437816
74,1,1,1,826,6290,203,80,8.90923527919226
230,4,5,4,3500,6000,1167,77,9.28182347359805
62,2,1,0,440,1200,NA,16,7.43543801981455
103,4,3,0,800,2150,97,28,8.03138533062553
90,3,2,0,0,1590,180,24,7.49276030092238
15,1,1,0,0,1670,NA,22,7.43425738213314
137,3,3,1,1200,5500,303,70,8.86418136976543
50,1,1,0,270,600,NA,9,6.80572255341699
76,2,1,0,502,1700,62,22,7.73499619402278
168,4,3,3,1900,3500,768,45,8.73456008995299
148,3,3,3,2064,4348,542,31,8.85166342536678
220,4,3,3,1500,4600,547,62,8.81135422996573
120,3,3,2,200,2039,0,8,7.71779621101358
136,4,5,2,1300,3800,NA,49,8.59969441292798
50,1,1,1,750,860,84,12,7.44249272279444
78,3,1,1,500,1200,400,18,7.6586995582683
42,1,1,1,1200,2350,151,30,8.22469956196723
45,1,1,0,0,1400,69,18,7.30518821539304
170,5,4,4,0,6000,350,91,8.77059432989114
310,5,2,1,0,3500,208,58,8.23403420769204
170,6,5,1,0,3468,0,53,8.16678428905615
68,2,1,1,626,1200,0,16,7.51914995766982
380,4,5,5,4200,15000,NA,191,9.96133184222057
62,2,1,1,220,1590,40,21,7.53476265703754
30,1,1,1,500,1560,61,20,7.66949525100769
50,2,1,1,160,800,NA,11,6.87935580446044
20,1,1,0,0,500,42,7,6.30991827822652
63,2,2,1,0,1920,79,29,7.61529833982581
60,1,1,0,0,2000,0,31,7.61677580869837
86,3,3,0,1100,3000,100,39,8.352318548226
100,3,2,1,1020,2900,0,37,8.28349412616251
70,2,2,1,1100,2850,179,37,8.33495163142245
42,1,1,1,560,3300,NA,42,8.31262602567496
90,3,2,0,480,3000,NA,39,8.16650031915505
45,1,1,1,3000,5520,NA,70,9.05847042263806
73,2,3,1,400,1957,79,29,7.81035268372429
209,3,3,2,450,3500,NA,52,8.42178300661158
200,4,3,2,2200,2000,216,26,8.39908510293591
94,2,2,2,918,2700,92,35,8.22844388300403
115,2,2,1,300,1847,9,27,7.6889133368648
200,4,2,1,1800,3000,327,40,8.55024104546244
147,3,1,1,500,2666,100,39,8.10349427838097
60,1,1,1,1800,2000,0,26,8.2498364854257
200,3,3,6,0,6000,NA,91,8.79361207158931
150,2,1,0,450,1500,180,20,7.67368812926773
135,2,3,2,0,3300,67,50,8.13681086367554
78,1,2,2,682,2300,215,30,8.07961802938984
124,3,3,2,0,4000,92,61,8.33182700443606
102,3,2,1,800,3000,234,44,8.31360713931756
200,5,2,4,0,3200,NA,49,8.16593213732158
150,3,2,3,0,3000,375,46,8.13798045445214
40,1,2,0,800,1780,209,23,7.94200680848986
240,3,4,4,1700,5000,1000,64,8.95738173558279
102,3,3,0,1270,3500,434,45,8.56598335558567
149,3,3,2,2000,5400,0,69,8.91865027812686
300,4,2,3,0,7182,709,108,8.98719682066197
75,2,2,2,823,4200,NA,56,8.60593640125063
48,2,1,1,438,1723,0,22,7.6889133368648
58,2,1,0,515,1232,NA,16,7.50384074669895
59,2,1,0,430,700,NA,11,7.05531284333975
136,3,2,1,2300,3800,600,49,8.81729778386658
35,1,1,1,815,3200,NA,41,8.34426735626264
103,3,2,1,944,4400,NA,56,8.61740045183326
129,3,2,3,1190,3400,811,44,8.60263667323371
175,3,3,3,1700,3500,NA,45,8.59396903021829
96,3,2,2,750,3400,NA,44,8.37401542173991
60,2,1,0,700,1900,NA,25,7.89245204352035
38,1,1,1,335,1375,3,18,7.45703208912238
211,3,3,3,900,2500,264,34,8.21581779183245
72,2,1,1,650,1000,NA,13,7.42416528104203
440,1,2,4,1,9800,NA,148,9.2620785673806
70,3,2,1,500,2000,NA,26,7.87359778968554
70,1,1,4,0,1300,NA,20,7.21744343169653
53,2,2,1,412,1500,117,20,7.62559507213245
161,2,2,3,2500,4800,1125,61,9.04629085996968
180,3,3,1,2200,3100,300,22,8.6346206082922
260,2,5,4,0,4500,NA,80,8.44591198941127
60,2,1,1,0,1150,50,19,7.1066061377273
120,1,2,2,1000,9000,700,115,9.28924396957165
36,1,1,0,375,630,NA,10,6.94697599213542
278,4,4,4,2400,12000,155,160,9.59703032475801
113,2,2,1,1000,3000,50,39,8.31630024903685
30,1,1,0,350,3300,0,42,8.21419441485256
300,4,3,3,0,4000,283,61,8.37678103769949
48,2,1,1,288,820,NA,11,7.0604763659998
524,4,5,3,0,11050,1167,167,9.42391831842069
94,3,2,3,820,2200,NA,28,8.13123654969612
320,4,6,4,5400,15000,175,191,9.94131306207611
51,2,1,1,450,2500,17,32,8.00636756765025
78,2,2,1,1250,7250,390,92,9.10308918122921
40,1,1,0,600,1080,50,14,7.46450983463653
360,4,4,3,0,8000,750,121,9.0906555290302
47,1,1,1,650,2630,135,39,8.14757773620177
45,2,1,1,280,1650,NA,21,7.59135704669855
30,1,1,0,100,550,35,8,6.5424719605068
235,4,3,1,2500,5950,500,77,9.10808613793743
142,3,4,3,2000,5440,NA,69,8.9758830607617
75,2,1,1,400,3400,NA,44,8.27614021955846
117,3,1,1,200,3700,103,48,8.30696586536857
280,3,3,5,0,3500,2,53,8.1763915966338
380,4,4,5,6000,10000,2584,127,9.83686686519423
133,3,3,2,2900,14000,898,178,9.79707092383164
83,2,2,1,450,1400,67,21,7.56992765524265
93,2,2,1,2400,3450,84,44,8.6960086088809
178,3,2,3,1000,4250,167,54,8.60739945930239
53,2,1,1,550,1250,0,16,7.50494206839617
165,3,3,3,1660,2700,767,35,8.54927308487965
50,2,1,1,450,1900,0,25,7.77317368048254
100,2,1,2,0,3200,NA,49,8.10681603894705
70,2,2,1,0,2400,67,37,7.82604401351897
250,3,4,5,0,4000,NA,61,8.42551640284433
55,1,1,1,640,700,NA,9,7.23417717974985
294,3,4,4,1832,3600,543,48,8.70350676947973
56,2,1,1,350,800,38,12,7.09090982207998
220,3,4,4,2300,8000,NA,102,9.3273230874618
44,1,1,0,860,1000,57,13,7.56579328242851
15,1,1,0,0,1100,0,15,7.01750614294126
80,2,2,1,650,2200,NA,29,7.98854298273769
70,2,2,1,665,2000,0,26,7.89803969076462
368,4,6,6,4448,7500,2078,96,9.55541833006925
35,1,1,0,420,1660,NA,22,7.6511201757027
292,4,4,4,1700,5000,NA,64,8.91610353055373
470,4,4,4,3800,11000,1080,140,9.68165564064671
68,2,2,2,350,1700,60,25,7.66669020008009
83,2,2,2,340,1900,NA,28,7.75747876658418
70,2,2,1,1355,4700,250,63,8.75919775037137
300,3,4,2,3500,13000,1105,168,9.78532319418548
62,1,1,0,670,2792,38,36,8.17103418920548
75,3,2,1,501,2900,NA,37,8.15104494568502
75,3,1,1,0,2470,0,38,7.82763954636642
72,3,2,1,880,1830,114,24,7.95472333449791
160,3,3,4,2300,5000,92,64,8.9169084675438
150,3,4,2,0,3400,0,52,8.14699869738999
224,4,4,3,2900,9350,NA,119,9.49484239342133
540,4,3,5,1900,14000,3534,211,9.88588350658777
50,2,1,1,420,1600,NA,21,7.62803112693033
80,2,2,1,928,1400,NA,19,7.78613643778307
190,3,2,2,1500,4850,502,65,8.84188198949711
160,3,2,2,1515,2900,400,37,8.48735234940522
92,3,1,0,600,1800,NA,27,7.81197342962202
30,1,1,0,0,1550,NA,20,7.37274636640433
268,4,4,3,700,2700,250,45,8.21500643276157
40,1,1,0,299,1300,30,17,7.40671073017764
186,3,1,0,1500,1500,364,20,8.12710918534638
100,2,2,1,0,4800,NA,73,8.55545190353333
120,3,4,2,2011,4009,566,51,8.80056599227992
160,2,3,2,1950,14000,413,178,9.71359742624222
224,4,5,2,0,3800,731,58,8.43163530305459
33,2,1,0,260,2000,NA,26,7.73499619402278
360,4,5,4,0,10000,NA,151,9.31208435585947
444,3,6,4,3000,4500,NA,66,9.05087559732516
93,3,2,2,750,2200,NA,28,8.02715010683277
49,1,2,0,0,1300,0,17,7.18387071506245
90,1,1,1,200,1300,67,17,7.36833968631138
96,3,2,2,730,3298,70,49,8.33038156934942
98,2,2,0,475,1600,70,24,7.68248244653451
240,3,4,3,0,6000,325,91,8.76670599775052
45,2,1,1,200,850,NA,12,7.01481435127554
50,2,1,1,0,800,200,11,6.91968384984741
160,3,2,1,1910,4500,529,58,8.85337967292763
67,3,2,1,350,1230,NA,18,7.41397029019044
205,4,2,4,0,3990,150,66,8.34450508359052
25,1,1,0,0,600,0,10,6.4150969591716
167,3,3,3,1500,2800,542,36,8.49269555981584
50,1,1,1,650,900,69,12,7.39756153552405
104,2,2,2,1800,4150,380,53,8.76155013912964
40,1,1,1,200,650,5,10,6.76388490856244
135,4,2,1,600,2200,138,30,7.99598047476376
210,3,2,2,0,2780,500,42,8.1086232683546
70,2,1,1,700,1300,0,17,7.60986220091355
200,3,3,1,1750,3200,NA,41,8.54849804124465
300,4,4,4,1700,2500,917,32,8.54675199365778
155,4,3,1,1450,8600,350,111,9.26017760682336
281,4,4,8,0,10000,847,151,9.30574145673944
23,1,1,0,383,2050,40,26,7.82404601085629
80,1,1,1,1,7200,0,92,8.89480737136862
99,3,2,0,1450,1088,112,16,7.88870952418201
239,3,3,3,0,7000,NA,106,8.8934354408475
356,3,4,4,1900,9000,NA,136,9.37169362233394
350,5,5,3,2300,10580,630,135,9.52156805800298
270,4,5,4,3550,12000,NA,153,9.76543165404016
200,4,4,1,3200,3800,834,49,8.97259066827261
124,3,3,3,1560,3670,NA,47,8.69734573092535
202,3,4,3,2500,10250,834,130,9.52595370935666
40,1,1,0,1200,3000,NA,39,8.4040244933106
230,2,2,3,2700,2550,845,33,8.72078688348573
45,1,1,1,300,595,NA,9,6.83087423464618
23,1,1,1,472,2300,59,30,7.9592759601164
340,4,4,0,0,4000,334,61,8.38845031552351
342,5,6,5,0,6000,422,91,8.78170898583618
93,2,2,2,1166,5500,325,70,8.86248357648833
174,3,4,3,2500,10400,817,132,9.5361127111751
95,2,3,2,1300,2000,159,26,8.15651022607997
104,2,2,2,930,3100,34,40,8.31996102188653
65,1,1,1,1000,2500,0,32,8.16990264735914
90,1,1,0,0,2200,NA,34,7.7596141506969
104,3,2,1,990,2500,NA,33,8.20220843643645
78,2,2,2,450,2700,0,35,8.06652149046999
140,3,2,2,0,3200,NA,49,8.15334975799889
50,2,2,1,380,1900,0,25,7.743269700829
270,4,3,3,0,10900,392,164,9.3467052464967
131,2,1,0,600,790,128,11,7.33302301438648
69,2,2,1,573,1500,107,22,7.69757534680234
630,4,6,4,0,12300,2667,185,9.62582181535984
140,3,3,2,2000,5100,167,65,8.9001399880938
255,3,4,4,1650,5000,125,64,8.8305430106166
187,4,3,2,2269,5430,598,69,9.0320506762956
120,3,2,1,0,1020,25,15,6.96696713861398
50,2,1,1,0,1000,25,18,6.95081476844258
190,3,3,1,2150,6300,459,80,9.10386812746567
16,1,1,0,0,980,0,13,6.90173720665657
92,2,1,1,0,6860,0,87,8.846209127361
56,3,1,0,296,1900,NA,25,7.71957398925958
58,1,2,2,304,1400,NA,19,7.50878717063428
45,2,1,1,270,1620,59,21,7.58629630715272
70,2,2,1,690,850,0,11,7.34729970074316
125,3,3,1,745,2100,NA,28,8.03657340970731
79,3,2,0,493,1250,NA,16,7.51643330291563
62,2,2,2,600,1900,NA,25,7.86633892304654
55,1,1,0,480,1200,50,16,7.46565531013406
84,2,2,0,747,1500,NA,20,7.72665366484764
58,2,2,2,400,2200,100,28,7.91169052070834
80,2,1,0,0,1400,NA,22,7.32843735289516
196,4,4,5,4600,12500,1667,159,9.84855606900991
326,3,4,4,2808,6500,1605,83,9.30574145673944
54,2,1,2,114,900,NA,12,7.04490511712937
62,1,1,0,150,900,13,14,6.98286275146894
72,2,1,1,510,1350,100,18,7.59034694560257
156,3,2,2,2322,7500,385,96,9.23999625688369
250,3,2,8,0,6500,1360,98,8.98205864280585
45,1,1,1,900,2450,158,32,8.1721644521119
200,4,4,3,3700,5000,0,64,9.07852179735533
131,3,2,3,586,2750,351,37,8.22282213081366
55,1,1,1,1400,2860,NA,37,8.40782465436087
118,3,2,2,1880,8500,434,108,9.29844282019773
300,3,4,1,0,4500,NA,68,8.53915035876828
45,1,1,1,606,2500,NA,32,8.05642676752298
372,3,4,3,0,5500,343,91,8.68862230704377
55,1,1,1,642,1600,0,21,7.72488843932307
55,2,1,1,350,1397,80,18,7.5207764150628
46,2,1,0,2000,1230,34,16,8.0959035329611
24,1,1,1,0,1310,0,20,7.19368581839511
52,2,1,1,0,1450,0,19,7.29301767977278
180,4,3,2,2650,5500,NA,70,9.09245733131947
97,3,2,2,1055,1950,NA,25,8.1185050675871
200,3,2,4,0,3500,NA,53,8.1758290087146
67,2,2,2,620,5000,224,64,8.68423189134568
101,2,1,2,750,1600,NA,24,7.89170465933011
240,4,4,3,0,4600,0,62,8.44741429680832
250,6,2,2,0,2472,26,38,7.83873755959928
94,3,1,0,710,1000,90,13,7.50328963067508
50,1,1,0,415,2000,NA,26,7.83002808253384
74,2,2,2,600,2500,0,37,8.05134093329298
105,2,1,1,900,1400,77,18,7.78155595923534
38,1,1,0,300,1600,34,24,7.58018941794454
50,2,1,1,420,1150,0,15,7.36897040219479
54,1,1,1,612,2538,0,18,8.06117135969092
38,1,1,0,375,1290,90,17,7.48042830607421
115,3,2,2,570,1948,NA,25,7.88344635413774
70,2,1,1,150,1100,NA,15,7.19443685110033
102,3,4,3,2000,5800,459,75,9.0282187951849
42,2,1,0,280,790,23,12,7.00850518208228
70,2,2,1,280,1000,138,13,7.26682734752059
52,2,1,0,616,1200,NA,16,7.54855597916987
800,4,5,8,0,12000,2334,181,9.58335115653074
40,1,1,1,350,1780,0,23,7.67508185771633
74,3,2,1,995,3000,NA,39,8.30276158070405
110,2,2,0,960,4200,218,54,8.60024674655152
56,1,1,1,616,800,40,11,7.29165620917446
46,1,1,1,190,1300,NA,19,7.32974968904151
125,3,3,1,674,2000,NA,26,7.91059061225648
224,4,4,4,2285,8500,1199,114,9.40104337279805
58,1,2,1,830,4800,130,61,8.66939912430557
400,6,6,8,3000,4335,1750,55,9.12052506765382
58,1,1,1,610,1600,89,21,7.74975340627444
52,1,1,0,425,3300,NA,42,8.23429963569625
82,3,1,2,400,800,NA,12,7.12528309151071
180,4,3,4,2477,4550,409,61,8.92239159729586
58,2,2,1,940,1383,NA,16,7.79729127354747
600,5,3,6,0,15000,1667,246,9.73571957674968
59,2,2,1,470,1250,56,19,7.49331724886215
280,3,5,2,0,7000,625,106,8.95312284032822
275,5,2,4,0,3200,250,57,8.16280135349207
58,2,1,2,500,2100,45,31,7.89245204352035
170,3,2,2,1970,9000,NA,115,9.39191164737943
16,1,1,0,0,850,9,11,6.7696419768525
192,3,2,1,0,4500,NA,69,8.50106380948635
196,2,3,3,3210,5500,NA,70,9.08862461329209
45,1,1,1,800,4000,84,51,8.50431056558522
40,1,1,0,300,1100,0,14,7.25488481007734
289,3,3,2,2850,15000,NA,191,9.84272854669056
73,3,2,2,812,1500,NA,20,7.83873755959928
65,3,1,1,550,1900,20,25,7.82244472948932
25,1,1,0,327,1178,27,15,7.34471905414967
68,1,1,1,4240,6000,584,77,9.29660980712836
512,4,6,5,7774,3500,2817,45,9.55683365830778
100,3,3,2,1058,3310,NA,42,8.47428569040496
41,1,1,1,534,2800,133,36,8.16166045205628
80,3,2,0,950,2720,192,36,8.2684753889826
53,1,1,0,170,1680,68,22,7.57095858316901
52,2,1,1,253,1375,NA,19,7.44658509915773
130,3,2,2,930,2200,NA,30,8.13768818497761
87,3,2,0,1078,3500,0,45,8.43901541035221
55,2,1,1,344,950,20,13,7.19142933003638
68,1,1,1,445,1300,70,19,7.51479976048867
230,3,4,4,2200,6500,NA,83,9.16261963576477
75,3,2,1,441,1510,90,23,7.63288550539513
50,2,1,0,1000,1000,45,13,7.62997570702779
465,4,4,4,4500,6500,1167,83,9.41336284529417
346,5,5,2,0,3800,407,58,8.3584318990313
113,3,3,2,1000,3804,0,49,8.48755838628655
75,1,2,1,1600,4300,209,56,8.7268056084461
125,3,3,2,2250,3250,500,42,8.70665585636156
35,1,1,0,0,1230,0,16,7.12849594568004
34,1,1,0,310,4600,55,59,8.52218073292728
200,5,2,3,0,4800,300,73,8.55140136274597
215,4,4,3,3800,3400,1084,44,9.02749867993534
92,3,2,2,880,3100,253,40,8.36030543587909
70,3,2,1,500,1250,NA,17,7.5251007461258
61,2,1,0,230,1220,25,16,7.30787278076371
37,1,1,0,555,1100,37,14,7.44249272279444
30,1,1,0,0,2600,21,19,7.87891291229713
65,3,1,1,220,850,59,12,7.04053639021596
40,1,1,0,0,1630,NA,24,7.41397029019044
52,2,1,1,205,750,18,11,6.89264164117209
39,1,1,1,356,2200,60,28,7.8804263442924
350,3,3,8,0,9240,1042,139,9.25157827999243
70,2,1,0,800,2900,200,38,8.27868216297091
140,3,3,2,1100,2330,NA,30,8.20494516501921
70,2,1,0,0,999,NA,16,6.96413561241824
60,1,2,1,2200,2200,0,30,8.39638057119949
100,3,1,0,805,3900,120,50,8.49208049060116
53,2,1,0,234,1560,0,23,7.50549227473742
170,2,3,3,2500,5950,417,76,9.09873819539488
270,3,2,2,0,2350,213,42,7.86557175768479
68,2,2,1,600,4900,167,63,8.65364531455174
58,2,2,2,770,1450,NA,19,7.74500280351584
73,3,2,1,635,1600,100,21,7.76514490293613
20,1,1,0,602,1800,130,23,7.84619881549743
60,2,1,1,310,950,0,14,7.15070145759253
65,3,2,0,1000,3200,NA,41,8.40893960597598
32,1,1,0,550,1300,NA,18,7.53315880745556
80,2,2,0,650,1700,NA,22,7.81318726752142
50,1,1,0,0,650,80,10,6.60800062529609
65,2,2,1,650,2800,209,36,8.21500643276157
129,2,2,2,1200,6800,NA,100,9.02521488784949
145,2,2,1,670,4300,72,55,8.53660358493606
48,1,1,1,565,736,0,10,7.17930796950403
38,1,1,1,580,2000,100,26,7.9035962896143
520,5,5,2,1870,15000,780,200,9.78981480804755
184,3,3,1,400,1200,132,16,7.4667994750186
130,2,3,2,1600,4000,417,51,8.71094912583585
26,1,1,0,963,1500,58,20,7.8407064517494
350,7,4,2,0,8000,1250,121,9.14548179962769
38,1,1,0,210,1300,38,19,7.35755620091035
194,2,3,0,700,3310,333,49,8.38776764397578
160,3,3,2,1990,12650,360,161,9.62648162008158
32,1,1,1,197,1500,132,20,7.52294091807237
175,4,1,0,0,2146,197,33,7.77359446736019
26,1,1,1,1570,1700,223,22,8.16507925880507
66,2,1,1,340,1050,NA,14,7.28069719538474
83,3,2,1,805,3300,NA,42,8.34948434699013
50,1,1,0,360,2800,0,36,8.06996814905984
400,3,6,3,0,4780,817,72,8.6429443967218
30,1,1,1,700,3300,NA,42,8.30696586536857
92,3,2,1,1500,2000,195,26,8.2220164372022
156,7,2,1,350,2200,NA,30,7.92588031673756
150,3,4,3,2080,1980,648,26,8.46273700562018
25,1,1,0,50,550,NA,8,6.4118182677099
60,2,1,1,742,1450,236,19,7.80302664363222
40,1,1,1,600,2300,34,30,7.99463231143183
180,4,4,2,2600,2000,NA,26,8.55852705490921
230,3,2,3,0,4500,NA,68,8.50431056558522
70,2,2,0,900,1850,50,24,7.94626364358054
70,1,2,1,0,1500,125,23,7.4079243225596
380,4,4,2,0,5500,1000,83,8.79239774235691
80,2,2,2,1380,3670,163,54,8.56940606286317
66,2,2,1,536,2270,76,29,7.97659540931658
86,2,1,1,995,2500,0,32,8.16848641712668
80,3,2,1,200,1739,25,26,7.5963923040642
84,3,2,1,750,1600,109,24,7.81762544305337
262,3,5,3,2130,5525,NA,71,9.07417694716331
90,3,1,1,277,1430,NA,20,7.51043055637801
160,3,3,3,0,4500,350,74,8.50207955360619
58,2,2,1,480,2100,NA,27,7.8995244720322
165,3,3,2,1663,6000,502,77,9.01711963431323
48,1,1,0,650,1490,NA,19,7.67786350067821
112,3,2,3,0,3300,NA,50,8.12651816878071
110,3,2,2,1179,3500,205,45,8.50309426703674
72,2,2,2,568,5300,375,71,8.75068303478459
65,1,1,0,300,1800,NA,24,7.67554600253785
150,3,1,1,250,780,0,11,6.94889722231331
65,3,2,1,500,1900,29,25,7.80588204022862
90,3,1,1,350,1550,NA,23,7.56216163122565
66,2,2,0,250,1600,0,24,7.53636393840451
117,2,3,3,1500,9000,560,115,9.32197118814737
80,3,2,0,978,2870,180,37,8.31041499418829
64,2,1,0,210,900,38,12,7.05703698169789
64,1,1,0,500,1750,0,23,7.72929567431048
55,1,1,0,0,1650,0,25,7.42416528104203
70,2,1,1,400,1350,28,20,7.49498623395053
74,2,3,2,450,3200,40,41,8.22469956196723
126,3,4,1,1980,4000,NA,51,8.75479176370003
480,4,5,3,0,15000,742,226,9.67852985665631
97,3,3,1,320,1300,NA,18,7.46622755621548
76,2,2,1,250,2200,70,33,7.84541603659248
102,3,1,1,1897,1500,137,20,8.17611034223734
200,4,3,2,0,5700,236,94,8.70466811345099
38,1,1,0,150,1900,5,25,7.64060382639363
400,4,5,3,4670,6000,1195,77,9.38773313553338
200,3,1,2,0,3000,0,46,8.02191277898571
80,3,2,0,280,1500,112,20,7.55642796944025
80,3,1,4,0,5500,0,83,8.62766064444221
200,4,3,2,0,14500,403,238,9.62516157500837
36,1,1,0,284,1650,0,21,7.57865685059476
151,3,3,3,1800,3950,NA,51,8.78752562553291
49,2,2,1,432,2400,NA,31,7.97899637085411
51,1,1,0,367,1700,84,22,7.68432406768116
80,3,2,1,557,2700,84,40,8.12622252945853
55,2,1,1,422,870,90,12,7.24064969425547
110,2,2,1,550,2700,121,35,8.13358741766097
30,1,1,1,0,860,NA,12,6.7719355558396
60,2,1,1,200,1100,84,14,7.24351297466548
830,2,2,2,0,2001,NA,31,7.69256964806791
140,3,2,2,900,5000,142,64,8.71719093322313
70,3,1,1,190,1150,0,16,7.21303165983487
140,3,2,0,2450,7000,542,89,9.21840774305394
90,2,2,0,1002,6000,70,78,8.8750074860484
85,3,2,1,770,2300,115,30,8.07589363029886
150,3,3,1,2400,4000,334,52,8.82276429670376
70,2,1,0,150,950,30,13,7.04228617193974
205,3,3,4,2700,8500,NA,108,9.40104337279805
167,4,3,3,500,5140,NA,69,8.67880170661265
47,1,1,1,400,2200,0,33,7.87625888230323
63,2,2,1,480,2000,56,30,7.85049318087114
18,1,1,0,521,1040,NA,14,7.42117752859539
187,2,3,3,1600,3100,NA,40,8.52377150677636
79,3,2,2,995,2200,146,28,8.12266802334641
44,1,1,0,350,769,35,12,7.06219163228656
90,2,3,1,574,2100,0,27,7.90174751852014
220,4,2,1,1340,6000,17,77,8.91395385889425
100,2,1,0,550,900,61,12,7.32909373624659
120,3,4,3,1300,4440,289,57,8.71391062849392
180,4,3,3,2397,4500,520,60,8.91972065553706
253,4,3,1,2000,3000,600,39,8.6376393444921
50,2,1,0,0,900,50,14,6.87212810133899
120,2,3,1,350,1800,0,24,7.68478394352278
220,4,2,2,2560,8000,650,102,9.33353098253138
140,2,1,0,900,2200,0,28,8.04846874366888
180,4,2,2,2043,7500,409,97,9.21542741102474
170,3,5,3,2091,4500,NA,19,8.93089098445088
250,5,3,6,0,15000,NA,226,9.79428633749236
70,1,2,1,1200,2200,149,29,8.18283871076603
60,1,1,0,350,1000,0,13,7.21817683840341
380,4,2,6,0,9800,525,148,9.25636481028746
32,1,1,1,480,2150,0,28,7.88570539124302
116,3,2,2,670,3400,NA,50,8.37124213593193
19,1,1,0,310,500,45,7,6.76041469108343
140,3,2,1,980,2000,221,26,8.07961802938984
500,4,3,5,0,12000,84,181,9.41499403397655
80,2,1,0,0,950,NA,17,6.87523208727658
64,2,1,0,0,1700,78,26,7.49831587076698
20,1,1,0,0,2060,0,27,7.64396194900253
237,4,4,4,3100,4990,1031,64,9.12543586488574
190,4,4,3,2263,6000,NA,77,9.13129716463573
28,1,1,0,200,1600,0,21,7.5076900778199
46,2,1,1,250,1100,53,5,7.25063551189868
120,3,2,2,600,2000,121,30,7.92008319905323
76,2,1,1,0,2000,45,31,7.63867982387611
142,3,2,1,1950,8500,194,108,9.28275405248523
296,3,2,1,1400,13500,848,174,9.675394271496
365,4,6,6,490,13000,NA,214,9.55824698622306
125,4,2,2,1676,4500,NA,58,8.74432876399998
55,2,1,1,450,1550,83,20,7.6515955738576
400,6,4,3,0,3999,NA,61,8.75004942158424
50,1,1,0,464,1190,114,18,7.48829351515943
36,1,1,0,423,2680,47,34,8.06620756800626
48,1,1,1,950,2500,0,37,8.15708378502887
38,1,1,0,530,850,34,13,7.26403014289953
94,1,1,1,700,4800,NA,71,8.66939912430557
49,2,1,1,513,1890,0,24,7.79482315217939
60,2,1,1,300,1300,NA,17,7.42117752859539
70,2,3,1,1196,2004,0,26,8.07930819205196
75,3,2,1,670,1539,0,20,7.70975686445416
54,1,1,0,500,3949,0,51,8.41205487329293
50,1,1,0,370,3398,177,44,8.29154650988391
81,2,3,2,1010,5500,NA,71,9.03384182848502
750,4,6,2,0,15000,2041,226,9.75678407334392
20,1,1,0,602,1800,130,23,7.84619881549743
100,2,3,2,0,12960,0,165,9.482731125859
49,1,1,1,545,1200,0,16,7.47420480649612
20,1,1,0,0,1000,84,13,7.00124562206948
80,2,1,0,871,600,94,8,7.36137542897735
156,3,2,3,1200,2200,167,29,8.18785544369562
287,3,3,4,900,4477,NA,68,8.75557997214314
130,4,4,3,1778,5200,NA,70,8.93300459157855
302,4,4,3,2100,8973,750,132,9.38940663604946
35,1,1,0,400,1740,50,23,7.70255611326858
90,2,1,0,255,1990,NA,26,7.72841577984104
81,2,1,1,1121,3910,340,50,8.59822003005861
40,2,1,0,480,1417,NA,18,7.60090245954208
60,2,1,1,750,1841,77,7,7.89207842124812
25,1,1,0,350,2928,34,38,8.11701408773731
700,5,7,5,0,15000,NA,226,9.76829764247444
237,3,5,3,2200,5500,917,70,9.06969804217372
162,2,2,1,1804,5000,545,64,8.91112538371068
190,4,3,2,0,8311,NA,125,9.08839870117094
46,1,1,0,1300,1950,0,25,8.09437844497296
172,3,4,3,1596,8000,820,102,9.26112853880829
236,4,5,5,2827,5000,1261,64,9.12183697338478
100,3,1,2,0,1600,84,25,7.44424864949671
80,1,1,0,350,1000,0,14,7.21890970761906
335,3,4,4,0,6200,650,94,8.84577725518844
190,3,2,1,0,4100,84,62,8.35396813031327
207,4,3,1,1500,4240,542,55,8.75431854025087
72,2,2,1,300,2000,NA,30,7.79975331828725
102,3,2,1,1050,4000,NA,59,8.56312212330464
50,1,1,0,0,880,NA,14,6.81563999007433
150,3,4,0,1200,5900,475,75,8.94259163723185
220,4,3,2,1200,3500,NA,47,8.52098598965493
150,3,3,1,1700,13000,NA,165,9.62714098974809
110,3,2,1,800,2100,155,28,8.03398273468322
300,4,4,4,2800,9000,NA,115,9.51642703610407
29,1,1,0,148,1380,NA,21,7.35564110297425
40,1,1,0,578,2300,0,30,7.9755646584952
500,4,5,3,550,13500,3334,172,9.77343581317586
45,1,1,1,565,2300,0,30,7.97108575350561
75,2,2,1,684,1800,NA,24,7.86057078553866
80,2,2,1,767,3200,213,41,8.34806422840827
65,2,1,0,550,850,NA,13,7.27793857294566
400,5,5,4,3200,6141,NA,93,9.2351305407834
49,1,1,2,2000,8000,217,102,9.24193593356593
70,2,1,0,715,2100,NA,27,7.99193051985248
130,4,2,6,0,6100,512,92,8.81060879571578
146,3,4,3,2100,6000,584,77,9.07817946837384
64,2,1,0,650,2000,57,30,7.91498300584839
63,3,2,1,440,3300,10,42,8.2409125416889
46,2,1,1,300,850,62,12,7.11069612297883
90,2,1,0,0,1199,42,19,7.13966033596492
573,4,5,7,0,14000,NA,211,9.69221081128675
38,1,1,0,0,1680,0,22,7.44014668066269
70,2,1,1,600,1500,125,20,7.71690613529839
23,1,1,0,210,950,NA,13,7.10987946307227
84,2,2,1,0,2000,109,31,7.66902828858968
40,1,1,1,575,2500,128,33,8.08240225392624
1600,4,5,12,1,6900,5000,104,9.39357817555449
200,5,3,2,0,2300,NA,38,7.82763954636642
100,3,2,0,0,3000,172,46,8.07682603129881
69,2,2,0,334,1500,40,22,7.54802896993501
92,3,2,2,0,2800,179,36,8.01168672912785
120,3,2,4,1365,4500,398,58,8.75179089277556
90,3,2,2,1080,2500,NA,34,8.28475659319044
53,2,1,1,720,3250,67,42,8.31385226739821
300,3,3,4,1,3700,NA,56,8.45701846838017
65,2,2,2,650,3200,NA,41,8.3250636936312
269,4,3,2,0,4900,357,81,8.58279364850019
130,3,2,1,1000,2500,NA,32,8.1978140322212
248,3,4,4,4094,5500,NA,70,9.19125948416339
45,1,1,1,251,1300,101,18,7.42117752859539
130,3,1,2,0,3800,130,58,8.29129585190541
75,2,1,0,600,1100,60,17,7.48324441607385
250,2,4,8,0,4500,325,69,8.49596955496461
35,1,1,1,715,2370,0,31,8.04462627976734
130,3,3,1,1510,2700,260,35,8.41316512099219
30,1,1,0,450,1700,0,22,7.68386398025643
200,3,4,3,1700,6800,667,87,9.1329192250076
40,1,1,0,0,900,155,12,6.97354301952014
113,3,1,0,1500,4000,385,52,8.68912765532371
100,2,2,2,1439,5500,233,71,8.8879288190033
52,2,1,1,480,1150,55,15,7.43897159239586
34,1,1,1,475,2200,77,28,7.93056585423396
73,3,2,3,1100,1250,NA,16,7.83280751652486
210,4,5,3,1635,5200,606,70,8.9242570208881
219,4,5,2,1954,3800,NA,49,8.74448811385292
70,3,2,1,370,1600,113,22,7.65254569269392
65,1,2,2,500,2500,NA,37,8.01895468315572
52,1,1,0,218,2585,NA,10,7.94236223767433
80,2,1,1,498,1000,75,13,7.36960072052641
74,2,1,1,701,1768,NA,23,7.83478810738819
35,1,1,1,470,2500,NA,32,8.01466637046494
70,1,1,2,0,1450,5,22,7.29844510150815
193,4,3,4,0,4000,125,72,8.34236350038058
50,1,1,0,0,700,45,11,6.62936325343745
55,2,2,1,720,850,58,11,7.40245152081824
44,1,1,0,310,770,12,10,7.0057890192535
68,2,1,1,706,1700,0,22,7.79523492900217
300,3,2,1,600,2300,267,31,8.07059353994952
70,1,1,0,0,800,153,14,6.87523208727658
300,4,4,2,0,8500,NA,128,9.09335701649036
203,4,3,3,2500,6400,971,86,9.20613152720213
45,2,2,0,0,1650,NA,25,7.4730690880322
240,3,4,3,2900,7000,1225,89,9.32465071815359
100,2,3,2,350,2600,100,38,8.03560269291858
137,3,2,3,500,2800,150,41,8.15822991695949
61,2,2,1,885,2000,NA,26,8.02027047281924
60,2,2,1,375,1500,NA,22,7.54855597916987
13,1,1,0,0,2200,5,28,7.71154897962915
98,2,2,0,1552,9000,375,115,9.30937089543914
138,2,3,2,1500,9800,NA,125,9.39024233725137
80,2,2,2,950,4500,501,60,8.70151275087287
30,1,1,0,0,525,25,7,6.32435896238131
63,2,2,2,783,2000,24,26,7.94944442025063
95,2,3,2,1389,4500,415,60,8.75856951099151
54,2,1,1,600,1100,192,14,7.55328660560042
35,1,1,1,540,2100,NA,27,7.9402277651457
44,1,1,0,316,1163,NA,17,7.34342622914737
140,2,3,2,2400,6500,667,84,9.17492042674492
70,2,1,0,0,1700,255,26,7.59186171488993
162,3,3,2,380,2800,125,38,8.11492297420459
420,4,4,4,4900,11050,3700,141,9.89298256789098
147,4,5,3,1200,2975,293,40,8.41383067842108
80,1,1,1,550,2800,100,36,8.15679704667565
89,2,2,2,1744,3900,266,51,8.69316127423802
163,3,3,3,1532,2550,417,33,8.41913925094085
42,1,1,1,330,2100,107,27,7.84971375760487
330,4,5,2,4400,12500,NA,159,9.81961669349898
70,1,1,1,300,1200,157,16,7.42297125104942
104,3,2,1,1077,2500,NA,33,8.22817689595132
43,1,1,0,1,1400,75,19,7.31055015853442
67,2,1,1,814,1300,91,17,7.7066129139642
450,4,5,6,6600,9900,2600,126,9.86427883931085
28,1,1,1,500,1580,0,21,7.6506445514369
46,1,1,1,1445,5000,298,64,8.82585367025321
34,1,1,1,510,3800,0,49,8.38022733634308
33,1,1,1,1680,2500,158,32,8.38274709486331
70,3,1,0,275,1200,NA,16,7.37525577800976
90,3,1,1,600,2400,NA,31,8.01697774676226
75,3,3,2,865,2000,192,26,8.03398273468322
150,6,5,8,0,8000,NA,132,9.07772284736134
300,3,3,3,0,3500,250,53,8.24380842366528
70,2,2,2,700,1900,67,28,7.8995244720322
320,3,4,1,2200,5800,292,75,9.0321701863047
800,4,5,0,0,4275,200,71,8.42222295382501
400,4,7,4,0,12000,667,181,9.46117690830714
288,3,3,3,3032,3325,NA,43,8.94845599234554
90,2,2,1,600,1200,NA,16,7.51425465281641
209,4,4,3,4300,3900,1084,50,9.14152605597582
55,2,1,1,653,2100,NA,27,7.93451346388226
280,4,4,7,890,4000,NA,61,8.56216655705897
190,4,4,4,2000,8000,1326,102,9.34408424202578
20,1,1,0,602,1800,130,23,7.84619881549743
294,3,6,3,0,2400,512,37,7.98956044933387
40,1,1,0,0,780,NA,12,6.69703424766648
60,2,1,1,600,2230,19,29,7.96519829061218
400,4,3,2,0,3390,NA,43,8.25166392360559
350,5,4,8,0,9000,NA,136,9.20018902091981
68,3,2,1,150,900,76,12,7.03790596344718
40,1,1,1,0,960,15,18,6.90173720665657
220,3,4,3,2750,5800,1040,74,9.17626639164243
200,3,3,3,0,7000,737,106,8.96750418731624
65,2,1,1,550,1100,100,14,7.4759059693674
225,4,3,2,0,4400,NA,67,8.4675826908629
55,1,1,1,812,3200,0,41,8.30745932701195
100,2,2,1,0,2800,125,43,7.99598047476376
116,4,3,2,1040,2400,NA,31,8.24328252304838
59,2,1,0,1400,5000,244,65,8.81135422996573
380,3,2,3,3200,15000,917,191,9.86843016072073
175,4,3,3,1750,13000,850,165,9.66592808948756
37,1,1,1,800,2800,0,36,8.19891444498699
34,1,1,1,490,1750,77,23,7.75833346749091
58,1,1,1,650,1050,56,14,7.47929963778283
72,3,1,1,461,1600,0,21,7.64156444126097
135,4,2,2,950,3800,294,51,8.536211197252
164,4,3,2,1500,5000,412,65,8.85051762174672
190,3,3,2,0,6800,392,103,8.89508153175417
110,3,1,0,950,2530,NA,33,8.21093973337902
80,2,2,2,1000,5500,0,70,8.79042130689787
90,3,2,1,973,1500,30,20,7.8336002236611
54,2,1,1,150,900,100,14,7.0604763659998
100,3,2,1,1300,3800,180,49,8.58110651715989
37,1,1,0,270,650,23,10,6.86066367144829
51,1,2,1,1062,2100,27,27,8.07620452723903
62,2,1,1,370,1100,12,14,7.31121838441963
70,2,2,2,1726,3950,341,51,8.71094912583585
63,2,1,0,600,1110,0,15,7.45356187164337
127,3,2,1,1393,6156,172,78,8.96187901267768
230,4,3,2,3200,10000,917,127,9.56388040721943
102,3,3,1,1100,1500,NA,20,7.91059061225648
65,2,2,1,564,1679,0,22,7.72577144158795
67,2,1,0,590,1500,NA,20,7.68156036255954
56,1,1,0,300,700,NA,11,6.95272864462487
172,3,3,2,2100,7000,834,89,9.21243817005833
60,2,1,1,0,540,0,10,6.31173480915291
80,2,2,1,1000,4500,250,58,8.66716371799253
156,4,5,3,1950,935,200,12,8.03851202097681
70,1,1,1,365,1200,NA,16,7.39141523467536
125,3,2,0,950,5500,243,71,8.81951754060489
90,2,2,2,950,2600,304,35,8.26616443661249
50,2,1,0,0,1100,NA,17,7.08840877867539
260,4,3,1,2585,5500,1052,71,9.12793654572137
249,4,2,2,0,4300,57,65,8.39457347786833
179,3,5,0,2000,14500,975,184,9.77911409769637
16,1,1,0,320,2200,NA,28,7.84345640437612
350,7,5,5,0,9000,NA,148,9.12139986267954
28,1,1,0,400,2285,NA,30,7.93415523353632
102,3,2,2,1300,1900,NA,25,8.17919979842309
31,1,1,0,200,2614,84,34,7.98378106897745
480,4,6,3,0,10000,500,151,9.27340906344317
290,4,4,4,4900,1000,1659,13,8.93234456911382
35,1,1,1,1170,2200,242,28,8.20001364817543
24,1,1,0,500,1420,0,18,7.56992765524265
70,2,1,1,100,1360,100,20,7.36581283720947
55,2,1,1,800,1500,NA,20,7.76641689801966
120,3,1,1,900,3000,NA,40,8.32457884513685
160,3,3,1,1809,3370,250,43,8.60758219114392
47,1,1,1,470,600,43,8,7.02286808608264
95,3,2,2,1100,1600,209,21,7.98309894071089
300,4,3,3,1400,7500,469,100,9.15588418618012
210,4,3,3,360,3300,150,44,8.25712628599743
45,1,1,1,450,2000,100,30,7.85593219971861
87,2,1,1,800,1220,46,16,7.64156444126097
250,4,4,2,2600,6000,NA,77,9.12456459495478
82,3,2,2,1100,1500,159,20,7.93020620668468
93,3,2,2,1459,2300,191,30,8.28928832300032
142,3,4,3,1200,6000,500,77,8.95905451471569
74,3,2,1,706,1040,100,14,7.52886925664225
36,1,1,0,277,1290,87,19,7.42297125104942
33,1,1,0,500,3999,0,51,8.42310226801664
80,2,1,0,700,1000,98,13,7.50218648660292
90,2,1,1,220,1350,53,20,7.40488757561612
195,2,3,3,2600,9200,NA,117,9.40681135187456
186,3,2,2,1473,2200,185,28,8.26539293085222
275,4,4,3,3300,6800,1250,87,9.34495867370094
230,4,4,5,2500,7500,1900,100,9.39274525863144
42,1,1,1,372,2700,0,40,8.04334217044161
388,4,4,1,6047,15000,104,194,9.96885385596738
94,3,3,2,750,2433,0,31,8.1870210673435
260,4,2,2,1715,6000,594,77,9.03443816698441
65,3,2,1,620,1100,60,14,7.49276030092238
76,2,1,0,767,1280,57,17,7.66011431917393
131,4,4,3,2100,6000,NA,77,9.1045353130792
225,3,3,4,1360,10500,750,134,9.45258041898138
71,3,2,2,660,970,149,13,7.49164547360513
201,4,4,3,1651,5300,852,71,8.97144846369383
570,3,6,2,3000,14000,NA,181,9.77115544048709
53,2,2,1,360,1275,59,19,7.44658509915773
240,4,5,3,912,3500,NA,47,8.47845236309981
50,1,1,0,0,2700,NA,35,7.95014988765202
68,2,2,1,400,1800,NA,27,7.74500280351584
54,1,1,1,679,5000,NA,64,8.71653573254449
178,2,3,4,3145,2500,903,32,8.79194198845612
50,1,1,0,0,1100,0,17,7.01929665371504
212,4,3,6,0,2983,237,45,8.09132127353041
380,4,6,4,3570,4900,NA,63,9.18266080286944
138,2,2,1,1000,7000,89,89,9.00932517273497
180,4,3,3,1947,4200,407,56,8.79649020733358
43,1,1,1,360,800,82,12,7.13489085156588
48,1,1,1,0,2800,0,37,7.95085485771999
180,3,3,0,916,7600,378,98,9.10420177591452
70,1,2,1,1500,2500,0,32,8.30226579487337
155,2,2,2,450,2300,94,34,7.96519829061218
262,3,4,4,4844,15000,2050,191,10.0029255647422
25,1,1,1,331,2100,64,27,7.83320394864106
50,3,1,1,852,2500,NA,32,8.16365617616843
108,3,2,1,1714,5000,NA,64,8.84014587794994
170,3,2,1,1700,4500,85,58,8.75526476331468
60,1,1,0,0,1000,34,16,6.95749737087695
78,3,2,2,650,2400,117,31,8.07059353994952
170,3,2,0,0,5000,320,82,8.59470963384407
20,1,1,0,0,600,0,8,6.4118182677099
500,5,4,4,2000,4000,1250,59,8.89699855274382
248,3,4,4,3163,14000,966,178,9.81525725114171
145,3,3,2,1400,5500,0,70,8.8495139654864
50,1,1,1,1436,7800,359,99,9.17936556767675
44,1,2,0,140,1350,NA,20,7.32712329225929
200,3,2,2,0,4500,250,68,8.48032171664033
58,2,2,1,400,999,99,14,7.32184971378836
280,3,4,4,5000,15000,NA,191,9.98465270695364
52,1,1,1,1500,3000,NA,39,8.48301573961465
271,3,3,2,0,8000,NA,121,9.11393959768983
223,4,4,7,0,5500,1169,83,8.81774212957484
263,4,5,4,2900,12500,NA,159,9.74981175993208
157,4,3,1,1150,3500,169,52,8.49125980938973
323,5,5,3,0,4800,582,73,8.6044711995233
80,2,2,1,0,2188,NA,10,7.69575799055476
70,2,2,2,858,6000,449,77,8.90720619496548
74,3,2,1,450,1000,NA,14,7.350516171834
66,3,1,2,250,1100,NA,15,7.27170370688737
80,2,1,1,800,1275,0,17,7.646353722446
100,3,2,2,0,3000,125,54,8.06463647577422
218,4,4,2,2250,5500,692,70,9.04934968588406
73,2,1,1,625,1200,119,16,7.58120982619635
230,4,2,2,4000,13000,1839,168,9.85277303799163
80,3,5,2,3460,12000,1000,153,9.71782040549108
180,3,3,3,331,4200,NA,56,8.47949132423223
85,3,2,1,710,2500,NA,33,8.16280135349207
37,1,1,0,0,900,75,14,6.89770494312864
65,2,1,0,140,985,21,15,7.05789793741186
440,4,3,2,4200,8000,1702,102,9.54688403461792
57,2,1,0,100,1530,0,20,7.40913644392013
74,3,2,1,513,1715,100,22,7.76259604854007
180,3,4,3,2047,1800,902,23,8.4707303170059
198,3,3,0,2070,6000,715,77,9.0896405867384
170,3,4,3,2000,5000,NA,65,8.96482339168508
240,3,4,3,4000,8500,1167,108,9.53104611087514
59,2,2,0,754,1990,25,26,7.9359451033537
525,5,4,4,0,8330,2167,126,9.27058845232154
226,4,4,4,2850,3000,2488,39,9.03336450150698
60,2,2,2,170,1950,67,30,7.70436116791031
43,2,1,0,382,1570,42,23,7.60986220091355
158,4,4,3,2100,6600,NA,84,9.12260145766818
42,1,1,1,162,1400,17,21,7.37838371299672
50,1,1,0,0,1250,34,19,7.1731917424866
66,2,1,1,385,550,26,8,6.87729607149743
39,1,1,1,600,4200,125,54,8.5131851700187
64,1,2,1,850,3700,185,47,8.4728232436803
70,3,2,0,0,1500,NA,23,7.36770857237437
30,1,1,1,1,1930,0,25,7.57916796739608
135,3,3,0,1400,3810,NA,49,8.5991417740634
170,3,2,1,860,6500,110,83,8.9298325032724
120,3,2,1,1700,7500,NA,97,9.1728461675486
92,2,1,0,0,1200,NA,20,7.15539630189673
183,4,4,4,1695,9300,NA,124,9.386056829718
210,3,3,2,3500,8667,834,110,9.4812068514994
30,1,1,0,456,900,94,12,7.28824440102012
119,3,3,2,663,5500,133,70,8.75888368001702
298,5,3,2,2200,4100,417,53,8.82040406548565
260,3,2,4,0,2600,268,43,7.97659540931658
201,4,4,4,1800,7300,113,98,9.13905916997122
200,3,4,4,0,4000,NA,61,8.40335237499248
60,2,1,1,785,3800,112,49,8.46526811855132
70,2,1,1,300,2000,NA,31,7.77946696745832
135,3,2,1,950,7500,77,96,9.06230429314878
336,6,2,3,0,6350,1125,96,8.93221251232921
300,3,4,6,0,3200,167,49,8.13651825211529
600,5,5,4,4300,8000,1585,104,9.54616954473328
60,3,3,2,0,2700,273,41,8.01135510916129
254,3,4,4,3100,7000,NA,89,9.31659049181884
210,3,5,4,3301,11900,NA,151,9.69959500581403
178,3,4,2,2450,10000,834,127,9.50383054471094
45,1,1,0,0,1000,NA,16,6.95749737087695
70,3,1,0,474,750,NA,10,7.22475340576797
181,4,5,3,2100,2600,579,33,8.57791192645094
72,2,2,1,370,1700,90,23,7.6889133368648
60,2,2,1,1600,5550,142,71,8.90435854235297
55,2,1,1,496,1800,0,23,7.74932246466036
94,1,2,2,1356,13000,NA,165,9.60985447459091
210,3,2,1,3200,14080,NA,182,9.8070317167185
37,1,1,1,541,4000,50,51,8.44311598801992
41,2,1,0,270,1200,0,16,7.30451594646016
240,3,4,3,5100,11000,1834,140,9.80206372239816
70,2,1,0,500,1105,84,17,7.44249272279444
55,3,1,1,199,800,42,11,6.95939851213398
150,3,1,0,450,1500,0,20,7.58629630715272
55,2,2,1,500,1330,30,18,7.53849499941346
390,3,3,2,0,7500,650,113,9.01966401079947
73,3,2,1,354,1777,84,26,7.71512360363211
57,1,1,1,690,2600,131,33,8.14757773620177
93,3,1,0,400,1500,70,20,7.5963923040642
88,2,2,2,957,2500,430,33,8.27410200229233
330,4,6,3,5457,15000,NA,191,10.0484965744461
130,3,3,2,1150,2350,NA,30,8.23906533176927
170,4,3,2,3000,10000,770,127,9.53971605897709
220,3,4,4,3167,5500,1084,70,9.19238004659919
59,2,1,1,600,1600,0,21,7.70616297019958
500,4,4,3,0,10800,988,163,9.38857023586688
70,3,2,0,0,1500,50,20,7.35946763825562
55,1,1,1,538,1250,25,17,7.51261754467451
35,1,1,1,600,1080,NA,15,7.49331724886215
33,1,1,1,565,3200,NA,41,8.27639470486331
80,3,2,1,280,1200,97,16,7.37400185935016
2000,4,2,3,0,4956,NA,82,8.56388591940822
60,1,1,1,490,3250,131,42,8.27231514795602
48,2,1,0,400,950,NA,14,7.24494154633701
53,1,1,1,494,650,34,9,7.08002649992259
96,3,1,1,1140,2800,0,36,8.28828304520769
25,1,1,0,0,1750,0,23,7.48099216286952
23,1,1,1,520,2300,NA,30,7.97590836016554
83,1,1,1,4000,6000,NA,77,9.24290436284945
25,1,1,0,50,700,0,10,6.63463335786169
45,1,1,1,1600,1800,177,23,8.18896686364888
70,2,2,2,500,1800,NA,27,7.75276480885133
80,1,1,0,0,1200,1,19,7.1074254741107
78,1,1,0,420,2522,25,32,8.00636756765025
45,1,1,0,0,1100,8,15,7.02464903045364
43,1,1,0,1195,680,220,9,7.65207074611648
250,5,4,5,2300,2800,800,36,8.68895923427068
350,5,6,6,7000,15000,417,191,10.0261917925116
190,4,4,2,900,3200,192,15,8.36822903827628
117,3,4,4,1500,2700,50,35,8.36310917603352
75,2,1,1,379,580,NA,8,6.94408720822953
113,4,2,2,1600,4900,NA,66,8.86163359768663
46,1,1,1,380,650,16,10,6.96318998587024
100,3,2,1,0,3500,98,53,8.20303024171486
35,1,1,0,0,500,0,8,6.23244801655052
300,4,5,1,3700,8550,400,109,9.45414892373398
57,2,1,1,370,1000,36,13,7.25841215059531
35,1,1,0,285,1600,NA,21,7.56992765524265
110,3,2,2,1050,2750,NA,36,8.27614021955846
106,2,3,2,1109,3980,NA,51,8.58485183989005
120,3,3,1,1260,3500,NA,46,8.5079506100493
40,1,1,0,0,2000,0,30,7.61628356158038
97,3,1,0,390,2080,100,27,7.86249719723055
160,3,1,2,0,2800,151,43,8.00469951054955
80,4,4,3,3450,6000,NA,77,9.16199011103514
297,4,5,5,3182,11700,2482,149,9.7705845338719
400,5,4,6,0,6500,0,98,8.79467340138342
90,3,1,0,250,1500,140,20,7.55538194424027
93,3,3,1,1307,2990,235,39,8.4277060249147
37,1,1,1,658,2700,145,35,8.17159948034546
300,4,2,2,3000,6500,1091,83,9.27528506061656
217,3,4,3,3400,1900,917,25,8.73921611506174
77,3,2,2,830,6200,NA,79,8.89768231345422
150,3,4,3,2200,7500,NA,54,9.24773249119324
60,2,1,0,453,1654,NA,21,7.66340766489348
140,3,2,1,1141,2900,NA,37,8.34924780056679
96,3,2,1,200,2000,NA,27,7.75061473277041
55,1,1,1,577,5600,NA,71,8.7528975247753
170,3,2,2,0,4200,309,64,8.42814337458273
70,2,2,1,1000,1400,211,19,7.87511928104029
400,10,9,8,0,8330,550,126,9.10575733178374
209,4,4,4,2140,7300,587,98,9.22335530905368
91,2,2,2,4495,5500,NA,71,9.278092474027
328,3,4,4,1382,6000,800,77,9.01917986651502
92,3,3,2,300,1600,112,22,7.6182510978767
50,2,1,1,830,1650,0,22,7.82524529143177
85,2,1,0,470,2800,217,43,8.16933639592839
72,2,2,0,700,3000,1,39,8.22710823434815
140,4,2,1,1600,3900,NA,51,8.68304655550289
70,2,2,1,390,1500,80,20,7.5963923040642
130,3,3,3,2200,3500,348,45,8.71505995954565
387,4,6,6,4246,6647,2235,85,9.48880509487835
126,3,3,2,780,3600,167,46,8.43250638324904
104,3,2,2,1040,3800,0,49,8.49494758246892
550,4,4,4,0,14000,NA,211,9.65188022422134
51,1,1,0,367,1950,84,25,7.7944112057266
140,4,3,3,1200,3400,250,46,8.49637805170232
90,2,1,1,1000,3000,50,39,8.31630024903685
70,2,2,2,550,1750,209,23,7.83715965000168
140,3,2,1,1600,4000,271,52,8.68676717538769
20,1,1,0,375,1250,NA,17,7.42237370098682
365,3,5,2,1950,8500,899,108,9.3467052464967
200,2,3,2,1800,12750,500,187,9.63174444388585
40,1,1,0,185,850,41,13,6.99393297522319
66,1,1,1,900,5000,NA,64,8.70400465348304
161,1,2,2,2162,7000,54,89,9.13841463240459
75,2,1,0,915,2350,NA,31,8.12474302038557
110,3,1,2,0,1900,64,29,7.59789795052178
82,2,1,1,300,600,NA,8,6.92165818415113
23,1,1,0,430,1800,NA,23,7.72046169459972
65,3,2,1,512,1740,135,23,7.78779687818117
40,1,1,0,0,816,0,15,6.72383244082121
129,3,2,2,1411,3310,235,42,8.51699317141357
114,1,1,1,987,2800,208,36,8.3020178097512
200,2,2,2,1,3000,167,46,8.07558263667172
101,3,2,2,541,4200,142,62,8.50633444808136
50,2,1,0,0,950,50,16,6.92461239604856
400,4,3,2,0,8000,1417,121,9.16314393714521
71,2,1,1,785,2559,0,32,8.12474302038557
72,2,1,0,100,900,42,14,6.96318998587024
250,4,4,3,4341,8000,888,102,9.49784742911368
50,2,1,1,0,1000,0,13,6.92165818415113
180,3,2,1,1060,2200,201,28,8.15765701519647
31,1,1,0,250,586,NA,9,6.77308037565554
86,2,1,0,730,1650,60,22,7.80913539812054
200,4,3,2,1164,4000,378,54,8.62998601889136
130,3,2,1,1550,5500,300,70,8.91206909797013
38,1,1,0,330,1800,42,27,7.69621263934641
20,1,1,0,0,1950,NA,25,7.58882987830781
140,3,2,2,1300,3200,167,47,8.45850419506756
40,1,1,0,250,930,21,14,7.10332206252611
65,2,2,1,956,3800,7,50,8.47928361834302
300,5,3,3,0,8500,234,140,9.09099361434362
30,1,1,0,250,650,30,10,6.84694313958538
41,1,1,0,350,1760,45,23,7.68662133494462
98,3,2,1,325,1400,NA,19,7.52886925664225
50,1,1,0,430,702,20,9,7.05789793741186
68,2,2,2,1365,3900,9,52,8.580543506917
193,3,3,3,3100,6500,834,83,9.26112853880829
32,1,1,1,350,1880,NA,24,7.72090525193678
36,1,1,0,435,1300,0,17,7.46908388492123
167,3,1,0,0,1500,NA,23,7.32909373624659
25,1,1,0,400,2006,NA,26,7.82404601085629
55,2,2,1,500,1330,30,18,7.53849499941346
50,2,1,1,295,1500,NA,20,7.52994337060159
125,2,4,1,3000,6500,500,84,9.21840774305394
85,3,2,2,700,3400,NA,50,8.35490952835879
170,2,2,0,800,2700,184,40,8.22282213081366
300,5,6,2,0,8000,800,121,9.09627541568821
23,1,1,1,600,2800,99,36,8.17075142375753
160,2,4,2,1500,7000,NA,103,9.07920610395138
210,3,5,4,2660,7200,169,96,9.22335530905368
120,3,3,2,0,4200,359,64,8.43901541035221
406,3,4,2,3200,15000,1167,194,9.88129306702636
63,2,1,1,352,1750,90,23,7.70345904786717
127,3,4,2,1227,3500,250,45,8.52178264375005
90,3,2,2,3160,5000,NA,64,9.06056344665796
373,4,5,7,0,11500,522,189,9.41009246383302
60,2,1,1,300,1300,53,17,7.42117752859539
650,4,6,5,0,10000,834,151,9.3048320350689
250,3,3,2,2750,5500,792,70,9.11745724449613
318,4,2,2,0,4500,179,74,8.46674164792014
22,1,1,0,0,976,0,15,6.89972310728487
64,2,1,0,950,2700,250,35,8.27792025817214
172,4,5,3,2655,5500,943,70,9.1235835080499
108,3,3,2,1265,2200,253,28,8.22871079879369
31,1,1,1,520,2700,83,35,8.11342663994365
90,2,1,2,311,1800,NA,24,7.72179177681754
81,2,1,0,1050,2650,NA,35,8.3030093814735
80,2,1,1,660,1900,50,25,7.8770178956224
243,3,2,1,1840,8000,450,102,9.24869532585265
67,2,1,0,1700,6600,249,86,9.0636947916347
160,3,1,1,0,3000,298,46,8.11522197256233
67,2,1,1,300,1200,284,18,7.49720722320332
90,3,2,3,1018,1500,201,20,7.91571319938212
186,4,4,3,1900,5600,NA,71,9.00650913169435
15,1,1,0,0,700,0,10,6.56667242980324
62,2,2,2,570,1390,NA,21,7.62168499872461
215,4,6,3,2100,5700,959,73,9.08624998674513
28,1,1,0,255,1764,0,23,7.62217459481762
240,4,5,3,3500,15000,1250,191,9.90053319270969
70,2,2,1,2274,2980,NA,38,8.65347080970879
145,2,2,2,2530,7630,NA,97,9.28739400141847
47,1,1,1,400,2200,NA,33,7.87625888230323
62,2,2,1,749,2500,NA,32,8.10982627601848
270,4,5,6,0,8000,317,132,9.04192172035122
266,3,5,1,2075,4320,NA,55,8.83083536553755
109,1,1,2,1750,11500,479,146,9.53827627757511
24,1,1,0,450,2020,0,26,7.82284529027977
80,3,2,2,560,2500,NA,32,8.1146238864201
500,4,8,4,0,14000,NA,211,9.62450089845157
150,3,1,1,1172,4800,NA,61,8.75273950944749
110,2,2,2,290,1346,88,10,7.45876269238096
110,2,3,2,2000,11500,502,146,9.55754057195237
77,3,1,2,953,3500,NA,45,8.46146904264388
850,5,7,8,14000,4000,0,51,9.80095636388846
58,1,1,1,530,1200,0,16,7.46565531013406
145,3,3,1,2860,6600,555,84,9.22038970782918
42,1,1,1,415,1200,54,18,7.4312996751559
62,2,1,1,470,1150,NA,17,7.44307837434852
65,2,1,0,0,1500,24,23,7.34471905414967
33,1,1,1,479,3000,125,39,8.20083725837985
140,3,5,2,0,3900,250,59,8.34521792667643
326,3,2,3,350,3900,2760,70,8.86517041965177
70,2,2,1,1000,2500,NA,33,8.18896686364888
25,1,1,0,250,1112,0,7,7.22256601882217
67,2,2,2,618,2372,NA,8,8.00603417874901
50,1,1,0,473,550,14,7,6.95177216439891
215,3,4,4,2859,6000,865,77,9.19034172546949
55,2,1,1,480,750,66,10,7.17548971362422
264,3,4,3,3300,6770,NA,86,9.22631214148588
270,4,2,1,1800,7500,750,97,9.22532750178443
40,1,1,1,1300,4860,154,62,8.76045304631527
90,2,2,0,180,1800,375,23,7.77443551030296
50,2,2,1,850,950,59,13,7.53529670244409
68,2,2,2,1500,6600,0,84,9.01005848980524
41,1,1,0,450,2470,0,32,7.99057688174392
420,3,5,5,0,8200,1084,124,9.14942195700677
150,3,2,1,0,2500,0,38,7.83952558170468
220,4,5,3,3000,7800,NA,99,9.38437770918244
113,2,2,1,1000,3000,NA,39,8.31630024903685
268,4,4,4,3317,6000,899,77,9.23902500583609
74,3,1,1,380,1090,42,16,7.33236920592906
53,2,1,1,550,2400,21,31,8.00736706798333
64,1,1,1,398,1200,NA,18,7.41758040241454
45,1,1,1,400,2550,120,38,8.04205641005875
120,3,3,2,400,1850,0,24,7.72973533138505
167,3,3,4,1814,5500,807,70,9.01091334727929
250,4,2,1,0,2700,209,48,7.99226864327075
28,1,1,1,550,1100,NA,15,7.41818082272679
135,2,3,1,2745,8000,650,102,9.35018926709258
42,1,1,0,250,1250,25,19,7.34277918933184
156,4,4,2,250,3500,248,47,8.30548401772769
300,4,5,5,3500,1990,10830,26,9.70204433653459
150,4,2,3,600,3500,380,47,8.41803561988302
54,2,2,1,400,1927,100,12,7.79975331828725
38,1,1,0,700,1650,NA,25,7.77317368048254
474,5,5,7,0,15000,NA,246,9.6952941881746
450,5,4,3,0,12000,1201,181,9.50159106930499
343,4,3,4,0,7000,NA,115,8.91408834884133
180,3,2,4,0,3000,0,46,8.02191277898571
100,2,2,2,0,2000,0,31,7.61677580869837
102,2,3,2,0,2500,0,38,7.83952558170468
470,4,5,3,3772,6580,1650,85,9.40021665317425
140,3,3,1,2285,2820,343,37,8.60995467149755
380,4,1,0,0,2890,150,25,8.02812905943176
140,2,2,1,252,3000,NA,44,8.14525956651686
520,3,4,3,0,7000,645,106,8.9557061535706
130,3,2,3,0,7450,167,112,8.95286414158147
49,1,1,1,700,2985,0,38,8.25322764558177
28,1,1,0,609,1099,0,15,7.45240245122364
58,2,1,1,472,870,75,12,7.26542972325395
32,1,1,1,480,2150,0,28,7.88570539124302
48,2,1,1,300,2000,26,26,7.76344638872736
30,1,1,0,370,1830,NA,24,7.70751219460034
26,1,1,0,188,2650,55,34,7.9820748750812
65,2,1,0,450,1285,93,17,7.5207764150628
98,3,2,2,410,2290,NA,35,7.92334821193015
234,3,4,4,3746,5000,1210,64,9.21243817005833
59,2,1,1,430,1190,47,16,7.42892719480227
97,2,3,1,760,6500,120,83,8.91784674252718
65,2,2,1,490,1100,70,15,7.42416528104203
42,1,1,1,500,2300,NA,34,7.96450336355155
94,3,2,1,1733,3300,192,43,8.56959587020929
147,4,2,3,850,4700,330,63,8.6901375863976
73,3,2,2,550,2520,192,32,8.10016144693661
40,1,1,0,2000,2200,NA,29,8.35819745992578
350,3,5,5,0,3080,200,47,8.1101268019411
384,3,3,4,0,11400,NA,172,9.45022303929467
48,1,1,2,2300,7000,245,89,9.17315758084847
96,3,2,1,1100,2500,NA,33,8.24249315318763
55,2,1,0,350,1125,25,17,7.32514895795557
330,4,4,3,0,6994,403,125,8.92572027356022
49,1,1,0,330,900,24,14,7.14598446771439
170,3,2,1,900,3500,0,46,8.3999849905107
243,2,3,2,0,4619,559,70,8.5657928612523
216,4,4,3,3100,8980,0,114,9.40845325356515
60,2,1,1,440,800,NA,11,7.1777824161952
200,3,4,2,0,2500,NA,38,8.01928379291679
48,1,1,0,309,700,NA,11,6.9555926083963
130,3,2,6,0,2200,NA,34,7.79028238070348
55,2,1,1,647,1080,185,14,7.56371966841437
200,4,3,2,0,5628,NA,85,8.7465573545435
101,3,2,2,632,2200,NA,28,7.99967857949945
20,1,1,0,435,1650,NA,21,7.68063742756094
97,3,3,2,1058,2500,275,32,8.25997565976828
83,2,2,1,782,4800,174,61,8.66871183905515
47,1,1,1,360,610,6,9,6.89365635460264
110,2,2,1,1285,4348,196,56,8.68033192879342
140,4,4,2,670,3100,153,40,8.28500889544988
242,3,4,3,2100,7000,250,89,9.15271125913955
35,1,1,0,270,1300,0,17,7.37023064180708
100,2,2,0,670,4700,NA,61,8.66681936537205
134,3,3,1,1200,3500,NA,45,8.50633444808136
50,2,1,1,0,1000,35,18,6.96034772910131
67,3,1,1,447,1200,NA,16,7.43248380791712
150,2,3,0,0,4000,NA,61,8.33950090300594
174,3,4,3,2200,13500,814,172,9.72262493097842
120,3,3,1,0,2800,NA,43,7.97899637085411
90,4,2,0,0,1700,152,31,7.54115245513631
16,1,1,0,0,850,NA,11,6.79346613258001
110,3,1,1,830,1200,25,5,7.63094658089046
277,2,3,4,5295,13000,NA,165,9.90403740134156
79,3,1,1,700,1405,NA,18,7.66105638236183
180,4,3,2,970,3260,NA,44,8.44784311328144
300,3,3,2,2600,7650,NA,97,9.29201252062021
270,2,3,4,0,3270,169,50,8.15765701519647
25,1,1,0,100,790,NA,12,6.82001636467413
78,1,1,1,574,3850,225,49,8.45510499910282
82,2,2,1,1500,2450,192,32,8.33686963728496
55,2,1,2,160,1100,0,15,7.15148546390474
420,4,5,4,0,10000,667,151,9.28924396957165
115,2,3,2,687,3500,220,45,8.4013333053217
45,2,1,1,0,1000,0,14,6.92264389147589
47,3,1,1,300,1420,0,18,7.46106551435428
250,3,3,2,1600,2500,300,32,8.39683183474505
95,3,2,1,1602,5000,36,65,8.81045964216192
54,2,2,1,829,700,NA,10,7.42773884053289
200,3,2,2,0,12000,369,197,9.43914785291483
380,3,3,5,0,10900,1713,164,9.45571497213171
60,2,2,0,1300,4000,1,52,8.5855992240803
300,3,3,2,0,6000,197,91,8.7465573545435
75,3,1,1,160,1100,80,15,7.21229446850034
32,1,1,1,197,1500,NA,20,7.51969240411654
24,1,1,0,206,1400,NA,19,7.40671073017764
49,1,1,1,486,3200,NA,13,8.21608809863232
50,2,1,0,488,1400,NA,21,7.57609734062311
40,1,1,0,600,2200,61,29,7.96935774201635
30,1,1,1,1900,2000,NA,26,8.31311670281925
70,2,1,1,300,1100,14,14,7.26473017792987
146,2,1,1,730,1620,NA,21,7.82404601085629
120,2,2,0,1200,4750,389,62,8.76436572052981
67,3,1,1,351,890,40,12,7.16549347506085
347,4,4,3,2700,9000,589,120,9.42633845512952
80,2,2,1,0,1705,NA,14,7.48493028328966
40,2,1,0,526,2500,NA,32,8.06714903991011
44,2,1,1,192,1020,0,13,7.11151211649616
80,2,1,0,563,2200,59,28,7.95542508891267
106,3,3,1,800,3000,230,44,8.31262602567496
137,3,4,2,1176,3800,257,49,8.57224939716431
248,3,4,4,0,9000,NA,136,9.27528506061656
350,4,3,2,0,13500,1006,203,9.59635079225021
90,2,1,2,717,2800,13,37,8.1797604936999
16,1,1,0,0,1420,0,18,7.27170370688737
108,3,3,2,1200,3400,334,44,8.51298434664218
120,3,2,1,992,2414,223,32,8.20576472523446
54,2,1,1,320,1800,72,23,7.70345904786717
190,1,2,10,0,3900,34,59,8.29254851397576
100,3,3,1,300,1800,105,24,7.70975686445416
120,3,2,1,1083,2100,179,28,8.12888014212564
40,1,1,1,915,5000,115,36,8.7106195279423
185,2,2,2,0,1850,NA,28,7.56941179245071
50,1,1,0,2300,2300,0,30,8.44052810648075
233,3,6,5,0,6000,506,91,8.79452185178853
47,2,2,2,520,2611,NA,34,8.06777619577889
49,1,1,0,443,4100,89,52,8.45212119467252
76,3,2,2,250,2100,NA,31,7.77569574991525
60,2,1,0,650,1300,0,17,7.5847730776122
200,4,5,3,2600,4500,834,58,8.98632143762602
200,3,4,2,1730,5000,NA,65,8.86813171350303
184,3,3,2,1100,5445,264,80,8.8378263640077
117,3,4,2,1350,6100,NA,78,8.98956900480703
80,3,1,0,0,1250,0,23,7.14991683613211
60,2,2,1,700,2000,67,26,7.93522953981691
140,3,2,1,0,8200,0,124,9.02701831484864
55,1,1,0,645,1500,60,20,7.70796153183549
131,3,2,1,1685,4200,NA,54,8.7220913023891
142,3,4,3,1305,5000,NA,64,8.82232217747174
35,1,1,1,392,1100,13,14,7.32646561384032
40,1,1,0,135,890,NA,13,6.96602418710611
57,1,1,0,300,6000,NA,77,8.76327171401294
30,1,1,0,270,890,NA,13,7.09672137849476
800,5,7,5,0,15000,334,229,9.65252306301951
250,2,2,0,0,4000,335,72,8.39117635083275
37,1,1,1,500,1500,150,20,7.68294316987829
240,4,5,3,2800,10000,962,134,9.53971605897709
95,3,2,1,702,1650,76,22,7.80425138352811
30,1,1,0,590,980,0,13,7.36770857237437
380,7,7,6,0,5800,417,88,8.74925684010501
50,2,1,0,515,1900,42,25,7.81722278550817
32,1,1,1,465,900,NA,12,7.2283884515736
104,3,3,2,1300,6000,0,77,8.90625787815662
31,1,1,0,330,1575,0,20,7.56320059235807
700,4,5,2,3000,8000,402,102,9.35018926709258
138,3,3,0,1000,7000,84,89,9.00871366412422
77,2,1,1,980,4500,18,58,8.62281367327992
35,1,1,0,250,1305,0,17,7.36073990305828
216,4,3,4,1883,3500,659,45,8.71407489954152
60,2,1,1,314,1000,0,13,7.19142933003638
115,3,2,2,0,3000,71,50,8.04622910107538
222,4,3,4,0,3000,153,50,8.07215530818825
84,3,2,1,1500,2600,NA,34,8.42398080969406
156,3,3,1,1600,4150,0,53,8.66630261400408
34,1,1,0,0,1050,NA,16,7.0184017990692
60,2,1,1,350,1150,50,17,7.35755620091035
50,2,2,1,270,1300,34,19,7.39264752072162
210,3,3,2,2970,5500,690,70,9.13032266399015
240,4,2,4,0,8000,0,121,9.00233170824624
336,4,6,5,4950,7500,0,96,9.43755562266045
60,2,1,1,450,790,NA,11,7.14598446771439
194,3,3,2,1351,4000,324,54,8.65347080970879
70,1,1,0,250,2000,NA,26,7.73061406606374
46,1,1,0,100,1600,0,21,7.45124168498768
185,3,2,2,1760,6000,0,78,8.96686655418872
90,1,2,2,1500,8000,500,102,9.22038970782918
90,3,2,1,200,1400,NA,19,7.45645455517621
175,1,3,2,900,4142,0,53,8.536211197252
140,3,2,1,2200,4200,331,55,8.82276429670376
400,2,5,4,0,6000,NA,91,8.79118193673602
127,3,2,1,539,3000,120,44,8.21716859576607
60,2,2,1,654,3300,96,42,8.3170334764924
230,3,3,3,700,4000,NA,54,8.54927308487965
48,1,1,1,1137,6698,166,85,8.99801311309582
62,3,2,1,330,2975,59,38,8.13241267450091
110,3,2,1,1130,4500,262,58,8.69131455164485
80,3,3,2,1180,2800,NA,36,8.29829063435928
54,1,1,0,734,2400,NA,31,8.14670905220332
42,1,1,1,660,4400,41,56,8.54830418644129
55,2,1,1,176,850,NA,12,7.00215595440362
161,3,5,3,2541,6500,567,83,9.17905608193642
70,2,1,1,390,1100,NA,15,7.36518012602101
35,1,1,0,450,1300,40,17,7.49997654095212
360,4,4,4,5767,9000,2507,115,9.76370811000784
45,1,1,1,816,2900,NA,39,8.23350314023399
55,1,1,0,150,730,0,10,6.79234442747081
25,1,1,0,350,1750,46,23,7.68248244653451
68,3,2,1,360,2250,95,30,7.91425227874244
900,3,4,8,0,20000,NA,301,10.0904234468808
71,2,1,0,330,990,0,15,7.19743535409659
250,3,2,1,1642,6400,NA,83,9.0906555290302
305,4,5,5,4596,14000,2239,187,9.95327721703864
81,3,2,1,580,1700,90,22,7.78030308790837
234,3,4,4,1710,3600,1375,46,8.8146275553107
54,1,2,0,245,720,NA,10,6.92951677076365
70,2,1,1,703,4960,347,63,8.71177264560569
100,3,2,1,600,1800,140,24,7.84971375760487
48,1,1,1,1450,4200,135,54,8.67248607582227
88,2,2,1,700,1900,NA,28,7.90322680873073
40,1,1,0,0,2000,53,31,7.6425241342329
76,1,1,0,503,1490,177,22,7.69302574841789
109,3,2,2,1156,6500,319,83,8.99454475832451
160,3,3,2,1364,2650,NA,36,8.37101068123816
106,2,1,0,110,1790,NA,23,7.56216163122565
90,4,2,0,568,1900,55,25,7.84345640437612
70,2,2,1,665,2000,0,26,7.89803969076462
120,2,1,4,0,2000,NA,31,7.71378461659875
230,3,3,3,2500,3916,NA,50,8.86120833720818
130,2,2,2,0,3500,NA,53,8.29454951514368
67,2,2,1,730,1970,205,25,7.98309894071089
140,4,3,2,1030,3500,220,45,8.4755375161474
80,3,2,0,300,1500,71,20,7.54538974961182
40,1,1,0,307,1350,0,18,7.42416528104203
49,2,1,1,225,1000,NA,14,7.12286665859908
73,3,1,1,1270,3800,NA,49,8.56750600528983
110,2,3,3,0,2200,8,34,7.71556953452021
79,3,2,1,580,2400,62,31,8.03073492409854
40,1,1,0,300,1155,55,16,7.33106030521863
370,4,6,0,3417,7900,2386,101,9.53249633228804
140,4,3,2,822,2200,132,30,8.06620756800626
300,4,4,2,2500,8000,1275,104,9.38269576445829
40,1,1,1,375,1635,0,21,7.61677580869837
100,3,2,2,1129,1600,NA,21,8.00670084544037
63,2,2,1,650,1890,9,24,7.85321638815607
150,3,2,1,1246,5500,0,70,8.82717477136278
190,3,3,3,3000,13000,84,165,9.69590972432601
100,3,2,2,970,2400,NA,31,8.2419665602318
132,6,4,2,800,3400,NA,50,8.38206051742474
127,2,3,3,2300,3300,500,42,8.72306850116393
222,3,3,2,0,2400,NA,21,7.90617884039481
80,2,2,1,0,1680,NA,26,7.44775128004791
208,4,4,3,3600,12000,1084,153,9.73157166845605
480,4,4,6,0,10000,NA,151,9.31928445896536
360,3,5,2,3500,15000,834,191,9.87975822583689
142,3,2,2,1026,1750,243,23,8.02059914989697
150,3,3,0,1100,5100,NA,66,8.78094111357239
54,2,1,1,560,1600,0,21,7.68799716639302
35,1,1,0,480,1000,0,13,7.30921236569276
44,2,1,1,250,1090,10,14,7.21890970761906
130,3,2,1,1200,4500,NA,58,8.67573421954479
70,2,2,0,250,1550,42,23,7.53155238140729
68,2,1,0,230,1300,0,17,7.34471905414967
212,4,3,4,3300,15000,1272,191,9.8914655773088
35,1,1,1,580,3300,112,43,8.3030093814735
116,3,2,1,950,1700,90,22,7.92407232492342
80,1,1,0,427,1900,0,25,7.76344638872736
47,1,1,1,756,2250,114,29,8.05515773181968
60,3,2,1,842,1000,63,13,7.5595594960077
75,2,1,0,440,1200,0,16,7.41276401742656
60,1,1,1,694,1098,151,15,7.58018941794454
100,2,1,0,0,5000,125,76,8.5567984460086
22,1,1,1,0,1500,0,20,7.32712329225929
75,3,2,1,700,2900,125,37,8.23297179059344
75,2,3,2,499,2500,70,32,8.03980234373648
65,2,1,1,220,700,0,10,6.83625927727707
25,1,1,0,294,1300,22,17,7.39878627541995
194,4,3,2,2600,2999,643,38,8.74528448245438
75,2,2,0,0,2000,NA,31,7.66902828858968
51,2,1,0,165,1000,NA,14,7.09589322109753
63,2,2,2,600,4080,167,52,8.49699048409872
90,2,2,1,600,1200,17,16,7.51425465281641
45,2,1,1,1300,3000,167,39,8.41338702269065
85,2,2,1,1100,2000,NA,26,8.07371464110986
70,2,2,1,695,1700,NA,22,7.81480342948936
66,2,1,0,150,1700,NA,25,7.56786260546388
45,1,1,0,470,1100,0,15,7.36897040219479
114,3,2,1,750,2900,109,43,8.24354550792826
26,1,1,0,380,2300,61,30,7.92732436030979
60,1,1,2,0,2000,0,30,7.61628356158038
44,1,1,0,280,1100,NA,17,7.26403014289953
20,1,1,0,420,1050,79,14,7.35500192110526
91,2,3,2,2065,9800,500,125,9.43276366396591
70,2,2,1,650,1000,45,13,7.44366368311559
30,1,1,0,0,1550,21,20,7.37274636640433
308,4,5,4,1750,15000,NA,200,9.74806105920482
90,2,2,1,1000,3000,50,39,8.31630024903685
217,3,5,6,0,5000,NA,76,8.61141186665522
47,1,1,0,400,1700,72,22,7.69393732550927
60,2,1,1,150,1800,0,24,7.58832367733522
35,1,1,0,250,1305,0,17,7.36073990305828
490,3,5,4,0,10000,NA,151,9.42714386754419
180,3,3,2,1600,3000,0,39,8.4424696452203
65,2,2,2,400,1950,NA,29,7.79193595693806
76,2,2,2,600,1700,34,25,7.76641689801966
56,2,1,1,340,1400,57,18,7.50439155916124
68,1,1,0,500,1500,NA,20,7.61134771740362
56,1,1,1,722,1350,NA,18,7.66902828858968
131,3,2,2,2800,10000,NA,129,9.50532074690907
100,3,1,4,0,2500,226,38,7.92479591395644
72,2,2,1,350,2500,125,32,8.00903068506973
88,3,2,1,289,1450,114,20,7.53583046279837
38,1,1,0,700,1850,150,24,7.91022370709734
49,2,1,1,487,1300,17,17,7.5076900778199
60,1,1,1,900,4600,100,59,8.64117917119723
80,2,1,1,1257,2950,195,38,8.3986348552921
280,5,3,3,0,4000,117,72,8.34045601291618
510,4,3,5,0,10000,NA,151,9.27528506061656
148,1,2,4,1845,9900,550,126,9.42714386754419
76,3,2,1,550,1600,59,24,7.71154897962915
110,3,2,1,400,1400,150,19,7.58578882173203
22,1,1,1,0,1275,0,17,7.16472037877186
42,1,1,1,450,2000,88,26,7.84971375760487
59,2,1,1,490,1700,0,22,7.70210434005105
158,4,4,4,2250,2500,423,32,8.55756708555451
65,2,2,1,290,925,84,13,7.1800698743028
20,1,1,0,602,1800,130,23,7.84619881549743
298,4,4,1,0,3000,NA,46,8.02191277898571
38,1,1,0,877,2280,123,30,8.10500553754725
213,4,4,3,2600,6500,1157,83,9.24387185518498
150,3,2,3,0,1900,125,29,7.62803112693033
60,1,1,0,350,1000,0,13,7.21817683840341
65,2,1,1,100,1400,NA,18,7.37963215260955
169,4,4,4,1800,6450,1140,82,9.15620092587554
100,2,3,1,1260,3973,315,51,8.63052187672324
158,4,4,3,2100,6600,375,84,9.12260145766818
150,2,2,2,0,6000,667,91,8.81863022910035
49,2,1,0,250,1650,NA,25,7.57095858316901
260,4,4,4,3400,5000,1417,64,9.1984701994057
65,1,1,1,780,2500,241,33,8.17611034223734
380,6,5,3,0,9000,NA,136,9.16471519394991
70,3,1,0,205,1200,25,16,7.27724772663148
180,2,1,0,0,2000,15,31,7.62413058566129
105,2,1,0,400,1250,55,17,7.45182223652793
300,8,3,1,0,4000,500,66,8.426611813185
190,3,3,1,2000,9000,492,115,9.35970820362701
67,2,2,2,202,1000,82,14,7.1693500166706
96,2,2,2,1200,9000,NA,115,9.24193593356593
75,2,2,1,200,1300,250,19,7.47873482556787
45,1,1,1,367,1100,34,14,7.32383056620232
60,2,1,1,489,1900,0,25,7.78945456608667
45,1,1,1,781,2970,92,38,8.26410576372896
38,1,1,1,1450,3400,NA,44,8.49596955496461
75,1,1,1,0,1521,163,23,7.44307837434852
442,5,6,6,0,7500,1301,113,9.09549053029724
220,3,3,2,1700,11000,542,140,9.50159106930499
140,3,1,2,140,6000,NA,91,8.78032639094661
76,3,2,1,375,1400,128,19,7.56164174558878
60,2,1,1,395,580,15,8,6.90675477864855
50,1,1,0,250,803,0,12,6.97166860472579
165,4,3,2,0,5000,NA,76,8.5414954839392
90,1,1,0,0,1150,NA,18,7.11314210870709
62,2,1,1,447,1200,76,16,7.46164039220858
120,3,2,2,0,3800,NA,58,8.25816336153762
279,4,5,4,0,4500,379,74,8.5079506100493
79,3,2,0,781,3500,183,46,8.4142741374084
45,1,1,0,480,980,NA,13,7.29573507274928
36,1,1,0,700,590,244,8,7.34148385236316
47,1,1,0,580,750,0,10,7.20117088328168
270,4,4,8,0,3200,144,49,8.12976444579417
25,1,1,0,700,890,59,12,7.41577697541539
45,2,1,1,280,1125,26,15,7.27724772663148
255,4,4,3,5000,6600,1678,84,9.50009529458889
55,1,2,1,744,954,74,13,7.48773376143644
85,3,3,2,1600,4940,300,63,8.83985623276326
200,3,3,2,370,2700,135,36,8.08394570229562
55,2,2,0,290,1400,NA,21,7.46508273639955
180,5,5,2,1285,2287,517,29,8.32336569443608
64,2,2,2,800,1900,129,25,7.95682712209011
42,2,1,1,900,923,NA,14,7.56941179245071
300,3,3,5,0,5400,NA,82,8.7509996908987
32,1,1,1,1800,2000,416,26,8.35302584520232
64,2,1,2,480,1850,39,24,7.78072088611792
72,2,2,1,626,1440,NA,19,7.65586401761606
30,1,1,0,0,1000,NA,13,6.92165818415113
55,2,1,0,150,1250,85,19,7.31654817718298
253,3,5,5,2760,6750,NA,86,9.33882153362472
147,3,2,0,1500,4250,NA,54,8.66647489413199
110,3,3,1,1306,4575,140,58,8.71275997496021
400,4,3,4,0,3760,2084,57,8.68304655550289
350,5,4,2,0,4794,500,86,8.59062950948942
510,5,5,5,0,10000,2317,151,9.43116122792075
246,3,4,4,3350,10000,1480,127,9.61320209421423
92,3,4,2,804,2200,144,28,8.06369263426952
54,2,2,1,500,2300,167,30,8.00570067866254
130,3,2,0,1655,3700,350,47,8.65747673686329
53,2,2,1,950,1100,60,15,7.66199755890189
59,2,1,1,589,1500,NA,20,7.65444322647011
153,3,2,2,0,9876,196,162,9.23317760587894
78,2,1,1,430,950,32,13,7.26262860097424
305,3,3,3,3100,5500,NA,70,9.29109052166129
54,1,1,1,758,1148,NA,15,7.60389796852188
80,2,2,0,580,1275,113,17,7.59387784460512
26,1,1,0,308,1490,NA,19,7.50549227473742
96,2,1,1,795,2500,NA,32,8.15679704667565
70,3,1,1,650,1300,17,17,7.59337419312129
56,2,1,1,530,2500,0,32,8.02715010683277
320,5,3,4,0,5500,219,91,8.66750795207511
30,1,1,0,0,861,NA,13,6.77422388635761
45,1,1,0,340,1000,0,13,7.21081845347222
60,2,1,0,457,1134,55,15,7.41577697541539
101,2,3,1,900,3500,267,45,8.45807992692373
220,4,4,2,2500,3200,NA,41,8.74735207762435
60,2,1,0,0,1200,44,19,7.1420365747068
62,2,1,1,350,1800,55,23,7.70930833338587
65,2,1,1,800,1100,0,15,7.55799495853081
111,2,2,1,218,1102,33,20,7.22548147278229
140,2,1,2,0,4000,NA,61,8.49351506406166
17,1,1,0,300,2100,50,27,7.81520706218909
90,3,2,2,1300,3500,250,45,8.536211197252
40,1,1,0,0,1350,80,21,7.28069719538474
70,2,2,0,750,6100,150,79,8.86502918668777
370,4,5,5,4800,5000,1992,64,9.38101098602928
48,2,1,1,400,1000,7,15,7.26052259808985
130,3,2,1,747,2500,NA,34,8.13270648969326
303,3,4,4,4540,18000,NA,229,10.0332430755287
150,3,4,3,3500,10740,67,137,9.57782666212656
45,1,1,1,3000,5520,0,70,9.05847042263806
190,4,4,3,1740,6200,501,83,9.05075830215172
250,4,4,0,0,3940,0,65,8.29554851622576
78,3,2,2,605,1690,68,22,7.77737360265786
160,3,3,2,0,2500,7,38,7.84227877911735
100,3,2,1,1005,1850,NA,24,7.99463231143183
298,3,4,3,0,14700,1284,221,9.69344530314157
140,3,3,1,100,1500,59,27,7.43070708254597
78,2,2,2,613,4338,NA,55,8.51859221232995
47,1,1,1,1500,650,0,9,7.67786350067821
80,2,1,2,900,2424,NA,31,8.18896686364888
20,1,1,0,602,1800,130,23,7.84619881549743
60,2,1,1,675,1550,0,20,7.71690613529839
52,1,1,0,750,2500,117,33,8.1318247850072
75,3,1,1,263,1100,NA,15,7.27239839257005
45,2,1,1,430,2364,77,30,7.97315543344413
26,1,1,0,0,900,10,12,6.82762923450285
120,3,2,0,0,2200,76,37,7.74673290775362
239,4,4,4,2027,5500,NA,70,9.05625635659347
22,1,1,1,500,2200,NA,28,7.91169052070834
750,7,6,5,0,5800,559,88,8.77152528418647
148,3,2,2,1422,4000,279,52,8.65765054411149
80,2,1,0,700,1000,98,13,7.50218648660292
76,3,1,2,900,2280,270,29,8.15478757276852
45,1,1,1,520,3200,105,41,8.2602342916073
74,3,2,1,650,1600,250,21,7.83280751652486
38,1,1,1,360,500,6,8,6.77422388635761
57,1,1,0,300,6000,17,77,8.76327171401294
40,1,1,0,0,780,17,12,6.69703424766648
147,3,3,2,1520,2200,513,28,8.35749381265856
300,4,5,2,3600,7800,609,99,9.40186940952105
50,2,1,1,480,1200,NA,16,7.47816969415979
55,1,1,1,620,3500,104,52,8.36100710822691
25,1,1,0,500,1400,NA,19,7.57353126274595
80,3,2,2,1219,3650,NA,47,8.51859221232995
300,2,4,3,3500,2800,NA,38,8.85452220375743
680,4,5,8,0,8000,217,121,9.02869858408698
252,4,5,5,3100,12500,1750,159,9.7705845338719
208,3,3,2,2354,7000,552,89,9.20994029195484
36,1,1,0,520,750,51,10,7.19443685110033
50,2,1,1,230,1100,28,15,7.22548147278229
70,1,2,0,0,1200,0,19,7.1066061377273
184,5,3,2,330,2600,NA,35,8.05102220819068
100,2,2,2,0,5590,280,85,8.6921543938039
73,2,1,0,260,1350,25,20,7.4121603349452
140,3,2,1,1585,1290,330,17,8.07806788181544
240,3,2,1,1900,8000,459,104,9.25540933534376
60,2,1,1,0,2700,0,35,7.91425227874244
170,3,3,2,1500,4500,NA,58,8.78905071352105
59,2,1,1,260,1930,50,29,7.72753511047545
169,3,2,1,1300,2700,NA,35,8.37655086161377
58,1,2,2,630,1235,80,16,7.58171964012531
110,2,1,1,130,980,52,13,7.06987412845857
70,2,2,0,0,1500,NA,23,7.32909373624659
27,1,1,0,100,960,75,15,7.04838640872188
200,3,2,3,1600,4000,NA,51,8.63976474380442
180,3,2,2,2000,7000,100,91,9.12608881952859
33,1,1,1,1750,1000,100,13,7.95997452808054
120,2,3,0,0,7000,NA,106,8.93022956502072
47,1,1,1,400,2200,0,33,7.87625888230323
470,5,4,6,0,7200,NA,109,8.98431767991113
277,3,4,4,0,3170,28,48,8.08548677210285
71,3,2,0,300,1450,NA,19,7.48324441607385
40,1,1,1,0,1200,0,19,7.1066061377273
90,2,1,0,1200,3850,130,49,8.56216655705897
244,3,4,2,0,4500,NA,68,8.53777982502463
55,1,1,1,570,1100,NA,14,7.42952084278646
92,3,2,2,720,3200,NA,41,8.31898612539206
318,5,3,2,0,3840,600,58,8.41161042884117
74,3,1,0,0,1600,NA,25,7.41818082272679
60,2,2,1,600,2200,49,28,7.96485088744731
120,3,3,1,330,2300,173,31,7.94979721616185
30,1,1,1,2000,1950,229,25,8.34402957240705
55,1,1,1,1950,5000,375,64,8.90788301394225
38,1,1,0,350,770,38,12,7.06561336359772
55,3,1,0,0,720,NA,13,6.60934924316738
182,3,2,1,1990,9000,283,115,9.34057884889991
77,2,2,1,932,1950,NA,26,8.02158453345511
160,3,1,4,0,3400,135,52,8.18535022317869
346,4,4,4,2200,4080,2704,52,9.10908253990196
80,2,1,0,900,1300,NA,17,7.79893331004122
88,3,2,2,900,1950,NA,25,7.99967857949945
75,2,2,1,900,2500,NA,33,8.21797820315073
120,3,2,0,1333,3500,259,46,8.54461378699223
28,1,1,0,600,1230,50,16,7.54802896993501
29,1,1,0,400,2000,5,26,7.79646924308606
67,3,1,1,235,900,70,12,7.10496544826984
110,3,2,1,1172,6500,NA,83,8.98080141357311
170,3,2,1,1700,5500,415,70,8.94715577112479
80,2,2,1,0,1500,75,23,7.37713371283395
72,2,1,1,860,1440,0,19,7.74932246466036
76,1,2,2,892,4000,354,54,8.57565076098781
126,2,2,1,1949,3500,312,46,8.66699155650463
150,1,2,2,1100,5500,300,70,8.8495139654864
40,1,1,0,300,1505,NA,20,7.5234813125735
84,3,2,3,1450,3200,413,41,8.53797573059877
100,4,4,1,1350,4350,0,57,8.65834547117212
209,3,3,0,2200,4000,803,51,8.86149186428691
100,3,2,1,745,1400,119,19,7.7336835707759
50,2,1,1,360,1300,NA,17,7.42535788702715
110,3,3,2,560,3200,88,49,8.26821888006751
23,1,1,0,550,1500,NA,20,7.63578686139558
50,1,1,0,0,1200,84,19,7.1731917424866
68,1,2,1,1200,4500,100,58,8.67573421954479
86,2,1,0,250,1150,58,21,7.29979736675816
57,2,2,1,465,1150,NA,15,7.40306109109009
110,2,2,1,700,4000,NA,54,8.48446336679332
69,2,1,1,470,1550,70,20,7.65491704784832
48,1,1,1,450,550,NA,7,6.95654544315157
240,3,5,3,3500,10800,1250,137,9.66084257855907
84,3,2,0,250,1250,130,17,7.40731771046942
88,2,2,3,3114,3400,463,44,8.85680335672838
270,3,2,2,2168,10000,407,127,9.44943600950432
66,2,1,1,800,1560,88,21,7.81197342962202
81,3,1,1,725,1500,49,20,7.73848812249465
184,4,3,3,1200,4500,750,58,8.78094111357239
170,3,2,2,0,3000,50,46,8.0381891799732
500,3,5,2,5000,15000,1000,191,9.96133184222057
200,3,4,3,2350,6200,1084,79,9.18132342290569
70,2,2,1,569,1900,NA,25,7.83201418050547
155,4,5,3,1700,6200,542,83,9.05087559732516
100,3,1,0,870,2650,0,34,8.17611034223734
198,1,1,3,1100,10700,NA,136,9.41662256621498
45,2,1,0,400,2800,NA,36,8.08240225392624
40,1,1,1,1800,4800,NA,61,8.85537824604113
30,1,1,0,200,1100,42,17,7.2152399787301
44,1,1,1,760,2572,91,33,8.14815643992162
98,3,2,2,958,4300,180,55,8.61141186665522
73,3,1,0,200,900,38,12,7.04838640872188
340,4,4,4,2500,8700,0,111,9.33353098253138
101,3,2,0,450,1920,87,29,7.8188324438034
30,1,1,0,500,1720,NA,23,7.71601526664259
80,1,1,0,0,1600,60,25,7.4301141385618
30,1,1,1,0,500,0,7,6.23048144757848
999,4,5,6,2500,15000,NA,226,9.91497136047742
171,3,5,3,1320,10600,870,135,9.46738280829585
100,3,2,1,879,1600,90,21,7.85979918056211
70,2,1,1,767,2707,0,11,8.15651022607997
49,1,1,0,768,2600,66,33,8.15133333790043
62,2,2,0,0,1300,0,18,7.18462915271731
162,4,5,3,1720,3700,525,47,8.69834740045819
260,4,4,4,3247,15000,1589,191,9.90503635252598
266,4,4,2,1704,4850,659,63,8.89247396834709
250,3,5,5,3427,15000,1834,191,9.9257870600309
124,3,3,2,2019,2500,430,32,8.51358669582213
57,3,1,1,300,900,56,12,7.14598446771439
218,3,4,2,1800,7800,334,99,9.21343557688348
210,4,4,4,3000,13100,NA,166,9.7751426865989
274,3,2,2,300,2500,253,37,8.03624994213212
52,2,2,1,391,1800,0,23,7.70300768247924
254,4,6,5,4000,7740,NA,99,9.5045759233978
147,3,3,3,1157,3600,309,46,8.53954159508
78,2,2,1,180,1650,NA,26,7.52671756135271
60,2,2,0,518,1300,NA,10,7.6004023345004
130,3,2,0,1350,2700,300,35,8.38617292897783
50,1,1,1,765,2700,105,35,8.19035440376326
110,3,2,3,1150,2600,334,33,8.32312288758773
80,2,1,0,270,2850,173,37,8.11102783819368
376,5,6,4,4252,12000,1980,153,9.81961669349898
50,2,1,0,500,1370,7,18,7.54750168281497
179,3,2,2,2080,10000,NA,127,9.44549154241467
163,3,5,3,1450,9800,NA,125,9.36999018950572
110,3,1,1,1055,1820,124,24,8.01433573729942
330,6,4,3,0,13000,1156,196,9.57157490517093
35,1,1,0,250,1850,0,24,7.66152708135852
96,3,3,2,590,4147,243,53,8.52397017569526
90,2,3,0,0,2080,9,35,7.66152708135852
45,1,1,0,0,1500,76,23,7.37775890822787
130,3,1,1,0,5600,NA,85,8.64576229221094
77,2,1,0,705,1200,59,16,7.59135704669855
35,1,1,1,762,2650,NA,34,8.18144069571937
280,3,4,4,3700,12000,1150,153,9.74102744483773
24606,5,4,4,2254,8100,7859,103,9.81580322189124
344,4,4,3,0,3500,121,58,8.21066803116298
140,4,2,2,877,1950,271,26,8.0471895621705
95,3,4,1,957,3000,254,40,8.35514473946184
55,2,1,1,270,900,34,12,7.10414409298753
54,1,2,0,245,720,46,10,6.92951677076365
50,2,1,2,220,850,109,12,7.0833878476253
200,4,5,4,2607,10000,1150,127,9.53827627757511
50,1,1,1,650,2350,24,30,8.0245348716057
200,4,2,3,0,4500,0,68,8.42704964156327
67,2,2,1,1250,2840,255,36,8.38526052015541
62,3,2,1,300,2050,0,26,7.77359446736019
50,1,1,0,532,1700,77,22,7.75448154747038
77,2,2,2,450,2500,0,37,8.00235954625271
220,3,3,2,250,4680,184,60,8.55159461813357
253,4,5,3,2100,4100,0,52,8.7408166275673
500,4,4,3,0,9000,0,136,9.12008738299862
35,1,1,0,380,900,0,12,7.16472037877186
23,1,1,1,472,2300,59,30,7.9592759601164
325,4,3,2,4500,8500,1111,108,9.5624750243727
28,1,1,0,150,800,NA,12,6.88550967003482
76,2,2,1,1400,3360,203,44,8.51879191277993
70,2,1,1,500,1300,48,17,7.53155238140729
120,3,4,2,2200,2040,667,26,8.5039052970893
180,3,3,0,20,2500,170,39,7.91205688817901
350,4,3,4,0,6000,743,91,8.82981174915805
60,1,1,0,200,750,NA,11,6.91174730025167
87,2,2,2,630,2900,67,43,8.20001364817543
80,3,1,0,0,2837,342,36,8.07589363029886
90,3,1,0,0,2700,66,41,7.9402277651457
200,4,3,8,0,8700,1917,131,9.28275405248523
260,4,4,3,4070,15000,NA,191,9.94083150567655
100,3,1,2,1890,4500,213,58,8.80417501875363
50,2,2,0,200,950,0,13,7.05961762829138
800,4,7,8,0,12000,NA,181,9.5361127111751
75,1,2,2,1092,2500,321,32,8.28045768658256
213,3,2,0,1490,4100,230,52,8.67812085552252
70,2,2,1,0,1650,NA,25,7.48324441607385
55,2,1,0,287,1000,NA,15,7.20414929203594
264,3,3,2,2480,5300,665,68,9.0494671463881
66,2,1,1,250,1650,NA,22,7.60389796852188
269,4,5,0,3000,5100,NA,65,9.11921143856508
50,2,1,1,470,1550,13,20,7.6275443904885
400,4,5,5,0,10000,1896,151,9.39690292302739
38,1,1,0,200,1685,30,22,7.56941179245071
50,2,1,0,460,1800,50,24,7.755767170103
84,1,1,1,929,2500,246,32,8.21824792668574
40,1,1,1,560,1000,NA,13,7.38212436573751
50,1,1,0,0,690,0,11,6.55393340402581
27,1,1,0,100,960,NA,15,7.04838640872188
90,2,2,0,320,3200,0,41,8.17807746384961
50,1,1,0,250,1500,50,22,7.50823877467866
220,3,4,1,1680,12000,NA,153,9.55895290182487
106,3,3,1,970,2500,350,32,8.25660734462616
65,2,1,2,980,1800,167,23,7.99665387546261
70,2,1,1,390,930,45,14,7.22983877815125
260,2,3,4,0,5500,142,83,8.65277248565806
60,2,1,1,345,820,16,11,7.08422642209792
80,2,2,0,450,1275,0,17,7.46336304552002
132,3,2,3,0,2500,NA,38,7.86249719723055
85,2,2,2,900,7200,NA,92,9.06067959742178
600,4,6,6,0,12000,2592,181,9.6004210780406
87,2,2,1,2100,2975,117,38,8.56235774337061
78,3,1,2,1350,2330,150,30,8.25868149626424
188,3,3,3,1800,8000,NA,102,9.28182347359805
38,1,1,1,423,1450,NA,19,7.54591815120932
209,4,4,5,3990,9800,0,125,9.54115377038857
280,4,5,4,3200,13000,NA,165,9.76255742810192
420,4,4,4,6000,15000,NA,191,10.1076929028301
68,2,1,0,35,1000,0,17,6.95939851213398
46,1,1,0,280,990,30,15,7.18235211188526
63,2,1,2,700,2750,NA,41,8.18423477409482
220,3,3,3,0,3700,NA,56,8.31409733540581
150,3,4,2,0,3000,NA,46,8.03560269291858
98,2,2,2,1450,8500,450,108,9.26017760682336
119,3,3,2,1200,3000,129,39,8.38228942895144
40,1,1,0,210,796,NA,12,6.95177216439891
110,3,1,1,450,2700,NA,40,8.09376775793108
50,2,3,0,0,1740,NA,27,7.52402141520612
25,1,1,0,432,2200,NA,28,7.90322680873073
75,2,1,1,748,2000,NA,26,7.92840602618053
50,2,1,1,347,1500,0,20,7.53262361878879
152,4,2,1,1944,3500,NA,46,8.67385500142962
330,4,2,8,0,4000,388,61,8.40065937516029
251,3,2,2,0,3400,NA,52,8.2398574110186
120,3,3,2,1316,3000,NA,39,8.48879371689454
64,1,2,2,691,2100,NA,27,7.97625194374562
180,3,2,1,1300,2000,NA,30,8.14786712992395
61,3,1,1,300,1500,NA,20,7.55276208421415
62,2,1,0,430,800,25,11,7.14440718032114
35,1,1,1,444,3388,NA,43,8.29404964010203
60,2,1,1,250,1300,30,18,7.37713371283395
58,1,2,2,450,2200,0,33,7.89506349809157
146,3,5,2,1100,6600,424,84,9.01298639234827
176,3,4,3,1600,6500,NA,83,9.10041389259758
220,6,2,2,0,3600,125,55,8.23774380389093
47,2,1,1,250,1300,0,18,7.35819375273303
30,1,1,0,0,650,38,9,6.54821910276237
103,3,2,0,950,2160,39,28,8.06400734709666
600,7,6,2,0,9000,1084,138,9.23219970632908
200,4,5,3,0,6200,NA,95,8.77199043653224
34,1,1,0,200,1530,25,20,7.48211892355212
95,2,1,1,0,2900,0,44,7.98786409608569
215,4,4,2,2600,6000,NA,77,9.1689974084418
60,2,1,1,530,1230,88,16,7.53101633207792
145,3,2,1,3300,9000,700,116,9.48196927910572
102,3,2,2,0,1600,0,25,7.39387829010776
44,1,1,1,385,3600,125,46,8.33254893925264
90,2,2,0,1600,4200,250,54,8.71686338654481
180,4,3,1,1572,5000,240,64,8.83593778931984
123,3,3,1,0,3000,0,44,8.021256180144
54,2,2,1,769,2200,216,28,8.07527154629746
50,1,1,1,1000,1884,NA,11,7.97108575350561
100,2,1,1,0,1690,84,26,7.49609734517596
36,1,1,1,225,1200,35,18,7.2991214627108
92,1,2,1,810,3010,16,39,8.26255897301066
68,2,2,1,500,2000,79,26,7.86557175768479
94,3,3,3,1400,4450,NA,57,8.73841489716775
25,1,1,0,50,700,0,10,6.63463335786169
60,2,2,0,0,1300,0,20,7.18614430452233
321,5,3,5,0,13000,NA,196,9.64542900515042
116,3,4,2,1242,3900,NA,50,8.63159273172473
40,1,1,0,0,1010,0,16,6.93439720992856
100,3,2,2,1,2300,NA,41,7.7944112057266
70,2,1,0,0,1300,163,20,7.30249642372733
48,1,1,1,530,1700,NA,22,7.7510451179718
115,3,5,2,1830,7000,495,89,9.15005944109125
90,1,1,1,870,3600,73,14,8.42463920980563
89,2,2,1,800,2900,148,38,8.26539293085222
30,1,1,0,140,1360,NA,20,7.34277918933184
39,1,1,0,340,600,13,9,6.87005341179813
42,1,1,1,560,5250,100,67,8.69584134284388
400,4,5,5,0,7200,350,109,8.94376726273464
47,1,2,1,490,2500,125,32,8.05452260953729
124,2,2,2,0,7200,94,109,8.90977567369339
120,3,2,3,0,2200,180,34,7.78945456608667
45,1,1,0,0,700,25,11,6.60258789218934
270,3,2,4,0,6500,1167,98,8.95751051029161
108,3,2,1,1000,3655,240,47,8.50572771330696
128,3,4,4,1306,8000,595,102,9.21044036697652
179,4,2,0,1600,3040,484,40,8.54966038155374
140,4,2,2,777,2000,NA,27,8.02027047281924
27,1,1,0,0,1167,NA,16,7.32514895795557
250,3,4,2,3300,6000,NA,77,9.19978485803667
350,4,3,3,0,4400,209,79,8.45297461908959
208,3,2,2,1800,5000,NA,64,8.90449432889673
80,3,1,0,185,2100,0,27,7.74630066223144
34,1,1,1,620,3100,45,40,8.24433404785609
150,4,3,0,0,2850,275,37,8.05927622330565
127,3,3,2,1775,7000,421,89,9.13626316857987
296,4,5,2,0,8500,1000,128,9.17253465724028
61,1,1,0,437,2700,NA,35,8.06243279158319
375,4,4,3,2500,9000,NA,115,9.43596085316529
370,5,4,3,0,14000,1290,211,9.6486598169553
30,1,1,0,280,1270,42,19,7.38523092306657
480,5,7,5,6200,8500,3700,108,9.82612042895968
33,1,1,1,1500,3500,0,45,8.526351129201
84,3,1,0,900,3100,209,40,8.35467426191846
340,8,5,4,0,7000,1400,106,9.04864463297588
97,3,3,3,850,3000,164,44,8.3086919168389
110,3,2,1,1488,2500,NA,33,8.34569287325387
77,3,3,2,1010,2200,306,30,8.17385745477362
105,3,2,1,1590,2500,258,33,8.38526052015541
33,1,1,1,190,1800,90,23,7.6515955738576
25,1,1,0,340,2040,NA,26,7.78613643778307
130,2,2,2,0,4400,92,67,8.42507790250843
480,4,7,5,0,7500,1250,113,9.08975340898706
240,3,3,3,3000,10000,1200,127,9.57018030205807
80,2,2,1,760,2500,NA,33,8.1870210673435
50,2,1,2,850,1900,NA,25,7.94378269245863
32,1,1,0,300,1000,100,14,7.25488481007734
48,2,1,1,170,1400,12,19,7.3790081276283
90,3,3,1,0,2600,11,40,7.88306935130575
30,1,1,0,706,1100,133,15,7.57814547241947
75,2,2,1,488,2800,NA,41,8.150467911624
59,2,2,1,490,1450,48,22,7.60638738977265
25,1,1,0,0,1750,0,23,7.48099216286952
140,4,3,2,1070,3000,NA,39,8.38022733634308
100,2,1,1,1173,4000,NA,51,8.58391682345914
23,1,1,0,0,990,0,13,6.91174730025167
124,3,2,1,1070,2750,289,35,8.3296580675694
84,2,3,2,850,8500,450,108,9.2011987140589
69,2,2,1,662,4000,146,51,8.48879371689454
100,3,1,0,0,2000,216,33,7.71868549519847
70,1,2,1,1054,4000,106,51,8.55871893824474
88,3,2,1,320,1290,0,18,7.39572160860205
465,7,7,2,0,15000,435,246,9.66020506738103
90,3,2,2,1800,2730,334,35,8.49699048409872
120,3,3,1,1656,3000,189,39,8.49392456447688
277,3,4,2,3000,7650,NA,97,9.35279433977112
270,4,6,3,0,5000,669,76,8.65625923953924
216,3,2,1,1400,3800,167,56,8.59858882962023
150,1,2,0,0,1200,0,19,7.1066061377273
360,4,7,5,3900,3995,NA,51,9.2544529465945
110,2,4,2,690,2700,213,36,8.19973896063079
50,2,1,1,334,1300,16,19,7.4205789054108
98,2,2,2,1650,7500,NA,96,9.17440226517055
190,3,3,3,2000,5000,667,64,8.95312284032822
35,1,1,1,239,2500,NA,32,7.9592759601164
350,3,5,3,0,12000,1250,181,9.50532074690907
950,6,6,2,1130,10000,1375,164,9.44707119679891
213,4,5,4,3900,9900,NA,126,9.61653854466018
100,3,2,1,1100,3000,190,39,8.37332282099653
240,4,4,4,2700,16000,NA,203,9.93163759595247
77,2,1,1,400,960,129,13,7.31521838975297
217,3,4,4,2400,14500,910,184,9.79762691183662
218,4,4,3,2347,8400,NA,107,9.38940663604946
31,2,1,0,0,1040,NA,14,6.96129604591017
380,4,7,7,6000,15000,2500,191,10.0728505081657
40,1,2,0,500,1800,53,24,7.77401507725073
48,1,1,1,766,3800,NA,49,8.46926265765869
55,1,1,0,0,1400,138,22,7.35308192051543
270,3,3,3,3500,5740,NA,87,9.22631214148588
80,2,3,1,850,4500,0,58,8.59581951187143
50,1,1,0,0,1850,0,24,7.53636393840451
38,2,1,0,577,3200,50,41,8.26075135470051
320,4,5,4,3480,5000,NA,67,9.15778312123751
500,3,6,0,0,6400,1667,97,9.00761200540457
110,3,3,0,200,2400,NA,37,7.8991534833431
300,3,3,2,0,10500,768,158,9.34408424202578
30,1,1,0,0,650,25,10,6.53087762772588
58,2,2,1,942,3400,71,44,8.40245551394581
18,1,1,0,0,1720,0,22,7.46336304552002
139,4,4,8,0,3500,265,53,8.24774388722552
210,4,5,2,2300,8000,850,104,9.32821229257107
50,2,1,1,188,1180,0,18,7.23489842031483
70,1,1,2,2150,7000,542,89,9.1882992410993
36,1,1,0,175,1275,0,5,7.28344822875663
48,1,1,0,0,1100,0,14,7.01660968389422
92,3,2,1,220,1600,0,22,7.51914995766982
189,3,2,0,1371,4500,NA,58,8.76123680683819
38,1,1,1,350,2500,42,37,7.98275770201111
351,3,4,2,2400,9500,1192,121,9.48880509487835
64,2,1,1,650,2700,120,35,8.16223106548118
31,1,1,1,478,2400,75,31,8.0013550258267
90,3,2,2,1100,2450,117,32,8.21608809863232
40,1,1,0,890,3463,NA,32,8.38617292897783
180,3,4,4,4000,15000,NA,191,9.9335801928433
64,3,1,1,504,1500,53,20,7.63916117165917
190,3,4,3,2100,5500,525,70,9.01140150935879
400,3,3,4,0,14000,NA,211,9.58266226149109
180,4,5,3,1200,10000,725,129,9.39690292302739
73,1,1,0,864,3000,57,39,8.28425179762192
64,2,2,2,404,2600,75,33,8.04334217044161
65,3,1,1,461,2530,90,33,8.04398443122155
400,4,5,4,3240,12800,1345,163,9.77286620732769
48,2,1,1,582,5470,NA,70,8.72111314776269
40,1,1,1,642,1700,NA,22,7.77695440332244
61,2,1,0,400,1445,NA,22,7.53262361878879
85,2,1,0,460,1700,58,22,7.71467747380093
235,4,3,1,0,12000,563,197,9.45414892373398
347,4,5,4,3500,12000,1500,153,9.74981175993208
25,1,1,0,250,540,NA,7,6.68210859744981
85,2,2,1,1140,3600,363,47,8.54694614956558
103,3,3,2,1310,6500,NA,83,9.02905827475689
159,3,3,2,0,3300,225,50,8.18200013629341
42,1,1,1,600,3600,125,46,8.38297584929643
100,3,2,1,700,1946,0,7,7.88382321489215
111,1,2,2,1400,8000,NA,102,9.2072355570227
40,1,1,1,300,1500,23,22,7.5207764150628
92,3,2,3,752,2525,0,32,8.10470346837111
480,5,6,4,3236,8000,1600,104,9.46815584482167
55,2,2,2,670,2000,177,27,7.96380795323145
24,1,1,1,157,1200,0,16,7.22548147278229
50,1,1,1,200,1000,0,16,7.10414409298753
80,2,1,0,500,1600,158,21,7.73193072194849
230,3,2,0,0,2500,NA,32,8.01730750768858
72,2,1,0,200,1200,67,18,7.3038432252777
90,2,1,0,300,1353,77,20,7.46794233228585
22,1,1,0,0,700,0,10,6.56667242980324
455,4,5,4,8500,19500,3334,248,10.3603109529194
140,3,2,1,1740,2400,340,31,8.4144957931779
23,1,1,1,144,1300,132,18,7.37462901521894
46,1,1,0,0,1070,NA,16,7.04141166379481
70,1,1,1,460,2350,6,30,7.95402108727804
150,5,3,0,0,3250,100,54,8.13300021858361
55,1,1,0,473,500,17,7,6.90575327631146
40,1,1,0,0,2040,70,31,7.66949525100769
91,2,1,1,615,1750,90,23,7.81561053203519
140,2,1,3,0,2500,NA,38,7.91315518592807
50,1,1,0,600,1300,0,17,7.55903825544338
52,2,1,1,248,980,77,13,7.18462915271731
100,3,1,1,1700,3000,NA,39,8.51519118874556
160,4,3,3,1600,7000,NA,89,9.13043098874788
50,1,1,0,0,750,0,12,6.63725803128446
137,3,2,1,1500,1800,250,23,8.18144069571937
42,1,1,0,250,1200,NA,18,7.31055015853442
650,3,7,2,0,9900,600,149,9.27340906344317
90,3,2,0,0,2000,0,31,7.61677580869837
30,1,1,0,550,1854,NA,11,7.78986855905471
254,4,4,3,1300,6780,478,86,9.06473639811739
40,1,1,1,700,3600,180,46,8.41781474743596
130,4,2,1,700,3300,145,43,8.34021732094704
128,3,3,2,1236,2650,NA,34,8.43446354381724
78,2,1,3,0,1600,163,25,7.48941208350872
42,1,1,0,0,690,NA,9,6.56807791141198
140,3,3,2,900,2370,0,31,8.10228362448007
46,1,1,0,100,1600,0,21,7.45124168498768
50,2,1,1,300,1170,0,15,7.3038432252777
54,1,1,1,1484,4130,250,53,8.68575383296015
40,1,1,1,584,3200,95,41,8.27410200229233
50,2,1,1,570,1100,0,14,7.42952084278646
75,3,1,1,475,1800,0,23,7.74022952476318
472,3,2,4,0,6500,650,98,8.88861880730088
360,5,3,6,0,4800,197,86,8.53385363230935
308,4,4,3,4780,15000,1917,191,9.99383087243373
50,1,1,1,2204,3700,NA,47,8.72599438101457
540,4,5,5,3414,5100,2236,65,9.28924396957165
321,3,5,2,0,7318,1072,111,9.04805670891874
70,3,2,1,380,1290,NA,17,7.48436864328613
130,3,2,2,1150,2800,NA,36,8.33591109419694
170,3,2,2,0,4500,NA,68,8.48384321173468
60,2,2,1,1158,5500,NA,70,8.83622857152601
45,1,1,0,450,4500,80,58,8.53483662658883
60,2,1,1,467,750,78,10,7.17472430983638
340,5,4,2,220000,12000,1000,153,12.3596560216139
58,2,1,0,299,750,30,11,6.99484998583307
195,4,3,3,2600,10000,1336,127,9.55116028659082
100,2,4,0,0,3000,0,39,8.01961279440027
50,1,1,0,0,700,67,11,6.65801104587075
54,2,1,1,286,999,23,13,7.18690102041163
55,2,1,1,270,1300,85,18,7.42297125104942
48,1,1,2,1966,3550,NA,45,8.70748291785937
58,2,1,1,850,1700,165,22,7.91498300584839
200,3,4,3,2247,8500,1000,33,9.37424334324612
77,3,1,2,486,1500,NA,20,7.62851762657506
72,2,1,1,421,1200,83,16,7.45066079621154
50,2,1,2,504,1800,NA,23,7.77779262633883
95,2,2,1,1024,3000,28120,39,10.3791314952655
130,3,2,0,550,4800,NA,61,8.63533171943328
30,1,1,0,500,700,NA,10,7.09920174355309
300,4,3,4,2400,15000,NA,191,9.7751426865989
95,3,2,1,1000,2245,268,29,8.17272910486547
80,3,1,1,620,1750,0,23,7.78072088611792
310,3,3,2,2720,15000,846,191,9.83953552604361
170,3,2,0,1750,1000,165,15,7.98309894071089
46,2,1,0,550,820,0,11,7.23128700432762
97,3,2,0,900,2734,270,36,8.279189777195
130,3,2,1,1134,7900,386,101,9.16136018975446
30,1,1,0,350,1140,NA,15,7.31721240835984
40,1,1,1,390,2600,96,35,8.04622910107538
90,3,2,2,890,2100,150,27,8.06085575293432
89,2,2,2,1440,7700,351,98,9.16847616787748
240,3,3,5,3000,3500,0,45,8.78660945506113
106,3,2,0,1139,2430,0,31,8.18896686364888
80,2,1,1,550,1500,167,20,7.71333788887187
22,1,1,1,471,2200,55,28,7.92117272158701
141,4,3,2,1500,4010,542,51,8.71669957296429
340,4,6,6,0,15000,NA,226,9.64736874454046
105,4,2,2,1659,6500,NA,83,9.06450502375264
70,3,1,1,380,1290,NA,17,7.53262361878879
200,3,2,1,1500,8000,NA,102,9.17419492533983
62,2,1,0,280,709,22,9,6.92853781816467
74,2,3,2,450,3200,40,41,8.22469956196723
333,5,4,3,2100,7000,NA,91,9.22926025682869
250,4,2,5,841,4000,701,61,8.6312359074569
70,1,1,1,469,3590,83,46,8.34021732094704
120,3,2,2,1790,5500,509,71,8.97094039814245
35,1,1,0,100,960,NA,15,7.04838640872188
67,2,1,0,810,1529,NA,17,7.79852305362521
220,4,3,4,1800,3000,1000,39,8.67248607582227
80,3,2,2,560,2500,NA,32,8.09193345597989
57,1,1,1,769,4800,194,61,8.6699142784339
100,2,2,2,120,2200,NA,33,7.82923253754359
60,1,1,0,500,750,100,10,7.21597500265147
87,3,2,1,870,1450,100,19,7.79975331828725
530,4,4,6,0,9520,1334,144,9.30574145673944
35,1,1,0,0,700,80,11,6.67456139181443
140,3,2,2,0,3000,2500,46,8.62101252005523
45,2,2,0,0,1630,84,25,7.46164039220858
70,1,1,1,1000,3500,171,45,8.45892828328426
140,3,3,1,1144,1360,256,18,7.9298464297425
80,3,2,1,820,2000,NA,27,8.00636756765025
50,1,1,0,0,1150,NA,18,7.10578612948127
108,3,2,2,900,2900,NA,37,8.3039999709552
60,3,1,1,556,2200,NA,31,7.93451346388226
30,1,1,1,460,3500,100,45,8.32020459757888
110,3,3,2,1000,3800,192,49,8.52555810774787
70,2,1,1,843,1100,NA,15,7.62217459481762
360,3,5,4,2330,3635,NA,47,8.94337554111312
348,3,3,3,0,6000,350,91,8.77059432989114
270,3,4,3,3809,7900,1792,101,9.51789859843275
86,2,2,1,1500,5500,375,71,8.91556654571064
100,3,4,2,1380,3000,NA,39,8.49494758246892
30,1,1,1,574,1850,NA,24,7.80343505695217
146,3,4,3,1540,10000,NA,127,9.41987169587053
100,3,3,1,350,1600,120,22,7.646353722446
185,3,2,1,2488,6900,0,89,9.15672860252753
300,3,5,2,0,4600,NA,70,8.57168137670031
120,3,4,0,250,3200,226,41,8.22094116828139
195,3,3,2,0,2990,NA,45,8.12148037475075
110,1,3,2,1500,8000,417,102,9.21243817005833
210,3,3,3,2300,7000,717,89,9.2213792190914
400,4,6,3,1200,6800,700,103,9.08296144264635
42,2,1,1,175,690,NA,10,6.84481547920826
180,3,1,0,0,3400,367,56,8.24905227417129
329,4,2,2,2040,6300,420,80,9.0871552714058
44,1,1,0,100,1400,0,18,7.32580750259577
28,1,1,1,550,1250,0,17,7.50549227473742
90,3,2,1,1000,3800,310,49,8.54869185847561
90,2,1,0,622,2150,212,28,8.0106915391303
200,2,1,0,0,2800,NA,43,8.05038445306702
240,3,4,3,0,6000,184,107,8.74703426417817
55,2,1,0,500,1200,84,18,7.49720722320332
90,3,2,0,630,4200,150,56,8.52456594574565
85,3,1,2,955,1900,270,25,8.05547514175727
255,4,4,3,0,11900,NA,151,9.39690292302739
280,5,2,1,0,8000,0,121,9.00233170824624
32,1,1,0,574,1400,66,19,7.63046126178363
29,1,1,0,0,1100,8,15,7.02464903045364
48,1,1,1,487,3000,NA,39,8.20767442435528
170,3,2,2,0,2300,98,35,7.79729127354747
45,1,1,1,300,3000,0,40,8.11402544235676
341,4,6,4,660,13000,NA,196,9.57921064961479
80,2,2,0,330,1638,NA,19,7.59488438721652
153,3,2,1,1500,2550,157,33,8.35255436947459
120,3,2,1,1260,2200,0,29,8.15765701519647
33,1,1,0,350,1650,0,21,7.61184239958042
180,4,4,2,1900,5500,507,70,8.98444303246535
84,3,1,1,950,1200,147,16,7.74673290775362
73,3,2,1,923,2700,171,35,8.25062008217469
50,1,2,1,850,3000,210,39,8.3187422526924
40,1,1,1,603,4320,181,55,8.54869185847561
216,3,4,4,2300,15000,900,191,9.81961669349898
44,1,1,1,480,2300,70,30,7.96589273508453
120,3,2,2,318,1700,331,23,7.77191025643576
150,3,3,2,1300,8900,250,130,9.26681521890416
136,3,2,3,1400,2500,NA,32,8.35655484545343
54,1,1,0,400,1000,25,15,7.27309259599952
100,2,1,1,1400,3800,NA,49,8.60959004068221
50,2,1,1,496,1200,NA,16,7.44600149832412
60,2,1,0,0,800,138,13,6.85856503479136
125,3,2,1,1460,3500,295,46,8.57583938684897
28,1,1,0,450,1870,NA,25,7.76046702921342
78,2,1,0,280,1480,32,22,7.50384074669895
46,1,1,0,345,850,NA,13,7.11963563801764
35,1,1,1,593,2896,NA,37,8.19007704971905
104,3,2,2,1500,4200,432,54,8.73020559553099
215,3,3,2,3000,15000,NA,191,9.85382450751703
100,3,2,2,0,2250,15,34,7.74066440191724
30,1,1,1,0,705,NA,10,6.57368016696065
43,1,1,0,250,1500,NA,22,7.49443021503157
234,3,4,3,2400,7000,84,89,9.16680636995245
37,1,1,0,1320,1730,142,22,8.07558263667172
50,2,1,0,54,2000,NA,26,7.66058546170326
71,2,2,1,1170,3500,NA,46,8.4984180360899
118,3,3,2,1000,3890,NA,50,8.57489590154453
122,3,2,1,250,1750,117,23,7.66902828858968
58,2,2,1,745,1200,44,16,7.60389796852188
270,3,3,2,0,9800,0,148,9.20522732258936
90,3,2,2,1163,2500,NA,37,8.26950076718061
400,4,3,3,0,8000,1250,121,9.14548179962769
155,3,3,2,960,5500,15,83,8.78859343129374
85,2,1,0,1500,2975,134,39,8.44440742169058
280,4,4,4,3600,12000,1667,172,9.76657903526867
30,1,1,0,500,2000,45,26,7.85243908535751
54,1,2,0,390,3500,NA,45,8.27792025817214
25,1,1,0,277,750,NA,11,6.97166860472579
176,4,2,2,0,4500,NA,74,8.47657950853094
570,4,6,4,0,10500,1834,158,9.43276366396591
95,2,2,1,735,1600,170,22,7.83518375526675
30,1,1,0,250,1153,0,4,7.24992553671799
250,3,4,3,0,3571,430,54,8.30795254527102
98,3,3,2,0,2500,0,38,7.83952558170468
68,2,2,2,168,800,NA,11,6.94601399109923
83,3,2,2,804,3690,317,47,8.4885879344059
70,2,2,2,625,2250,211,30,8.04462627976734
50,2,1,1,170,1000,28,14,7.10085190894405
480,4,5,3,2200,4100,1700,62,8.99504097468502
250,3,2,8,0,10000,NA,151,9.22532750178443
191,4,3,3,2800,9500,1200,121,9.51936799844734
140,3,3,3,2200,8000,800,102,9.31479047333265
49,1,1,1,284,2600,134,33,8.02355239240435
362,5,4,4,1400,7900,1504,106,9.2975267336551
61,2,1,0,640,1297,21,17,7.58882987830781
156,3,2,1,0,1615,110,29,7.47022413589997
179,3,2,1,1457,5400,359,69,8.89370997756851
120,3,3,2,1100,2800,NA,37,8.31581113188354
200,4,2,2,0,12000,233,197,9.42794863179172
185,3,3,3,2670,5600,907,71,9.13227071655426
120,2,2,0,300,3600,120,46,8.31066090590723
50,2,1,1,407,1715,NA,22,7.67647364638916
400,3,3,2,0,4800,0,79,8.49290049884719
240,3,4,2,1,8200,625,124,9.09952053687094
60,2,1,1,550,1520,80,20,7.68294316987829
100,2,1,3,0,2700,378,41,8.04558828080353
250,4,4,3,0,7500,417,113,8.99106433218846
100,4,2,1,750,1820,167,27,7.92479591395644
72,1,2,1,580,2000,NA,26,7.8659554139335
70,2,1,0,250,2000,7,26,7.7336835707759
16,1,1,0,0,2700,NA,35,7.91607809630279
98,3,2,2,900,4500,0,58,8.60502090178176
170,3,3,1,1300,2060,200,27,8.18535022317869
45,2,1,0,70,1450,43,22,7.36897040219479
90,2,2,1,760,5500,NA,70,8.77539495854551
30,1,1,1,500,2570,NA,8,8.0323601479245
140,3,3,2,2350,4905,59,63,8.90625787815662
90,2,2,2,1230,3640,NA,47,8.56788630573176
62,2,2,0,0,1300,NA,18,7.18462915271731
80,2,2,0,650,2500,0,33,8.06589354696427
40,1,1,0,0,750,NA,12,6.63725803128446
65,1,1,0,300,1800,30,24,7.67554600253785
300,3,2,1,0,3900,NA,59,8.41138813251926
340,4,4,3,0,10000,1084,151,9.3273230874618
72,2,2,1,1100,5270,334,67,8.82055174325303
250,4,3,3,0,13000,950,196,9.55754057195237
100,2,2,3,1470,3478,180,45,8.55140136274597
45,1,1,1,3000,5520,NA,70,9.05847042263806
98,3,1,0,240,12750,50,187,9.49031784004241
164,3,2,2,0,3200,NA,53,8.12710918534638
250,3,3,4,250,6500,309,98,8.87598589132597
28,1,1,0,609,1189,0,16,7.50384074669895
60,2,1,0,600,1650,0,22,7.72885582385254
105,3,3,2,1380,2720,NA,35,8.42354163533478
220,2,4,3,2000,12960,834,165,9.67790352568256
250,5,3,1,500,4000,100,61,8.4471998195957
171,3,3,1,2395,5100,259,65,8.96443983353936
156,4,3,2,1350,3900,600,51,8.68304655550289
150,3,5,3,0,4500,189,68,8.4675826908629
75,3,2,1,500,1500,NA,20,7.63578686139558
254,3,5,4,2000,10000,990,127,9.48196927910572
68,1,2,1,2304,9000,532,115,9.38857023586688
55,2,1,0,337,1528,NA,20,7.5422134631934
40,1,1,0,200,800,19,12,6.93925394604151
230,2,3,1,3000,12000,NA,153,9.65509029374725
70,2,2,0,400,1995,NA,30,7.82644313545601
170,4,5,2,0,3700,0,56,8.23137604557397
40,1,1,1,402,1050,67,16,7.33693691370762
45,1,1,1,3000,5520,0,70,9.05847042263806
270,3,4,3,3700,7500,NA,96,9.45493225449626
54,2,1,1,320,1500,23,20,7.53047999524554
291,4,3,2,0,3300,208,50,8.17723488551019
86,2,1,1,200,1310,130,18,7.41397029019044
77,2,1,1,886,2200,NA,28,8.04398443122155
86,3,2,2,550,2900,190,37,8.21012440516427
200,3,4,2,2500,2000,NA,26,8.4767877767812
90,2,2,2,867,4800,NA,61,8.68811670325782
64,2,2,2,790,3400,NA,44,8.38845031552351
54,2,1,2,240,1310,NA,20,7.37838371299672
387,7,5,3,0,6000,394,107,8.77986510086385
100,2,3,2,1080,10000,138,127,9.33706112475534
50,2,2,1,390,1800,NA,23,7.70255611326858
520,3,3,4,2224,12000,NA,160,9.64994922465118
23,1,1,0,393,2100,59,27,7.85554467791566
60,1,1,0,520,1580,0,21,7.66011431917393
96,2,1,1,800,3000,NA,39,8.25322764558177
140,3,1,0,0,2700,167,41,7.9755646584952
103,3,2,0,812,2750,NA,36,8.24249315318763
148,4,4,4,2580,2000,406,26,8.5197898172635
172,4,3,1,0,3500,NA,53,8.20740183337636
93,2,3,2,1006,3200,350,41,8.43337670532313
72,2,2,1,690,2300,200,30,8.0774471493312
68,2,1,1,400,1500,70,20,7.5963923040642
350,4,3,4,0,4000,NA,61,8.35960327084147
70,2,2,1,950,3500,225,46,8.45998771764546
400,5,4,3,2600,6900,1017,104,9.27058845232154
38,1,1,0,280,690,NA,11,6.89871453432999
107,2,2,1,1300,8400,NA,107,9.22038970782918
38,1,1,0,60,950,NA,13,6.93147180559945
111,3,2,0,1370,2500,264,32,8.33495163142245
140,4,3,2,2000,3800,334,49,8.72972059026726
35,1,1,0,0,1150,NA,15,7.08673793451058
178,3,3,4,2180,15000,850,191,9.81033005404988
200,2,2,1,2700,9500,600,121,9.46660917372222
33,1,1,0,338,1000,63,13,7.25488481007734
90,3,2,1,300,1600,NA,22,7.63191651307125
65,2,1,0,560,1600,67,21,7.71824095195932
320,3,3,8,0,5500,572,83,8.72518249495877
68,2,1,0,160,1320,26,20,7.33106030521863
180,6,2,3,0,4800,242,71,8.53973715585113
50,2,1,1,0,1300,69,20,7.23705902612474
137,3,2,1,1480,4700,293,60,8.78477459216102
165,3,2,2,1750,6500,NA,83,9.11745724449613
180,2,2,1,1800,5350,0,68,8.88447171813916
220,4,4,3,3600,5100,892,65,9.17554186643349
85,2,2,1,541,2800,0,38,8.12563098847706
37,1,1,0,700,1400,NA,19,7.75319426988434
64,2,3,2,400,2750,113,41,8.10319175228579
97,2,2,1,1770,4400,NA,57,8.78905071352105
90,3,2,1,135,1300,115,18,7.35819375273303
130,3,2,1,1350,4500,NA,58,8.71899052471085
128,4,2,1,900,3400,NA,44,8.39026849784257
58,2,2,1,928,4000,256,51,8.56331312702979
76,2,1,1,200,900,0,12,7.01481435127554
220,2,4,2,0,6200,NA,94,8.9219914105367
40,1,1,0,30,780,17,12,6.73340189183736
235,3,4,3,2000,2550,1000,33,8.62766064444221
45,1,1,0,285,1100,55,15,7.28344822875663
47,2,1,1,580,1100,NA,14,7.43543801981455
471,5,6,3,0,14000,1297,230,9.65059330557001
50,1,1,0,418,520,23,7,6.87626461189077
344,3,4,4,3158,15000,NA,200,9.88282555608803
38,1,1,1,353,1850,28,24,7.72134861261795
42,2,1,0,0,860,13,16,6.79122146272619
60,1,1,1,270,1400,101,19,7.49052940206071
500,4,6,4,0,13000,2200,196,9.64218772135847
49,2,1,1,300,1700,NA,22,7.6226639513236
48,2,1,1,120,900,96,12,7.02908756414966
45,2,1,0,0,1300,109,20,7.26542972325395
72,2,2,1,570,1200,60,18,7.52240023138712
400,3,2,1,0,1600,258,27,7.5422134631934
28,1,1,0,0,1750,NA,23,7.48099216286952
189,3,2,2,2500,8500,489,110,9.35884658027541
160,3,2,0,1239,3900,150,50,8.58298093195424
330,4,4,2,1300,15000,NA,110,9.76944174190706
200,3,5,4,1970,1720,959,22,8.44934252450806
375,4,5,5,4793,15000,2805,191,10.0341210001713
68,2,2,1,489,1877,NA,24,7.77946696745832
70,2,1,1,850,2500,NA,32,8.15334975799889
110,3,2,0,1260,2950,303,39,8.42354163533478
103,3,3,2,1470,5600,330,71,8.91891797990868
26,1,1,0,50,1500,59,20,7.39633529380081
88,3,2,2,312,1200,109,16,7.40123126441302
165,3,4,3,1700,4500,NA,58,8.82937273546841
80,2,2,0,0,1100,167,17,7.15851399732932
90,3,2,2,433,2780,NA,41,8.12296471523406
380,4,1,2,0,4000,NA,61,8.40020983593042
174,3,4,2,1936,6000,390,77,9.03646306196489
128,4,5,1,0,6800,71,87,8.84779106484485
160,3,4,4,2250,2100,480,27,8.48838210956212
168,3,2,0,1000,3700,417,48,8.54985397365579
100,3,2,2,700,2200,105,28,8.01763715990848
69,2,1,1,500,1370,56,18,7.57301725605255
300,3,3,0,0,5000,NA,82,8.5336569174469
163,4,4,0,1005,7500,NA,100,9.06276800750905
86,3,1,1,1000,2200,116,28,8.11522197256233
236,4,3,3,3070,1600,1015,21,8.64944877053671
112,3,2,0,1344,3900,NA,51,8.62461158818351
600,5,5,6,0,12750,1059,192,9.54688403461792
256,4,5,4,3900,3000,NA,39,9.00048316498771
220,3,4,2,0,3500,276,53,8.25062008217469
257,4,4,4,5000,12000,1584,153,9.83846891616168
75,3,1,1,280,1500,66,20,7.53208814354172
400,3,1,1,0,7650,666,117,9.0400264343065
560,4,6,5,0,6550,1700,99,9.0300168178449
220,4,4,5,1700,4600,NA,59,8.75778365633417
70,1,1,1,1065,3500,255,46,8.49023300983345
19,1,1,0,0,1200,37,16,7.13409372119287
35,1,1,0,0,900,NA,14,6.83087423464618
70,1,1,1,740,2600,NA,33,8.14322675036744
40,1,1,0,370,3300,74,42,8.2393294279018
37,1,1,0,330,1500,67,22,7.56008046502183
180,2,2,1,3400,9000,480,115,9.47278155656217
60,1,1,0,600,2300,NA,30,8.02975852044082
90,3,2,1,700,2050,60,27,7.95085485771999
208,4,2,4,0,4500,NA,68,8.48694014824522
160,3,2,1,1860,4700,275,61,8.83884181343129
180,4,2,1,770,3610,248,49,8.45062594714412
150,4,3,0,0,3300,800,59,8.33327035325531
75,2,1,1,0,1080,NA,17,7.07157336421153
90,2,2,1,1660,1039,350,14,8.02747653086048
170,4,2,2,0,2900,NA,44,8.00469951054955
193,2,4,4,1948,13000,1323,165,9.70753349401088
40,1,1,0,473,2300,39,30,7.952615111651
45,1,1,1,519,3850,209,49,8.43988008831357
116,3,4,2,1036,8000,584,102,9.18224949180966
67,2,2,1,650,2300,NA,30,8.00001409367807
40,1,1,0,685,1920,117,25,7.91862865334224
140,2,3,1,0,3850,150,58,8.3086919168389
52,2,1,1,248,980,NA,13,7.18462915271731
350,3,4,6,0,3850,834,58,8.46442512587758
420,3,4,4,0,6000,417,91,8.78094111357239
204,4,4,2,0,3440,100,62,8.18952211074809
110,2,2,1,0,2200,192,34,7.7944112057266
645,5,8,8,0,15000,NA,226,9.77343581317586
260,4,5,5,3428,11000,NA,140,9.74161547260958
160,2,1,0,1200,2400,NA,31,8.19753873972118
50,2,1,0,0,1200,42,19,7.14045304310116
40,1,2,0,500,1800,53,24,7.77401507725073
60,2,1,0,615,3000,84,39,8.22657347497711
30,1,1,0,0,1000,NA,13,6.96979066990159
75,3,2,0,800,1615,124,12,7.84463264446468
78,3,3,1,930,2850,206,37,8.30003171177957
140,4,2,2,1000,3500,413,47,8.50936261230105
500,3,7,5,1890,7950,900,101,9.29109052166129
80,1,1,0,0,971,15,18,6.91274282049318
182,3,4,2,164,2900,74,52,8.06808962627824
90,2,1,1,0,2735,19,42,7.93630269320196
103,3,2,1,1133,1500,137,6,7.9291264873068
180,3,2,3,0,5100,NA,75,8.59895749321888
32,1,1,0,550,1100,NA,15,7.41818082272679
52,1,1,1,360,750,46,10,7.06219163228656
75,4,1,0,800,2200,34,29,8.02747653086048
290,4,5,4,0,6000,500,99,8.79482492801452
50,1,1,1,750,2000,NA,10,7.92334821193015
550,5,6,4,0,15000,1119,226,9.70204433653459
216,4,4,4,1710,2800,686,36,8.56274000637221
444,4,4,5,0,10000,584,151,9.28182347359805
69,3,2,1,395,1850,65,28,7.75747876658418
76,2,1,2,205,2100,NA,28,7.79688034278352
180,3,5,3,2900,8100,0,103,9.31479047333265
445,3,5,4,3191,15000,NA,226,9.8914655773088
156,3,4,3,1600,4200,305,54,8.72583205652757
35,1,1,0,0,1100,NA,14,7.04315991598834
130,3,4,3,1413,2400,597,31,8.39886000445437
92,3,2,1,720,3200,75,47,8.30474226964077
200,3,2,4,0,8500,407,128,9.10897187758789
50,2,1,1,650,1300,4,17,7.58680353516258
50,2,1,0,0,850,NA,14,6.79122146272619
155,3,3,2,2300,12000,700,153,9.62582181535984
1000,5,4,3,1255,7000,634,94,9.10320049641828
42,1,1,0,900,1920,34,25,7.96554557312999
58,2,1,0,389,1480,NA,19,7.57095858316901
35,1,1,1,581,3365,NA,43,8.3291754420774
27,1,1,0,0,1167,NA,16,7.32514895795557
16,1,1,0,0,650,50,9,6.56526497003536
94,3,2,1,450,1900,125,26,7.82484569102686
83,3,2,1,750,2500,NA,37,8.12829017160705
360,5,4,4,0,9000,600,148,9.18491999462927
360,5,2,2,550,4600,436,62,8.63923381732526
430,4,5,5,0,13000,NA,196,9.52303207993199
29,1,1,0,0,1100,NA,15,7.02464903045364
120,3,2,0,650,2490,105,33,8.09529377684465
50,1,1,1,1205,4500,251,58,8.70201162840878
60,2,1,0,0,650,42,12,6.55819780281227
45,2,2,0,0,1630,NA,25,7.46164039220858
250,3,2,2,0,12000,542,183,9.45179524306165
200,3,2,2,0,4700,NA,71,8.50835424274903
70,2,1,1,650,2500,105,33,8.09833884618906
48,1,1,0,0,1100,9,17,7.02731451403978
70,2,1,1,794,2500,NA,32,8.11402544235676
73,2,2,1,1072,5000,196,64,8.75352933651643
90,2,1,0,500,2700,25,35,8.08978917578932
45,1,1,0,50,640,NA,10,6.66568371778241
80,2,2,2,0,3600,390,55,8.30548401772769
106,3,2,2,1400,5520,275,70,8.89096121278115
45,2,1,1,286,850,63,12,7.10002716662926
315,4,4,2,3500,7450,0,95,9.31027620058878
287,3,5,0,3693,12000,1421,153,9.75678407334392
230,4,3,2,1900,5500,NA,74,8.92572027356022
42,1,2,1,690,2500,313700,32,12.6663447012436
152,2,2,1,1100,1500,342,20,7.99395754757357
75,3,1,2,599,1300,NA,17,7.5963923040642
94,3,2,2,1000,2000,NA,26,8.02910705461974
70,2,2,0,410,2100,NA,28,7.84463264446468
59,2,1,0,542,1750,NA,23,7.74759683869288
380,4,3,2,5500,15000,NA,191,9.98465270695364
217,4,4,3,3800,4910,1417,63,9.22926025682869
110,2,1,1,1200,2800,NA,36,8.33663008763715
38,1,1,0,300,550,70,7,6.8330317327862
310,4,5,5,3800,12000,2709,153,9.83419106353347
400,3,4,2,0,3150,0,48,8.07059353994952
55,2,1,1,250,1500,NA,22,7.52617891334615
320,3,5,0,4778,6000,2417,77,9.49333648243725
75,3,2,2,700,1600,NA,21,7.78197323443438
235,4,5,3,760,3300,NA,44,8.43402895015547
434,5,6,0,2629,11000,NA,147,9.67852985665631
160,4,4,2,2700,7000,275,89,9.21642184229205
108,3,2,2,1100,4348,250,56,8.65782432115598
280,5,5,2,4374,12750,929,162,9.81033005404988
55,2,1,1,670,680,125,9,7.3031700512368
60,2,1,1,800,1500,55,20,7.77317368048254
226,4,4,3,3500,10000,NA,127,9.60447486374196
58,2,1,1,200,900,0,12,7.01481435127554
178,4,3,2,1700,6700,660,85,9.121071904218
40,1,1,0,120,1150,NA,17,7.18765716411496
205,3,2,4,0,2490,57,38,7.8578675593318
112,3,2,3,1251,2500,332,32,8.32263709695394
300,4,4,3,1850,15000,NA,200,9.80648093459398
140,3,3,2,0,5000,300,76,8.58988587680968
113,2,2,2,330,2600,116,35,8.03333401588006
96,3,2,2,450,1400,120,19,7.59588991771854
55,1,2,1,550,3500,0,45,8.31776616671934
180,2,3,3,3300,7600,1025,54,9.3910773406399
240,7,3,4,0,6000,834,91,8.84303772496237
80,3,4,1,0,3000,0,46,8.02191277898571
230,5,3,2,500,2200,NA,30,7.99967857949945
127,3,2,3,750,3000,317,40,8.32069157104845
156,4,4,3,900,6500,369,87,8.96916013317582
65,2,1,2,1111,4000,233,51,8.59341321732765
88,2,2,2,1000,4500,NA,58,8.64699262895108
107,3,2,1,0,2000,42,36,7.63964228785801
60,2,1,1,550,1200,55,16,7.5076900778199
35,1,1,0,230,550,NA,9,6.68336094576627
243,3,5,1,1788,5556,667,82,8.99887832543581
30,1,1,0,0,850,67,13,6.83625927727707
45,1,1,1,700,870,NA,12,7.39572160860205
130,3,2,2,0,3000,NA,46,8.07527154629746
80,2,2,0,300,2800,0,41,8.05261481881557
98,2,2,1,1055,2166,384,28,8.19808924895612
15,1,1,0,0,1200,83,16,7.17011954344963
57,2,2,1,1080,1800,281,24,8.06652149046999
180,4,2,2,1000,2400,109,36,8.17357548663415
200,4,4,3,2715,7000,834,89,9.27246974344173
70,2,2,1,200,1900,55,29,7.68937110752969
350,2,1,0,0,2500,209,38,7.91862865334224
64,2,1,0,250,1700,NA,25,7.59337419312129
40,1,1,0,0,750,0,14,6.63987583382654
73,1,1,0,0,700,0,10,6.56667242980324
200,3,3,2,2500,12000,834,153,9.64801448910636
36,1,1,1,719,1990,NA,26,7.95682712209011
63,2,1,0,400,850,26,11,7.1608459066643
85,2,1,1,750,3500,105,45,8.38958706681109
198,5,5,2,1500,3801,554,49,8.68355472863146
70,3,1,1,315,940,64,12,7.19443685110033
60,2,1,1,285,1000,20,14,7.18538701558042
90,4,3,1,150,950,83,13,7.08757370555797
98,2,1,0,380,1800,91,27,7.74022952476318
103,3,2,2,1150,3000,459,39,8.44440742169058
160,2,3,0,0,4300,NA,65,8.4096079807363
100,3,2,1,1600,4000,NA,52,8.67197224520379
50,2,1,1,465,1000,0,13,7.2991214627108
55,2,1,1,671,1100,0,14,7.48773376143644
80,2,2,0,600,2550,46,33,8.0802374162167
50,1,1,0,0,690,NA,11,6.55393340402581
25,1,1,0,328,1900,NA,25,7.72046169459972
120,2,2,2,100,5500,158,83,8.67282848294769
127,3,3,2,804,3800,257,49,8.49923286603924
98,3,2,1,1350,5500,200,70,8.87080344398212
65,1,1,0,550,3050,25,39,8.20658361432075
86,2,2,2,700,1200,8,16,7.56268124672188
200,4,3,0,0,15000,834,267,9.68663666084494
360,4,5,5,4900,10000,NA,127,9.72262493097842
65,2,1,1,330,1410,NA,18,7.5137092478397
93,1,3,1,1040,3500,NA,45,8.43793351043061
187,4,5,3,3912,5300,NA,68,9.278092474027
616,5,5,6,0,12500,NA,205,9.53322065507793
86,2,2,2,700,1200,8,16,7.56268124672188
139,2,2,1,707,4396,153,56,8.57791192645094
100,2,2,1,1230,2000,13,26,8.0925452638913
285,4,4,4,2750,8000,NA,102,9.44153145486969
52,2,1,1,760,3000,145,39,8.28020423327997
39,1,1,0,300,2000,0,26,7.75233516330229
42,1,2,1,217,1800,NA,27,7.6434829070772
30,1,1,0,340,1386,34,18,7.48380668766583
70,2,1,1,729,900,122,12,7.47533923656674
60,1,1,0,70,1200,50,16,7.19818357710194
90,2,2,2,1630,3040,322,39,8.52357279838028
61,2,1,0,380,850,30,13,7.14991683613211
50,1,1,0,320,780,25,12,7.03702761468628
48,2,1,1,380,1545,49,20,7.59839932932396
27,1,1,0,1405,3500,1,45,8.50754681436443
100,3,3,1,1300,2600,300,35,8.3513747067213
155,2,1,1,1700,4500,NA,58,8.82010864450861
230,4,5,0,0,7600,300,115,8.98919482332465
47,1,1,1,560,1100,46,14,7.45066079621154
55,2,1,1,400,730,NA,10,7.0604763659998
60,1,1,1,340,1100,1,14,7.28344822875663
380,5,6,2,0,4500,125,74,8.45531778769815
180,3,2,4,0,11000,667,166,9.37847848425366
196,3,4,2,2000,4600,325,68,8.85280791762332
70,2,1,0,350,1300,42,19,7.44541755670169
227,4,3,3,4000,10000,1700,127,9.66972532207378
60,2,1,1,620,2650,NA,34,8.12207437536222
63,2,2,1,500,1960,6,29,7.82244472948932
150,3,3,2,1300,3400,200,44,8.50613224405681
144,4,3,2,1357,1750,210,23,8.11402544235676
200,2,1,0,0,3000,0,46,8.02191277898571
34,2,1,0,300,2200,15,28,7.84149292446001
74,2,3,2,450,3200,40,41,8.22469956196723
73,3,1,0,415,1800,NA,27,7.73499619402278
368,4,5,6,4384,8500,2037,108,9.61787001413323
160,3,2,1,2305,2300,205,30,8.4848765899397
120,4,3,2,0,3250,0,44,8.10016144693661
180,4,3,4,1633,12000,NA,160,9.58128304604592
290,3,3,0,0,6000,NA,99,8.76029622047005
225,4,3,2,0,3995,132,61,8.34021732094704
60,3,1,1,450,1087,NA,14,7.38956395367764
35,1,1,0,250,1305,NA,17,7.36073990305828
95,3,2,1,1334,6500,280,83,9.01164550106428
260,4,4,0,562,6500,241,87,8.90801832278489
260,4,4,4,3150,10000,1163,127,9.57782666212656
350,3,2,3,0,15000,834,229,9.6841492520629
500,4,4,0,0,6000,467,91,8.78859343129374
42,1,1,1,255,2198,0,33,7.8188324438034
80,2,1,1,1600,3500,188,45,8.58185670474196
100,5,5,2,0,4500,382,68,8.50734485536142
110,2,2,2,1090,2300,NA,30,8.16905314992734
70,1,1,0,0,1520,125,23,7.41997992366183
12,1,1,0,0,950,50,13,6.92165818415113
62,1,1,1,0,1300,NA,20,7.1929342212158
90,2,1,1,800,1600,84,21,7.82644313545601
220,3,3,2,4500,9000,584,115,9.56106766364501
197,3,2,3,1780,7000,425,103,9.13873695311649
214,3,2,5,4226,14000,2469,178,9.94611591459175
105,3,2,1,1200,1750,NA,23,8.04590874227078
390,5,5,5,1300,8000,NA,107,9.23024103368252
390,4,5,4,0,11500,784,173,9.43035904594287
105,3,2,1,1350,3700,NA,28,8.60502090178176
270,3,6,2,2800,3270,1000,42,8.86967937473351
260,4,4,5,295,4500,407,60,8.56845648535378
344,4,3,2,2414,3612,419,47,8.77847995250849
100,2,1,0,0,2000,NA,31,7.66949525100769
50,2,1,0,460,1800,50,24,7.755767170103
183,4,3,4,2380,5950,192,76,9.0594011964109
270,4,5,3,2500,9753,NA,124,9.53827627757511
180,2,3,2,2000,5900,NA,75,9.05718919248201
52,2,1,1,350,1580,0,21,7.57660976697304
260,4,4,4,0,4500,NA,68,8.42704964156327
38,1,1,1,423,1450,NA,19,7.54591815120932
40,1,1,1,1840,2990,409,38,8.57130251706327
360,4,5,4,3150,7800,NA,99,9.42553239350277
160,3,3,3,2200,8950,621,131,9.38437770918244
120,3,2,2,0,4800,192,73,8.53030683056162
70,2,1,1,280,1000,138,13,7.26682734752059
203,3,1,2,0,3300,NA,50,8.15133333790043
18,1,1,0,0,1260,NA,16,7.15226885603254
50,2,1,1,470,1550,13,20,7.6275443904885
33,1,1,0,400,1300,50,17,7.47760424319759
30,1,1,0,0,1090,75,14,7.07326971745971
330,2,4,3,0,6000,2000,91,8.99863119828764
60,2,2,1,600,2170,NA,32,7.96206730875367
144,3,4,3,856,7200,589,92,9.07543660951138
93,2,1,1,1200,5500,317,71,8.86629956585502
100,2,1,1,0,1900,84,29,7.60787807327851
71,3,1,0,320,1250,46,19,7.40000951716269
67,1,1,1,508,800,NA,11,7.27447955877387
70,2,1,0,521,3000,NA,39,8.19174002127746
300,4,6,4,2350,13000,1387,174,9.73571957674968
240,3,2,2,2680,9800,667,125,9.49333648243725
96,3,1,2,600,1847,NA,24,7.8188324438034
200,4,3,2,2400,4500,1334,58,9.0231670644512
54,1,2,1,400,3500,NA,45,8.28045768658256
174,3,5,3,1350,6800,4565,87,9.45727857185611
350,3,4,4,0,15000,1234,226,9.70874922572708
92,3,2,2,300,1950,NA,26,7.80302664363222
125,3,2,0,704,1850,NA,25,7.99429498641598
308,3,4,4,0,8000,478,121,9.0595174822416
375,4,5,4,0,12750,959,192,9.53971605897709
137,3,4,2,1300,2200,334,28,8.25919936266628
70,1,1,0,200,1100,135,15,7.28000825288419
65,2,2,1,220,1200,96,16,7.33498187887181
107,2,2,2,1800,12800,417,163,9.62779992493272
85,2,2,1,1470,4131,NA,53,8.69383196507469
69,2,1,0,525,3000,0,22,8.17413934342947
110,3,2,1,400,1400,NA,19,7.58578882173203
113,3,2,3,599,2200,100,33,7.98378106897745
213,4,3,0,440,5100,NA,65,8.63159273172473
140,2,2,2,0,2700,56,41,7.93666015522543
253,3,3,3,326,2400,251,32,8.00969535774292
490,4,4,3,0,9000,585,148,9.1833801903934
96,4,2,2,0,3710,NA,56,8.33782726244791
23,1,1,0,393,2100,NA,27,7.85554467791566
80,2,2,1,3908,5000,380,65,9.14355933828583
92,3,2,2,990,3500,317,45,8.48735234940522
25,1,1,0,530,1900,350,25,7.93951526066241
220,3,2,8,0,4335,263,66,8.44784311328144
70,3,1,1,1080,2000,NA,26,8.06274790108635
130,3,2,1,1144,4300,NA,55,8.64241515616962
120,3,2,0,980,1800,162,24,7.99530662029082
208,3,2,1,1749,7000,384,89,9.12945564323572
70,2,1,2,240,2000,NA,27,7.73848812249465
160,5,3,3,0,4460,NA,68,8.48673398393153
214,4,3,3,1760,5600,798,75,9.01602720232985
40,1,1,1,820,3179,0,41,8.30424746507847
64,2,1,0,950,3500,NA,46,8.43858279083433
290,4,5,2,4300,10000,875,127,9.63567346472181
35,1,1,0,220,850,9,13,6.99668148817654
138,2,3,2,1800,8000,455,102,9.24580403625175
78,2,3,2,407,2500,209,34,8.05547514175727
92,3,1,1,270,1900,81,26,7.73105314400713
513,3,2,2,350,2900,100,43,8.12976444579417
58,1,1,1,797,1270,64,17,7.67275789664251
51,1,1,1,714,4650,190,59,8.63301875692183
200,4,5,3,1900,9000,NA,120,9.31928445896536
115,1,1,0,350,1600,150,24,7.66152708135852
64,2,1,1,2244,1900,258,25,8.39570329382853
40,1,1,1,1300,1000,0,13,7.74673290775362
159,3,2,2,1350,1900,650,25,8.27537637483641
35,1,1,0,0,1850,74,24,7.57507169950756
192,3,1,0,0,1560,NA,24,7.44424864949671
250,5,5,0,0,4500,0,68,8.42704964156327
43,1,1,0,323,660,NA,9,6.91473089271856
142,3,3,2,0,2000,114,33,7.67229245562876
244,4,3,3,600,2900,276,39,8.24695803256818
200,3,2,3,3000,8000,NA,102,9.37339415841248
55,2,1,1,395,700,40,9,7.04315991598834
108,4,2,0,1013,5500,142,70,8.81373589230022
120,3,1,0,0,2200,0,34,7.71199650704767
44,1,1,1,2102,4300,NA,55,8.84433633274893
50,2,1,1,158,1140,0,16,7.18159194461187
87,2,2,2,722,3800,250,49,8.48094405874112
88,3,2,2,1350,5870,108,75,8.90977567369339
376,3,3,2,0,1800,300,28,7.66340766489348
38,1,1,1,350,1490,46,22,7.55433482372575
45,1,1,1,653,880,38,12,7.36770857237437
36,1,1,0,1,1627,1,21,7.40913644392013
75,2,1,1,500,1360,33,18,7.55590509361135
85,2,2,1,850,3000,71,39,8.28425179762192
35,1,1,0,0,1100,30,14,7.04315991598834
58,2,2,2,500,2470,0,37,8.00903068506973
90,2,3,1,270,2300,3,35,7.86672228513673
87,2,1,1,300,1550,43,23,7.55851674304564
136,3,2,2,1490,8090,NA,103,9.22038970782918
124,3,2,2,1250,5400,250,70,8.8495139654864
51,1,1,0,340,2500,79,32,7.99023818572036
90,2,1,0,0,1700,105,26,7.51316354523408
270,2,3,1,0,6500,38,116,8.80312373082921
200,4,3,2,1150,3400,209,44,8.47720418319987
79,3,1,0,480,1140,500,17,7.66762609158499
40,2,1,1,700,3300,0,42,8.30474226964077
300,3,5,4,470,6600,634,100,8.96251983294953
44,1,1,0,450,1900,104,25,7.81601383915903
130,3,2,2,0,2200,0,34,7.71199650704767
180,3,4,3,1441,6400,690,82,9.06114406561406
79,3,2,2,660,3200,26,41,8.27588566947436
50,1,1,1,530,1850,NA,25,7.86633892304654
110,3,1,1,0,1500,50,23,7.36137542897735
17,1,1,0,300,2200,50,28,7.85515700588134
60,2,1,1,405,2100,162,28,7.8995244720322
95,2,2,0,900,1700,141,22,7.92443418488756
145,2,2,1,0,2975,190,45,8.07433769408951
125,3,4,5,0,10000,NA,151,9.28924396957165
70,1,1,1,750,2000,250,26,8.01532730902172
90,2,2,1,900,2700,NA,35,8.22710823434815
28,1,1,0,280,2500,NA,32,7.94979721616185
110,3,3,2,560,3200,88,49,8.26821888006751
165,3,3,3,0,3000,192,50,8.08425410630732
25,1,1,0,160,1750,NA,23,7.56734567601324
195,4,3,4,1808,2700,1067,35,8.63248423575097
70,3,1,1,90,900,1,12,6.91174730025167
50,1,1,0,640,2000,100,26,7.92551897978693
44,1,1,0,660,2800,110,36,8.19063168090354
245,4,5,2,1400,2025,NA,27,8.21256839823415
46,2,1,0,267,1700,0,22,7.59588991771854
70,2,1,1,140,950,32,13,7.0352685992811
50,1,1,0,250,750,0,10,6.91869521902047
40,2,2,1,210,900,0,12,7.02375895473844
94,3,2,2,915,2173,295,28,8.13505390861157
323,3,5,6,0,10000,NA,151,9.31838727605932
140,3,2,2,2320,7400,543,96,9.24580403625175
102,3,2,1,1600,5000,NA,65,8.81045964216192
170,3,2,1,1050,4500,263,58,8.67795057029435
250,4,2,2,600,3500,0,47,8.33038156934942
44,1,1,0,0,1200,30,16,7.12849594568004
54,2,2,1,954,2800,199,36,8.29154650988391
125,4,4,2,1600,6130,217,79,8.99056613813158
80,3,1,1,703,2500,87,32,8.1086232683546
150,3,2,4,0,9670,55,146,9.19745774614517
50,2,1,1,160,800,NA,11,6.87935580446044
270,4,4,4,0,8840,667,133,9.17378011666438
53,1,1,1,0,3500,0,45,8.17357548663415
486,8,4,6,0,25000,NA,376,10.2248824088481
200,3,1,1,0,3800,361,63,8.34877453979127
218,3,3,3,1850,15000,809,191,9.78981480804755
50,1,1,1,0,1750,0,27,7.48324441607385
112,2,2,2,1100,3153,100,47,8.38958706681109
300,4,5,4,0,4000,NA,61,8.39479954320217
75,2,1,2,0,1500,63,25,7.37086016653672
700,3,3,8,1200,13500,1210,203,9.68725754749099
250,2,2,1,0,4800,NA,73,8.5956346177228
50,1,1,0,0,940,NA,15,6.91373735065968
91,2,2,1,5197,9800,620,127,9.66402405235482
83,2,1,1,850,2330,NA,31,8.09742629859721
335,4,6,4,3500,4500,0,58,8.99454475832451
520,4,4,3,0,12000,NA,181,9.53755560876329
235,3,2,2,3650,7200,626,92,9.35625724687634
50,1,1,0,400,1500,59,20,7.59085212368858
280,5,5,4,3100,10000,1167,127,9.57435829017017
80,1,1,1,0,1200,0,16,7.10414409298753
70,2,2,1,0,2100,9,27,7.66715825531915
139,3,2,0,1250,8000,103,102,9.15440473964588
325,4,3,0,0,9000,NA,148,9.14686794902061
60,2,1,1,1064,1100,NA,14,7.68662133494462
238,4,3,1,1200,4250,300,63,8.66802408111882
50,1,1,0,0,1093,0,17,7.01301578963963
128,3,3,0,1260,2900,NA,37,8.39479954320217
300,3,6,6,0,5000,1000,76,8.71226643213535
160,3,3,1,0,8000,0,121,9.00233170824624
400,5,5,8,0,7900,NA,130,9.05298456119998
62,2,1,0,605,1200,NA,16,7.61035761831284
300,4,5,2,0,4200,250,64,8.41516046585109
300,5,5,4,3200,4792,1500,61,9.16471519394991
30,1,1,0,0,1400,0,22,7.26052259808985
155,1,4,0,1117000,2790,NA,38,13.928840136128
300,3,2,3,0,3700,NA,56,8.26539293085222
37,1,1,1,399,3700,0,47,8.33014046024638
35,1,1,0,2000,1500,NA,20,8.25062008217469
55,1,1,0,250,700,32,11,6.90173720665657
50,1,1,0,325,1550,NA,20,7.56060116276856
64,2,1,2,2530,4000,NA,51,8.8427489162961
49,2,1,1,360,2000,NA,26,7.77779262633883
87,3,2,1,743,1800,NA,23,7.89207842124812
250,3,4,2,300,3480,NA,53,8.34141021146186
72,3,2,1,790,1750,3,23,7.85049318087114
76,3,3,2,900,2662,NA,34,8.26384813136891
163,3,4,2,1916,8000,217,117,9.2351305407834
75,2,1,0,500,4000,0,51,8.42332197580617
89,3,2,1,860,1800,70,23,7.9208096792886
93,3,3,2,1203,4200,267,54,8.65259782842244
420,3,6,4,0,6500,NA,98,8.79467340138342
640,6,7,5,0,6141,NA,101,8.84072491676172
326,3,4,5,3600,15000,NA,191,9.98925231949692
136,3,4,3,1546,3500,NA,45,8.60190191934319
39,1,1,0,120,780,NA,12,6.82546003625531
70,2,1,1,490,900,NA,8,7.24351297466548
480,4,6,5,0,15000,NA,226,9.7291936874294
50,2,1,0,515,1900,NA,25,7.81722278550817
180,3,3,5,0,2500,NA,38,7.92696354486298
100,3,2,2,850,3000,371,40,8.35749381265856
100,3,2,1,100,2000,NA,33,7.69984240739699
560,5,5,6,0,15000,1917,226,9.74922853350706
180,5,3,2,0,9000,NA,136,9.12008738299862
44,1,1,0,505,2350,67,31,7.99091546309132
18,1,1,1,690,1090,84,14,7.53849499941346
154,2,2,1,0,1300,NA,20,7.26542972325395
80,2,2,1,2224,2800,NA,36,8.59322787769223
308,2,3,3,0,2000,171,33,7.69848278788095
150,4,4,1,0,4500,615,68,8.55333223803211
80,2,2,2,850,2450,NA,32,8.18395571730495
70,2,1,1,280,1000,NA,13,7.26682734752059
136,3,2,1,1780,4000,250,51,8.71308886823731
55,1,1,1,450,935,45,14,7.27586460054653
90,3,2,1,650,2200,60,33,7.98752447984877
48,2,1,1,380,1545,NA,20,7.59839932932396
224,4,5,3,9500,9500,1650,121,9.94131306207611
32,1,1,1,450,2500,42,37,8.01631789850341
60,2,1,1,355,500,NA,7,6.8134445995109
150,3,2,1,1100,4200,234,55,8.62873456614915
260,3,5,3,4400,4500,134,58,9.11526016572591
42,1,1,0,350,1120,34,14,7.32580750259577
320,4,3,3,1700,7000,NA,94,9.14793291184756
460,4,4,4,0,4000,270,72,8.37632063253482
208,3,3,3,2204,5960,641,76,9.09178203585205
360,4,5,4,4350,6593,1830,84,9.46195475526609
30,1,1,0,1200,1500,25,20,7.91790058632792
132,2,2,0,978,2900,0,37,8.2728260036504
250,6,6,2,0,9000,495,148,9.17409123930106
29,1,1,1,1500,3050,200,39,8.47428569040496
100,1,2,2,0,2000,84,31,7.65728279297819
100,3,2,1,700,1920,217,25,7.95962530509811
120,3,3,0,1126,7500,284,110,9.10731047165664
390,6,3,2,0,11000,NA,181,9.35884658027541
80,3,1,0,0,2400,60,37,7.82324569068552
140,3,3,1,1100,3000,59,39,8.34260168068419
146,3,2,2,1400,3500,NA,45,8.62083222617572
360,4,2,4,0,6000,NA,99,8.7465573545435
165,3,3,4,2000,5000,584,64,8.94233019932187
100,3,2,2,550,3570,63,54,8.35184673882824
80,3,2,2,890,3100,90,40,8.32385113133882
29,1,1,0,298,2300,25,30,7.88382321489215
46,1,1,1,560,935,45,12,7.34794382314869
110,3,2,2,1850,5500,341,70,8.95699531192885
300,3,3,3,1,3400,NA,52,8.26126815057765
62,2,2,3,2890,7000,384,89,9.24580403625175
150,3,1,0,200,4200,12,54,8.40447232135212
92,3,1,0,600,1800,42,27,7.81197342962202
50,2,1,1,150,900,NA,12,6.96885037834195
220,3,3,3,3500,8900,NA,113,9.54545454398782
250,4,3,2,2870,5300,NA,69,9.11515018497243
160,3,2,1,2000,4000,417,52,8.77493138749495
110,3,2,1,1250,2500,309,33,8.3170334764924
120,4,4,4,0,4000,0,61,8.30943074214033
101,3,2,1,630,2900,NA,43,8.22040309993373
60,2,1,0,435,1800,0,23,7.722677516468
60,2,1,1,0,1700,NA,26,7.46737106691756
330,4,3,0,4400,10000,1084,127,9.65573107295667
350,3,6,4,2100,12000,1417,153,9.65956714952322
26,1,1,0,0,2100,NA,28,7.73892375743946
110,4,5,3,0,3900,NA,59,8.43054538469057
233,3,4,4,3780,4300,2567,55,9.278092474027
441,5,5,8,0,8000,553,132,9.06946781309477
44,1,1,0,270,550,NA,9,6.7286286130847
150,3,4,3,0,4600,500,70,8.55082137239622
50,1,1,0,0,820,8,13,6.73578001424233
136,4,3,1,347,2300,72,31,7.91971976092457
455,3,2,4,0,11000,1834,166,9.47278155656217
160,4,4,3,1634,6500,696,87,9.09582698518742
58,1,1,2,640,2000,0,26,7.88870952418201
75,2,1,0,380,2500,100,37,8.01234963932779
160,3,2,1,2300,3150,3700,41,9.12608881952859
310,5,2,2,2800,5000,1084,64,9.09929707318286
180,3,2,2,2200,2500,542,32,8.57073395834427
207,3,4,3,2600,2500,817,32,8.69114649853968
91,3,3,3,1312,2438,850,31,8.44074401925283
275,4,3,4,3000,10000,0,127,9.482731125859
265,4,6,3,2400,2500,NA,32,8.73504275426934
57,1,1,1,300,6000,17,77,8.76327171401294
450,5,5,2,1100,8000,NA,143,9.17585244151751
245,4,5,4,2641,3200,744,41,8.79890749208823
216,3,4,2,3400,4675,870,60,9.10564630086152
74,3,2,1,390,900,24,12,7.19067603433221
80,2,1,1,654,2300,94,30,8.0323601479245
130,3,2,2,1100,3850,209,49,8.55814317774519
56,1,2,1,650,2500,100,37,8.09803475617607
163,2,3,3,1650,7000,896,89,9.17326136373476
70,2,1,0,400,1200,NA,18,7.41034709782102
45,1,1,0,412,860,66,11,7.20785987143248
80,1,2,0,1174,3900,NA,50,8.56788630573176
80,2,1,0,600,1950,0,25,7.85399308722424
600,3,3,4,0,6800,966,103,8.97081334141145
150,3,2,2,1350,1600,108,22,8.03300949859667
28,1,1,1,550,1250,0,17,7.50549227473742
265,3,3,2,0,8712,1167,131,9.21143976741948
100,4,2,2,0,2840,369,47,8.08856180527623
55,1,1,1,260,1100,30,14,7.24779258176785
48,2,1,1,243,850,0,11,7.00760061395185
82,2,2,0,1296,3000,NA,39,8.42683075133585
140,4,3,3,1320,3300,292,44,8.50855599802057
360,5,6,4,0,12000,329,197,9.43596085316529
35,1,1,0,400,1200,0,16,7.38832785957711
72,2,2,1,650,950,100,14,7.44716835960004
133,3,2,3,806,2100,161,28,8.03786623470962
95,3,1,2,510,1300,96,19,7.56320059235807
27,1,1,0,100,960,NA,15,7.04838640872188
30,1,1,1,2400,3500,0,45,8.69047400355804
350,5,5,3,500,2000,252,27,7.93020620668468
179,3,3,3,1800,3200,900,41,8.68980105602255
65,3,2,1,400,850,24,13,7.1608459066643
150,4,3,2,0,5000,717,77,8.66475075577385
35,1,1,0,0,1310,NA,17,7.19142933003638
47,1,1,1,400,2200,0,33,7.87625888230323
360,6,3,4,0,7000,1108,115,9.01481198769495
115,2,2,1,950,6500,NA,83,8.94363670590959
341,3,3,2,2600,4400,825,56,8.97233695775495
89,2,2,1,350,1850,0,28,7.70930833338587
46,1,1,0,650,2350,131,31,8.05927622330565
226,3,4,3,2200,6900,NA,88,9.24965723435313
32,1,1,0,360,1430,62,19,7.53476265703754
115,2,3,2,1380,12000,790,153,9.5694822704787
164,3,3,0,1680,4500,225,66,8.77524045873833
37,1,1,1,500,3000,NA,39,8.20658361432075
160,3,2,2,0,4000,NA,61,8.37309184744198
175,4,3,2,0,3200,NA,49,8.1969879272589
140,3,2,1,1000,3300,184,44,8.41825644355621
400,4,6,5,0,5300,NA,80,8.75856951099151
45,1,2,0,0,1430,0,22,7.28138566357028
153,4,2,2,1000,3500,426,47,8.51197962436335
56,2,1,1,345,760,11,10,7.02731451403978
383,4,5,6,2780,9500,1760,143,9.55965831946135
146,3,4,2,1800,11000,592,140,9.51273862826364
135,3,2,0,1400,4500,NA,58,8.74448811385292
37,1,1,1,676,3000,112,39,8.25009775257285
238,3,5,3,2700,15000,834,191,9.83793518429589
55,1,1,0,0,1100,0,14,7.01660968389422
92,2,2,2,840,2288,244,29,8.13211877295581
215,6,6,6,0,5000,109,89,8.55622157838371
320,4,4,2,1500,4500,2900,66,9.10130645095205
64,1,2,1,930,1540,68,20,7.84737183615979
92,2,2,2,1169,5000,67,67,8.74893963153771
72,2,1,1,300,800,15,11,7.02731451403978
65,1,1,0,350,2200,30,29,7.86710550031674
500,5,5,2,2500,8000,NA,104,9.31118068690225
131,4,4,2,1400,4500,317,58,8.74448811385292
70,3,2,2,650,2500,NA,32,8.10258642539079
530,4,6,4,4310,2569,2417,33,9.14099029384139
85,3,3,2,270,1750,165,24,7.7007477945118
20,1,1,0,602,1800,130,23,7.84619881549743
139,3,4,2,1350,11000,NA,140,9.47201208899573
45,1,1,1,3000,5520,0,70,9.05847042263806
266,4,3,2,0,7500,236,123,8.96954188542325
110,3,2,4,30,2100,145,35,7.74543561027438
182,3,4,3,0,7000,459,106,8.93141980519298
318,4,6,4,2500,12000,334,153,9.61520530001232
380,4,6,1,0,10840,334,163,9.33529761138057
85,2,3,0,0,1940,167,25,7.66528471847135
62,2,1,0,80,1250,40,19,7.23705902612474
42,1,1,0,500,1300,42,17,7.52833176670725
50,2,2,1,400,1900,NA,25,7.75190533307861
52,2,1,1,300,860,61,12,7.11801620446533
179,4,4,3,1100,8500,NA,108,9.25540933534376
100,2,3,0,800,2662,373,35,8.26126815057765
80,2,2,1,1090,2500,NA,33,8.22764270790443
180,3,1,1,100,2500,84,38,7.90948949267376
650,4,6,5,0,13800,NA,246,9.59567079766397
51,1,1,1,450,2000,61,30,7.8407064517494
48,2,1,1,295,1400,NA,18,7.46221493976819
350,4,4,2,1980,9000,833,116,9.3868953338758
354,5,6,3,0,8850,958,134,9.20462406498007
250,4,5,0,2023,12000,1584,153,9.66529381317554
55,2,2,1,600,1300,67,17,7.59337419312129
60,2,2,1,752,3800,130,49,8.46210322509828
350,4,3,4,1,7300,600,110,8.98869569678571
70,3,2,0,0,1500,50,20,7.35946763825562
150,4,2,1,0,2250,9,37,7.7393592026891
32,1,1,0,400,2001,NA,26,7.79482315217939
50,1,1,0,400,2960,200,39,8.1886891244442
744,6,6,8,450,11000,3000,181,9.59089784437816
26,1,1,1,60,750,67,10,6.78897174299217
63,2,2,1,720,3500,113,45,8.3845756668014
60,2,1,0,450,1600,NA,21,7.63626960337937
120,3,2,1,1400,3280,125,42,8.48632152774915
47,2,1,1,513,1000,0,13,7.33106030521863
93,3,2,2,657,1700,NA,22,7.80506704425849
92,3,2,0,870,5800,242,74,8.85180655855245
84,3,2,1,500,2200,77,33,7.94129557090653
100,2,2,1,0,1450,NA,22,7.34794382314869
380,4,6,6,0,4100,NA,62,8.39660622842712
130,3,2,1,1600,2900,200,37,8.46337038471873
200,3,3,2,2500,6000,125,77,9.07142307278951
33,1,1,1,1500,2000,NA,26,8.23668532271246
100,3,1,0,0,2200,350,34,7.85748078694253
115,2,1,0,1500,2200,67,28,8.24170315972982
327,4,4,5,5200,7000,2662,89,9.61253346621393
45,2,1,1,0,880,0,12,6.7945865808765
124,3,3,1,970,1942,NA,29,8.00969535774292
64,1,2,1,650,8900,154,64,9.18696938565294
212,4,2,1,1364,2100,250,28,8.22764270790443
100,2,3,2,1800,2200,NA,28,8.35184673882824
38,1,1,1,475,3008,0,39,8.16706817834124
330,3,5,5,3300,7500,NA,96,9.41743583886878
71,2,1,1,800,2140,0,28,7.99598047476376
70,2,2,1,662,4500,122,58,8.58354257195777
220,4,3,3,1600,3400,NA,44,8.52615293278771
128,3,2,2,1100,2500,NA,32,8.27537637483641
35,1,1,1,572,4900,70,63,8.63159273172473
220,4,3,1,230,2000,0,36,7.72621265050753
380,4,6,6,4500,12000,NA,153,9.88588350658777
43,2,1,1,750,1375,17,18,7.67832635650689
60,1,1,0,0,1250,280,16,7.34407285057307
53,1,1,0,1,1700,NA,22,7.49443021503157
50,2,1,1,428,3900,NA,50,8.40065937516029
65,2,2,0,400,1910,0,25,7.75619534394812
150,3,2,1,0,1450,0,22,7.29505641646263
70,3,1,0,330,970,NA,13,7.24351297466548
49,1,1,1,1730,6200,NA,79,8.9884460400624
30,1,1,0,0,1200,0,19,7.1066061377273
45,1,1,0,265,1275,NA,17,7.35115822643069
260,2,2,1,170,2000,25,30,7.70796153183549
32,1,1,1,450,2500,42,37,8.01631789850341
197,3,4,1,2665,4500,459,58,8.94676537486763
500,2,5,5,0,1810,54,28,7.54591815120932
136,3,3,2,1439,2200,NA,28,8.29579811063615
120,4,4,2,1100,3000,NA,40,8.44117570499232
115,3,2,1,1082,6300,224,80,8.94728586934913
130,2,1,1,1159,3850,160,49,8.56006109164341
87,3,3,2,930,3000,253,39,8.34830105493394
95,3,2,0,0,2350,0,36,7.77779262633883
70,1,2,1,1700,1500,184,20,8.13300021858361
87,2,2,1,1110,3500,249,46,8.49821422481843
50,1,1,0,0,1050,39,18,7.01031186730723
50,1,1,1,795,3500,213,45,8.42376124662369
128,3,4,2,1337,5000,609,64,8.85523562320697
86,3,2,1,1300,3300,228,43,8.49125980938973
100,3,2,1,950,2700,71,35,8.23137604557397
139,4,5,2,1500,10000,NA,127,9.41009246383302
72,2,1,0,606,780,60,10,7.2841348061952
120,3,3,3,750,2650,434,36,8.26126815057765
24,1,1,0,368,2530,NA,33,8.00202481821611
135,2,2,2,1175,3800,NA,49,8.57168137670031
280,3,4,4,4095,5450,NA,70,9.27434750195048
49,1,1,1,600,5400,0,69,8.71111388405354
40,1,1,0,0,2600,0,33,7.87625888230323
320,3,3,4,0,8000,1167,121,9.13658618338752
52,1,1,1,1700,4420,NA,57,8.75872660784204
20,1,1,0,300,600,NA,8,6.85540879860993
240,3,3,4,3538,12000,NA,153,9.77968015680806
109,3,2,1,992,2080,167,31,8.09285102753838
119,3,3,1,790,3750,NA,48,8.46041117731725
340,4,6,4,3100,2800,NA,36,8.93642970360832
790,4,4,2,2500,10000,2500,151,9.62582181535984
35,1,1,0,700,1618,NA,21,7.77022320415879
98,3,3,2,1975,2900,459,37,8.58895555764313
260,4,4,4,2622,4000,600,51,8.89206162554694
45,2,1,0,162,1610,8,21,7.49665243816828
270,2,2,3,2200,8650,0,110,9.30209879721572
50,1,1,0,0,1400,1,22,7.26122509197192
30,1,1,1,600,900,60,12,7.36073990305828
45,2,1,1,300,1100,38,14,7.28138566357028
150,3,1,2,1300,3000,0,39,8.37562962709445
42,1,1,1,390,1390,54,21,7.52617891334615
210,3,4,3,3900,13000,1417,165,9.82449845628576
58,2,1,0,397,1780,0,23,7.69666708152646
76,2,2,2,679,3100,146,40,8.28551330907974
28,1,1,0,184,850,12,13,6.96602418710611
130,2,4,4,1300,2700,NA,35,8.3999849905107
60,1,1,0,0,1300,144,20,7.28961052145117
54,2,1,1,475,1460,0,19,7.57814547241947
111,3,3,2,0,4000,357,61,8.39366870513074
80,2,3,2,980,2800,350,38,8.3354314778808
600,6,5,5,0,12000,3334,181,9.64994922465118
73,2,1,1,213,1200,NA,18,7.29369772060144
80,2,2,1,3985,5000,395,65,9.15334665045606
145,3,3,1,1225,5800,375,74,8.91931939825889
42,1,1,1,450,2700,NA,35,8.08271113423758
98,2,1,1,650,1800,8,23,7.81681996576455
80,3,2,2,300,1850,NA,28,7.70930833338587
367,4,3,2,1400,4500,309,66,8.74448811385292
68,2,2,2,400,2400,100,20,7.97968130238774
90,3,2,1,500,1480,79,22,7.64108424917491
154,4,5,2,3756,10000,750,129,9.59158109119348
47,2,1,1,389,1200,0,18,7.38274644973891
230,5,3,2,0,3491,291,53,8.25218543600333
180,3,3,1,2000,2910,459,38,8.5956346177228
120,3,2,1,1300,4500,219,58,8.71243097347674
110,3,2,0,480,1600,NA,22,7.69439280262942
450,4,6,4,0,11600,1042,175,9.4588397305527
400,7,6,4,0,6800,NA,112,8.87444796721998
25,1,1,0,478,2718,17,36,8.08641027532378
62,1,2,1,2061,11000,NA,140,9.50755189464409
95,2,1,1,900,3000,NA,39,8.29579811063615
110,3,3,2,350,2200,NA,30,7.93773177526011
140,3,2,1,1100,2200,95,29,8.13885675069633
34,1,1,1,0,2890,0,37,7.9820748750812
22,1,1,1,580,3000,8,39,8.19643681123503
177,3,3,3,4500,8500,1250,108,9.57227147806062
96,2,1,1,1080,4300,118,55,8.62227366786674
100,2,2,0,0,1700,NA,26,7.56371966841437
68,2,2,1,750,2600,196,33,8.18311807939475
300,3,5,4,0,4490,334,68,8.49556089128912
160,3,2,1,1815,3000,NA,39,8.53915035876828
140,3,2,2,0,2000,NA,31,7.64156444126097
136,4,2,3,1200,3300,250,42,8.47491179915963
65,2,2,2,907,3500,0,45,8.4013333053217
200,3,6,4,1867,4000,731,54,8.80282315974189
120,3,3,2,1000,3240,NA,48,8.38685668968823
62,2,1,0,997,3000,212,39,8.35443894011481
390,3,3,2,1800,6500,1000,83,9.14676139033331
67,2,1,0,477,1200,0,16,7.434847875212
52,1,1,1,410,4667,NA,60,8.5567984460086
39,1,1,1,1144,2500,312,32,8.29129585190541
270,3,3,4,3300,3200,1667,41,9.01298639234827
82,3,2,2,1400,1800,NA,23,8.16451026874704
200,2,4,3,4021,12500,1335,159,9.79929302351827
33,1,1,0,305,1500,NA,20,7.50988306115491
110,3,2,2,834,5500,NA,70,8.81016126829726
70,3,1,1,800,3000,0,39,8.25322764558177
93,3,3,2,1230,3750,NA,48,8.59192953753026
65,1,1,0,300,1800,NA,24,7.67554600253785
280,4,5,4,3600,12000,917,153,9.72142596194803
130,4,2,2,1150,2350,274,32,8.2445967563825
100,2,2,1,0,4550,75,69,8.45425339164236
40,1,1,0,300,1200,0,18,7.32580750259577
140,3,4,2,1300,3000,NA,39,8.42814337458273
170,4,2,2,1100,4000,NA,54,8.60373779281642
110,2,1,1,705,1800,NA,23,7.83557924666997
45,1,1,1,700,1500,130,20,7.76259604854007
275,5,4,2,0,9000,NA,148,9.18962733037864
46,1,1,0,380,1200,196,16,7.49164547360513
98,2,3,2,1907,8500,NA,108,9.30392178559771
120,3,1,4,0,3500,260,53,8.24643378616036
180,3,2,1,1850,7000,299,89,9.13118893367075
250,4,3,3,2000,4000,167,51,8.73536440110389
85,3,2,1,500,1690,NA,22,7.73017479524622
126,3,4,3,1560,4000,1021,51,8.79981246952556
132,3,4,2,1405,3200,NA,41,8.5099671463245
216,3,3,3,0,2390,94,43,7.83518375526675
54,2,1,1,750,1200,NA,16,7.62608275807238
160,2,4,2,950,3100,200,46,8.365672383775
62,3,1,1,400,1600,25,21,7.62413058566129
270,4,3,1,2000,4000,1000,52,8.86120833720818
145,3,4,3,1300,2850,NA,37,8.44397712908498
63,2,1,0,500,1170,NA,18,7.45182223652793
115,2,2,1,2500,8500,625,110,9.37084226863021
51,1,1,0,368,680,15,9,6.9782137426307
70,3,1,1,680,1200,NA,16,7.5847730776122
165,3,4,6,0,4800,100,73,8.51197962436335
208,4,5,2,2900,7000,792,89,9.28554060453912
87,3,2,1,1191,3600,93,46,8.50329708622413
90,3,2,0,335,1400,136,19,7.54486106865846
300,2,4,2,0,3250,0,49,8.10167774745457
200,3,2,3,0,3950,NA,60,8.47866024169945
65,2,1,0,970,2950,NA,39,8.33134542484572
42,1,1,1,410,2690,172,36,8.10440130792161
42,1,1,2,240,1000,80,15,7.19743535409659
28,1,1,0,320,1300,NA,17,7.4265490723973
140,2,3,2,1600,4000,NA,51,8.68304655550289
53,2,2,1,579,3000,NA,39,8.21824792668574
120,3,2,2,0,2000,NA,31,7.76429600645052
100,3,2,1,1735,3000,324,39,8.53679972105516
360,3,1,4,0,2800,417,50,8.09193345597989
227,4,4,3,4000,9000,1417,115,9.5840395773207
30,1,1,0,433,1380,0,18,7.51316354523408
90,2,2,1,959,2968,67,38,8.30226579487337
110,4,4,1,0,6800,167,103,8.86375719160424
400,3,3,4,0,4250,160,64,8.40626163070896
49,1,1,0,550,2190,155,29,7.98104975966596
100,3,3,1,0,7000,881,106,8.98569569453571
83,3,1,1,180,2500,0,32,7.90581031265893
40,1,1,0,180,1250,6,19,7.28344822875663
311,4,4,4,2100,15000,0,191,9.75794141390479
120,4,2,2,0,3000,397,50,8.14554963178358
67,2,1,1,0,1800,0,23,7.50878717063428
100,2,2,0,0,2700,265,35,8.00670084544037
100,2,1,0,50,1096,NA,15,7.1074254741107
301,3,4,4,0,8000,2917,121,9.30937089543914
86,3,2,1,1365,2630,201,34,8.35019365072007
45,1,1,0,580,2500,75,33,8.06746266701006
55,2,1,1,470,1330,0,17,7.50549227473742
63,2,1,0,180,1000,42,15,7.12125245324454
220,3,4,2,0,4500,197,68,8.46926265765869
202,3,2,5,0,5500,NA,91,8.67880170661265
85,2,1,0,800,3420,209,45,8.40626163070896
80,2,2,1,580,3300,50,49,8.28903709827848
400,4,4,4,0,10000,NA,151,9.31118068690225
400,5,4,4,0,5500,167,91,8.65851912750667
22,1,1,0,200,1650,NA,21,7.53476265703754
128,3,3,2,700,3700,NA,47,8.42617379302907
170,2,3,3,1350,5900,167,75,8.92172453036431
55,2,1,1,200,850,NA,12,7.04228617193974
51,1,1,0,486,740,15,10,7.13249755166004
50,2,1,1,100,1440,NA,22,7.35436233042148
81,2,1,0,800,1600,90,21,7.82883452758809
40,1,1,0,50,1100,NA,14,7.10249935577465
83,2,2,1,700,2500,NA,37,8.11342663994365
420,4,6,4,4200,14000,1417,178,9.8934877204578
204,4,3,1,1774,6000,0,77,8.96852355539635
240,2,2,4,0,3500,362,53,8.2728260036504
56,2,1,1,550,1160,NA,15,7.45356187164337
82,2,2,2,570,4150,200,61,8.51358669582213
327,4,4,2,0,8799,563,145,9.15988882848008
96,1,2,1,1835,4250,NA,54,8.74941540666365
54,1,1,0,495,2306,0,30,7.94873845481361
41,1,1,1,400,2100,17,31,7.84345640437612
218,3,5,2,1160,4950,409,73,8.7937637591133
20,1,1,0,214,2150,0,28,7.78030308790837
170,4,4,3,2493,5000,NA,22,9.01990599507168
250,3,3,0,3850,2500,1336,32,8.95144010094985
40,1,1,0,0,1100,195,17,7.1800698743028
400,4,6,4,4285,10000,2050,127,9.70874922572708
350,5,4,6,0,6000,640,91,8.8146275553107
94,3,1,1,565,2000,60,26,7.88306935130575
30,1,1,0,0,850,67,13,6.83625927727707
142,3,3,2,1600,9000,NA,115,9.32286516281803
177,3,3,4,2700,6900,509,89,9.23024103368252
126,4,2,2,380,2550,168,34,8.04974629095219
160,3,2,2,890,1990,50,30,7.99328232810159
54,1,1,0,730,1500,0,20,7.71912984090673
20,1,1,0,150,3142,67,40,8.13153071060425
75,2,2,0,750,2125,NA,27,8.02256894698825
60,2,1,0,528,1100,86,15,7.45587668749182
150,4,4,2,1305,3350,359,45,8.52912176228151
156,3,3,3,1600,8000,628,102,9.24290436284945
206,3,3,1,2914,7400,586,94,9.3048320350689
100,2,1,0,800,1659,0,22,7.81681996576455
47,1,1,1,230,940,5,14,7.08170858610557
220,3,4,4,1710,3550,NA,45,8.71538809736648
60,2,1,1,350,1650,0,21,7.61184239958042
457,6,6,2,0,8500,NA,152,9.11272754310918
340,4,4,5,4000,7000,1660,89,9.45336497888354
93,3,2,2,1342,4950,286,64,8.80131894766524
200,3,2,5,0,7000,963,106,8.99590876126399
340,4,5,4,2930,8000,NA,102,9.42311030286283
108,3,2,1,1340,5200,252,68,8.83360848269089
240,3,5,6,0,4900,100,74,8.53208180390999
82,2,2,1,1000,1950,79,26,8.02486215028641
480,4,7,3,2800,6500,115,84,9.15904707758863
35,1,1,1,0,700,0,10,6.56667242980324
105,4,2,1,505,2200,114,33,7.9561263512135
66,1,1,2,800,2800,200,36,8.25244609024695
85,2,1,1,0,1450,0,22,7.29505641646263
45,2,1,1,280,750,67,11,7.01121398735037
50,1,1,1,728,3500,NA,45,8.38343320123671
30,4,4,2,0,5000,4247,76,9.14034700015565
450,3,2,0,0,5800,917,88,8.82555985506085
52,1,1,1,800,2500,NA,37,8.11342663994365
235,3,2,1,0,6000,825,91,8.84173742860058
141,3,3,2,1100,7935,167,101,9.1381996941985
80,2,1,0,0,1200,67,19,7.16006920759613
247,4,2,1,0,2600,264,43,7.97522083865341
49,2,1,1,277,2100,104,27,7.82763954636642
325,4,5,4,4950,15000,2209,191,10.0146263417701
200,3,3,4,1950,3230,NA,41,8.68304655550289
220,3,4,3,922,8000,625,107,9.17523119486262
170,3,1,1,2888,5000,5404,65,9.50009529458889
46,2,1,0,510,2880,NA,37,8.14757773620177
63,2,1,0,200,1400,53,21,7.42356844425917
160,4,4,3,2500,11000,0,140,9.52083524249312
100,2,1,1,0,3800,270,58,8.32579052588609
23,1,1,0,399,2100,NA,27,7.85127199710988
35,1,1,1,420,1250,0,16,7.43070708254597
120,3,2,1,1150,5300,NA,68,8.80777106698004
150,3,4,3,1300,5120,834,65,8.89836560695536
220,3,4,2,0,7000,NA,106,8.92811007820265
48,2,1,1,405,2050,NA,26,7.8578675593318
45,1,1,1,492,1320,28,17,7.52725591937378
160,3,3,2,0,4680,212,71,8.5099671463245
46,1,1,0,399,850,NA,11,7.15148546390474
34,1,1,1,180,1500,NA,22,7.44366368311559
540,5,4,8,0,7000,NA,115,8.99069070991623
171,3,3,4,2489,8700,NA,111,9.40269476447051
30,1,1,0,0,700,59,11,6.64768837356333
118,3,2,0,350,1500,71,20,7.57147364885127
80,2,2,2,721,1850,NA,24,7.87891291229713
55,1,2,1,2270,5500,NA,70,8.96941465086618
55,2,1,1,0,1200,122,19,7.20191631753163
380,3,2,2,3835,6650,667,85,9.3273230874618
300,3,4,2,0,7000,84,115,8.88183630500415
100,3,2,2,1200,2000,0,26,8.07930819205196
180,3,3,3,0,5000,NA,76,8.57772369115627
300,4,5,4,4300,7000,NA,89,9.45805945585643
193,3,2,2,1800,2400,297,36,8.41935983106747
110,2,2,0,781,4750,NA,61,8.65504025810836
20,1,1,0,400,720,50,10,7.07411681619736
300,3,4,1,2860,8300,NA,107,9.40763263969996
52,1,2,1,850,4100,116,52,8.54071438645758
120,2,3,2,1339,1935,81,25,8.12592680270789
97,3,2,2,1600,1700,NA,22,8.14554963178358
58,2,1,1,100,1200,0,16,7.18311170174328
343,4,4,4,0,6000,1042,91,8.87262736591884
205,4,4,6,2450,2720,NA,35,8.72664341559844
68,3,2,1,960,1500,84,20,7.84971375760487
67,3,2,1,600,1700,180,22,7.82524529143177
40,1,1,0,700,5000,72,65,8.67214355141406
62,3,1,1,750,1200,NA,16,7.58426481838906
120,5,2,4,0,6500,680,98,8.89274876911826
50,2,1,1,494,1400,NA,18,7.55642796944025
40,1,1,0,328,500,140,8,6.88448665204278
22,1,1,0,50,700,5,9,6.63987583382654
110,3,3,1,1280,4700,138,60,8.72891172506098
80,2,1,1,1009,680,48,9,7.46565531013406
224,3,4,2,3300,6000,NA,77,9.21642184229205
93,2,1,2,1300,6800,460,87,9.06508335931904
45,1,1,0,0,1050,34,16,7.00397413672268
120,3,2,1,1700,2500,347,32,8.42945427710823
73,3,2,2,762,2000,NA,26,8.0040315078527
50,2,1,1,520,1600,0,21,7.66949525100769
136,4,3,1,1800,4200,NA,54,8.75888368001702
235,3,4,4,1950,15000,1150,191,9.81416441457592
110,3,3,0,400,3250,75,48,8.2358907259285
400,4,6,1,3355,4000,2650,51,9.21642184229205
220,3,3,3,0,2800,250,43,8.03722003113301
82,2,2,1,820,2000,102,26,7.98922140881528
100,3,3,2,1200,2800,NA,36,8.39412119382624
250,4,4,4,2600,15000,1250,191,9.85434982797458
90,2,3,1,600,3760,280,51,8.45361420977337
47,1,1,0,100,1000,NA,13,7.08170858610557
35,1,1,0,411,1080,35,14,7.34018683532012
150,2,1,0,450,1500,180,20,7.67368812926773
69,2,1,0,1880,7540,380,96,9.19998695989669
38,1,1,1,500,740,30,10,7.15539630189673
62,2,2,2,720,1720,120,22,7.85670679309584
100,2,2,0,0,2500,NA,38,7.92262357421729
300,3,5,3,4000,5780,1250,74,9.31479047333265
160,3,3,1,2800,4500,450,58,8.96303219366268
55,1,1,1,200,2000,9,26,7.71244383427499
61,2,1,1,2065,3300,NA,42,8.6347984334905
70,2,1,1,1400,3000,3000,39,8.91462612782714
308,3,3,4,0,4700,673,71,8.60245303536706
230,3,3,1,1800,10500,300,136,9.45258041898138
51,2,1,1,455,2500,NA,32,8.01002752848173
58,2,2,1,400,2300,250,30,8.00001409367807
76,2,1,1,906,4250,217,54,8.59932602095476
236,4,5,4,3500,10000,1834,127,9.64607600310259
86,2,2,2,622,1950,267,25,7.96032362914884
100,3,3,2,1035,4062,150,52,8.57546209954021
54,2,1,0,260,1100,NA,17,7.25841215059531
22,1,1,0,400,1956,50,25,7.79646924308606
600,3,2,2,0,7500,NA,113,9.06114406561406
68,2,2,0,851,1830,92,24,7.93666015522543
55,1,1,0,0,895,NA,15,6.81454289725996
36,1,1,0,300,1600,60,21,7.59186171488993
205,4,4,0,3050,9800,NA,125,9.51789859843275
60,2,1,1,950,1980,0,26,7.99193051985248
171,4,5,4,1900,8000,NA,102,9.27995971385624
100,2,1,1,0,1000,75,17,6.99668148817654
71,2,2,1,250,1830,153,24,7.72223474470961
69,2,1,1,550,1600,5,21,7.68570306123455
15,1,1,0,50,700,0,10,6.63463335786169
90,3,3,1,1347,4650,241,59,8.74798740166097
80,2,2,0,800,4100,165,53,8.54071438645758
84,2,1,0,420,1700,85,22,7.70885960104718
834,5,5,7,0,10500,3417,158,9.55258164991731
269,4,3,4,2300,5000,NA,64,8.90449432889673
43,1,1,1,600,3300,100,49,8.30647216010058
70,3,2,3,813,2300,266,30,8.13446757027756
336,2,2,2,4106,5556,591,82,9.24387185518498
76,3,2,1,547,950,97,13,7.38274644973891
280,3,3,1,1400,2190,14,29,8.19808924895612
290,4,4,2,3200,7800,584,99,9.3657188691557
200,4,3,3,2600,5000,1212,64,9.09121894106832
130,2,2,0,1343,3974,71,51,8.60153433984999
70,3,2,1,1087,3700,NA,47,8.49146504284351
22,1,1,0,380,6000,9,77,8.77446760144659
80,3,2,2,1412,1358,213,18,8.00703401219341
50,1,1,1,455,1900,0,25,7.77527584648686
120,3,4,3,2077,6000,726,80,9.09200718501432
120,2,1,2,660,1470,NA,19,7.67878899819915
90,3,2,0,1330,1300,120,17,7.92588031673756
100,3,3,2,1300,1600,210,13,8.04686951095958
98,4,4,2,930,2485,0,32,8.14554963178358
300,3,2,3,0,2400,NA,43,7.83676478326407
107,4,3,2,830,3560,225,46,8.4471998195957
33,1,1,1,613,3700,109,47,8.40514368760761
250,4,3,4,2745,10000,NA,134,9.55470991405776
65,2,2,0,200,800,50,11,6.96790920180188
150,3,3,2,2177,3700,567,47,8.77832592863448
97,2,1,0,561,1633,NA,8,7.69757534680234
410,5,7,3,0,12000,NA,181,9.46738280829585
52,1,1,1,1218,5000,284,64,8.78981238619097
65,2,2,0,720,1500,60,20,7.74109909003537
250,4,4,6,300,8000,834,107,9.13151359143021
256,4,3,2,0,11000,NA,181,9.33264649636015
53,2,2,1,400,1250,5,16,7.42177579364465
30,1,1,0,400,900,NA,12,7.25347038268453
45,2,1,0,400,700,15,10,7.02642680869964
44,2,1,0,385,2650,82,35,8.05610965954506
506,4,5,0,0,8000,452,132,9.05777177333158
190,4,3,1,1570,3500,506,46,8.6346206082922
48,1,1,0,460,2500,NA,32,8.03106018024062
162,3,3,1,2150,7000,NA,89,9.18317470390341
54,2,2,0,2009,5150,345,66,8.93208043810331
320,4,3,8,0,2150,NA,33,7.87625888230323
60,1,1,1,1000,5500,200,70,8.82040406548565
194,3,4,4,2600,12000,1667,153,9.70631628249184
54,1,1,1,250,1250,11,19,7.33367639565768
90,2,2,0,1900,3500,255,46,8.64857226947262
60,2,1,0,0,1080,NA,17,7.0833878476253
40,1,1,1,1100,1600,160,21,7.96623977655947
175,4,4,3,2600,4700,NA,63,8.96954188542325
233,4,6,4,0,14000,584,249,9.60447486374196
800,5,4,6,0,12000,459,181,9.44470077849556
200,5,4,3,841,5000,531,67,8.7702838190984
120,4,4,2,2500,9500,NA,121,9.41254625207551
23,1,1,0,200,900,25,12,7.03702761468628
27,1,1,0,200,750,13,11,6.88243747099785
64,2,2,1,773,1900,152,29,7.95682712209011
180,4,1,3,0,5900,180,97,8.72874987347853
241,4,4,3,2851,5525,848,71,9.13733947909169
80,2,2,1,1000,3060,NA,40,8.36217546914963
20,1,1,0,210,930,9,12,7.05789793741186
140,3,3,0,1700,3800,359,49,8.68423189134568
160,3,1,0,2450,4100,474,53,8.86474666090541
45,1,1,0,406,2700,59,35,8.07121853996986
79,2,1,0,448,1105,84,17,7.41155628781116
100,3,2,0,1600,5000,234,65,8.83927669058535
73,1,2,1,912,3300,NA,42,8.39840965542627
36,1,1,2,517,3000,NA,39,8.21851757748959
30,1,1,0,300,545,NA,8,6.7696419768525
180,4,3,1,2900,12850,1250,166,9.7509771933138
42,1,1,0,400,1200,NA,18,7.40974195408092
60,2,1,0,0,1500,34,27,7.35372233039963
20,1,1,0,602,1800,130,23,7.84619881549743
42,1,1,1,500,2200,100,28,7.94767857130157
140,4,3,3,1805,3200,NA,43,8.6294498737619
320,4,4,5,0,15000,1750,226,9.7398503509463
120,3,2,1,300,2100,149,28,7.85476918349913
65,2,2,1,120,1850,0,28,7.6004023345004
215,3,4,4,0,10000,373,151,9.26112853880829
52,2,1,0,199,1000,NA,13,7.12528309151071
272,4,4,4,5600,13000,NA,165,9.95327721703864
32,1,1,1,1680,2200,142,28,8.30671904320269
191,3,3,4,2605,15000,1299,191,9.85749596868514
288,4,5,4,3600,4800,1167,61,9.17253465724028
37,1,1,1,415,825,33,11,7.15851399732932
113,2,2,2,343,2500,NA,34,8.00503334463711
50,1,1,0,450,850,3,11,7.18159194461187
53,2,1,1,831,2622,NA,34,8.17835816560584
76,2,2,2,900,4500,NA,58,8.60502090178176
158,3,3,2,2063,10900,706,139,9.53322065507793
659,5,4,6,0,11000,913,181,9.40021665317425
180,3,3,1,0,3000,NA,46,8.05959232888755
42,1,1,1,530,2900,35,37,8.16137502319749
89,2,1,1,750,880,NA,12,7.47873482556787
220,4,3,2,345,3000,209,40,8.18729927015515
90,2,2,0,0,1700,38,26,7.4759059693674
280,3,3,3,2500,4000,990,52,8.92837525985363
40,1,1,0,0,600,30,10,6.46302945692067
277,3,3,0,2332,8500,550,108,9.34931939925763
70,3,2,1,530,2300,NA,34,7.99833539595298
200,2,1,1,0,1410,250,22,7.42833319419081
74,3,2,2,477,1600,NA,21,7.64921631982063
165,3,2,3,1874,3600,500,46,8.70300863746445
60,2,2,1,1938,3400,NA,44,8.64523454129712
85,2,1,0,900,7000,365,91,9.03085479000144
56,2,1,0,300,637,32,10,6.88755257166462
18,1,1,0,0,900,NA,12,6.81673588059497
175,3,5,1,0,5900,390,89,8.76092337633884
60,2,2,1,592,1250,NA,17,7.52833176670725
220,4,2,3,0,5200,705,79,8.69701161799207
132,3,3,2,2084,2700,606,35,8.59895749321888
100,1,2,2,2344,7000,757,89,9.22926025682869
415,4,4,6,3900,9500,880,121,9.57505292759738
300,3,5,3,0,5500,360,98,8.69265796074698
130,3,3,2,0,6000,84,91,8.72842609170461
300,4,4,1,3000,7200,700,92,9.3048320350689
165,3,2,1,1100,1800,294,23,8.07651532755233
32,1,1,0,300,600,4,8,6.81673588059497
117,3,1,1,0,1530,110,26,7.41878088275079
890,5,6,8,0,11000,9500,166,9.93648703079924
350,6,5,2,0,4000,334,72,8.39094946484199
212,3,3,3,4000,9000,1084,115,9.56106766364501
61,2,1,1,609,1140,NA,15,7.4759059693674
62,2,1,1,200,950,0,13,7.05961762829138
884,5,7,6,9000,12750,5917,162,10.2339057863214
44,2,1,1,244,1000,NA,13,7.13727843726039
157,3,2,0,1325,4500,NA,58,8.73004395324502
61,1,2,1,866,5100,250,65,8.74544368009859
50,1,1,0,50,750,NA,10,6.7286286130847
45,1,1,1,0,1500,80,23,7.38025578842646
36,1,1,0,290,700,NA,9,6.9177056098353
48,2,1,1,183,1190,NA,16,7.23705902612474
216,4,3,0,2250,8000,NA,102,9.30209879721572
485,4,7,7,0,10900,1032,164,9.40104337279805
110,2,2,2,1971,3800,480,49,8.74846362994206
58,2,1,0,968,2400,10,31,8.13446757027756
40,1,1,0,480,1480,NA,20,7.59588991771854
30,1,1,1,200,1110,0,17,7.19142933003638
44,1,1,1,550,3400,222,46,8.34735341212434
30,1,1,0,350,550,70,7,6.88550967003482
190,3,2,1,3040,6800,NA,87,9.20873909060921
32,1,1,1,500,2744,0,35,8.09559870137819
79,3,2,2,550,2300,50,34,7.9844627322622
90,3,3,2,897,3500,0,45,8.39908510293591
61,2,1,0,470,1200,22,18,7.44483327389219
65,2,1,1,950,1950,213,25,8.05165955684195
76,2,2,0,909,5500,299,70,8.82158487743096
84,3,1,1,600,1550,57,20,7.70885960104718
60,2,1,1,760,1790,70,23,7.88004820097158
40,1,1,1,470,3990,90,51,8.43424627059531
254,3,3,3,4255,12750,1692,162,9.84485157705117
50,1,1,0,0,1250,NA,19,7.1731917424866
400,4,4,4,0,4900,NA,81,8.57583938684897
35,2,1,0,190,1290,0,17,7.31188616407716
76,3,2,1,571,1800,NA,24,7.80832305039106
470,4,4,5,6900,6741,0,86,9.52741132932175
40,2,1,1,0,1300,NA,17,7.20637729147225
200,3,1,2,0,1630,117,27,7.48155570190952
65,2,1,1,677,1100,NA,15,7.52402141520612
97,2,2,0,1100,10200,NA,130,9.34408424202578
113,3,2,2,1300,4800,250,61,8.76592651372944
300,3,2,2,0,3210,1417,49,8.45041215772589
60,1,1,0,0,4100,400,62,8.4257355809274
20,1,1,0,602,1800,130,23,7.84619881549743
62,2,1,1,735,1345,35,18,7.6657534318617
400,3,4,4,0,15000,0,226,9.6310881036155
100,3,3,2,900,4100,100,62,8.54927308487965
182,3,2,3,2307,12000,786,153,9.63240035365618
50,2,1,2,640,2200,93,28,7.99361999482774
50,2,2,1,840,3700,NA,47,8.46168048148598
84,1,2,1,1200,3353,0,25,8.4292359126571
167,3,3,2,0,3700,311,56,8.31090675716845
60,2,1,0,0,1150,NA,19,7.1066061377273
220,3,1,4,0,2800,334,43,8.06400734709666
67,2,1,0,230,1050,NA,14,7.18992217074581
78,2,1,1,999,1275,NA,17,7.79028238070348
63,2,2,0,1014,1200,NA,16,7.73280753042202
45,1,1,0,603,2000,96,26,7.91059061225648
151,3,2,3,1400,2500,251,32,8.33902300574476
90,2,2,0,336,1250,NA,17,7.41397029019044
54,2,1,1,197,1280,NA,18,7.34794382314869
40,1,1,0,0,1094,0,17,7.01391547481053
160,2,3,1,1486,1800,323,24,8.19808924895612
230,3,3,2,2100,9000,1000,116,9.410911062438
22,1,1,0,472,2200,55,28,7.92153563213355
105,3,2,3,1100,2530,428,33,8.31678912707152
63,2,1,2,1200,5500,220,70,8.85237888651199
700,5,7,8,0,6000,1800,91,8.97360486714251
80,2,1,1,418,1000,NA,13,7.26682734752059
50,1,1,0,0,1600,0,25,7.39387829010776
234,4,3,3,2688,1920,423,25,8.52852870107998
30,1,1,1,1600,2900,180,37,8.45914025996762
62,2,1,1,450,1800,125,23,7.78280726283969
350,3,3,3,0,30000,560,451,10.3420972592366
125,3,2,0,1551,2700,495,35,8.47261414801827
102,2,1,0,420,1250,88,19,7.48324441607385
65,2,2,2,230,1700,115,23,7.63482067774554
130,3,2,1,0,2500,NA,38,7.99294454731811
151,3,2,1,1842,5000,474,64,8.90666440977005
82,3,2,2,200,1200,NA,16,7.3038432252777
65,2,1,1,590,2748,NA,25,8.15478757276852
189,3,4,3,2300,6000,67,77,9.0413298292419
186,3,4,3,1400,8000,667,102,9.2272958126256
650,4,7,5,0,8000,NA,121,9.04263152755007
65,2,2,1,748,2800,222,36,8.2445967563825
363,3,5,4,4040,3072,1112,39,9.01966401079947
71,3,2,2,680,2500,50,32,8.09040229659332
90,2,3,1,1200,2960,NA,39,8.4040244933106
266,4,3,4,0,4500,362,74,8.50451313825886
200,3,3,2,0,2800,186,43,8.01631789850341
185,3,4,2,164,2900,74,52,8.06808962627824
138,3,3,2,1112,5800,NA,74,8.9175787537811
140,3,2,1,1000,3500,NA,46,8.426611813185
90,1,2,1,1235,4200,58,54,8.62119278143472
35,1,1,1,60,1249,NA,8,7.18387071506245
25,2,1,0,0,2200,104,30,7.755767170103
180,3,3,0,0,3200,NA,53,8.14148104145742
200,3,3,2,3000,4000,770,51,8.96469555531546
80,2,1,1,937,2900,NA,37,8.28374674710613
90,2,1,1,0,1090,NA,16,7.05358572719368
170,3,3,2,0,8000,NA,143,9.03037603475591
380,3,3,5,1300,6500,413,98,9.02545553277906
76,2,1,0,300,700,100,9,7.01211529430638
180,3,3,2,2200,11000,131,140,9.50829450569857
20,1,1,0,0,2060,0,27,7.64396194900253
90,2,1,0,0,1800,280,28,7.65396918047877
64,2,1,1,600,2000,108,26,7.91388671485608
129,3,2,2,1580,2600,NA,33,8.46716225781067
150,4,2,1,580,1800,218,24,7.87207397986687
72,2,1,0,600,1100,9,17,7.45414107814668
220,3,4,4,3354,3375,NA,43,8.98882050177807
42,2,1,1,190,846,0,11,6.95463886488099
79,1,2,2,800,5500,199,70,8.79026911147866
110,3,1,0,0,2000,0,31,7.61677580869837
220,4,4,4,1850,5500,834,70,9.01857435635423
55,2,1,1,100,1530,0,20,7.40913644392013
64,2,2,2,875,3400,47,44,8.38183155348556
143,3,2,3,1100,4500,NA,58,8.74576199937551
360,3,4,4,0,2700,264,45,8.00969535774292
500,2,2,1,129,2140,0,33,7.74196789982069
105,3,2,1,1881,3200,184,42,8.5769703954521
137,3,3,1,1180,2900,214,38,8.37401542173991
53,2,1,1,450,4000,42,51,8.42156296040099
58,1,1,1,1500,2800,334,36,8.44912846050211
129,3,2,1,1317,3100,NA,40,8.43923164994653
97,3,1,1,915,6000,50,77,8.85978949474541
89,2,3,3,1158,4300,244,55,8.65834547117212
480,3,6,4,700,5400,NA,82,8.81981313623223
45,1,1,0,506,500,24,7,6.94505106372583
44,1,1,0,330,1300,40,19,7.43248380791712
105,3,2,1,1130,3600,60,46,8.48404997282298
192,3,3,2,0,2750,NA,42,7.93487156594518
450,4,4,2,0,14000,1250,214,9.64607600310259
38,1,1,0,610,4500,6,58,8.55159461813357
63,1,1,0,700,1280,NA,17,7.61184239958042
151,3,3,3,1900,4000,NA,51,8.73937628163532
55,2,1,1,0,1381,305,21,7.44307837434852
50,2,1,1,765,2650,25,34,8.15334975799889
202,3,2,2,0,1890,267,29,7.69028602067677
53,2,1,0,643,1000,0,13,7.41276401742656
80,3,3,0,300,2200,NA,33,7.83755436088108
55,2,1,1,349,1450,0,19,7.50604217851812
120,4,2,3,950,2960,459,38,8.39117635083275
396,4,5,7,0,5500,NA,83,8.71899052471085
44,1,1,0,314,2300,0,30,7.8804263442924
147,4,4,2,1100,1800,305,27,8.08116577772543
290,5,3,3,3800,4100,1435,52,9.14718755697091
270,1,1,0,0,1400,NA,22,7.26052259808985
260,3,2,3,3000,8500,1084,108,9.44864835981016
71,2,1,1,1000,2900,NA,37,8.30276158070405
306,4,3,3,1801,7900,454,106,9.23610557986221
83,2,1,8,0,4550,405,69,8.52218073292728
89,3,2,1,800,1760,100,23,7.89506349809157
150,4,2,1,0,3900,0,59,8.28399930424853
70,2,1,0,655,2300,112,30,8.03851202097681
212,4,3,2,2835,13800,NA,175,9.77001330113616
87,3,2,2,1308,2350,NA,30,8.29654652030061
86,2,2,1,480,1190,NA,16,7.46965417293213
250,4,2,6,0,5000,458,76,8.61884684514274
52,1,1,0,650,3400,17,44,8.321664807135
439,13,4,3,0,15000,667,229,9.6741372793124
70,3,1,1,250,1210,50,17,7.33171496972647
51,2,1,1,446,2200,114,28,7.93343838762749
44,1,1,1,525,850,27,11,7.25417784645652
170,3,2,2,0,1800,41,28,7.53369370984863
60,2,2,1,840,1050,NA,14,7.58171964012531
136,3,2,2,1650,6818,332,87,9.09245733131947
34,1,1,1,0,1350,138,21,7.31986492980897
30,1,1,0,0,700,0,10,6.56667242980324
107,3,2,2,1500,5000,NA,65,8.83680988239836
140,4,4,2,1700,3300,330,42,8.58914169072882
58,2,2,2,304,1700,100,23,7.66293785046154
250,3,4,4,2900,8075,1333,108,9.42714386754419
147,3,3,3,2000,12000,1000,153,9.62582181535984
180,3,2,2,1502,2300,NA,31,8.31016902198191
120,3,4,1,0,4000,NA,61,8.31041499418829
113,2,2,1,1000,3000,50,39,8.31630024903685
27,1,1,0,100,960,75,15,7.04838640872188
202,4,4,2,1600,3000,250,39,8.49494758246892
95,3,2,2,350,2600,155,35,8.05229649953865
62,3,1,1,750,1100,NA,14,7.53101633207792
188,3,4,3,2800,4800,750,61,9.03741453682259
38,1,1,0,440,892,NA,12,7.21670948670946
45,1,1,0,0,950,17,15,6.89060912014717
150,4,3,2,1200,3800,220,49,8.56978564153541
76,3,2,2,754,4500,NA,58,8.61577075477723
68,3,1,2,170,850,0,12,6.94022246911964
166,3,2,2,2124,7000,NA,89,9.22038970782918
36,2,1,1,370,1350,NA,20,7.50439155916124
300,4,3,2,900,5500,100,74,8.79102985704596
350,4,4,4,0,13000,1417,196,9.58952994867208
200,4,3,2,1320,4500,NA,60,8.7448067374019
140,3,1,0,900,2000,150,30,8.03300949859667
60,2,2,1,625,2750,NA,35,8.17075142375753
194,4,6,4,940,8189,NA,104,9.13064760306694
358,4,4,2,2241,4100,317,55,8.81195017753998
199,2,3,3,2000,12500,725,159,9.64088826045181
130,3,2,1,1272,2750,NA,36,8.3719361787591
70,1,1,1,800,3110,200,40,8.33110454805304
170,3,5,3,1648,3480,1085,45,8.7417757069247
60,2,1,1,594,810,80,11,7.31055015853442
48,1,1,1,925,4300,NA,55,8.58876938990546
70,2,1,0,0,1550,0,24,7.36201055125973
75,1,1,2,460,2500,0,32,8.0040315078527
216,5,2,2,0,4500,NA,74,8.51839247199172
48,2,1,1,170,1400,12,19,7.3790081276283
167,3,3,3,2334,1670,NA,22,8.42989086301344
92,3,1,0,150,1700,13,22,7.5422134631934
48,2,1,1,370,1610,NA,21,7.60190195987517
300,6,6,4,0,4700,NA,71,8.58597270681106
245,4,3,2,2100,10500,167,134,9.46506010672514
500,7,4,3,0,14000,785,211,9.61587214452889
138,2,3,2,2082,2180,606,28,8.49637805170232
85,3,1,1,0,1650,NA,25,7.49052940206071
104,3,2,1,1080,3400,125,50,8.44591198941127
200,3,4,3,1400,7080,0,90,9.05613969089888
50,1,1,1,420,1190,0,18,7.39572160860205
88,3,1,1,180,1359,0,7,7.34407285057307
90,2,2,1,1105,2250,208,29,8.18674278711352
225,2,2,3,0,4800,450,73,8.579980179515
180,3,3,1,1500,2000,NA,30,8.16933639592839
784,5,6,8,0,12000,1641,197,9.5353904808967
92,3,3,1,750,4250,21,54,8.53227882883428
170,3,3,3,2450,3000,1015,39,8.78032639094661
400,3,4,2,3800,15000,1834,194,9.94419754078391
40,1,1,0,450,2950,97,39,8.17103418920548
85,2,2,0,700,2600,100,33,8.14148104145742
40,1,1,1,1440,1890,170,24,8.16763571524637
280,4,6,3,4500,4800,1500,61,9.29293367028004
98,3,2,0,1040,3390,239,44,8.45829208349608
70,2,1,0,0,1300,NA,20,7.18614430452233
660,4,6,4,500,6000,4283,91,9.293853972204
449,5,7,4,0,15000,308,246,9.65188022422134
306,4,3,4,3441,5330,2599,68,9.34495867370094
150,3,2,2,0,2500,0,38,7.83952558170468
80,3,2,2,490,2500,100,32,8.04654935728308
22,1,1,0,385,2100,40,27,7.84502441724148
82,3,2,1,690,1780,NA,26,7.85825418218603
119,3,3,1,1500,3370,209,43,8.5414954839392
113,1,1,2,650,6400,0,82,8.87248718227804
46,2,1,0,177,807,NA,12,6.93439720992856
138,3,1,0,0,3500,445,53,8.29379960884682
75,2,3,2,499,2400,71,31,8.00703401219341
98,3,2,1,1520,2400,NA,31,8.28197705886776
25,1,1,0,590,1336,NA,18,7.60489448081162
202,3,2,2,0,3000,172,50,8.07806788181544
326,3,3,4,870,4200,523,64,8.64082575186151
49,2,1,1,230,1625,25,21,7.55066124310534
52,1,1,1,730,2500,NA,32,8.10198073185319
258,4,4,3,1000,3500,NA,47,8.49412925181769
80,3,1,1,978,2400,NA,31,8.16479480424477
100,3,3,0,820,6330,148,81,8.90652891759452
87,2,1,0,450,2200,75,33,7.92262357421729
42,2,1,0,0,858,15,16,6.79122146272619
82,4,3,1,920,4800,NA,62,8.69114649853968
200,2,1,1,0,2450,NA,37,7.89655270164304
60,2,1,0,150,3040,NA,39,8.13064796816058
250,3,4,4,3200,10000,834,127,9.55824698622306
60,1,1,1,2000,3900,NA,51,8.71915396346254
70,2,2,1,665,2000,NA,26,7.89803969076462
79,2,2,1,1300,3594,267,46,8.55795118388841
220,3,4,2,0,4800,NA,73,8.49167023418515
38,1,1,0,240,1150,35,17,7.27447955877387
310,5,4,5,4364,2700,2506,35,9.17014318222477
87,2,2,2,650,3300,209,42,8.34331588140495
236,4,5,7,3000,10800,1084,137,9.61720450099806
113,2,3,2,1400,13500,NA,172,9.64542900515042
45,2,1,0,350,1500,50,20,7.56060116276856
144,4,2,0,0,3200,209,49,8.14873480893717
24,1,1,0,587,1412,25,19,7.6226639513236
94,3,2,1,988,3200,242,47,8.4069317971587
27,1,1,0,300,1400,NA,21,7.45876269238096
210,3,4,3,4100,9945,1000,127,9.62714098974809
180,3,2,2,0,2000,184,33,7.70436116791031
25,1,1,0,200,915,NA,14,7.06731984865348
100,3,1,2,300,1400,77,19,7.49387388678356
180,3,1,1,1800,9000,482,115,9.34145634983372
46,2,1,0,352,1400,0,19,7.47986413116503
352,4,4,4,0,8600,479,130,9.12804512924935
360,3,5,5,4980,9000,NA,115,9.69406197805012
33,1,1,0,350,1300,21,17,7.4318919168078
125,4,2,2,1676,4500,40,58,8.74432876399998
360,4,5,5,0,9600,NA,145,9.24290436284945
416,3,5,4,5300,10000,0,127,9.6441337520712
400,3,4,5,0,9500,1875,143,9.35192673603805
43,2,1,1,280,1900,0,25,7.69893619981345
180,4,2,1,1955,6000,633,78,9.06727798913434
100,3,1,0,500,2630,334,34,8.16023249236769
31,1,1,1,2000,1990,125,26,8.32893404195553
60,1,1,1,1862,2400,123,10,8.38845031552351
165,3,4,3,2460,3500,617,45,8.79830371848498
250,5,2,5,0,4675,270,72,8.52078672692637
190,3,3,2,2700,4000,667,51,8.91179955618953
276,3,3,0,2308,12000,795,153,9.63305583349088
140,3,2,2,1900,5500,546,71,8.98944429320245
70,1,1,1,650,1050,34,16,7.46794233228585
300,4,7,3,0,7000,121,106,8.88571765171212
70,2,1,0,285,2197,NA,28,7.82843635915759
85,2,2,1,810,1100,NA,14,7.59839932932396
75,2,1,0,0,2000,34,18,7.62705741701893
120,3,1,0,1250,3300,238,43,8.48301573961465
92,2,2,0,700,3000,195,39,8.2776661608515
98,2,1,0,701,2186,146,29,8.02715010683277
118,3,2,2,1520,8950,NA,114,9.3048320350689
75,3,1,0,545,1800,NA,24,7.77946696745832
75,2,2,1,396,2000,91,30,7.83122021460429
315,4,5,5,2500,4000,NA,29,8.92665032079394
55,2,1,1,280,1000,0,13,7.16549347506085
132,3,2,1,1477,2950,45,38,8.4142741374084
100,2,1,1,0,2700,NA,41,7.95155933115525
252,3,4,1,0,12000,NA,181,9.50383054471094
65,2,1,0,1261,1450,166,19,7.97143099776935
20,1,1,0,602,1800,130,23,7.84619881549743
150,3,4,2,1200,3400,0,44,8.44354665124794
500,5,5,8,0,9800,92,148,9.21443198987944
27,1,1,0,360,1000,13,15,7.23633934275434
500,3,4,7,0,9300,1060,140,9.25922576970599
40,1,1,0,250,1020,NA,13,7.21081845347222
45,1,1,1,808,2900,9,39,8.23137604557397
86,2,2,2,585,1500,NA,20,7.70616297019958
200,3,3,0,0,5000,NA,76,8.57111303340567
49,1,1,0,250,790,21,12,6.97914527506881
115,2,2,1,1755,4500,245,58,8.78859343129374
50,2,1,0,0,644,25,9,6.5206211275587
20,1,1,0,602,1800,NA,23,7.84619881549743
55,2,1,1,399,900,25,12,7.19818357710194
78,2,1,1,557,1050,84,14,7.44190672805162
127,4,3,0,1154,5300,NA,68,8.84361509218395
450,3,4,2,4187,15000,1450,191,9.94419754078391
132,3,1,2,920,8000,400,102,9.15090878820676
62,2,2,1,520,3500,NA,45,8.32482129876878
300,5,3,1,0,3770,NA,62,8.29404964010203
195,4,1,0,0,2990,NA,46,8.06871619271478
45,2,1,0,250,1000,0,13,7.1420365747068
52,1,1,0,850,1850,NA,24,7.93056585423396
46,2,1,1,589,1100,NA,14,7.48211892355212
179,3,3,0,1050,2400,NA,32,8.21229713822977
60,1,1,0,649,3100,100,40,8.26616443661249
45,1,1,0,0,1000,0,13,7.2211050981825
200,4,3,2,0,3400,NA,56,8.33567131479285
15,1,1,0,0,700,0,10,6.56667242980324
30,1,1,0,0,650,0,9,6.49223983502047
100,3,3,1,350,1670,100,23,7.67042852219069
120,3,3,0,600,5500,NA,71,8.75447630628417
105,2,3,2,1850,3200,385,41,8.60831278478372
97,2,3,2,700,2660,NA,34,8.17807746384961
140,3,2,1,1400,4200,250,55,8.68372406230387
90,3,3,2,870,2630,417,34,8.28197705886776
50,1,1,0,388,2200,0,28,7.86978390253015
330,5,4,2,0,8000,NA,132,9.0359869848314
367,3,5,3,3400,6000,1500,77,9.30392178559771
75,3,2,1,1000,3900,NA,50,8.50734485536142
63,2,1,0,200,1400,53,21,7.42356844425917
72,2,1,2,730,1200,NA,16,7.61874237767041
52,2,1,1,320,1800,NA,23,7.70255611326858
57,2,2,1,570,2600,0,33,8.07215530818825
200,3,3,1,3200,3800,834,49,8.97259066827261
64,3,2,0,700,1300,251,17,7.72709448477984
211,3,2,2,2800,11000,NA,140,9.57644075656207
164,3,2,2,0,2100,293,32,7.793999089504
240,3,3,2,0,4500,250,68,8.48032171664033
64,2,1,1,540,820,122,11,7.30921236569276
89,2,3,1,360,5700,204,73,8.75431854025087
120,3,3,2,400,1850,0,24,7.72973533138505
69,2,2,1,1000,4100,NA,52,8.59174392268053
140,3,4,2,1400,2500,517,32,8.40065937516029
103,2,1,0,0,1300,NA,20,7.24494154633701
82,2,2,0,680,2800,NA,36,8.20303024171486
30,1,1,0,415,1585,30,21,7.62657020629066
60,2,1,1,300,1400,60,18,7.48380668766583
162,3,2,2,1250,8000,42,102,9.14793291184756
59,2,1,1,0,3000,0,39,8.01961279440027
230,3,3,3,2100,10500,792,134,9.51273862826364
110,3,2,1,950,4500,0,58,8.61413839747272
210,3,3,3,1900,2300,459,30,8.45318786144033
218,3,2,2,2000,7800,550,99,9.2544529465945
50,1,1,1,718,1600,NA,21,7.76344638872736
115,3,3,2,700,1920,209,26,7.95717732345947
100,2,2,0,900,2000,NA,26,8.00302866638473
230,3,4,4,2100,5000,NA,64,8.87696334026227
25,1,1,0,50,700,NA,10,6.63463335786169
280,3,4,2,2000,15000,684,226,9.79317032822526
390,3,4,4,2710,9000,2682,115,9.58266226149109
60,2,2,2,450,2872,238,37,8.18813341451048
150,3,2,2,1700,5000,484,64,8.88861880730088
60,2,1,1,560,1000,500,13,7.63723438878947
22,1,1,0,250,1080,NA,14,7.21450441415114
30,1,1,1,570,850,70,11,7.31455283232408
49,2,2,1,500,1550,NA,20,7.68294316987829
230,3,4,3,3500,4700,NA,60,9.11548009095222
200,3,4,2,2100,8000,600,104,9.28739400141847
167,4,4,3,2000,4600,NA,62,8.8963143241848
420,4,6,5,2000,15000,167,200,9.76255742810192
98,2,1,0,477,1800,92,27,7.78197323443438
80,3,1,1,554,1300,NA,18,7.57147364885127
30,1,1,0,280,500,NA,7,6.68210859744981
296,4,5,5,4300,12900,2105,164,9.87668145811562
70,2,1,0,800,1100,42,15,7.57967882309046
160,2,2,2,2400,7500,250,97,9.2351305407834
73,2,2,1,700,1250,150,16,7.65775527113487
15,1,1,0,50,700,0,10,6.63463335786169
174,3,1,1,0,3300,236,50,8.18507147753228
54,1,1,1,450,1200,42,18,7.44483327389219
50,1,1,1,1300,8800,250,112,9.25540933534376
240,3,3,3,2999,10500,NA,134,9.55044884660634
260,4,4,2,0,15000,NA,246,9.64542900515042
210,3,4,4,1990,6375,625,81,9.11294802596753
119,3,4,3,800,3680,30,47,8.42463920980563
150,3,1,3,0,3500,750,58,8.36846113761584
750,4,7,8,0,15000,1667,226,9.73453621468034
67,2,1,1,626,1800,40,23,7.82003798945875
50,1,1,0,640,1428,NA,6,7.67600993202889
36,1,1,0,487,2500,55,33,8.03138533062553
120,3,2,2,1500,1900,377,25,8.24354550792826
65,3,1,1,400,850,NA,13,7.16626597413364
240,4,4,2,590,8000,150,107,9.08794672376212
93,2,2,2,800,3500,200,45,8.42200300441249
35,1,1,0,120,1170,NA,18,7.24494154633701
51,2,1,1,450,2200,109,28,7.93307977188041
85,2,2,1,709,3300,NA,42,8.32989929299572
57,1,2,1,391,2961,111,38,8.1610895128458
50,1,1,0,300,550,0,3,6.74993119378857
75,2,1,0,0,1500,325,23,7.52240023138712
161,3,3,3,2700,10000,667,127,9.50977807543882
210,4,4,3,1964,3600,495,46,8.71702717329482
350,3,2,4,0,12500,1334,188,9.54831148472113
112,3,3,2,1000,3000,234,44,8.36147461641682
78,3,2,2,755,1900,37,25,7.90765159471109
54,2,2,1,954,2800,199,36,8.29154650988391
25,1,1,0,200,1020,0,4,7.11069612297883
62,2,2,0,600,2000,0,26,7.87359778968554
117,2,2,1,630,7130,150,91,8.98744678941718
120,4,2,2,0,3500,10,53,8.1786387885907
113,3,2,2,700,1450,NA,19,7.71824095195932
65,2,1,1,700,2306,NA,30,8.01862546504575
70,2,1,1,341,1100,NA,14,7.32383056620232
67,3,2,2,400,2000,50,30,7.8164169836918
651,7,7,8,0,8500,1595,128,9.23219970632908
180,3,1,5,0,6500,567,98,8.8771028978649
30,1,1,0,0,1000,21,13,6.94215670569947
100,3,3,3,1000,3500,NA,45,8.50976567558744
45,1,1,0,325,1450,55,19,7.52294091807237
400,4,4,4,0,8500,1250,128,9.19816657104447
100,3,1,0,0,2200,139,28,7.7698009960039
111,2,2,0,850,1612,NA,24,7.85825418218603
70,2,2,2,610,2100,NA,28,7.99934295271328
179,3,2,2,0,3700,67,66,8.25166392360559
140,3,2,2,1800,5700,579,74,9.0062638833792
260,3,4,2,0,7609,NA,115,9.05963375455148
268,4,2,4,975,3000,381,40,8.38867776918081
70,3,2,1,230,1300,59,18,7.38274644973891
50,1,1,1,1060,1500,NA,20,7.97384437594469
470,5,4,2,0,6000,NA,99,8.84043543926657
142,3,4,3,1900,4600,3509,33,9.21443198987944
80,1,2,2,0,6522,NA,83,8.79573360595074
100,3,3,3,0,2500,246,38,7.93200315236138
47,1,1,1,400,2200,0,33,7.87625888230323
180,3,4,4,0,3230,250,49,8.16905314992734
180,4,1,1,1,4480,375,80,8.50451313825886
72,1,1,1,670,4000,175,51,8.49637805170232
90,2,2,1,0,2200,NA,34,7.71199650704767
49,1,1,0,417,583,NA,8,6.93925394604151
282,4,2,4,0,5000,NA,89,8.60245303536706
114,4,4,2,1115,2530,NA,33,8.29404964010203
170,3,3,2,1800,7000,559,89,9.15366419478263
200,3,2,3,0,3600,251,55,8.27052509505507
130,4,4,3,1160,3000,459,39,8.4465561118168
300,3,4,4,0,7500,350,123,8.9839415279413
40,1,2,1,1935,4200,NA,54,8.78078746833893
45,1,1,0,150,750,0,10,6.81454289725996
245,3,5,4,2300,10000,NA,127,9.52156805800298
155,2,3,2,0,4000,377,61,8.39818440483404
300,3,3,4,0,3500,431,58,8.29154650988391
438,5,4,0,0,7735,417,117,9.02038978801774
30,1,1,0,380,2200,NA,29,7.88945914940452
125,2,2,1,0,2800,NA,43,8.08209327817838
76,1,2,0,300,700,NA,9,7.01211529430638
58,2,2,2,833,2030,NA,26,8.0323601479245
140,3,2,2,0,2600,45,40,7.89580837708318
49,2,1,1,415,1368,0,18,7.49665243816828
45,1,1,0,750,900,658,14,7.75061473277041
350,4,6,4,0,10000,896,151,9.31027620058878
35,1,1,0,320,1700,0,22,7.62217459481762
100,3,1,1,495,1700,17,22,7.71199650704767
86,2,2,2,1000,2950,120,44,8.32239411311117
58,1,1,1,676,3300,108,42,8.32530602975258
40,1,1,0,0,780,17,12,6.69703424766648
62,3,2,1,550,2100,50,31,7.91278922069068
95,3,2,2,657,2300,NA,31,8.04942705711069
52,1,1,1,730,2100,38,27,7.97108575350561
80,2,1,0,0,1280,59,20,7.2152399787301
300,4,4,4,0,6500,428,107,8.85879510585745
70,2,2,0,570,1390,212,18,7.69211333959547
130,3,3,1,1000,4900,167,72,8.72258002114119
39,1,1,1,573,1128,32,15,7.4667994750186
73,2,1,1,600,4500,40,60,8.55660619377307
68,2,1,1,520,2280,9,29,7.95120715647297
80,2,1,0,0,1200,NA,19,7.1066061377273
30,1,1,1,500,1560,61,20,7.66949525100769
450,4,5,1,0,3300,NA,51,8.23456499326713
270,3,4,2,3158,15000,NA,191,9.87565376160669
146,3,4,4,1510,6000,631,77,9.0142038261485
100,3,1,0,0,2000,NA,26,7.71244383427499
60,2,1,1,314,1000,NA,13,7.19142933003638
55,2,1,1,784,3500,135,45,8.4040244933106
140,4,2,1,1700,6000,NA,78,9.0068768914288
40,1,1,1,600,650,35,9,7.16626597413364
20,1,1,1,0,1100,0,15,7.01750614294126
30,1,1,0,0,500,0,9,6.23441072571837
68,2,2,2,2600,2300,0,30,8.50329708622413
35,1,1,1,350,966,25,13,7.2115567333138
190,4,4,3,1780,6900,0,88,9.07897805377936
700,4,10,0,0,15000,8750,226,10.0850171291299
45,1,1,0,0,1200,78,16,7.16626597413364
311,3,6,4,1800,12500,1084,159,9.65123697191561
110,2,1,0,0,1070,1160,20,7.71912984090673
330,3,3,2,2700,5100,650,65,9.04970202601337
75,3,1,1,770,1900,NA,25,7.93056585423396
50,1,1,0,300,1600,42,24,7.58426481838906
460,4,4,6,0,5280,667,80,8.70417055974639
52,2,1,0,401,730,NA,11,7.05961762829138
155,3,4,2,1400,13100,409,166,9.62119095236068
55,2,1,1,200,840,77,12,7.02997291170639
74,2,1,0,1154,1900,189,25,8.09223940672421
26,1,1,1,402,1396,NA,18,7.50494206839617
80,2,1,0,500,3000,0,39,8.17188200612782
450,4,5,5,0,12000,1875,181,9.55116028659082
150,2,2,1,0,1060,167,16,7.12608727329912
135,3,2,2,1836,4200,543,54,8.799963219507
140,4,3,4,500,3500,NA,47,8.36124088964235
76,3,1,1,480,1300,92,17,7.54433210805369
450,4,3,6,0,11900,1084,179,9.48501318983432
38,1,1,0,0,1300,0,18,7.18462915271731
56,2,2,1,500,2000,0,26,7.83478810738819
30,1,1,0,445,1512,NA,7,7.58324752430336
260,2,2,2,0,3800,NA,58,8.39525152061099
77,3,2,1,284,1260,20,19,7.36770857237437
290,4,3,1,2500,7000,NA,91,9.21542741102474
22,1,1,1,0,1500,0,20,7.32712329225929
47,2,1,0,578,1500,NA,20,7.64921631982063
80,2,2,1,1363,3700,96,47,8.5577591531629
244,4,3,4,2375,4774,1033,61,9.01724094201035
45,1,1,0,670,800,39,11,7.32712329225929
85,3,2,2,686,1700,160,23,7.85166117788927
98,3,2,2,1400,2000,383,26,8.24538446812075
100,2,1,1,0,1450,0,22,7.29505641646263
120,3,2,0,1300,3700,NA,48,8.59044365315583
190,3,2,1,2180,4500,150,58,8.8376812155932
500,4,4,4,3200,10200,1800,154,9.6389358974732
105,3,2,2,1544,7800,488,99,9.20351714662806
50,2,1,1,613,1000,20,13,7.40671073017764
126,4,3,2,1500,4500,417,58,8.77585831479753
74,2,3,1,1180,4500,105,58,8.67317077287059
130,3,3,2,2500,7000,500,91,9.21939921646453
140,2,1,1,2000,5500,300,70,8.97094039814245
160,3,2,2,100,2000,NA,36,7.70165236264223
250,3,4,3,3570,14000,NA,178,9.85224688834253
90,2,2,1,1090,900,144,12,7.67182679787878
35,1,1,0,420,1660,0,22,7.6511201757027
144,4,2,2,2000,3590,NA,47,8.70217786562968
170,3,1,1,600,2480,NA,32,8.07496035911586
65,2,1,1,750,1400,59,19,7.70930833338587
80,2,1,0,0,990,0,18,6.91671502035361
20,1,1,0,150,3142,67,40,8.13153071060425
79,2,2,2,800,5900,280,75,8.86163359768663
70,2,1,0,0,2448,159,32,7.87853419614036
30,1,1,0,423,2350,NA,30,7.9550742732627
250,3,5,3,3500,6800,0,87,9.24869532585265
50,1,1,0,300,930,25,14,7.14677217945264
116,3,2,2,1726,2300,568,30,8.43923164994653
216,4,3,4,1868,5000,657,64,8.93458687038968
290,3,5,4,3580,7000,NA,89,9.27528506061656
300,5,6,6,0,9500,2084,143,9.36999018950572
245,4,3,4,3450,6000,1667,77,9.32286516281803
150,4,2,3,1300,4900,480,66,8.81685324062743
130,3,4,2,1550,2318,411,30,8.36869318309779
112,1,2,3,0,2878,NA,44,8.00869818298853
78,2,2,1,586,1680,63,22,7.76302130901852
15,1,1,0,50,700,0,10,6.63463335786169
84,2,1,2,800,4000,240,51,8.5354259596773
23,1,1,0,569,2000,NA,26,7.87131120332341
174,3,1,0,0,5500,NA,91,8.65032450401942
104,1,3,2,2000,4200,NA,54,8.8180382503943
63,1,1,0,340,900,NA,14,7.16472037877186
51,2,1,1,468,1100,75,14,7.41336733569524
70,2,2,1,1500,3460,NA,45,8.58260632996447
150,4,4,2,1218,4000,NA,54,8.66112036022288
90,2,2,1,800,2156,90,9,8.02486215028641
80,2,2,1,4100,7500,584,97,9.41580863161038
60,1,1,1,2400,800,209,12,8.13798045445214
85,3,2,1,450,1500,85,20,7.62851762657506
70,2,1,0,450,3200,50,41,8.22737550683403
50,1,1,0,800,800,26,11,7.40123126441302
38,1,1,0,420,2080,24,27,7.84463264446468
147,3,3,3,0,2600,81,47,7.91169052070834
222,3,2,2,770,5083,NA,75,8.74496601111411
185,4,4,4,2500,7500,1042,96,9.31838727605932
284,3,5,6,550,5100,NA,77,8.72339402200014
45,2,1,1,240,1470,30,19,7.4730690880322
290,3,3,1,1600,5300,853,69,8.96482339168508
74,3,2,2,850,1250,NA,16,7.70391020961631
115,3,2,2,1018,2690,214,35,8.28349412616251
37,1,1,0,338,1600,67,24,7.61579107203583
650,7,6,3,0,13000,1250,214,9.57921064961479
30,1,1,0,0,1459,NA,10,7.29301767977278
87,1,1,2,870,7900,150,101,9.10742131796834
553,5,6,5,6000,3360,2827,43,9.41172899148736
250,3,4,4,3421,10700,NA,136,9.64736874454046
600,4,5,6,0,6000,3000,51,9.11074100675343
250,3,3,3,0,4500,150,68,8.45935219172639
30,1,1,1,399,1799,0,23,7.70616297019958
62,3,1,1,260,950,59,13,7.15695636461564
115,2,2,2,900,3000,NA,39,8.29779262638086
130,3,1,0,1050,6800,NA,28,8.99615656203344
35,1,1,0,306,2000,0,26,7.75491027202143
350,4,3,3,2050,10000,NA,134,9.46039845583128
100,3,2,0,0,3000,914,46,8.28425179762192
85,3,2,2,1225,2600,182,33,8.30424746507847
60,1,1,1,0,1500,100,23,7.39264752072162
197,3,3,2,1600,2500,325,32,8.40245551394581
177,4,5,4,1500,9200,959,117,9.37424334324612
96,2,1,0,700,5000,181,65,8.69064216970659
48,1,1,0,0,1150,34,18,7.09257371597468
678,5,6,4,0,15000,NA,226,9.81087872080347
126,2,2,1,1800,7500,420,97,9.191972714618
130,3,3,1,1390,4200,NA,54,8.68304655550289
113,2,1,1,670,1250,92,16,7.61529833982581
380,3,4,2,0,12000,NA,181,9.48349239264364
80,1,1,1,1800,2500,NA,32,8.414717399827
20,1,1,0,602,1800,130,23,7.84619881549743
32,1,1,1,350,1880,NA,24,7.72090525193678
420,4,6,4,3500,15000,2250,191,9.94946423877615
500,8,5,2,0,11000,1550,166,9.45100945015621
33,1,1,1,560,2900,NA,37,8.18367658262066
700,4,6,6,0,12500,NA,188,9.60649561075857
50,1,1,1,0,1100,0,17,7.01929665371504
70,2,2,0,330,1410,NA,21,7.50714107972761
332,3,2,8,0,7000,NA,115,8.90734159541251
83,2,3,2,3850,6000,1128,78,9.31118068690225
62,2,2,2,800,3000,NA,39,8.25686684897431
30,1,1,0,350,3300,0,42,8.21419441485256
240,4,6,4,2000,4410,0,56,8.77446760144659
27,1,1,0,0,835,NA,13,6.74405918631135
87,3,2,1,1200,1440,67,19,7.91095738284559
238,3,3,3,700,4180,167,62,8.53895468319775
68,2,1,0,925,2300,245,30,8.16080392095467
30,1,1,0,590,800,126,11,7.33171496972647
24,1,1,0,500,1200,25,16,7.46278915741245
80,3,2,1,402,1613,80,21,7.65775527113487
70,3,1,1,275,1100,63,15,7.28207365809346
250,4,3,2,0,10000,0,151,9.22532750178443
83,3,3,2,990,3500,NA,47,8.46674164792014
339,3,5,4,3000,14000,834,205,9.8004022244528
75,2,1,1,0,1300,NA,17,7.18387071506245
154,4,3,3,1630,4350,742,56,8.82158487743096
80,2,2,1,891,1800,125,24,7.95191138185419
156,3,1,0,500,1600,142,24,7.72621265050753
190,3,4,3,3800,5950,NA,76,9.30937089543914
200,3,2,2,0,2900,791,44,8.22577079934873
600,3,5,8,800,10000,NA,164,9.32107641357085
57,3,2,1,225,1100,78,15,7.25770767716004
110,3,2,2,550,2600,NA,20,8.1371033896393
240,3,4,5,3200,6400,1400,82,9.31298720893633
40,1,1,1,440,2800,100,36,8.12474302038557
160,3,2,2,1026,1650,NA,21,7.986504938554
120,3,2,2,2450,3940,875,50,8.89781900951076
51,1,1,1,670,820,90,11,7.37274636640433
55,1,1,1,250,2300,NA,34,7.87473912517181
820,4,4,5,0,7225,3750,109,9.31298720893633
168,3,4,2,1800,5500,65,70,8.91408834884133
68,1,2,1,500,2500,117,37,8.05674377497531
260,4,4,6,2480,5500,NA,70,9.12891337328045
93,2,2,1,1258,2490,NA,32,8.2409125416889
73,2,2,1,700,1250,150,16,7.65775527113487
182,3,3,5,0,4200,250,64,8.41516046585109
215,3,2,0,1400,4000,NA,52,8.61086566727887
280,3,3,4,0,9500,NA,143,9.27152954028861
68,2,1,1,660,870,109,12,7.40974195408092
76,1,2,1,1180,4200,30,54,8.60611940061064
156,3,4,3,1650,9000,NA,115,9.34408424202578
271,4,3,1,1500,3900,NA,57,8.69249013327323
297,4,6,2,2800,2800,433,36,8.71111388405354
73,2,1,1,525,1360,6,18,7.55485852104068
350,3,4,5,0,5500,NA,83,8.80627428478173
100,2,3,3,1200,7650,NA,97,9.12674134809987
100,3,2,0,800,2000,NA,26,8.03171037532204
180,3,4,4,1000,4500,127,68,8.64751945309181
350,7,4,2,0,4600,NA,70,8.50976567558744
40,1,1,0,180,1000,6,15,7.09174211509515
106,3,2,1,1434,5000,338,65,8.83025057019925
63,2,2,1,1000,11000,133,140,9.41499403397655
200,4,3,2,2100,9200,603,119,9.39441039930425
65,2,2,0,250,3600,103,47,8.29429960885724
25,1,1,0,356,1984,55,23,7.79110951061003
95,3,2,2,1760,1200,296,16,8.09346227450118
36,1,1,1,600,3400,80,44,8.32482129876878
273,4,4,2,2800,10200,NA,132,9.52959378326528
159,2,2,1,1236,4200,NA,54,8.65556286068101
110,2,2,1,2500,5000,NA,65,9.10308918122921
130,4,4,3,1600,10840,292,159,9.4642846724431
20,1,1,0,0,990,NA,13,6.91174730025167
330,4,5,4,0,4000,274,61,8.37470754311948
30,1,1,0,550,1216,25,16,7.49997654095212
190,4,3,2,1733,5000,NA,64,8.90490157793514
195,2,3,1,1500,6000,334,77,8.97613587330255
43,2,7,2,257,2270,0,29,7.84658997529119
49,2,1,1,273,950,0,13,7.12044437239249
68,3,1,1,560,1410,115,18,7.6515955738576
63,2,2,2,500,2150,NA,32,7.92044650514261
298,4,4,3,3356,9000,NA,115,9.52230033688749
52,1,2,1,795,3850,297,49,8.51559191004926
350,3,2,4,0,10200,992,154,9.33706112475534
170,4,2,1,2437,5200,NA,66,9.02087334702136
120,3,2,2,1784,5300,NA,69,8.92319149068606
30,1,1,0,800,1250,NA,17,7.63433723562832
67,2,1,0,388,1140,71,16,7.38770923908104
210,3,4,0,0,4200,NA,64,8.39840965542627
40,1,1,1,250,1050,8,16,7.18916773842032
117,3,2,1,706,3400,217,50,8.38343320123671
67,2,1,1,570,1420,NA,18,7.60738142563979
70,3,2,2,554,1900,NA,26,7.9043348420851
60,2,1,2,0,1400,0,25,7.26262860097424
856,5,7,6,7500,10000,5000,127,10.0270759267807
34,1,1,0,625,1700,65,22,7.78862606562503
717,5,5,8,4300,2500,5032,32,9.38101098602928
96,2,1,0,200,1000,NA,15,7.13568734702814
20,1,1,0,602,1800,130,23,7.84619881549743
70,1,2,0,0,1500,59,27,7.36960072052641
65,1,1,0,672,2400,116,31,8.07713663853845
58,2,2,1,317,1783,0,23,7.66105638236183
140,3,3,3,1640,4200,775,54,8.80537513890967
195,3,4,3,0,8500,59,128,9.06969804217372
83,2,1,1,1108,1800,NA,24,8.01862546504575
40,1,1,1,180,1250,NA,19,7.28344822875663
70,1,1,0,0,900,0,14,6.81892406527552
94,3,3,2,2076,5000,357,65,8.92252495730139
34,1,1,1,620,2800,0,36,8.14815643992162
30,1,1,0,336,503,NA,7,6.75343791859778
73,2,2,1,700,1250,150,16,7.65775527113487
270,3,3,3,2500,7220,NA,92,9.24676872858973
40,1,1,1,900,3000,NA,39,8.3243363327069
25,1,1,0,0,836,0,13,6.74523634948436
112,3,2,1,810,3850,98,49,8.47803647621504
105,3,2,2,1002,2583,35,33,8.20357773693795
130,3,2,2,0,3300,108,50,8.14873480893717
118,4,2,1,600,2300,111,31,8.02059914989697
85,3,2,1,650,1300,75,17,7.62217459481762
380,4,4,3,0,7500,NA,113,8.93774393694244
55,2,1,1,250,1200,83,16,7.34601020991329
109,3,2,1,1450,5300,0,68,8.82746811252065
758,5,4,5,7630,15000,NA,200,10.1496051674102
300,4,3,3,0,6290,519,104,8.84130362048157
72,2,3,0,826,2400,NA,32,8.15450017515194
148,4,3,2,1886,5500,NA,74,8.96954188542325
75,2,1,0,450,1000,34,15,7.3132203870903
68,2,2,1,655,1100,42,15,7.50273821075485
64,2,2,2,800,2100,NA,27,8.00202481821611
206,4,3,2,1530,6500,565,87,9.06912237006064
320,3,4,3,3400,6800,1,87,9.23902500583609
116,3,3,2,557,2500,NA,33,8.10802122137675
560,7,7,8,0,9000,NA,136,9.21542741102474
320,4,3,4,3000,5200,292,66,9.05473863988161
55,1,1,1,2750,2400,635,31,8.66853994391076
85,2,2,0,850,4900,0,63,8.66802408111882
100,2,2,1,1000,2690,8,35,8.22523532410167
400,5,5,5,0,6400,NA,97,9.10475760940112
220,3,2,2,0,2600,53,47,7.90137735379262
80,2,2,0,810,2000,289,26,8.04750951098142
66,1,1,2,577,1600,41,21,7.71423114484908
80,2,2,1,500,2000,0,30,7.83636976054512
260,5,4,4,3400,11000,1400,140,9.67664968563365
450,4,5,6,0,9000,NA,136,9.23902500583609
88,2,2,1,550,2100,800,31,8.15536212032814
157,3,5,3,2300,7000,442,89,9.19339765124587
129,3,5,0,1200,6000,561,77,8.96686655418872
23,1,1,1,472,2300,59,30,7.9592759601164
692,5,6,5,4500,15000,1667,226,9.97072555180181
310,3,4,3,2400,4500,900,58,8.96941465086618
215,3,4,2,1900,3600,300,53,8.67488046725183
250,3,4,2,0,4200,192,64,8.40223117294656
140,3,2,2,1475,2000,NA,26,8.20876404581967
100,1,1,0,0,950,NA,15,6.87316383421252
47,2,1,1,253,1200,NA,16,7.30653139893951
48,2,1,1,250,1200,NA,16,7.3178761986265
71,2,3,2,500,3700,50,47,8.36590507720246
70,2,1,2,0,1400,NA,22,7.3185395485679
67,2,1,1,722,2600,NA,33,8.1758290087146
120,3,2,1,0,1850,NA,28,7.58222919427646
465,5,5,2,0,8960,NA,135,9.2687036152731
120,3,2,0,981,5000,168,65,8.73472100394481
92,2,1,0,935,1790,0,23,7.91899248816525
78,3,2,2,720,3500,NA,52,8.39886000445437
60,2,1,1,200,1100,84,14,7.24351297466548
100,3,1,1,700,1400,0,18,7.6586995582683
87,2,3,2,541,5700,NA,73,8.78431534990266
160,2,2,4,0,2975,117,45,8.05134093329298
100,2,3,2,1110,4000,375,51,8.61920811682297
52,2,1,1,403,1300,10,17,7.45645455517621
109,4,2,2,1156,6500,319,83,8.99454475832451
26,1,1,0,305,1280,0,17,7.37963215260955
270,4,5,2,4300,5500,1115,70,9.3048320350689
208,3,4,3,0,6000,NA,99,8.76997321185875
20,1,1,1,0,1000,0,14,6.92264389147589
50,2,1,1,505,1100,11,14,7.39694860262101
138,2,1,0,810,1000,NA,13,7.6004023345004
58,2,2,2,347,3500,NA,45,8.26693534761046
198,3,4,3,2699,8000,NA,102,9.36913738372318
115,4,4,3,2600,4000,417,51,8.86347430617095
128,3,3,2,2300,13000,NA,168,9.69221081128675
66,1,1,0,532,3000,NA,39,8.20166019080868
234,3,5,3,2750,14000,1334,178,9.81252291716204
380,4,4,6,0,6000,417,91,8.78094111357239
113,2,1,1,1000,3000,50,39,8.31630024903685
160,3,3,2,0,2500,NA,38,7.91242312147371
80,2,1,0,450,1100,0,15,7.35627987655075
33,2,1,0,0,980,0,15,6.9037472575846
50,2,1,1,100,1500,0,22,7.39203156751459
65,1,1,0,350,2200,30,29,7.86710550031674
40,1,1,0,0,850,NA,13,6.8001700683022
261,3,4,4,2700,15000,834,191,9.83793518429589
50,2,1,1,158,1140,0,16,7.18159194461187
281,4,4,2,1300,3500,410,52,8.56845648535378
119,2,1,1,0,1700,NA,26,7.50163445788341
52,2,1,1,370,1000,111,14,7.31055015853442
40,1,1,0,282,850,43,13,7.08086789669078
47,1,1,0,300,800,NA,12,7.0335064842877
35,1,1,0,330,1000,NA,15,7.21964204013074
40,1,1,0,0,700,59,11,6.64768837356333
55,2,1,1,170,750,0,10,6.83625927727707
72,2,1,1,870,1200,NA,16,7.71289096149013
30,1,1,0,360,600,17,9,6.89467003943348
57,1,1,1,2900,11500,NA,149,9.64930472862475
70,1,1,1,0,1100,0,17,7.01929665371504
63,2,2,1,784,4500,136,58,8.60867788153842
220,3,4,3,3300,8000,1000,102,9.42553239350277
126,4,3,4,0,3300,NA,50,8.1656479252975
147,2,3,2,400,7900,NA,116,9.04687982282315
70,3,2,1,500,1940,77,25,7.84109976542212
99,2,1,1,800,1800,NA,23,7.87245515006398
90,3,1,0,250,1500,140,20,7.55538194424027
100,2,1,0,360,1700,2,22,7.6425241342329
48,1,1,0,410,1300,25,17,7.46908388492123
247,4,5,4,2795,12500,NA,167,9.73631073306863
443,5,5,4,4172,7000,1417,89,9.4478600892349
200,2,3,2,2500,5200,250,68,8.98956900480703
360,4,3,4,0,6500,181,107,8.82305893430165
20,1,1,0,602,1800,130,23,7.84619881549743
90,3,2,0,1200,2570,242,34,8.30573114487587
297,4,4,6,0,3000,NA,46,8.14293601043227
180,3,3,2,700,2700,175,40,8.19312372151207
54,1,2,1,1150,6000,0,77,8.88571765171212
90,2,2,1,400,2500,NA,37,8.01234963932779
105,3,3,2,1150,2300,208,30,8.21311069759668
67,2,1,1,600,2500,NA,37,8.08147504013705
45,1,1,0,0,770,34,10,6.70318811324086
33,1,1,1,170,1600,9,22,7.49665243816828
45,1,1,0,160,620,NA,8,6.68959926917897
127,3,3,0,1295,1125,209,17,7.8811822022271
120,3,3,2,1100,8950,0,114,9.22631214148588
75,2,1,1,600,1880,16,24,7.83241092718792
220,3,2,3,0,7800,215,118,9.00380808646717
50,1,1,1,750,5000,0,64,8.66819606495276
115,3,2,1,900,2500,250,37,8.21283958467648
75,2,2,1,706,2400,75,31,8.07496035911586
65,2,2,0,0,1305,NA,20,7.18992217074581
39,1,1,0,800,2300,98,30,8.07992777075827
200,2,3,2,0,4000,196,61,8.35655484545343
72,2,1,0,600,2560,0,33,8.06902932877496
108,2,2,1,1300,4500,350,58,8.73375513136489
32,1,1,1,700,4500,NA,58,8.59174392268053
106,3,2,1,980,3200,260,41,8.40782465436087
70,3,1,1,240,1100,NA,15,7.28344822875663
120,3,2,1,2000,4500,325,58,8.83695515733143
55,1,1,0,490,500,37,7,6.94215670569947
100,3,1,0,900,1617,0,7,7.83399634170946
162,2,2,1,1420,5000,0,64,8.77724709675054
75,2,1,1,710,1700,18,22,7.80425138352811
44,1,1,0,260,670,NA,9,6.85856503479136
130,2,2,2,2200,7500,780,96,9.26681521890416
147,4,3,1,0,3500,NA,53,8.19312372151207
70,2,1,0,360,1150,15,17,7.34148385236316
64,2,2,2,410,2300,50,34,7.9355873855892
180,4,3,1,1683,4000,NA,52,8.7352035906187
42,2,1,0,360,1200,100,18,7.42595365707754
117,3,3,1,1500,4620,300,59,8.77647578934632
180,3,4,2,1210,15000,369,194,9.72740648333163
65,3,2,1,587,3250,113,42,8.29229810706322
29,1,1,0,250,1720,99,22,7.64587582518481
600,4,6,3,200,12000,817,181,9.48804786328076
145,3,3,1,1380,11000,375,140,9.46506010672514
310,4,4,4,4700,14000,1751,178,9.93455007798795
260,4,4,3,1665,5250,440,70,8.91274263473703
320,3,3,2,2200,8330,584,106,9.32554230166487
70,3,1,1,180,980,0,14,7.06902342657826
35,1,1,0,320,800,NA,11,7.03174125876313
320,3,4,4,0,4950,234,88,8.57035473953047
82,2,2,2,280,2800,NA,41,8.07527154629746
62,2,2,1,800,2580,84,33,8.15994665557855
60,3,1,0,265,1550,31,23,7.53369370984863
78,3,2,0,350,1700,61,25,7.66715825531915
385,4,5,6,4200,7000,NA,89,9.52522410185311
214,3,3,2,2500,3500,500,52,8.7876782390395
233,4,5,4,3240,11000,NA,140,9.57990192573799
60,2,1,1,700,1500,50,20,7.72797554210556
22,1,1,0,420,1300,75,18,7.50328963067508
100,2,3,0,0,1700,130,22,7.52456122628536
90,2,1,1,1000,3000,50,39,8.31630024903685
60,2,2,0,560,2500,83,33,8.06369263426952
22,1,1,0,385,2100,NA,27,7.84502441724148
80,2,1,0,0,1610,0,24,7.39939808333135
110,3,4,3,1364,2200,403,28,8.29304913976844
120,2,2,1,858,800,18,11,7.4312996751559
193,3,3,1,0,13500,NA,222,9.54402300698865
55,2,1,1,400,1460,0,19,7.539027055824
165,3,3,1,2000,7000,420,91,9.16030943837062
46,1,1,2,690,2400,NA,36,8.07868822922987
55,2,1,0,450,2200,0,29,7.8935720735049
150,2,2,1,0,2954,1,45,8.00670084544037
57,1,1,0,300,6000,NA,77,8.76327171401294
160,3,2,1,2000,6700,367,87,9.12205545710861
200,4,4,2,3700,7000,NA,89,9.36228862824824
60,1,2,1,630,1338,72,17,7.62948991639399
180,3,2,1,2900,4500,NA,58,8.98205864280585
62,1,1,0,550,2100,0,27,7.89282552625112
90,3,2,1,1000,3400,275,44,8.4595640785796
35,1,1,0,585,2300,92,30,8.00903068506973
95,2,1,1,1226,3200,92,41,8.42507790250843
320,5,5,4,5800,5500,1500,70,9.46273199764938
127,3,2,2,836,1700,124,22,7.89469085042562
210,3,2,2,2600,5000,NA,64,8.99739464563842
160,4,3,2,1260,5600,334,71,8.89096121278115
273,3,2,5,0,3355,215,51,8.19478163844336
211,4,5,4,1543,3800,NA,49,8.71719093322313
145,2,3,2,2000,10000,584,127,9.45022303929467
92,2,2,1,450,1900,67,28,7.80220931624712
70,2,3,1,1196,2004,NA,26,8.07930819205196
254,3,4,2,0,3000,251,46,8.10107150311954
350,4,4,2,3000,6000,1316,77,9.24869532585265
55,1,1,0,400,1177,NA,15,7.37337430991005
80,3,2,2,1045,2400,227,31,8.21716859576607
280,3,3,4,2498,4500,1116,58,9.00859131751613
100,3,1,0,0,1970,0,25,7.59890045687141
98,3,2,1,1379,6000,NA,78,8.94858592153432
85,2,3,1,709,3300,NA,42,8.32989929299572
78,2,2,2,450,3500,NA,45,8.33110454805304
58,2,1,1,770,1800,75,23,7.88945914940452
50,1,1,1,2208,2300,NA,30,8.50895938648913
30,1,1,0,400,1600,0,21,7.61184239958042
75,2,1,1,2065,6000,600,77,9.07600865918089
350,4,6,6,1200,7330,55,111,9.07073341758977
136,3,4,3,1490,2800,NA,36,8.48198043566049
290,3,3,3,0,8000,542,121,9.06693178868083
99,2,2,2,590,4000,122,51,8.46884293047519
750,5,3,6,0,7980,46,142,9.00810178134187
110,2,2,1,0,3500,125,53,8.21039625510477
340,2,3,2,1500,4000,317,59,8.67880170661265
178,2,1,1,2900,3440,0,44,8.76170676846664
28,1,1,1,550,1250,0,17,7.50549227473742
38,1,1,0,0,1300,0,18,7.18462915271731
254,3,4,2,0,6150,200,110,8.77353938355817
51,2,1,1,200,1050,NA,16,7.20191631753163
134,3,3,2,900,3500,390,45,8.48384321173468
38,1,1,1,450,2170,59,28,7.90396563403217
400,4,5,3,0,15000,0,191,9.62845842620766
136,3,2,2,2470,8000,558,104,9.31748928749323
250,4,5,2,2000,12000,NA,153,9.55824698622306
94,2,2,2,890,4000,NA,51,8.53836742664764
62,2,2,1,585,1750,NA,23,7.78197323443438
80,2,2,1,0,2540,65,39,7.8804263442924
89,3,1,1,820,2050,150,26,8.02191277898571
51,2,1,0,271,980,21,13,7.15929190479756
40,1,1,1,420,3899,NA,50,8.42901750051251
47,1,1,1,400,2200,0,33,7.87625888230323
210,3,5,3,1900,3800,NA,49,8.6569551337914
230,4,4,4,2300,13500,1084,172,9.74455043597491
70,2,2,1,495,2450,59,32,8.01862546504575
117,3,1,1,258,1550,100,23,7.56631101477246
54,2,2,0,400,1100,0,15,7.32383056620232
105,2,1,0,0,1800,NA,28,7.57763383260273
47,2,2,0,990,4210,158,55,8.59674347017425
120,3,1,0,200,2100,167,27,7.82204400818562
284,4,6,2,3300,11420,567,148,9.64478158832086
58,2,1,1,636,2493,80,9,8.07682603129881
95,2,1,1,300,2800,69,41,8.07433769408951
65,2,1,0,0,1000,47,16,6.96979066990159
188,3,4,2,650,3800,NA,68,8.41604600941128
21,1,1,0,160,850,60,12,6.98749024700099
65,2,2,1,700,3200,0,41,8.27944348771267
50,2,1,0,620,1660,42,22,7.76004068088038
150,4,3,3,0,7500,109,113,8.95195816856926
90,3,3,1,320,2500,91,37,7.98922140881528
400,3,3,6,1200,7200,218,119,9.07543660951138
64,2,2,2,460,1964,134,8,7.85049318087114
80,2,1,1,315,2156,0,28,7.82404601085629
300,3,5,4,6593,6000,1974,77,9.59158109119348
240,3,3,2,0,3840,NA,58,8.30671904320269
50,2,1,1,465,1357,NA,6,7.51152464839087
820,4,4,6,2500,13000,2500,196,9.80923181661041
58,1,1,1,350,2300,NA,34,7.94590959861313
230,3,2,2,1773,1965,441,25,8.34402957240705
43,1,1,1,888,2450,107,36,8.15536212032814
280,6,6,3,0,5000,1118,76,8.73149779406324
54,2,1,1,650,1350,0,18,7.61035761831284
200,6,2,1,0,3400,134,56,8.18618599422608
360,3,5,6,7552,3000,4830,39,9.64348549585766
650,5,8,7,0,15000,2667,226,9.79205307208982
38,1,1,0,300,850,34,13,7.08840877867539
373,4,5,5,2601,15000,188,200,9.79762691183662
47,1,1,1,400,2200,0,33,7.87625888230323
133,3,2,2,0,4300,255,65,8.43836641087027
150,4,2,2,1357,3700,211,50,8.57904059474232
80,3,2,1,430,1200,74,16,7.45066079621154
129,4,2,3,1100,5500,520,70,8.88058552310249
275,3,5,6,0,13000,NA,196,9.52522410185311
44,1,1,0,632,1700,NA,22,7.80016307039296
60,1,2,1,750,1900,NA,26,7.95155933115525
170,3,4,4,1978,8000,NA,107,9.29109052166129
40,1,1,2,915,1559,169,20,7.88758403166028
200,4,4,4,2500,4100,963,55,8.93840040647301
170,4,4,3,2500,2499,870,32,8.68304655550289
200,5,3,2,1480,9000,259,115,9.29201252062021
31,1,1,0,371,1900,0,25,7.7393592026891
135,3,2,1,1300,2165,NA,32,8.21797820315073
400,3,3,1,3000,11000,142,140,9.56668526145293
70,2,1,0,320,1200,NA,18,7.38025578842646
64,1,1,0,500,1750,NA,23,7.72929567431048
73,2,1,1,625,1200,119,16,7.58120982619635
240,3,4,3,3211,5100,1102,65,9.15683410445304
115,2,1,1,0,1750,134,27,7.55590509361135
400,3,4,3,0,10000,NA,151,9.33617975681533
147,4,2,0,1150,2800,NA,36,8.35349709874545
58,2,1,1,500,750,80,10,7.20117088328168
92,3,2,2,700,2000,NA,26,7.96276393016811
330,3,6,4,0,8500,856,128,9.15746688236911
60,2,1,0,389,850,320,13,7.36073990305828
240,4,5,4,3000,6000,834,77,9.20150142330898
38,1,1,0,335,800,43,12,7.0825485693553
141,3,2,2,2200,6900,450,88,9.17357264778397
43,1,1,1,1050,2790,NA,41,8.29454951514368
62,2,1,0,282,940,38,14,7.15070145759253
50,2,1,1,250,1500,35,20,7.49886973397693
75,2,1,1,350,1200,34,18,7.37963215260955
180,3,2,1,0,5400,459,82,8.68980105602255
33,1,1,0,290,600,10,8,6.81234509417748
580,6,6,8,0,10000,NA,151,9.46892828422359
136,3,3,2,1680,3200,525,41,8.60282027738367
238,4,4,3,2765,5000,1220,64,9.11052003669397
109,3,2,2,1200,4500,NA,58,8.72842609170461
90,2,1,0,0,2400,170,37,7.86633892304654
171,2,2,1,1000,2200,NA,33,8.14148104145742
40,1,1,0,580,1105,0,14,7.43838353004431
119,3,2,2,1650,1200,212,16,8.0323601479245
330,5,7,5,1030,4800,973,64,8.83462822201737
60,1,1,1,1072,4600,115,59,8.67368398817567
118,3,2,1,1800,6000,NA,77,8.97461803845511
134,2,2,1,1493,3400,239,44,8.5519810169019
280,3,4,1,1,3700,100,56,8.25790419346567
120,3,2,1,0,1800,109,28,7.56941179245071
288,4,6,4,3634,4200,NA,54,9.10985683339786
180,3,3,2,1300,4000,NA,51,8.65886634973238
43,1,1,1,500,3000,11,39,8.17498453294309
57,1,1,0,300,6000,17,77,8.76327171401294
200,3,3,0,0,4500,NA,68,8.4424696452203
96,3,3,0,470,3572,30,46,8.32336569443608
320,4,5,4,300,6500,417,98,8.89781900951076
110,3,2,2,380,2150,192,29,7.92008319905323
35,1,1,1,444,3290,NA,42,8.26898820950666
270,4,5,6,0,11000,400,166,9.35625724687634
85,2,1,1,539,1200,74,16,7.51207124583547
60,2,2,1,600,3000,209,39,8.25556865328375
550,4,5,5,0,5000,NA,76,8.69148257651293
45,1,1,0,413,3800,81,49,8.37655086161377
130,3,2,2,0,5100,NA,77,8.58690580382754
50,1,1,0,250,800,NA,11,6.96790920180188
55,2,1,1,800,1800,42,23,7.88833450073865
47,1,1,1,400,2200,0,33,7.87625888230323
192,4,3,3,412,2400,196,32,8.01994168767737
70,2,2,2,700,1800,NA,23,7.85670679309584
78,2,1,0,280,1480,32,22,7.50384074669895
45,1,1,1,320,900,84,14,7.18462915271731
250,2,2,1,15,900,67,15,6.90575327631146
90,3,1,0,500,2240,42,29,7.94165125293056
186,3,4,2,3000,13000,NA,168,9.71962480872334
33,1,1,0,500,3999,0,51,8.42310226801664
250,5,4,5,0,4300,84,77,8.40335237499248
30,1,1,0,307,1750,79,23,7.67786350067821
106,3,1,0,380,2000,80,26,7.8188324438034
72,2,2,1,466,3000,93,39,8.18841130807903
90,2,1,1,1000,3000,50,39,8.31630024903685
102,3,2,1,950,3315,75,42,8.38548870041881
126,3,3,2,2500,2500,317,32,8.58485183989005
220,3,2,1,0,5000,500,76,8.62640627638955
42,1,1,1,500,2300,50,34,7.9672801789422
69,2,1,1,600,1600,NA,21,7.70616297019958
50,2,1,1,380,1490,0,19,7.54433210805369
120,4,3,2,2010,2210,334,28,8.43010908450912
160,3,3,3,1850,3500,63,45,8.60502090178176
31,1,1,0,550,2900,0,37,8.15708378502887
70,3,1,1,523,1100,0,14,7.40123126441302
37,1,1,1,490,4000,90,51,8.44074401925283
63,1,1,1,1283,7400,286,94,9.11206580270784
57,2,1,0,430,1500,54,20,7.60339933974067
400,3,2,3,0,5500,1084,83,8.80507524387068
370,4,5,6,4300,14000,NA,178,9.92235837328638
255,4,3,0,2650,4500,692,58,8.97474461272273
110,2,2,1,1216,2700,1144,35,8.536211197252
82,2,2,1,1900,2400,334,31,8.44805745258138
25,1,1,1,1850,2805,NA,37,8.53895468319775
65,2,2,1,730,1750,83,23,7.85825418218603
45,1,1,0,300,800,108,11,7.1066061377273
95,2,2,2,1450,6300,NA,82,8.99961934066053
55,1,2,1,650,1200,55,16,7.56112158953024
96,3,2,2,600,2300,294,31,8.07899825868515
72,2,1,2,600,3200,35,41,8.26281693767093
44,2,1,0,145,895,0,12,6.95939851213398
2000,3,3,2,3000,5000,200,67,9.02014792080166
49,2,1,1,350,1500,0,20,7.53422832627409
119,3,2,1,1011,3500,NA,45,8.47720418319987
52,1,1,1,470,2000,89,26,7.8578675593318
80,2,1,1,740,1300,0,17,7.62948991639399
200,3,3,3,2338,5000,835,64,9.01651287499603
181,3,4,3,2500,8000,903,102,9.35105837891506
220,4,3,2,1263,2700,269,36,8.35913488675796
125,3,3,1,1070,2400,184,36,8.21365270303
55,1,1,0,550,915,57,12,7.3362856600213
28,1,1,0,99,1200,10,18,7.19142933003638
48,2,1,1,380,1100,27,17,7.32974968904151
222,4,3,4,2600,6500,1000,83,9.2282785171072
138,3,3,2,0,2700,141,41,7.9665866976384
72,2,1,1,519,1701,NA,22,7.78239033558746
171,4,4,4,2310,10000,NA,127,9.43516251366895
55,1,2,1,695,2750,50,36,8.16961956172385
120,2,3,1,1264,2600,225,34,8.32457884513685
102,3,3,2,1100,3990,150,51,8.57395152523485
118,3,3,2,1200,3500,534,45,8.57168137670031
55,2,1,0,200,1260,0,16,7.29776828253138
197,4,3,2,2000,3200,325,47,8.62568878756954
49,1,1,0,0,1350,0,21,7.22402480828583
45,1,1,0,750,3300,NA,43,8.37632063253482
104,2,2,2,1100,4200,NA,54,8.62425226370964
73,3,2,2,570,2400,125,31,8.04782935745784
55,1,1,0,320,1150,NA,17,7.32514895795557
202,4,4,3,2200,6000,1000,77,9.13540128531169
54,2,1,1,660,1650,50,21,7.77569574991525
75,2,1,0,0,1200,NA,16,7.15773548424991
89,3,2,0,1100,2750,138,36,8.30028018985266
46,1,1,0,350,1800,0,23,7.68432406768116
386,4,6,4,6700,4250,NA,64,9.3657188691557
240,3,3,1,0,4000,NA,72,8.4040244933106
61,3,2,1,550,3000,117,39,8.21797820315073
80,2,2,1,700,2200,NA,28,7.98241634682773
45,2,1,1,180,1300,39,18,7.33823815006559
18,1,1,0,0,1720,0,22,7.46336304552002
30,1,1,1,350,2580,83,33,8.02191277898571
300,4,4,6,550,3800,33,49,8.39683183474505
69,1,1,1,857,1200,100,16,7.68432406768116
157,3,2,2,1290,2200,NA,28,8.22335889947926
30,1,1,0,314,700,0,10,6.93244789157251
32,1,1,0,300,1000,100,14,7.25488481007734
83,3,2,2,468,1600,130,22,7.70571282389443
55,2,2,2,780,2001,142,26,7.98956044933387
70,1,1,1,1000,2500,NA,32,8.21148291644507
20,1,1,0,150,3142,67,40,8.13153071060425
298,4,2,3,0,3044,NA,50,8.0959035329611
90,3,2,1,280,1300,100,18,7.43779512167193
147,2,2,1,1400,4000,314,51,8.65973387819835
48,1,1,1,0,2000,0,26,7.614312146452
32,1,1,1,1500,3400,150,44,8.53601494565683
195,4,2,3,1475,2500,307,32,8.36985260351753
350,4,3,4,500,6000,500,91,8.8667226671941
74,2,1,0,1,2500,NA,32,7.83794891602528
130,3,2,2,1324,3250,571,42,8.55410354543633
60,2,3,0,938,1940,NA,25,7.97384437594469
55,2,1,1,655,1300,119,18,7.646353722446
89,3,2,2,1050,1540,115,20,7.91059061225648
70,2,2,2,700,3300,115,49,8.33447155460094
141,4,2,1,0,3000,117,50,8.06085575293432
260,4,2,2,0,2500,251,41,7.93487156594518
168,4,2,2,0,3100,130,47,8.09498875930377
24,1,1,1,0,550,NA,10,6.3297209055227
240,4,4,5,2400,4500,NA,58,8.95014375645926
178,3,4,4,2650,10000,125,127,9.46506010672514
58,2,1,1,500,2380,NA,31,8.01697774676226
800,4,7,8,10000,8500,209,128,9.843790625278
180,3,2,2,2750,7000,730,89,9.26586968176866
101,3,4,2,1037,6140,NA,78,8.93787526532926
50,1,1,0,150,830,0,11,6.89972310728487
55,2,1,1,190,600,67,8,6.76388490856244
120,2,3,2,0,5400,NA,82,8.60940767540405
42,2,1,1,400,600,15,8,6.93147180559945
40,1,1,1,0,860,0,12,6.7719355558396
78,2,2,2,1400,5800,NA,74,8.93708703617652
144,3,2,1,1450,2740,NA,41,8.41205487329293
70,3,1,1,680,1200,71,16,7.5847730776122
440,4,4,4,0,4000,417,61,8.4071550862073
44,1,1,1,600,1250,65,19,7.56786260546388
596,4,5,2,0,15000,NA,226,9.78981480804755
230,3,4,3,2300,10000,417,178,9.46506010672514
100,2,1,0,750,1200,1680,16,8.20166019080868
300,3,3,8,0,5500,NA,83,8.67760991282214
47,2,1,0,390,1900,NA,8,7.74022952476318
105,3,2,2,1200,1620,165,21,8.00869818298853
65,2,2,1,610,1300,3,17,7.56579328242851
65,3,2,1,512,1860,135,24,7.83676478326407
60,2,2,2,1050,2100,344,27,8.16678428905615
314,3,4,3,0,4000,NA,61,8.39185670010494
70,2,1,0,0,1800,NA,23,7.55799495853081
80,3,2,1,1150,1450,0,19,7.87092959675514
350,3,5,5,0,5500,675,83,8.7417757069247
52,1,1,0,130,900,NA,14,6.95177216439891
380,4,5,6,3150,4900,1737,63,9.19532825185568
70,1,1,0,634,2400,263,31,8.11042723757502
45,2,1,1,430,2364,77,30,7.97315543344413
44,1,1,1,1785,2930,205,38,8.50895938648913
142,4,4,3,1661,2870,NA,37,8.54247099860051
96,3,1,1,575,2200,NA,30,7.99294454731811
88,2,3,2,1200,2803,496,36,8.41980084540759
169,3,4,3,1800,8900,NA,113,9.34145634983372
40,1,1,0,350,900,0,12,7.14124512235049
45,1,1,0,0,950,0,15,6.87316383421252
320,3,2,0,2300,6000,NA,78,9.06773940337716
82,1,2,1,1000,11000,NA,140,9.40681135187456
180,3,4,3,2200,8900,782,113,9.39274525863144
340,4,4,4,3100,8500,NA,108,9.4812068514994
100,3,3,1,800,2300,NA,31,8.11312710422178
160,3,3,3,2400,10000,584,127,9.4812068514994
160,4,4,3,2184,6500,858,83,9.17222304986306
100,3,2,2,885,1200,80,16,7.68799716639302
33,1,1,1,552,4150,95,53,8.48694014824522
35,1,2,1,335,1870,NA,7,7.70210434005105
52,2,2,1,350,1900,NA,28,7.74975340627444
180,3,2,2,2066,5500,518,70,9.00638651505511
180,3,2,1,0,3000,163,46,8.07402621612406
300,4,4,4,3000,10000,1167,127,9.5673852474818
79,2,1,0,0,2050,218,26,7.73848812249465
66,2,1,0,450,1300,42,19,7.50218648660292
26,1,1,0,0,2060,0,27,7.64396194900253
367,4,5,6,4384,8000,NA,102,9.58884529850156
60,2,1,1,486,900,74,12,7.29505641646263
80,2,3,1,80,1800,0,28,7.55433482372575
50,2,1,0,0,1170,70,18,7.13807303404435
100,3,1,0,1290,1250,138,17,7.8995244720322
250,3,4,3,2800,6000,834,77,9.18111751329928
40,1,1,1,1300,1200,68,18,7.85825418218603
68,2,2,1,600,2400,NA,31,8.05737748855799
35,1,1,1,1700,2000,275,26,8.29454951514368
46,2,1,1,236,750,NA,11,6.92165818415113
21,1,1,0,0,3200,42,41,8.09681747057232
45,1,1,0,1690,3900,NA,51,8.63799389156194
107,3,2,2,585,2400,NA,32,8.07153089355666
220,3,3,5,0,7500,NA,113,8.93774393694244
380,5,7,4,0,8000,775,121,9.09346942024477
150,3,3,2,2300,4000,417,51,8.82010864450861
15,1,1,0,0,1000,0,13,6.92165818415113
35,1,1,0,250,1305,NA,17,7.36073990305828
120,3,4,2,1500,3000,670,39,8.55833513474741
24,2,2,1,993,5500,141,70,8.81060879571578
70,2,2,1,500,2720,75,40,8.11252776347864
50,1,2,0,250,1100,0,17,7.2211050981825
220,3,4,4,3500,7000,1000,89,9.35798421388874
180,3,4,3,1600,3500,65,45,8.55852705490921
148,3,2,3,1000,3000,167,44,8.34569287325387
52,2,1,1,633,1340,8,17,7.6004023345004
48,2,1,0,100,700,NA,11,6.69950034016168
160,4,5,2,1200,6800,500,87,9.05812115899867
40,1,1,0,0,1000,56,13,6.97541392745595
40,1,1,0,685,2500,0,32,8.07651532755233
143,3,2,3,0,1700,70,26,7.49387388678356
550,3,4,8,0,4600,380,70,8.52734152246805
35,1,1,1,0,4200,NA,54,8.35983738064003
50,2,1,0,500,1300,0,19,7.50659178007084
210,4,4,3,2100,9100,667,116,9.3910773406399
60,2,2,2,860,1840,NA,24,7.96901178110648
217,4,4,3,4180,5000,1550,64,9.28646773236373
300,3,3,2,5000,11330,NA,146,9.89399261797433
45,1,1,0,250,2000,45,31,7.75233516330229
230,5,3,0,0,7200,NA,109,8.94285300680992
139,3,5,3,1090,6700,232,85,9.00060650757189
48,2,1,0,100,1350,0,18,7.29233717617388
145,3,3,3,1100,12000,667,153,9.54115377038857
65,1,1,0,311,1350,NA,20,7.69938940625674
180,3,3,2,400,2700,250,40,8.12888014212564
438,5,6,5,0,12000,817,181,9.47278155656217
100,2,2,1,1300,1979,225,26,8.16933639592839
430,4,4,2,3500,10000,NA,129,9.59906615608005
315,4,5,5,2500,4000,1000,29,8.92665032079394
374,3,4,2,2500,8250,NA,147,9.33882153362472
270,3,2,1,2300,3920,34,50,8.74909824839902
92,2,3,2,1260,4200,NA,54,8.66388757056704
220,3,3,2,1636,10000,542,147,9.41987169587053
243,4,3,3,3754,2000,1324,26,8.8685540405312
240,3,3,7,0,3400,349,61,8.24564690087386
260,4,5,5,0,15000,NA,191,9.62845842620766
63,3,2,2,547,2050,NA,30,7.89431806384162
238,4,5,3,2500,15000,375,58,9.79428633749236
60,2,2,2,692,1900,NA,25,7.90396563403217
82,2,2,0,650,1600,5,21,7.73061406606374
74,3,1,1,350,1000,54,13,7.25700270709207
40,1,1,2,1000,3500,63,47,8.43620003220671
70,3,1,1,424,1100,NA,17,7.34083555412327
83,3,2,3,745,2050,198,28,8.01367414283268
55,2,1,0,380,1350,NA,18,7.4667994750186
290,3,2,2,0,8000,1334,121,9.15440473964588
250,5,3,4,0,5000,417,77,8.61159386683772
350,4,3,4,1600,7500,959,96,9.22631214148588
330,5,4,2,0,7650,720,115,9.04617302576227
82,3,3,2,550,1500,153,20,7.70706265537047
60,2,2,1,700,1420,59,18,7.69530313496357
74,2,1,0,1148,1900,212,25,8.09742629859721
160,3,3,2,150,2400,244,32,7.94697135769359
483,4,4,0,2000,4900,1167,72,9.00454545899659
35,1,1,0,560,2999,103,38,8.21635833238616
285,4,4,3,1100,4500,359,58,8.70251025718999
50,2,1,1,230,1100,NA,15,7.22548147278229
77,2,2,0,700,1950,88,26,7.92479591395644
76,2,2,1,825,1600,33,21,7.81601383915903
200,2,1,0,0,2800,NA,50,7.95542508891267
300,5,4,5,0,8500,60,128,9.06981313683921
105,3,2,1,1200,12000,459,155,9.53322065507793
55,1,1,1,480,700,NA,9,7.11882624906208
75,2,2,1,450,1650,NA,25,7.70796153183549
276,3,4,3,2590,7000,594,89,9.2370796691658
70,2,2,1,523,1050,NA,14,7.4312996751559
460,7,5,5,1,9000,3129,136,9.41499403397655
135,4,2,2,1300,6489,467,84,9.02893839224161
64,2,1,1,210,1200,NA,16,7.26332961747684
76,2,1,1,277,700,59,10,6.95368421087054
170,6,4,4,0,7200,NA,109,8.89699855274382
85,2,1,1,735,2150,198,29,8.04334217044161
49,2,1,1,0,1000,0,13,6.92165818415113
128,4,2,0,1100,2000,10,26,8.05102220819068
96,3,2,2,1616,1610,NA,21,8.13446757027756
45,1,1,1,1437,3000,382,39,8.4885879344059
32,1,1,1,1500,3250,300,42,8.5356223268846
37,1,1,0,340,1500,69,22,7.56631101477246
335,4,4,4,0,10000,678,164,9.29109052166129
56,2,1,1,860,1500,90,20,7.81237820598861
330,1,3,8,0,3147,0,48,8.06965530688617
21,1,1,0,0,2800,0,37,7.95085485771999
300,5,5,4,0,6500,525,98,8.87122464440955
373,4,4,4,350,6800,100,121,8.90544431878971
53,2,1,1,600,1200,60,16,7.53743003658651
156,3,3,3,1600,4900,917,63,8.9201217518724
80,2,1,0,180,1250,0,19,7.27931883541462
74,2,2,2,870,3300,270,42,8.40804774415544
103,3,2,1,0,4200,250,64,8.41516046585109
458,8,10,4,0,7000,NA,115,8.9273141110606
98,2,1,0,0,1500,58,25,7.36770857237437
40,1,1,0,1,1000,NA,16,6.93147180559945
65,1,1,0,185,1300,63,17,7.35627987655075
70,1,1,0,430,1300,17,17,7.4759059693674
55,1,1,1,460,3200,30,47,8.22630598801551
129,3,4,3,1650,2500,434,32,8.43750042250699
46,1,1,1,270,750,15,11,6.95368421087054
225,4,4,2,800,4445,NA,79,8.64417820317073
215,3,1,1,1100,4000,NA,51,8.59267165259214
100,3,3,2,120,2000,0,31,7.67415292128168
68,1,1,1,600,1000,48,13,7.41577697541539
82,3,1,1,709,1500,107,20,7.75662333453886
90,2,3,0,620,2150,NA,28,7.95822719232231
250,5,2,6,0,9000,NA,136,9.26397592114209
392,4,4,4,0,10000,NA,151,9.34145634983372
134,3,4,2,1900,7000,466,91,9.15461622320382
53,2,1,1,310,510,16,7,6.73815249459596
165,2,2,0,0,2500,11,33,7.84188592898462
59,2,1,1,270,1400,NA,18,7.65254569269392
55,1,1,1,340,900,50,14,7.17395831975679
80,2,2,1,580,1809,226,9,7.87283617502572
71,2,1,1,950,3140,190,41,8.37147353706683
200,3,3,2,1,5980,175,107,8.74257423767064
47,1,1,0,490,1200,NA,16,7.45760928971561
78,1,1,2,1980,6000,NA,77,9.03300635669327
70,2,1,0,0,1750,NA,26,7.48268182815465
44,1,1,1,520,3500,225,47,8.36474106822456
56,2,1,1,380,1500,40,20,7.57095858316901
70,3,2,2,360,1560,80,21,7.61184239958042
150,3,3,2,1650,4000,142,51,8.67317077287059
60,1,1,0,1400,2000,192,26,8.19395302356374
200,3,4,4,2900,5500,1021,74,9.1586259362895
250,4,5,4,3000,10000,NA,127,9.482731125859
250,4,5,3,0,5000,565,76,8.63799389156194
40,1,1,1,210,1180,NA,18,7.26473017792987
117,4,5,4,1523,3175,711,41,8.60355435706428
104,3,1,0,600,650,NA,9,7.19218205871325
120,3,1,0,800,4500,234,58,8.62927109482159
125,3,2,0,1300,2968,274,40,8.43010908450912
33,2,1,0,300,1900,0,25,7.70796153183549
99,3,2,1,1080,3500,NA,46,8.48032171664033
63,1,1,0,870,2600,NA,33,8.16166045205628
43,2,1,0,586,2000,63,26,7.89207842124812
61,2,2,2,1023,3160,270,41,8.41072094690572
76,2,2,1,1200,3700,167,48,8.54012816269873
52,2,1,1,350,950,84,14,7.24351297466548
39,1,1,0,350,1700,0,22,7.63675211243578
126,3,1,1,1137,2200,125,33,8.15937473677543
305,2,3,0,3500,5000,NA,64,9.13043098874788
80,2,2,0,931,2700,0,35,8.20712916807133
85,2,1,1,450,1700,100,22,7.72885582385254
74,3,2,2,402,2300,NA,34,7.9355873855892
130,3,2,1,1303,2300,172,30,8.24433404785609
113,3,2,1,1000,3000,NA,39,8.31630024903685
108,2,1,3,0,5000,260,76,8.58241897633394
270,4,4,4,0,10800,NA,163,9.37254425185104
111,3,4,3,2500,2700,704,35,8.68946441235669
142,3,2,1,1732,2868,NA,37,8.49392456447688
48,1,1,1,240,1100,NA,17,7.22548147278229
76,3,2,2,365,2500,37,32,7.9844627322622
42,1,1,0,760,2260,147,29,8.06996814905984
500,4,5,4,0,12750,2087,192,9.61787001413323
375,4,4,4,4916,4700,3025,60,9.44943600950432
690,4,5,2,4798,9500,1301,123,9.66275267719152
172,4,4,3,1800,7500,NA,96,9.22926025682869
15,1,1,0,0,700,0,10,6.56667242980324
130,3,2,2,2250,6500,415,84,9.13237883050647
90,3,2,2,1320,1700,NA,22,8.09193345597989
68,3,2,2,550,2700,76,35,8.12029131396856
260,4,4,4,0,14000,NA,211,9.68352643191322
87,2,3,2,1200,3560,492,46,8.57527340249276
80,2,1,0,0,1500,0,23,7.32909373624659
20,1,1,0,602,1800,130,23,7.84619881549743
140,2,1,2,0,5000,584,76,8.64135583403666
45,2,1,1,176,1300,64,17,7.35115822643069
230,3,4,4,1800,10000,715,127,9.44470077849556
125,3,3,2,1550,3000,NA,39,8.56407677731509
80,2,1,0,800,1360,NA,18,7.69074316354187
22,1,1,1,587,4500,NA,58,8.57470709761684
280,4,3,3,0,2167,169,33,7.77064523412918
126,3,4,3,2500,3200,579,41,8.7516327024723
64,3,2,1,600,1620,0,24,7.71646080017636
70,2,1,1,950,3800,NA,49,8.50207955360619
65,2,1,0,0,1200,NA,19,7.13409372119287
98,3,1,0,400,1050,84,16,7.34665516317654
136,3,3,2,230,2700,234,36,8.07121853996986
80,2,2,2,0,2465,0,38,7.82564473221999
54,2,1,1,300,1000,NA,15,7.21964204013074
55,1,1,1,300,1000,50,15,7.21964204013074
190,3,2,1,1800,5100,417,66,8.90707077618269
130,3,2,2,1310,6500,NA,83,9.01578427751389
54,2,1,1,670,1932,73,8,7.89506349809157
200,3,4,4,3300,12000,1167,153,9.71842223507111
150,3,3,2,2100,3600,499,46,8.73969653784302
205,3,4,4,1700,6000,650,77,9.03931477492408
310,3,3,2,0,10400,NA,157,9.26492324974647
250,3,4,4,0,4500,NA,68,8.49760254165123
60,2,1,1,0,1100,NA,14,7.01660968389422
66,2,2,1,750,2980,0,38,8.23456499326713
176,3,4,3,2004,9500,584,121,9.41009246383302
48,1,1,0,250,1300,34,19,7.38025578842646
90,2,1,0,940,3490,234,45,8.45744318701046
67,2,2,1,300,1700,0,25,7.61381868480863
55,2,1,1,160,900,NA,12,6.9782137426307
50,2,2,1,520,1550,NA,20,7.69211333959547
140,3,1,1,1200,4090,0,53,8.58372971521648
18,1,1,0,540,880,NA,12,7.3356339819272
120,4,3,2,0,3250,NA,44,8.10016144693661
50,1,1,0,298,850,15,11,7.06902342657826
220,3,4,3,0,4600,126,70,8.47574600150206
25,1,1,1,1449,3070,700,39,8.56769617358934
230,4,2,1,300,2850,190,38,8.12533508671429
80,2,1,0,0,2200,NA,34,7.71199650704767
180,3,3,2,3000,7000,NA,89,9.24773249119324
62,2,1,0,50,1300,NA,20,7.22329567956231
440,3,2,3,100,10500,84,154,9.29109052166129
200,3,3,3,3162,4790,876,61,9.09268232850795
180,3,2,3,0,5100,250,75,8.59895749321888
300,8,3,0,0,5100,250,91,8.60190191934319
360,6,2,0,1,6000,NA,99,8.82305893430165
55,2,2,0,740,2000,220,26,8.00202481821611
400,4,6,4,0,15000,NA,226,9.74689222031305
19,1,1,0,0,1200,41,16,7.13727843726039
326,4,7,4,0,4200,184,64,8.40043463080604
240,4,4,3,8000,2000,2000,26,9.39524193103352
35,1,1,0,0,1600,0,25,7.39387829010776
110,3,1,0,1100,1800,NA,24,8.02486215028641
103,2,3,2,7000,9000,500,115,9.71842223507111
273,3,5,4,2695,10900,1057,139,9.60177416667137
250,4,5,2,0,8000,NA,121,9.04310445260027
67,2,2,1,413,1240,55,19,7.454719949364
45,1,1,1,2000,4850,334,62,8.88834286910928
19,1,1,0,0,1200,0,16,7.10414409298753
90,3,2,1,1300,2050,NA,27,8.19090888118251
143,3,3,2,1900,8400,539,107,9.30118605527576
75,2,1,1,1200,2380,NA,31,8.24485939591126
115,3,2,1,1200,2900,317,38,8.40200678160712
100,3,2,2,400,2300,165,31,7.97143099776935
63,2,2,1,184,4400,136,56,8.47156801338996
70,2,2,1,1100,2500,NA,33,8.25945819533241
80,3,2,2,400,2500,126,34,8.02649693894541
215,3,4,2,0,5000,NA,76,8.59322787769223
75,3,2,1,550,2125,67,27,7.92660259918138
35,1,1,0,250,1305,0,17,7.36073990305828
400,3,5,4,3830,3500,1419,45,9.08193865717166
109,4,2,3,280,1950,63,29,7.75061473277041
75,2,2,1,684,1800,NA,24,7.86057078553866
23,1,1,0,399,2150,0,28,7.85476918349913
172,4,3,2,1050,8300,180,106,9.17336513585129
73,2,2,1,550,2160,105,28,7.95296679092313
25,1,1,0,240,750,22,11,6.93147180559945
56,2,1,1,420,1050,24,14,7.31920245876785
96,2,1,2,880,1648,80,21,7.87473912517181
240,3,2,3,0,5900,NA,89,8.77801780969814
57,2,1,1,540,3500,135,45,8.3478273457825
130,3,2,1,2000,8700,650,113,9.3467052464967
35,1,1,1,1400,2800,205,36,8.39886000445437
115,3,2,1,826,2300,195,30,8.11731246160197
45,2,1,0,74,1040,NA,16,7.06731984865348
40,1,1,0,450,2390,NA,31,8.00168997809913
95,3,1,1,1434,3500,NA,46,8.55852705490921
60,2,2,1,1680,6000,200,77,8.98193299098687
160,4,2,2,1448,2800,NA,36,8.41005331585833
315,3,4,3,1715,5000,340,64,8.87066300440602
365,4,4,3,3500,8800,NA,118,9.46350863639609
45,2,1,1,284,1100,NA,14,7.24351297466548
108,2,1,0,450,2125,47,28,7.88269220628903
76,3,2,2,450,2200,120,28,7.93701748951545
140,4,3,2,1720,4000,NA,54,8.70930004894499
30,1,1,0,0,750,NA,10,6.70686233660275
50,2,2,1,262,1400,63,18,7.46393660446893
16,1,1,0,0,850,9,11,6.7696419768525
110,2,1,0,260,2100,92,31,7.81762544305337
270,4,4,4,0,10800,800,163,9.37254425185104
125,3,1,0,650,2700,NA,35,8.16848641712668
46,2,1,1,250,970,42,13,7.15148546390474
55,2,2,1,480,2000,9,26,7.83042561782033
82,3,2,2,903,1500,59,20,7.81722278550817
42,1,1,0,682,1800,56,24,7.84893372636407
285,3,2,0,1000,6000,492,80,8.93234456911382
76,2,2,1,500,1350,NA,18,7.53583046279837
338,4,2,2,0,4300,190,66,8.42441979126388
300,6,8,3,0,10900,1917,164,9.471242028893
30,1,1,1,1700,4600,0,59,8.75778365633417
320,5,5,3,320,8000,267,121,9.07211225269274
80,2,1,0,171,1900,50,28,7.67322312112171
43,1,1,0,350,1080,NA,14,7.31455283232408
102,2,2,2,0,3400,248,52,8.21635833238616
47,2,1,1,350,1000,0,13,7.21817683840341
120,4,2,1,1890,12000,367,155,9.57574708283836
178,3,3,3,1840,7500,NA,100,9.20863892533642
27,1,1,0,0,1480,0,19,7.3132203870903
174,4,2,1,1682,2400,500,31,8.4368504387337
40,1,1,1,350,1780,0,23,7.67508185771633
64,1,2,1,800,2600,0,33,8.14148104145742
252,3,4,1,250,2500,165,34,7.98956044933387
85,2,1,0,400,870,NA,13,7.20042489294496
101,3,2,2,1097,3200,NA,41,8.44634145044429
44,1,2,0,140,1350,NA,20,7.38461038317697
200,3,2,1,1618,2380,NA,31,8.34069464792507
55,2,2,1,202,1000,67,14,7.15773548424991
200,4,3,3,2400,6400,NA,82,9.0918946167697
240,3,3,3,4132,3800,952,49,9.09761950191206
90,3,2,1,1270,3170,225,41,8.45680604140114
31,1,1,0,330,1330,NA,17,7.42535788702715
240,4,3,4,2677,7200,NA,96,9.22335530905368
118,4,3,3,920,2500,326,34,8.23774380389093
350,4,5,2,0,15000,NA,226,9.67350819021264
65,3,2,1,526,2090,21,27,7.88795933659994
145,3,2,1,2400,5800,NA,75,9.07977600195507
93,3,2,2,1000,3400,209,44,8.44548234386224
98,1,2,2,1750,8400,580,107,9.29109052166129
174,3,1,2,0,3600,NA,55,8.27893600229198
160,4,4,3,1646,4700,NA,60,8.8758461777386
200,4,5,3,1650,3700,600,47,8.69918135930895
80,2,2,2,50,1850,NA,28,7.6506445514369
50,2,1,1,520,1490,0,19,7.61579107203583
115,3,3,3,655,3100,272,42,8.31139827843664
20,1,1,0,602,1800,130,23,7.84619881549743
12732,3,2,0,700,1600,96,21,7.79069603117474
38,1,1,0,330,3000,38,39,8.13388088794921
42,1,1,1,260,1200,65,18,7.34213173058472
380,2,4,0,3490,6800,2863,87,9.49107335533976
70,2,1,1,500,1500,63,20,7.64204440287326
37,1,1,1,1700,1196,NA,16,7.97693875695943
31,1,1,0,400,1350,67,18,7.51534457118044
156,2,4,2,2690,10000,520,127,9.49859727917881
100,3,3,2,1100,4350,NA,56,8.67539280608978
50,2,1,1,226,750,NA,10,6.89467003943348
116,2,2,2,1215,8000,NA,102,9.16617947619041
25,1,1,0,20,1200,NA,19,7.14282740116162
260,4,5,0,1920,13000,NA,174,9.6310881036155
102,2,1,0,407,1600,103,24,7.66622192566273
160,2,3,2,1500,4210,225,54,8.6978466911095
95,3,2,2,882,2200,173,30,8.09742629859721
189,4,4,4,2326,12000,817,153,9.63567346472181
22,1,1,1,450,1900,84,25,7.80791662892641
400,4,3,3,0,7000,900,106,8.98807143807263
280,4,4,5,850,6500,384,87,8.96469555531546
45,1,1,0,340,950,NA,14,7.20563517641036
50,2,1,1,650,1260,100,16,7.614312146452
61,3,2,0,400,1500,NA,20,7.60936653795421
100,2,2,1,860,1600,0,21,7.81681996576455
78,2,2,1,560,2750,0,35,8.11552088154677
140,3,2,1,1900,5000,334,65,8.89562962713648
220,3,4,2,2000,3900,750,50,8.81001204797317
105,3,2,2,350,1500,135,20,7.60389796852188
550,3,3,5,0,7500,350,123,8.9839415279413
250,4,6,4,3000,14500,875,184,9.8288178841991
30,1,1,0,700,1550,58,20,7.75319426988434
90,2,3,2,1054,2100,196,28,8.12533508671429
110,2,3,2,1500,2310,409,30,8.35467426191846
65,2,2,2,717,2000,0,26,7.91717198884578
160,1,4,2,1000,3500,10,45,8.42420032456707
34,1,1,1,550,3800,109,49,8.41383067842108
65,2,1,1,500,950,NA,14,7.31521838975297
355,4,5,5,5700,15000,NA,191,10.0804196120456
100,2,1,0,750,1200,1680,16,8.20166019080868
320,3,3,2,2000,8500,340,108,9.30118605527576
42,1,1,0,480,1900,NA,25,7.82003798945875
79,2,2,1,678,2800,4,36,8.16593213732158
130,2,2,2,1750,3000,284,39,8.53188474015923
84,2,2,0,850,6000,250,77,8.87877607170755
300,3,3,4,1,3800,450,58,8.36869318309779
74,2,1,1,650,1700,NA,22,7.77191025643576
450,4,4,3,0,11500,875,173,9.43755562266045
27,1,1,0,100,960,75,15,7.04838640872188
84,3,2,2,900,2800,NA,36,8.40670845824097
93,3,3,0,1221,5500,367,70,8.87612558539618
58,2,2,2,450,2550,NA,38,8.01928379291679
130,3,2,0,0,1400,NA,22,7.26752542782817
35,1,1,1,1050,2600,NA,33,8.29429960885724
156,3,2,1,1500,5500,267,70,8.90082160491523
250,4,3,3,0,5000,NA,76,8.59618919764273
109,3,2,2,400,1800,NA,24,7.76429600645052
40,1,2,1,550,807,43,3,7.24708058458576
75,3,2,1,487,1280,NA,18,7.54697411751653
100,3,3,2,980,6300,NA,80,8.96852355539635
60,2,1,1,545,1210,75,16,7.52131798019924
110,3,3,2,560,3200,88,49,8.26821888006751
63,3,1,1,200,1000,65,14,7.15461535691366
550,3,5,8,0,10000,NA,151,9.54545454398782
112,3,2,2,1239,2670,188,34,8.32651683023953
115,3,2,1,0,10000,NA,151,9.22532750178443
65,2,1,1,566,1100,84,15,7.47647238116391
65,3,2,2,180,913,90,13,7.08757370555797
200,4,2,1,2188,4250,400,55,8.83840674707681
46,2,1,1,750,1800,NA,24,7.9391588179568
320,4,5,4,0,7000,700,106,8.96277604612029
140,3,2,0,1345,3200,300,42,8.49453850085143
87,3,3,2,1300,4000,NA,59,8.61431990214696
78,1,1,1,775,2300,128,31,8.081784206935
25,1,1,0,290,2000,130,26,7.80261806344267
50,2,2,1,560,2800,NA,36,8.15017926968233
40,1,1,0,530,1949,100,26,7.86557175768479
30,1,1,1,0,500,0,7,6.23048144757848
65,3,1,1,175,1100,0,15,7.16317239084664
181,3,3,2,286,2400,1300,43,8.30152165494073
503,5,5,4,0,6000,NA,99,8.78063379949498
50,1,1,0,0,1200,0,19,7.1066061377273
180,3,3,1,2300,6500,117,84,9.10520205385288
180,3,3,2,2000,7200,900,92,9.22926025682869
75,2,1,0,180,1600,0,24,7.49831587076698
70,3,2,1,377,950,NA,13,7.25205395185281
40,1,1,0,0,2000,0,30,7.61628356158038
100,3,2,1,450,1600,50,21,7.66011431917393
22,1,1,1,471,2200,NA,28,7.92117272158701
50,2,2,1,400,1200,124,16,7.46221493976819
90,3,1,2,1250,4100,300,52,8.64874763115654
150,3,3,2,0,3400,NA,56,8.2220164372022
20,1,1,0,150,3142,NA,40,8.13153071060425
120,2,1,1,0,3500,100,53,8.20357773693795
50,2,2,1,440,1450,50,19,7.58069975222456
93,2,2,1,200,1200,NA,16,7.3004728142678
18,1,1,0,0,1720,0,22,7.46336304552002
30,1,1,0,260,1490,15,22,7.48885295573346
80,2,1,1,484,1600,NA,21,7.71467747380093
46,1,1,1,450,1500,46,22,7.61035761831284
90,2,2,0,735,1000,97,13,7.5207764150628
75,2,2,0,591,2400,150,31,8.06243279158319
136,4,3,3,1240,3900,434,52,8.63533171943328
30,1,1,0,70,1100,9,14,7.08506429395255
58,2,2,1,761,1190,105,16,7.63675211243578
95,2,2,0,621,1550,NA,20,7.72929567431048
39,1,1,0,290,550,NA,9,6.77308037565554
170,4,3,3,1800,6000,NA,80,9.07817946837384
59,2,1,1,437,1000,20,13,7.29369772060144
46,1,1,1,870,2500,158,34,8.17835816560584
124,3,1,0,1200,1200,100,16,7.83082299513532
160,4,3,2,1550,6200,375,80,9.01262087300213
85,3,1,1,275,1600,62,22,7.58069975222456
80,2,1,1,800,2499,NA,33,8.14612951002541
50,1,1,1,718,1600,13,21,7.76344638872736
110,3,3,3,1250,4500,NA,58,8.72648119644001
62,2,1,1,100,1050,84,14,7.13009851012558
500,4,6,6,0,5510,2084,83,8.94611437556074
230,3,4,2,2662,5900,680,75,9.13970329237674
115,3,3,1,485,1750,NA,24,7.79646924308606
285,4,4,2,0,3000,200,50,8.08671792030391
89,3,3,2,965,3800,NA,49,8.51016857647927
49,2,1,1,503,985,NA,13,7.31455283232408
500,4,6,4,0,15000,434,246,9.66020506738103
35,1,1,1,444,3486,124,45,8.3187422526924
58,2,1,1,300,1350,25,20,7.43602781635185
300,4,5,2,0,6000,NA,91,8.71473171401505
58,1,1,0,309,700,28,11,6.9555926083963
800,5,7,6,1,15000,2051,226,9.75736291105399
60,2,1,1,600,3300,67,42,8.29654652030061
200,4,4,2,0,5525,NA,84,8.66163979578127
420,4,5,4,600,7225,584,109,9.05005424204284
165,3,2,0,0,3000,NA,46,8.06337782236703
260,4,3,4,0,4500,480,74,8.52813313145457
55,2,1,0,0,1600,NA,25,7.42416528104203
55,1,1,0,585,800,0,11,7.24208235925696
47,2,1,0,0,1600,0,21,7.39141523467536
38,1,1,0,819,1650,0,21,7.82043951526218
60,2,1,0,0,1800,72,28,7.55013534248843
90,3,2,1,500,1800,183,24,7.82724090175281
70,2,1,2,222,1600,100,22,7.57301725605255
41,1,1,1,2100,3200,355,24,8.6447065117152
35,1,1,1,444,3486,124,45,8.3187422526924
70,2,1,1,628,3100,108,40,8.26281693767093
43,1,1,1,518,900,45,12,7.29709100516042
80,1,1,0,0,4000,NA,52,8.34355383500512
251,3,3,4,3000,12000,1463,160,9.71842223507111
185,4,5,4,2800,7100,1081,90,9.31208435585947
520,3,4,2,0,9000,1500,136,9.27246974344173
30,1,1,0,50,1150,50,15,7.14361760270412
387,3,5,3,4600,7000,1334,89,9.47431871772873
65,2,2,1,532,1820,49,24,7.793999089504
155,3,3,2,0,2650,233,40,7.98070782086967
90,2,1,0,0,1380,21,21,7.26052259808985
61,2,1,2,350,2200,1,33,7.85748078694253
60,2,1,0,0,1100,56,14,7.06561336359772
250,4,4,4,2600,3600,NA,46,8.73985662749357
57,2,1,1,225,800,0,11,6.94408720822953
36,1,1,1,323,2150,85,28,7.85825418218603
231,3,5,4,2200,12000,642,153,9.61587214452889
67,3,1,1,592,2900,150,37,8.21066803116298
120,1,2,2,3100,4200,750,54,9.00023643416978
215,3,4,2,1800,7000,450,89,9.14206153122289
100,4,3,1,750,2240,NA,29,8.01862546504575
50,2,1,1,430,1150,9,15,7.38087903556412
40,1,1,1,1300,1200,68,18,7.85825418218603
20,1,1,0,602,1800,130,23,7.84619881549743
96,2,2,2,800,4000,NA,51,8.54188580400661
42,1,1,0,250,985,49,15,7.17011954344963
37,1,1,0,335,1600,67,24,7.614312146452
110,2,2,1,250,1453,NA,22,7.46508273639955
25,1,1,0,20,1200,NA,19,7.14282740116162
96,2,2,2,1200,1600,400,21,8.07775756373692
98,3,2,0,580,1580,61,21,7.71556953452021
70,2,1,0,350,1050,116,14,7.33367639565768
127,1,2,1,850,6300,440,82,8.94546295217767
138,3,3,2,960,3000,100,39,8.3187422526924
79,2,2,1,838,1664,60,22,7.85748078694253
45,1,1,0,0,1030,0,16,6.95368421087054
35,1,1,0,0,1100,84,17,7.09174211509515
180,3,4,3,2800,9000,1125,115,9.4758535196569
220,3,5,3,2000,7900,417,101,9.25157827999243
72,2,2,2,500,2100,56,31,7.89655270164304
150,3,3,0,850,6000,467,78,8.90869459250701
40,1,1,1,0,1300,68,20,7.23633934275434
45,2,1,1,375,1756,NA,23,7.68570306123455
100,3,3,1,300,1400,0,19,7.4500795698075
140,3,2,2,1480,3700,NA,47,8.59322787769223
313,3,3,4,650,4500,NA,66,8.58802437217683
25,1,1,0,270,2600,67,33,7.99665387546261
300,5,4,5,0,4080,NA,63,8.38434727808281
28,1,1,0,200,500,NA,8,6.59850902861452
249,4,4,3,0,6800,0,103,8.83985623276326
112,4,2,1,765,1880,NA,28,7.91899248816525
50,2,1,1,268,900,33,14,7.10332206252611
80,2,2,2,1770,3000,NA,39,8.48652777710535
117,2,1,0,0,2000,NA,33,7.70751219460034
85,2,2,1,500,2800,NA,41,8.14380797677148
45,1,1,0,265,1275,0,17,7.35115822643069
76,3,2,2,679,3400,201,44,8.37216741936598
30,1,1,0,1100,505,85,7,7.43720636687129
20,1,1,1,0,950,75,14,6.94697599213542
250,2,2,8,0,4500,459,68,8.52277756971014
60,2,2,1,862,2514,NA,32,8.1341742721379
65,2,2,1,680,1300,NA,19,7.66949525100769
55,1,1,1,600,2230,0,29,7.9585769038139
150,2,1,2,0,5500,NA,83,8.62766064444221
55,2,1,1,450,1700,111,22,7.7336835707759
40,1,1,0,0,650,0,10,6.49375383985169
27,1,1,0,0,2400,25,31,7.80669637252118
99,3,3,1,600,2500,167,37,8.10319175228579
100,3,2,1,1300,4190,181,54,8.65277248565806
425,3,4,4,5719,11000,3084,140,9.90053319270969
44,2,1,1,400,1340,NA,17,7.47193207824512
76,1,1,1,0,1400,17,22,7.27239839257005
100,3,2,1,1200,6650,NA,85,9.0040539377284
380,4,5,4,0,8500,857,140,9.15883652910907
292,4,3,3,2700,11480,709,146,9.61787001413323
350,5,3,6,0,5670,1084,86,8.830689198761
420,4,5,0,0,6460,1480,98,8.99205997632796
100,2,1,1,1700,5000,0,65,8.81966534934065
80,2,1,0,0,1150,75,16,7.12447826249342
61,2,1,1,210,1700,50,25,7.59387784460512
48,2,1,0,250,700,18,9,6.88550967003482
100,3,2,8,0,2000,82,31,7.65633716643018
50,2,1,1,611,2895,133,37,8.20985248130127
141,4,3,1,1200,4320,NA,55,8.72029728739272
25,1,1,0,160,620,15,8,6.68959926917897
60,1,1,0,0,800,0,13,6.70196036600254
75,2,1,0,260,880,38,13,7.0833878476253
45,2,1,1,380,1598,0,21,7.60090245954208
74,2,2,0,550,2700,NA,40,8.11402544235676
38,1,1,0,60,950,NA,13,6.93147180559945
47,1,1,1,400,2200,0,33,7.87625888230323
63,2,3,1,690,2114,NA,27,8.00034949532468
33,1,1,0,220,900,90,12,7.10906213568717
40,1,1,0,370,3400,NA,44,8.26590733415575
180,3,3,2,350,2800,150,38,8.11342663994365
56,2,2,1,542,1510,NA,20,7.6980291702728
250,4,2,8,0,13040,NA,197,9.52813934333178
400,4,3,3,0,7000,613,115,8.95273476710687
120,4,3,2,0,3250,NA,44,8.10016144693661
200,4,3,1,2400,6800,534,88,9.19248185367487
200,3,3,2,4200,7225,642,92,9.405989388981
63,2,2,1,250,2500,0,32,7.93128476152589
54,1,1,1,1250,3850,209,49,8.58653266949485
80,3,2,3,1150,1615,160,21,7.98854298273769
110,3,1,1,1000,3000,30,39,8.31139827843664
88,2,3,2,980,6835,NA,44,8.96954188542325
90,3,2,1,0,1890,0,31,7.56112158953024
291,4,3,2,2600,5400,434,69,9.04829192002178
48,2,1,1,410,1400,30,21,7.52940645783701
70,2,1,2,771,2100,NA,27,7.99091546309132
193,4,4,4,1700,9000,917,115,9.36999018950572
170,4,4,3,4000,1440,834,19,8.74735207762435
30,1,1,0,0,1200,0,19,7.1066061377273
86,1,2,1,1800,6500,375,83,9.07783702216309
50,1,1,1,400,700,26,9,7.0352685992811
40,1,1,0,295,1100,NA,15,7.25205395185281
72,2,2,1,864,2500,NA,32,8.19726337141434
47,1,1,0,100,1000,76,13,7.08170858610557
60,2,1,1,550,1200,55,16,7.5076900778199
55,1,1,0,795,2410,NA,32,8.10922495308995
462,4,6,0,1320,7600,884,102,9.20099685697303
280,4,4,3,1000,6500,458,87,8.99293035250973
230,6,4,8,0,10000,NA,151,9.22532750178443
100,3,2,3,880,2300,233,31,8.14467918344776
69,2,1,1,733,1400,NA,18,7.71868549519847
50,2,1,1,800,3400,200,44,8.399535147948
71,3,2,2,630,2190,92,28,7.986504938554
163,3,4,3,2900,3000,822,39,8.81907398326783
450,4,5,3,2600,7500,825,97,9.30755782269154
29,1,1,0,250,1042,NA,8,7.18916773842032
70,2,2,0,950,2140,125,28,8.0845624152353
40,1,1,0,180,850,NA,13,6.98933526597456
22,1,1,0,180,800,20,12,6.92067150424868
299,4,5,4,3103,6300,1096,80,9.26681521890416
73,3,2,2,550,2520,192,32,8.10016144693661
440,6,7,0,0,5950,2320,90,9.03133331615006
330,4,5,5,4913,3911,NA,50,9.31027620058878
600,3,4,4,0,3300,186,59,8.17357548663415
195,3,3,0,1300,10000,NA,129,9.37593955262575
62,3,2,1,500,2000,125,26,7.88306935130575
230,3,6,5,2200,11050,1500,141,9.6085122825902
64,2,1,1,400,1090,NA,14,7.33302301438648
60,2,1,1,470,1400,NA,18,7.55747290161475
76,2,2,2,1250,3300,226,43,8.48052920704465
230,3,3,1,1580,5800,589,74,8.99268175089254
200,2,2,1,0,2300,NA,35,7.79482315217939
25,1,1,0,0,1800,40,24,7.53101633207792
90,2,1,1,1000,3000,50,39,8.31630024903685
100,3,3,2,1200,3000,305,40,8.42200300441249
382,4,4,4,2190,3200,710,41,8.72290570100077
68,3,1,1,430,1450,NA,19,7.54960916515453
120,4,2,0,0,1800,NA,30,7.54486106865846
85,2,1,1,400,1600,0,21,7.61184239958042
108,3,2,2,823,3000,NA,39,8.34593026197902
100,3,2,0,1250,2900,259,38,8.40020983593042
42,1,1,0,420,1700,0,22,7.66996199547358
336,3,4,3,2000,12500,500,183,9.62779992493272
200,4,3,2,0,13000,236,214,9.50680873170858
50,2,1,0,0,750,59,13,6.71295620067707
30,1,1,0,300,1550,125,20,7.59890045687141
35,1,1,1,350,1950,84,25,7.7873820264847
100,2,2,0,1550,2956,310,39,8.48797033273933
112,1,2,2,0,8389,0,107,9.04746843900354
40,1,1,1,766,2156,123,28,8.03073492409854
58,2,1,1,1077,1900,100,25,8.04012466444838
250,3,4,4,2530,4000,NA,51,8.94663520890585
62,2,1,0,80,1250,40,19,7.23705902612474
65,2,2,0,450,2200,NA,28,7.91571319938212
120,4,3,2,0,3250,0,44,8.10016144693661
22,1,1,0,470,1800,62,23,7.76472054477148
35,1,1,0,450,1100,21,15,7.36960072052641
102,3,2,1,800,3200,NA,41,8.3240937614504
500,4,5,6,3,7225,1209,109,9.05333562316602
20,1,1,0,602,1800,130,23,7.84619881549743
79,3,2,2,1200,2600,NA,33,8.33038156934942
23,1,1,0,399,2150,42,28,7.87092959675514
360,3,5,3,4300,8500,1500,108,9.57574708283836
470,4,4,0,690,3700,723,56,8.55062796750248
70,2,1,1,450,1300,NA,17,7.52185925220163
450,5,5,6,0,9500,NA,143,9.3048320350689
73,1,2,2,1000,3500,NA,45,8.42200300441249
204,4,5,3,1900,8000,417,102,9.25157827999243
400,9,4,4,100,12000,500,181,9.45571497213171
115,2,2,1,350,1400,118,19,7.54327334670545
111,3,4,2,680,4000,NA,51,8.46210322509828
120,4,3,8,0,4500,500,68,8.53089883847235
65,2,2,1,643,2300,63,30,8.01862546504575
39,1,1,1,1144,2500,301,32,8.28853445941392
70,2,1,0,300,1400,NA,21,7.48493028328966
35,1,1,0,300,1500,0,20,7.50714107972761
60,2,3,2,730,1100,NA,14,7.53047999524554
50,2,1,1,430,680,50,9,7.0647590277918
221,3,5,4,1554,10850,NA,138,9.48729005784892
130,2,2,1,1100,4300,NA,55,8.62263370387423
310,4,3,3,3500,8000,0,102,9.35884658027541
33,1,1,0,350,1500,0,20,7.53422832627409
45,1,1,0,75,800,50,14,6.84587987526405
45,1,1,1,417,850,140,11,7.25770767716004
105,2,1,2,870,2360,155,30,8.13622555490846
280,4,2,3,1800,3500,NA,47,8.66888370465667
50,1,1,1,1450,2500,342,32,8.37216741936598
30,1,1,0,800,1250,0,17,7.63433723562832
50,2,1,1,550,1450,0,19,7.61085279039525
70,2,1,1,520,1900,378,28,7.94697135769359
30,1,1,0,0,1500,0,20,7.32712329225929
132,4,4,3,2170,2400,442,31,8.52595469708481
250,2,3,2,0,3500,349,54,8.26975694753298
147,4,2,2,0,2100,128,32,7.72356247227797
159,3,3,3,2000,7100,NA,95,9.14270372326037
230,3,3,4,2300,3200,750,41,8.74703426417817
75,3,2,2,480,1450,75,19,7.61332497954064
250,7,3,0,0,15000,NA,229,9.6310881036155
620,4,5,5,7963,15000,5160,191,10.2510057006894
118,3,2,4,850,2250,334,29,8.15017926968233
440,3,3,3,100,10500,84,154,9.29109052166129
55,2,1,0,290,1195,NA,18,7.44658509915773
482,4,4,4,0,9180,1250,138,9.26586968176866
550,5,6,0,0,15000,1435,226,9.72082593792907
55,2,1,1,815,3000,123,39,8.28853445941392
140,4,2,1,2000,3500,NA,46,8.65067458279072
28,1,1,0,580,1850,59,24,7.82963038915019
103,3,1,3,0,2200,NA,40,7.97625194374562
53,2,1,1,380,1270,31,17,7.43779512167193
300,4,7,4,3000,9800,1405,125,9.57018030205807
190,4,4,3,1100,7110,NA,91,9.09279480812114
99,2,1,1,0,3650,230,55,8.27792025817214
84,3,2,2,950,1600,NA,21,7.94803199063728
161,4,3,3,0,3600,300,46,8.28071107566285
53,2,1,1,690,950,12,13,7.41818082272679
16,1,1,0,480,1390,0,18,7.54380286750151
36,1,1,1,465,3000,84,39,8.18562889114761
50,1,1,1,806,2300,132,30,8.09223940672421
70,3,1,1,325,1800,0,27,7.67461749736436
105,3,2,2,1661,1000,290,13,7.99463231143183
30,1,1,0,545,1350,NA,18,7.57712193087668
216,4,4,3,3500,8000,1125,102,9.45179524306165
50,3,1,1,210,1250,0,17,7.29844510150815
250,3,4,2,2400,7000,42,89,9.16240983821863
230,3,3,2,0,2460,NA,37,7.94732502701646
157,3,2,0,1325,4500,347,58,8.73729211254422
150,3,3,0,1140,4740,290,70,8.73889570493404
110,3,2,0,478,2200,6,28,7.90581031265893
193,4,3,3,3000,13100,898,166,9.7503946464023
114,2,2,2,1200,4998,0,64,8.74241458252541
92,2,2,1,800,1900,120,28,7.95472333449791
75,3,3,0,650,2660,10,34,8.11820704940578
270,2,2,3,1,1429,NA,22,7.28138566357028
80,2,2,1,860,2000,34,26,7.97968130238774
90,4,2,1,400,2142,212,32,7.93272102748195
130,3,3,1,900,2500,128,33,8.17807746384961
40,1,1,0,0,860,NA,13,6.83840520084734
60,2,2,1,650,2127,NA,27,7.94732502701646
64,1,1,1,400,1500,NA,22,7.75061473277041
80,2,1,1,2500,8000,325,104,9.29935806829384
45,1,1,1,405,800,NA,11,7.10414409298753
60,2,2,1,550,4000,0,51,8.43424627059531
277,3,2,1,2332,7800,NA,99,9.29016767183574
57,1,1,0,300,6000,17,77,8.76327171401294
23,1,1,1,472,2300,NA,30,7.9592759601164
73,3,2,2,650,2500,236,32,8.1371033896393
36,1,1,0,385,2150,40,28,7.86480400332846
88,2,3,2,300,1450,NA,20,7.53955882930103
197,4,3,1,2640,2800,514,36,8.69801362208393
175,3,2,2,896,2400,NA,32,8.21039625510477
400,4,4,4,4700,9000,NA,115,9.61186439085108
260,3,4,3,0,5000,393,47,8.60171814648593
80,2,1,0,450,1100,0,15,7.35627987655075
190,3,3,4,1,4500,0,68,8.42726848388825
65,1,1,0,350,1800,30,24,7.69848278788095
50,1,1,0,0,1250,NA,19,7.1731917424866
136,3,3,2,1535,8900,482,113,9.30846476996938
96,3,3,2,866,1710,90,22,7.89692465626886
155,4,1,2,550,3350,NA,45,8.34164861890131
384,5,5,3,4000,8000,1240,102,9.49859727917881
144,3,2,0,1575,5500,530,71,8.9459841248279
135,3,3,2,1500,13800,375,175,9.67098786879789
25,1,1,0,0,1000,NA,16,7.00397413672268
55,2,1,0,833,2200,99,29,8.05896001776942
250,3,3,2,0,7000,NA,106,8.92585319042092
66,2,1,1,834,2140,0,28,8.00736706798333
240,4,4,6,1700,15000,1085,200,9.79762691183662
176,4,5,0,1350,9500,792,121,9.37254425185104
88,3,2,1,1586,3500,240,46,8.58914169072882
70,2,1,1,700,2600,30,34,8.12118324207883
127,2,2,3,0,2600,133,40,7.92804560087478
201,3,5,3,2550,10000,795,127,9.50829450569857
60,2,1,1,500,3250,156,42,8.28121766128665
42,1,1,1,743,2800,NA,36,8.2398574110186
65,2,1,1,135,1400,22,21,7.36454701425564
20,1,1,1,0,1100,0,15,7.01750614294126
118,3,2,0,1650,2550,NA,33,8.39072252736229
98,3,5,1,750,5510,0,70,8.75321348054413
505,3,5,0,4906,8600,NA,109,9.68352643191322
110,3,1,2,1300,5000,417,65,8.82217476094608
75,2,2,1,583,2100,68,31,7.93128476152589
50,1,1,0,0,750,0,12,6.63725803128446
93,2,1,0,645,800,NA,12,7.34213173058472
230,4,6,4,2850,3000,NA,39,9.05345261643904
300,4,3,3,2059,5000,NA,67,8.94402832526059
80,3,2,2,230,1450,140,20,7.51806418123308
144,4,4,4,1900,4900,NA,63,8.92678311410135
299,3,3,3,2689,1942,316,25,8.51177855871474
168,4,3,3,2128,13000,809,165,9.68663666084494
120,3,2,0,1150,1450,308,19,7.9820748750812
135,3,2,1,0,2900,NA,44,8.0471895621705
39,1,1,0,380,980,20,13,7.23993259132047
211,2,2,2,1,4500,752,68,8.57960445153763
160,2,3,2,800,5200,100,93,8.73133636053315
60,2,1,1,662,1150,120,15,7.57455848420248
45,1,1,1,492,1900,NA,25,7.82444593087762
120,3,3,2,0,2900,375,44,8.10772006191053
136,4,5,3,1253,3579,218,46,8.53640741034004
140,2,2,2,880,3990,NA,51,8.57847641983314
380,4,5,4,4180,4080,1509,52,9.19238004659919
62,2,1,1,543,2200,59,28,7.9483852851119
35,1,1,1,444,3290,NA,42,8.26898820950666
100,4,3,0,1060,4280,NA,55,8.62532985002082
60,1,1,1,0,1300,NA,20,7.2086003379602
95,2,1,0,100,2000,NA,31,7.69028602067677
25,1,1,0,0,1200,35,16,7.13249755166004
255,3,2,4,0,2800,250,46,8.0381891799732
180,3,3,3,2400,7600,477,97,9.26586968176866
59,2,1,1,480,1510,NA,20,7.60638738977265
420,3,3,4,8043,12000,NA,153,10.0489289881863
125,3,3,3,2076,5000,NA,64,9.0247334241907
80,2,1,0,0,1800,209,23,7.61726781362835
37,1,1,0,382,742,0,10,7.0343879299155
110,3,3,2,1160,2200,418,28,8.2445967563825
150,4,2,2,0,3100,267,47,8.13593277200489
31,1,1,0,630,1750,50,23,7.80547462527086
100,3,2,1,730,1500,NA,20,7.77106708606541
100,2,2,0,0,1710,175,22,7.55381085200823
56,2,2,0,610,2500,84,33,8.07961802938984
75,3,1,1,160,1100,80,15,7.21229446850034
166,2,1,5,0,2200,200,34,7.79770203551669
129,3,3,0,1800,3800,NA,56,8.67965211911394
80,3,1,0,0,6000,0,91,8.71473171401505
204,3,2,2,3550,7000,764,89,9.34145634983372
303,3,3,4,4911,10250,2470,130,9.78476032126733
221,4,4,4,3100,12830,NA,163,9.74161547260958
75,3,1,0,400,1080,NA,16,7.32580750259577
44,1,1,0,417,520,NA,7,6.87523208727658
50,2,1,1,580,1100,100,14,7.49276030092238
95,3,3,2,900,3150,121,40,8.34569287325387
75,2,1,0,282,1020,150,15,7.29165620917446
48,1,1,1,500,2200,35,28,7.92443418488756
114,3,2,2,784,3500,308,47,8.4424696452203
75,2,2,2,730,2000,148,26,7.97418866928601
220,3,3,2,1499,6300,468,80,9.02977726819709
100,4,3,2,1027,2500,369,32,8.27614021955846
380,3,4,3,3000,15000,NA,194,9.9374541020994
50,1,1,0,2300,1850,35,24,8.34521792667643
50,2,1,0,0,1050,0,18,6.97447891102505
80,2,1,1,1180,2400,129,31,8.22710823434815
45,1,1,1,300,3000,0,40,8.11402544235676
250,3,3,2,3500,12750,1084,162,9.77001330113616
44,1,1,1,308,3300,149,42,8.24275634571448
50,2,1,1,700,4500,125,58,8.59118687132456
156,3,4,2,1800,2000,NA,26,8.2498364854257
42,1,1,1,700,2326,160,9,8.06965530688617
570,4,6,5,0,12000,817,181,9.47278155656217
67,2,1,0,0,880,41,14,6.84161547647759
264,4,4,6,0,6440,574,97,8.86953877719374
350,3,4,4,0,3100,2900,47,8.70748291785937
54,2,2,1,954,2800,192,36,8.28979058318164
400,2,2,1,700,2300,6,30,8.01862546504575
420,4,3,8,0,6320,NA,104,8.76795190976342
50,1,1,0,0,750,30,10,6.67329796776765
93,2,1,1,390,2150,76,28,7.8804263442924
350,4,4,2,0,10000,NA,151,9.27340906344317
135,3,3,2,946,2690,361,35,8.30226579487337
32,1,1,0,26,1290,33,17,7.22037383672395
52,1,1,1,584,2390,117,31,8.04654935728308
250,3,4,2,2900,10000,584,127,9.51863356833207
60,1,2,2,700,3000,0,39,8.22684089040858
109,3,1,1,903,1150,146,15,7.70300768247924
200,3,3,1,1687,5800,365,74,8.97802993283716
38,1,1,1,300,2400,NA,31,7.91278922069068
30,1,1,1,0,1330,NA,20,7.2086003379602
215,3,4,4,3313,12000,NA,153,9.72442069346267
340,4,6,4,5500,9600,2167,122,9.76370811000784
30,1,1,0,400,2900,100,38,8.14293601043227
850,4,4,8,0,12000,5834,181,9.79929302351827
90,3,2,1,1000,1800,44,23,7.96137020171951
180,3,4,4,1545,12000,818,153,9.58335115653074
60,1,1,1,650,2165,110,28,7.99091546309132
50,2,1,1,400,1850,NA,24,7.80057265467065
280,3,3,2,0,3500,250,53,8.24380842366528
48,1,1,1,660,3300,NA,42,8.32190796823042
42,1,1,0,345,1800,NA,23,7.68202151082687
210,3,3,0,0,3050,NA,46,8.13064796816058
70,2,2,1,0,1400,44,22,7.29097477814298
100,3,2,0,0,12000,NA,197,9.42794863179172
520,4,6,4,0,15000,2250,226,9.76886985581118
253,3,3,4,3172,4500,1125,58,9.08885047438847
60,1,1,0,340,950,55,13,7.21450441415114
210,3,2,3,0,2860,NA,43,7.97384437594469
66,2,1,1,1141,1650,166,21,7.99934295271328
190,3,3,4,1800,12500,NA,159,9.63174444388585
17,1,1,0,300,2200,50,28,7.85515700588134
157,3,2,1,2499,4500,550,58,8.93695560422523
40,1,1,2,488,1600,126,22,7.71289096149013
100,3,2,2,978,1500,169,20,7.88908440703551
238,4,5,4,1800,5000,NA,64,8.89370997756851
102,3,2,2,1150,1100,0,15,7.72577144158795
188,2,3,8,0,2930,584,45,8.17751582384608
50,1,1,0,0,750,0,12,6.63725803128446
250,3,3,2,1900,9500,NA,121,9.39441039930425
139,2,2,1,1000,1300,234,17,7.84463264446468
125,3,2,2,1000,7700,292,113,9.11668881589473
40,1,1,0,0,1200,NA,19,7.18538701558042
65,2,2,1,1072,7500,165,96,9.08636319215647
68,3,2,2,568,1500,NA,20,7.67042852219069
85,2,1,0,720,3100,NA,40,8.26590733415575
200,2,5,2,2448,15000,NA,191,9.82989483223276
94,3,1,1,750,2600,122,34,8.16251625014018
38,1,1,1,350,2500,NA,37,7.98275770201111
105,3,2,2,0,2000,121,31,7.67461749736436
67,1,1,0,220,950,25,14,7.09837563859079
104,3,3,2,915,9000,254,115,9.23805281054272
50,2,1,1,462,1900,0,25,7.77821147451249
145,3,3,0,1000,4500,285,58,8.67317077287059
225,3,2,2,0,2300,209,35,7.84188592898462
20,1,1,0,602,1800,130,23,7.84619881549743
170,4,5,3,1927,5200,709,66,8.97499771320498
30,1,1,1,1959,1630,227,21,8.25270667656764
75,3,1,1,263,1100,61,15,7.27239839257005
75,2,2,1,500,1189,75,16,7.48493028328966
250,4,4,3,2360,6970,1580,89,9.30574145673944
120,3,2,0,0,2500,84,38,7.87207397986687
45,1,1,0,560,1901,NA,25,7.85049318087114
225,4,4,3,4799,7500,NA,97,9.50977807543882
245,4,5,4,2863,7000,750,89,9.278092474027
50,1,1,0,250,1350,0,20,7.39079852173568
350,3,4,2,0,7000,507,106,8.93774393694244
117,3,4,1,0,4870,464,63,8.59378379357795
80,1,2,0,150,1100,68,15,7.19593722647557
340,3,4,5,4500,9800,0,125,9.57713394943608
60,2,1,0,400,1000,0,13,7.25417784645652
250,3,2,8,0,5950,NA,90,8.7815554585464
45,1,1,0,0,1160,0,18,7.07242190053737
57,2,1,1,625,1100,3,14,7.46336304552002
30,1,1,1,658,3500,NA,45,8.37262974022488
70,2,2,1,300,1500,95,20,7.55799495853081
55,2,2,1,380,1850,0,24,7.72090525193678
35,1,1,0,0,1800,101,28,7.56527528189893
75,3,2,2,600,2150,150,28,7.98241634682773
156,3,3,5,0,4000,0,34,8.30276158070405
90,2,1,1,400,1500,0,20,7.56060116276856
90,3,2,2,850,2500,250,33,8.19808924895612
200,3,2,2,1650,15000,NA,194,9.7751426865989
86,2,1,1,960,2372,0,10,8.1146238864201
60,1,1,1,590,3500,NA,45,8.36310917603352
50,1,1,0,190,990,NA,15,7.09506437728713
108,3,2,2,1200,5600,275,71,8.87444796721998
48,1,1,1,433,2630,0,34,8.03851202097681
100,3,2,1,890,6502,NA,83,8.91945316857545
48,1,1,0,400,800,80,11,7.16394668434255
67,2,1,1,500,1550,NA,23,7.67368812926773
120,3,3,0,1200,9240,NA,120,9.28461261635077
250,4,4,3,0,3824,0,58,8.26436332973167
49,1,1,1,430,1760,21,23,7.71199650704767
140,1,2,2,1400,4500,334,58,8.74719318352693
105,2,1,2,1300,3120,NA,40,8.40312823512826
60,2,1,1,435,920,30,14,7.24422751560335
300,4,2,4,2960,10040,NA,128,9.54688403461792
93,2,2,1,400,2500,NA,32,8.01201823915906
72,2,2,1,742,2330,0,30,8.04012466444838
60,2,1,1,345,820,NA,11,7.08422642209792
250,3,4,4,0,4200,0,64,8.35819745992578
160,4,3,1,1900,6300,667,82,9.0994088112689
104,2,2,1,1100,4000,10,51,8.54907938027856
66,2,1,1,270,1000,38,15,7.18841273649695
148,2,3,3,870,15000,685,200,9.72681003812726
1000,4,2,8,0,15000,2334,226,9.77343581317586
120,4,2,1,0,1500,0,23,7.32909373624659
100,3,3,1,700,3500,NA,52,8.37493814383537
114,2,2,1,1450,3600,NA,47,8.60300384782935
153,3,4,3,2000,6300,534,80,9.09549053029724
164,3,4,2,2900,12500,915,159,9.70935653778268
65,2,2,1,0,2040,0,31,7.63626960337937
270,4,5,0,0,5500,NA,83,8.68963274835574
225,4,6,4,2800,4500,742,58,8.99974278983049
124,4,2,1,1812,5900,NA,77,9.01005848980524
68,3,1,2,990,882,20,12,7.5522372875608
96,3,3,2,948,5100,NA,65,8.76561454991472
210,4,4,3,0,4700,375,71,8.54616929965275
750,4,5,6,0,13000,1500,196,9.59567079766397
70,2,2,2,2847,2954,NA,38,8.76872981723167
15,1,1,0,0,700,0,10,6.56667242980324
33,1,1,1,540,3300,0,42,8.26436332973167
311,4,3,3,2252,9000,NA,120,9.38940663604946
160,3,2,1,1715,7700,NA,98,9.20873909060921
158,3,3,2,1450,3000,NA,39,8.44784311328144
62,2,1,1,485,980,48,13,7.33106030521863
105,3,2,1,500,1200,135,16,7.52402141520612
250,3,4,2,2600,8000,500,102,9.32375833901174
47,1,1,1,400,2200,0,33,7.87625888230323
90,3,2,0,930,2300,84,30,8.11522197256233
295,4,4,4,3700,9500,1417,121,9.59838800604728
133,4,3,0,550,3550,309,45,8.40178233990491
220,5,5,4,1900,8880,875,113,9.37339415841248
70,2,1,1,576,2400,162,31,8.06148686687133
101,3,2,2,958,2400,20,32,8.13476078241865
320,3,2,5,420,2900,200,39,8.17751582384608
802,6,6,8,0,15000,1003,246,9.69590972432601
28,1,1,0,350,2300,55,30,7.91425227874244
35,1,1,0,120,1170,92,18,7.24494154633701
115,3,1,2,945,4300,NA,55,8.63070043220983
70,2,2,1,1800,4200,NA,55,8.74925684010501
157,3,3,2,1620,3800,382,49,8.67453876214002
40,1,1,0,0,750,0,12,6.63725803128446
205,2,2,0,1560,7000,132,91,9.08068716374931
75,3,2,1,225,1600,119,22,7.58426481838906
126,3,2,2,900,3650,150,16,8.45892828328426
19,1,1,0,0,1200,41,16,7.13727843726039
130,3,2,2,1100,3500,NA,45,8.56216655705897
360,5,4,0,4800,3000,2084,39,9.20271134481169
102,2,1,0,200,1700,NA,22,7.57044325205737
290,3,3,1,2500,2500,340,32,8.58914169072882
47,2,1,1,500,1150,NA,15,7.44073370738926
130,2,1,1,0,2200,NA,28,7.78696700261487
75,3,2,1,240,1500,63,22,7.50988306115491
84,2,1,0,420,1700,85,22,7.70885960104718
25,1,1,1,344,2200,45,28,7.87016594646984
36,1,1,0,450,2500,NA,32,8.0106915391303
260,4,3,3,2650,3300,555,44,8.7872203286293
140,4,3,1,2173,7500,466,97,9.23415455007544
400,4,3,2,0,5650,338,85,8.71177264560569
47,1,1,0,198,1490,66,19,7.48099216286952
240,4,4,2,3690,12500,938,162,9.75794141390479
800,4,2,6,0,15000,1667,226,9.73453621468034
160,3,4,2,2462,8500,60,108,9.31748928749323
103,3,1,0,1300,3500,0,46,8.48611523584538
55,2,2,1,700,1680,0,22,7.78447323573647
300,4,4,5,3150,11000,1225,140,9.64994922465118
67,1,1,1,759,3120,350,40,8.35936910622267
175,3,5,3,2312,7650,1308,97,9.33882153362472
100,2,3,1,700,3170,84,41,8.29304913976844
80,3,1,0,500,1000,NA,13,7.34213173058472
60,2,1,1,750,1300,0,17,7.63433723562832
154,3,2,0,1200,12000,200,155,9.51495330508794
120,3,3,3,1800,2500,321,32,8.44548234386224
160,2,1,2,0,3950,125,60,8.32748441618826
105,3,2,2,1174,3700,NA,50,8.57073395834427
110,2,2,0,0,3500,NA,53,8.18535022317869
58,1,1,1,650,1050,56,14,7.47929963778283
60,3,1,0,550,1700,NA,22,7.76344638872736
80,2,1,0,30,2900,34,38,8.00736706798333
35,1,1,0,120,1170,92,18,7.24494154633701
22,1,1,0,300,900,40,12,7.13329595489607
93,3,1,0,644,2400,143,36,8.07837810362652
263,3,4,4,2565,13000,1437,174,9.75155940106197
150,3,1,2,0,3600,334,55,8.29154650988391
20,1,1,0,602,1800,130,23,7.84619881549743
250,4,2,1,0,3500,42,53,8.18757739559151
510,4,6,4,5300,5000,3167,64,9.51273862826364
57,2,2,2,900,1950,2,25,7.96485088744731
58,2,1,1,400,2400,NA,31,7.96970358327866
200,3,3,1,0,2100,94,35,7.70975686445416
387,4,6,4,5200,6400,NA,82,9.57990192573799
200,4,2,2,0,4500,157,69,8.46104603079324
52,2,1,1,450,900,0,14,7.21890970761906
275,3,3,1,886,8850,0,113,9.19522673416613
76,2,2,2,780,2740,180,36,8.22603842948548
70,1,2,6,0,3290,NA,50,8.23164217997341
68,3,2,1,586,2200,56,33,7.96415571884094
108,2,2,1,1726,5500,380,70,8.9459841248279
114,3,1,0,210,1700,75,25,7.60638738977265
90,2,2,1,300,1900,NA,28,7.74630066223144
20,1,1,0,450,500,63,7,6.92853781816467
51,3,1,1,170,1000,NA,14,7.10002716662926
550,5,5,3,0,14000,364,230,9.58816017926402
36,1,1,1,350,650,9,10,6.92755790627832
230,3,4,4,3350,11500,1250,146,9.69590972432601
35,1,1,1,0,1500,101,23,7.39326309476384
700,8,8,4,0,12000,NA,214,9.41009246383302
140,3,2,1,700,6000,109,77,8.8373908555447
77,2,2,2,450,2000,0,30,7.8164169836918
75,2,1,1,532,1500,100,20,7.67461749736436
110,4,1,1,600,2200,NA,33,8.58185670474196
29,1,1,0,566,1341,NA,18,7.58882987830781
84,3,1,1,300,1500,NA,20,7.50714107972761
132,3,5,2,1630,10990,NA,140,9.47662003816753
170,2,2,1,1300,4900,255,64,8.7826296549207
26,1,1,0,250,800,12,12,6.98007594056176
73,3,1,1,308,850,NA,11,7.10332206252611
114,2,2,1,850,1600,NA,22,8.2872767558146
68,2,2,1,554,2000,NA,26,7.93451346388226
82,1,1,1,290,1200,82,16,7.37086016653672
30,1,1,0,0,1200,65,16,7.15617663748062
69,2,2,1,380,2100,75,31,7.85825418218603
33,1,1,1,400,3413,NA,12,8.2495751500002
84,2,2,1,782,5300,145,68,8.74766979009724
620,5,6,4,7400,4860,1200,62,9.51199931135876
90,3,2,1,1686,3090,125,40,8.50552538654856
284,4,5,5,0,5500,200,83,8.6628507638386
268,3,4,4,790,3500,509,53,8.48735234940522
100,3,4,4,0,3600,NA,55,8.24695803256818
24,1,1,1,480,1420,359,19,7.73149202924568
64,2,1,1,592,1817,84,24,7.83122021460429
34,1,1,1,497,2800,81,36,8.13593277200489
86,2,1,0,1000,2400,205,31,8.19891444498699
54,1,1,1,800,7500,NA,96,9.05823759376623
128,3,2,2,580,1400,NA,19,7.67832635650689
250,2,3,2,0,3500,0,58,8.17723488551019
295,7,6,4,0,6200,334,94,8.79920924224139
80,3,2,1,840,2500,115,33,8.15737044118677
500,3,3,5,0,15000,NA,226,9.70204433653459
120,1,2,0,0,761,129,10,6.80350525760834
136,3,2,1,545,1274,87,17,7.56216163122565
170,3,2,2,1027,2500,NA,33,8.25634777291802
386,3,4,8,0,6500,730,107,8.90082160491523
19,1,1,0,0,1200,41,16,7.13727843726039
550,4,6,4,3200,14000,NA,178,9.86791218702221
384,3,5,3,0,10000,1050,151,9.32375833901174
48,1,1,0,250,750,NA,11,6.94022246911964
98,2,1,1,1028,3080,129,40,8.36124088964235
50,2,1,1,300,1100,68,15,7.30249642372733
53,2,2,1,722,2100,0,27,7.9550742732627
32,1,1,0,400,1990,0,26,7.79028238070348
47,1,2,1,740,3200,150,41,8.32651683023953
65,2,1,1,340,1440,NA,19,7.49554194388426
56,1,1,2,1300,3958,242,51,8.62191350218664
140,2,2,1,1600,3950,500,51,8.71637186527662
45,1,1,0,0,1100,0,17,7.01929665371504
21,1,1,0,519,1200,0,16,7.4593388952203
70,2,2,0,1439,5500,315,70,8.89904843388527
120,2,3,2,1800,11500,NA,146,9.52522410185311
90,2,2,0,1700,3700,NA,48,8.66544076787644
25,1,1,0,143,2000,26,30,7.69621263934641
198,4,2,0,0,4000,500,61,8.42551640284433
80,2,2,1,700,5000,84,65,8.6741969402259
40,1,1,1,440,2800,100,36,8.12474302038557
53,2,1,1,200,1000,74,14,7.16162200293919
75,2,2,1,682,2300,223,30,8.08209327817838
60,2,1,0,500,1300,100,17,7.55903825544338
142,3,2,2,2100,5440,584,69,9.01115745810682
160,3,2,2,2311,7609,689,99,9.27902652976463
26,1,1,0,976,1600,61,21,7.88570539124302
81,1,1,1,600,1150,67,16,7.51425465281641
50,1,1,0,564,1900,NA,25,7.85941315469358
62,2,1,1,100,1050,84,14,7.13009851012558
55,1,1,0,0,1020,NA,17,6.96508034560141
298,4,6,5,0,8450,750,128,9.14088310696096
55,2,1,1,390,720,NA,10,7.02197642307216
82,2,1,1,800,1500,NA,20,7.76684053708551
40,1,1,1,2100,2200,223,28,8.42332197580617
106,3,2,2,1400,2400,255,32,8.31581113188354
335,4,5,5,5000,4913,1667,63,9.36228862824824
60,2,2,1,750,3400,NA,44,8.36520683441836
128,3,2,1,1000,3297,NA,42,8.57357352485234
250,3,2,4,0,6000,875,91,8.84893999503012
500,4,4,5,0,9240,NA,139,9.24096656551794
120,3,3,2,0,2750,125,42,7.97865372908273
300,4,4,4,3000,6500,1420,83,9.30574145673944
33,1,1,0,0,2110,0,28,7.66809370908241
177,3,3,4,0,4000,330,61,8.38753998318937
126,3,2,1,1105,2350,133,31,8.19422930481982
287,4,5,4,3311,3800,1744,49,9.09436819572376
250,3,4,4,0,8000,242,121,9.03169206054852
200,3,3,3,200,4700,110,78,8.53483662658883
235,4,2,4,0,4700,480,78,8.56769617358934
247,3,4,5,750,3400,234,44,8.3959291039232
100,2,1,0,0,1800,275,28,7.6515955738576
230,3,2,1,0,3260,84,50,8.1300590399928
350,4,5,4,4300,11000,1042,166,9.71178210443183
600,4,6,5,7200,6000,1167,77,9.57782666212656
187,3,2,3,1700,8400,NA,127,9.28831941329277
32,1,1,0,700,3000,65,39,8.24407127029579
40,1,1,0,0,920,0,14,6.84054652928869
20,1,1,0,0,1000,10,13,6.93147180559945
250,5,4,3,0,3520,666,53,8.352318548226
210,4,4,4,3000,5000,NA,64,9.13938128303569
46,1,1,1,1300,1950,0,25,8.09437844497296
104,3,3,2,1400,4000,350,51,8.66595796468135
32,1,1,0,350,1600,0,21,7.58680353516258
115,3,2,2,1264,4500,NA,66,8.69901462316851
64,2,1,1,800,2500,67,32,8.13153071060425
280,4,6,5,1800,11500,1417,146,9.60649561075857
80,2,1,1,400,1500,0,20,7.56060116276856
98,2,2,0,600,4500,0,58,8.54849804124465
70,2,2,1,410,1800,NA,23,7.74283595543075
40,1,1,1,790,1300,NA,17,7.7596141506969
200,3,2,3,0,2000,153,31,7.68937110752969
600,4,6,3,1123,5500,819,83,8.92611897115338
65,2,2,1,1800,4900,177,63,8.84520113533958
320,4,5,3,0,5000,409,76,8.60995467149755
50,2,1,1,600,1150,NA,15,7.50439155916124
42,1,1,1,650,2400,81,36,8.06085575293432
71,2,1,0,280,1600,34,24,7.56992765524265
50,1,1,0,150,720,NA,10,6.78105762593618
160,3,3,2,150,1700,0,23,7.53583046279837
70,2,1,0,350,1500,49,20,7.56008046502183
187,3,4,3,1700,14000,1209,178,9.74630728814851
186,4,5,4,1550,4100,1480,52,8.8794724020748
76,2,1,0,300,700,100,9,7.01211529430638
50,2,1,1,399,1650,0,21,7.63578686139558
260,4,5,4,2014,3300,1000,42,8.75731184693641
200,4,3,2,0,15000,456,246,9.66147968357552
35,1,1,0,250,1850,0,24,7.66152708135852
130,2,2,2,1752,6200,634,79,9.06716260229985
20,1,1,0,602,1800,130,23,7.84619881549743
78,2,1,0,280,1380,32,21,7.44658509915773
50,2,1,0,0,750,0,11,6.63594655568665
476,3,2,2,0,6100,202,101,8.76467807411661
68,2,2,1,640,3400,NA,44,8.3380665255188
110,2,2,1,910,1400,216,19,7.84227877911735
52,2,2,1,903,4000,300,51,8.56693528331105
360,3,5,3,3000,12500,125,159,9.66656196374813
70,3,2,1,650,1300,55,17,7.61233683716775
500,4,4,6,0,15000,1021,246,9.69713966113932
96,3,1,0,300,1000,NA,15,7.21376830811864
54,2,2,1,954,2800,NA,36,8.28928832300032
41,1,1,1,788,2387,NA,31,8.07837810362652
130,3,2,1,1300,2820,NA,37,8.40245551394581
87,2,2,1,969,6675,167,85,8.97423821949758
340,3,5,5,0,6000,2000,91,8.99863119828764
120,3,1,1,800,2200,84,29,8.04366335239394
90,2,1,2,0,1480,NA,23,7.45529848568329
55,1,1,1,1000,4950,225,63,8.73857519211079
160,3,2,2,718,3100,183,42,8.30498958014036
30,1,1,1,50,900,19,12,6.88959130835447
103,3,2,1,489,1400,101,19,7.60589000105312
45,1,1,1,440,1500,91,20,7.62657020629066
300,4,3,8,0,4500,667,68,8.56331312702979
72,2,2,2,150,3700,184,47,8.31434234336979
70,3,2,0,300,2240,59,33,7.87587915949631
133,1,2,1,1200,7000,NA,91,9.0663545214478
50,2,1,0,372,1449,0,19,7.51806418123308
69,3,1,1,450,1100,75,17,7.40427911803727
42,1,2,1,500,2000,0,30,7.83636976054512
55,2,2,1,278,1300,111,18,7.44307837434852
117,3,2,2,870,2400,124,31,8.13914867888407
56,2,1,1,580,2540,25,33,8.0643219609108
50,1,1,1,700,1000,NA,13,7.44658509915773
450,4,6,4,0,10000,750,127,9.29477342795101
62,3,1,1,750,1260,59,16,7.64300363556072
300,5,3,1,0,10000,0,151,9.22532750178443
141,3,3,1,1798,3800,NA,49,8.70284253830287
44,1,1,0,210,950,33,14,7.09672137849476
40,1,1,0,350,2400,56,31,7.95085485771999
230,2,1,8,0,4500,NA,68,8.57338447106598
278,4,3,3,3790,10000,NA,127,9.6441337520712
35,1,1,0,0,1100,30,14,7.04315991598834
130,3,2,2,0,3400,299,52,8.23004431012611
264,4,4,4,3200,14450,1792,184,9.88486522840803
93,3,2,0,620,1750,99,24,7.82164312623998
69,3,2,2,798,2200,NA,28,8.04269949689764
72,2,1,1,765,1800,NA,24,7.89618060861549
66,2,1,1,550,2000,NA,26,7.8659554139335
44,1,1,1,700,1400,142,18,7.72356247227797
227,3,4,1,1400,2550,NA,34,8.34117174717076
100,2,1,1,490,3400,NA,50,8.32190796823042
90,2,2,0,180,1800,375,23,7.77443551030296
20,1,1,0,602,1800,130,23,7.84619881549743
70,1,1,1,1000,2600,125,33,8.23190824356418
135,2,3,3,1600,4200,459,54,8.75052466911794
450,4,4,6,0,9000,1917,136,9.31027620058878
217,3,1,1,0,3000,200,46,8.08548677210285
300,4,5,4,1660,3200,NA,41,8.82128980513611
84,2,2,0,1500,6300,454,80,9.0282187951849
272,3,4,3,0,3990,NA,71,8.35443894011481
43,2,1,1,294,1050,NA,14,7.24064969425547
400,4,4,0,2100,4500,1520,68,9.01054706927019
48,1,1,0,220,900,NA,14,7.05358572719368
71,2,2,1,341,892,NA,14,7.17548971362422
100,6,7,5,0,10660,2167,161,9.47201208899573
225,4,2,2,2150,6500,NA,83,9.14590851181679
280,3,2,0,2300,3000,417,39,8.65817178467581
62,2,1,1,0,1300,75,18,7.23993259132047
330,5,3,6,0,10500,1667,158,9.41987169587053
90,3,2,1,945,2000,5,26,7.99867136101578
60,2,1,1,460,1230,NA,16,7.49942329059223
67,3,2,0,1102,2810,179,37,8.32579052588609
287,4,5,3,0,10000,955,151,9.31569088758401
156,3,2,1,0,6400,59,97,8.78828846026362
273,4,4,2,2306,9000,417,115,9.37932336433096
320,3,3,4,0,9000,1000,136,9.224341891612
330,3,4,2,630,9000,375,160,9.2272958126256
50,1,1,1,0,900,59,14,6.88141130364254
15,1,1,0,0,908,0,12,6.82546003625531
100,3,1,1,580,1240,69,19,7.55433482372575
50,1,2,0,0,1510,NA,23,7.3356339819272
60,2,1,1,314,1000,NA,13,7.19142933003638
40,1,1,0,928,1950,NA,26,7.99496952269788
312,3,6,3,0,6300,1063,95,8.91717663595516
86,2,1,1,1000,3007,84,39,8.32627478739676
280,4,4,2,2489,9850,1255,127,9.52668278492117
260,4,4,6,3200,11900,12500,159,10.2313874370267
68,2,1,1,600,800,500,12,7.55642796944025
58,2,2,1,688,800,0,11,7.3132203870903
68,2,1,0,0,1650,14,25,7.43248380791712
60,2,2,1,2435,2600,184,33,8.56655462095396
47,1,1,0,423,520,13,7,6.87109129461055
87,3,2,1,740,1173,90,15,7.61035761831284
51,1,1,0,429,3250,37,42,8.23190824356418
120,2,2,1,1400,1450,21,19,7.96935774201635
52,2,1,1,1200,2280,0,29,8.16337131645991
56,2,1,1,825,960,NA,13,7.50439155916124
50,1,1,1,393,647,15,9,6.97073007814353
1000,4,5,7,8362,6800,4170,87,9.87411023382545
36,1,1,1,450,3800,NA,49,8.3790798892866
260,2,4,4,3495,3455,1350,44,9.02941783609594
55,2,1,1,408,1700,NA,22,7.68063742756094
150,2,3,1,0,1650,NA,25,7.42416528104203
146,3,3,3,1655,7000,NA,89,9.12554472027147
320,3,4,3,0,12000,NA,181,9.57713394943608
70,2,1,1,750,2200,93,29,8.03040956213048
69,3,2,2,582,2000,142,26,7.91971976092457
100,4,2,1,0,1600,125,25,7.46794233228585
50,1,1,0,350,2800,0,36,8.06683531441734
33,1,1,0,300,1650,0,21,7.58680353516258
230,3,4,4,0,5500,200,83,8.6628507638386
120,3,4,3,1350,5600,560,71,8.93353229607628
55,1,2,0,508,1800,58,23,7.77904864492556
20,1,1,0,402,2800,68,36,8.10379671298179
55,1,1,1,360,1100,22,14,7.31121838441963
46,1,1,1,100,1100,NA,17,7.18387071506245
48,2,1,1,328,1550,NA,20,7.57712193087668
95,2,1,0,775,1670,200,22,7.88908440703551
330,4,4,5,0,10000,750,151,9.29660980712836
50,2,1,1,650,1300,34,17,7.60190195987517
79,2,2,2,955,1000,78,13,7.62413058566129
60,2,1,1,0,830,NA,13,6.73815249459596
35,1,1,1,0,1000,0,16,6.92461239604856
550,4,5,6,7100,10500,3942,134,9.98419157995109
380,4,4,3,2300,8000,2180,102,9.43994301835113
85,2,1,0,620,2190,0,28,7.95120715647297
50,2,1,0,405,1900,NA,25,7.75405263903576
167,3,4,3,1800,9000,613,115,9.35279433977112
60,2,1,1,150,1000,NA,15,7.11395610956603
147,3,4,2,1078,11000,NA,140,9.43755562266045
113,3,2,1,1000,3000,50,39,8.31630024903685
136,3,4,3,1505,6100,433,78,9.00171590676118
25,1,1,1,0,500,38,7,6.30261897574491
50,2,1,1,482,1300,NA,17,7.49554194388426
173,3,4,3,3000,1950,796,25,8.66077391989376
272,3,5,4,3900,7000,0,89,9.3048320350689
70,3,1,0,0,1300,0,20,7.18614430452233
57,1,2,0,670,1400,0,18,7.64444076155657
350,5,5,2,730,4000,298,54,8.5336569174469
311,4,3,1,2000,15000,500,194,9.78081131466862
71,2,2,2,511,3000,NA,39,8.23057721714645
90,2,1,1,1000,3000,50,39,8.31630024903685
500,3,1,2,0,1280,109,21,7.25205395185281
250,3,3,2,1400,5380,234,69,8.86559399890272
369,4,4,5,4074,15000,2917,191,10.0069913455508
100,2,4,1,380,3500,NA,53,8.31898612539206
240,4,4,4,3033,2890,1398,37,8.9036793329266
230,4,5,4,2300,9240,1262,124,9.46738280829585
125,3,2,2,0,3000,NA,46,8.06996814905984
70,2,1,1,660,1500,100,20,7.73236922228439
40,2,2,0,716,1000,55,13,7.48717369421374
300,3,3,4,0,7900,862,119,9.09178203585205
79,2,2,1,702,1600,NA,21,7.7510451179718
46,1,1,1,450,2400,0,31,7.96623977655947
40,2,1,0,270,1490,0,20,7.48493028328966
50,1,1,0,985,2308,138,30,8.14960173573616
235,4,4,3,3450,5500,541,70,9.16555218918605
480,4,4,4,6500,15000,2084,191,10.0766422215053
123,3,2,2,1000,2450,250,32,8.22496747891458
100,4,5,4,3800,2750,NA,35,8.98757175036705
400,6,5,5,0,7500,417,123,8.99230873254815
75,2,1,0,600,1850,123,24,7.86249719723055
45,1,1,0,413,3400,81,44,8.27868216297091
50,2,1,1,420,1600,13,21,7.62803112693033
137,3,2,0,0,2000,0,27,7.61480536471107
45,1,1,1,195,1800,0,27,7.61233683716775
60,2,1,1,800,1800,0,23,7.87245515006398
68,2,1,0,800,1500,NA,20,7.75405263903576
66,2,2,1,1141,1275,166,17,7.86326672400957
52,2,1,1,540,2800,0,36,8.12474302038557
460,5,8,5,0,7320,0,121,8.91489490890657
100,2,2,5,0,6800,NA,103,8.93208043810331
52,1,1,0,150,1200,65,16,7.26682734752059
42,1,1,0,587,950,34,13,7.36833968631138
127,3,2,2,1500,4000,NA,51,8.70896990698095
72,3,1,1,531,1599,NA,24,7.7332456465298
82,3,2,2,1490,2230,145,29,8.26744895830485
250,4,4,4,2850,8500,1167,108,9.44390938877397
30,1,1,0,260,1300,34,19,7.38647084882989
600,4,5,3,6500,15000,NA,226,10.0015666226958
67,2,2,1,300,1700,0,25,7.61381868480863
67,1,2,2,965,2230,NA,29,8.15937473677543
41,1,1,0,500,2300,42,34,7.96450336355155
300,4,3,1,2300,8000,768,102,9.32107641357085
50,2,2,0,0,1100,80,17,7.08840877867539
75,3,2,1,705,1900,70,25,7.90137735379262
50,1,1,0,0,1000,0,16,6.92461239604856
65,2,1,2,785,800,136,11,7.45760928971561
129,3,4,2,1217,5155,NA,66,8.8538082749772
100,1,2,2,1884,5850,472,75,9.02183976410551
116,4,3,1,450,2700,64,40,8.08794755464267
300,3,3,4,0,9000,NA,136,9.18881025342582
45,1,1,1,1080,3300,117,49,8.42222295382501
43,1,1,0,440,2000,9,26,7.81439963380449
25,1,1,0,430,1610,NA,21,7.63143166457691
410,4,5,2,0,4000,584,61,8.44376191333035
126,4,2,2,870,3000,NA,39,8.34283980427146
350,5,4,3,3000,15000,1265,191,9.87616774188116
25,1,1,0,0,1750,0,23,7.48099216286952
48,2,1,1,400,1260,NA,16,7.44949800538285
300,3,2,2,0,8820,NA,133,9.1178960815849
80,2,1,0,800,2800,92,37,8.22416351263786
163,3,3,0,1600,6400,400,83,9.04593731568457
93,3,1,2,350,1550,100,20,7.61134771740362
65,1,1,1,791,3600,170,48,8.43598313599069
47,1,1,0,730,2000,NA,26,7.95822719232231
260,4,6,5,0,6000,667,91,8.81863022910035
80,3,1,0,360,1510,NA,20,7.55276208421415
37,1,1,0,430,2220,84,33,7.92588031673756
126,3,2,2,1280,2400,334,31,8.30548401772769
220,4,4,3,0,2602,234,43,7.96554557312999
160,3,5,2,0,12000,334,181,9.43516251366895
100,3,2,1,400,1700,0,22,7.66058546170326
29,1,1,0,355,2900,NA,37,8.1146238864201
192,4,5,4,2800,15000,90,191,9.80261694215115
60,2,1,0,400,1300,0,17,7.4489161025442
40,2,1,0,330,1100,0,15,7.27655640271871
339,4,5,4,2800,15000,1440,191,9.87462500785103
115,3,3,1,450,3250,200,48,8.28121766128665
27,1,1,0,600,3000,61,39,8.21635833238616
47,1,1,1,400,2200,0,33,7.87625888230323
197,3,4,3,2400,6502,NA,83,9.22532750178443
44,1,1,1,560,3450,0,13,8.30003171177957
226,4,5,6,2860,12000,917,153,9.6760221755729
100,2,1,1,1095,2900,234,37,8.358666283188
300,4,3,4,0,7500,NA,123,9.05555615817532
75,3,2,2,500,1700,NA,25,7.74109909003537
160,2,1,3,0,4000,0,61,8.30943074214033
53,1,1,0,403,500,NA,7,6.83087423464618
80,3,2,0,600,1105,47,15,7.47760424319759
43,1,1,1,350,2200,NA,33,7.87321705486274
330,4,5,5,4711,4500,NA,58,9.1345386585599
353,5,7,5,4800,10000,1917,127,9.73157166845605
52,2,1,0,0,1340,0,17,7.21376830811864
185,3,3,2,1900,3280,NA,42,8.57979233317276
90,2,1,0,650,960,NA,13,7.44658509915773
48,1,1,0,250,950,NA,13,7.13568734702814
82,2,2,2,567,3800,303,51,8.45998771764546
90,3,2,1,1016,1631,100,21,7.92624152317096
42,1,1,1,280,800,280,12,7.22475340576797
290,4,3,1,1350,2600,192,33,8.33710912956247
350,4,5,2,0,5000,NA,76,8.59452453435256
110,3,3,2,560,3200,1056,49,8.49002752334347
50,1,1,1,480,1200,52,16,7.4667994750186
45,1,1,1,3000,5520,NA,70,9.05847042263806
70,3,2,1,240,1400,NA,19,7.47477218239787
50,2,1,1,340,1490,NA,19,7.52294091807237
45,1,1,1,589,2349,NA,8,7.98854298273769
180,2,2,0,0,2760,0,35,7.9359451033537
65,2,1,1,200,908,69,13,7.0825485693553
50,1,1,1,679,3900,NA,50,8.46273700562018
250,3,3,2,1900,9500,NA,121,9.39441039930425
90,2,1,0,0,2000,280,26,7.74370325817375
39,2,1,0,120,1430,NA,19,7.38585107812521
180,3,2,1,1000,10000,NA,127,9.33353098253138
72,2,2,1,500,1200,5,16,7.45124168498768
300,4,4,4,1200,7500,436,100,9.13097243659261
45,1,1,1,1088,3200,0,41,8.37332282099653
84,1,2,0,850,6000,250,77,8.87877607170755
228,3,4,3,1137,4800,NA,61,8.78140190768238
126,3,2,1,1658,3200,591,42,8.61104776688786
260,3,3,3,2210,5000,842,64,9.00171590676118
230,3,3,3,3200,4500,534,58,9.0231670644512
160,4,2,2,0,2580,0,39,7.87092959675514
90,2,2,1,1424,2600,426,34,8.4084937744929
136,1,2,2,1767,3000,417,39,8.56101867095627
109,4,3,2,890,2300,NA,30,8.15536212032814
437,3,6,6,1200,13500,NA,203,9.65573107295667
400,4,4,3,0,10000,2707,151,9.46195475526609
90,3,3,1,800,1950,NA,26,7.98752447984877
120,4,3,2,500,2800,242,38,8.18339736999843
23,1,1,1,170,1100,34,17,7.18690102041163
45,2,1,0,0,1000,0,15,6.92362862813843
51,1,1,1,580,3500,200,45,8.372398606513
150,3,3,2,0,2050,250,31,7.75448154747038
200,4,3,4,2131,6800,NA,88,9.19715381017201
25,1,1,0,53,1184,53,18,7.1770187659099
47,2,1,1,300,2460,0,15,7.9287663216267
340,3,4,4,7000,12500,3084,159,10.0319247417114
252,3,3,4,0,3300,259,50,8.19146305132693
72,2,1,1,862,1200,114,16,7.69302574841789
159,3,2,1,1963,3500,582,45,8.71456755083648
270,3,4,3,0,6800,417,103,8.89850220964664
80,2,2,1,1000,1360,276,18,7.88419993367604
700,6,6,6,0,8500,1542,128,9.2272958126256
96,2,2,2,1100,6500,250,83,8.97891260107428
134,3,3,3,1655,8000,380,102,9.224341891612
60,2,1,1,240,1550,103,21,7.55747290161475
87,2,2,1,2100,3337,0,9,8.60282027738367
45,1,1,0,0,1200,0,19,7.1066061377273
350,4,2,8,0,7000,450,106,8.93022956502072
40,2,1,1,270,702,0,11,6.89162589705225
110,2,3,1,900,4600,NA,60,8.63994165667529
180,3,3,2,1699,2800,NA,36,8.47345026846832
800,4,7,4,2100,15000,1898,226,9.86375871030713
61,2,2,1,764,4000,134,51,8.50714285556274
60,2,1,0,1329,2350,135,31,8.25478892614873
25,1,1,0,50,550,0,8,6.4118182677099
84,3,1,1,710,2300,3000,30,8.70632484013874
84,3,3,2,950,1600,258,21,7.94803199063728
220,3,5,4,2250,6800,NA,87,9.12934721276665
300,5,5,3,0,4700,334,71,8.53817159780143
269,4,4,5,2980,14000,1834,178,9.85172046171425
98,3,2,0,854,3500,182,46,8.43010908450912
65,1,2,2,950,3400,215,44,8.43598313599069
139,3,2,0,1250,8000,103,102,9.15440473964588
480,5,4,7,0,3600,38,64,8.21689858091361
60,1,1,1,0,1400,0,22,7.26052259808985
50,2,1,1,430,1305,NA,17,7.49665243816828
70,2,1,1,0,1400,0,23,7.26122509197192
80,3,2,0,910,2000,123,30,8.02747653086048
100,1,4,1,0,11000,NA,166,9.34320904505061
194,3,2,3,0,3500,75,53,8.19671240721307
250,5,5,4,2596,2000,1249,26,8.67795057029435
120,3,2,1,1400,4113,317,53,8.67999208172133
80,2,1,2,0,2000,18,31,7.62559507213245
73,2,1,1,450,1480,83,19,7.61726781362835
122,2,1,2,0,2360,67,36,7.80954132465341
24,1,1,0,50,680,0,10,6.60800062529609
37,1,1,0,335,761,NA,10,7.00940893270864
60,1,2,0,0,1600,23,25,7.4079243225596
55,2,1,1,550,1250,NA,16,7.50494206839617
300,4,2,2,2200,9000,NA,116,9.40516674990861
140,4,3,2,0,2600,NA,40,7.92226105835325
500,4,4,8,5000,15000,5200,191,10.142150059508
100,2,1,0,0,1100,NA,17,7.04141166379481
60,1,1,0,0,980,NA,15,6.9037472575846
40,1,1,1,620,3500,92,45,8.35655484545343
70,2,1,1,960,2600,NA,33,8.1870210673435
60,3,1,1,180,1300,NA,18,7.36897040219479
350,3,3,3,0,15000,667,267,9.6760221755729
258,4,5,3,3700,5000,NA,64,9.1951252061697
220,4,4,0,2000,8000,1067,107,9.32107641357085
120,3,3,2,2990,9000,NA,115,9.43835205468725
223,3,4,3,2142,5500,880,83,9.06021491339854
43,1,1,1,1100,1800,67,27,8.00469951054955
215,3,3,4,0,4800,275,73,8.54655780004614
39,2,1,0,120,1450,43,19,7.39817409297047
35,1,1,0,260,1400,0,18,7.42595365707754
15,1,1,0,0,1100,0,15,7.01750614294126
600,4,3,3,6000,3750,NA,48,9.34757739028127
600,4,4,4,0,6800,NA,103,8.9751242394277
52,2,1,1,490,1658,37,22,7.69984240739699
200,3,3,5,0,2650,NA,40,7.97625194374562
200,3,2,3,0,2900,334,44,8.09529377684465
47,1,1,1,400,2200,0,33,7.87625888230323
60,1,1,1,1037,2023,0,26,8.03495502450216
57,2,2,1,500,4150,140,53,8.48549610467298
57,2,2,1,480,4500,140,58,8.55236726642389
76,3,2,0,780,1600,54,21,7.80628928926703
130,3,2,0,0,2149,0,36,7.68982866873648
96,3,3,1,900,2290,125,30,8.11552088154677
70,2,2,1,280,1000,138,13,7.26682734752059
90,3,3,2,1171,1997,NA,26,8.15334975799889
85,2,1,1,820,1515,0,20,7.76472054477148
25,1,1,0,450,1650,30,21,7.67415292128168
40,2,1,1,450,1000,NA,13,7.33236920592906
71,2,2,2,550,3000,84,39,8.20903626577507
120,3,2,2,335,1300,166,18,7.50659178007084
62,2,1,1,600,1600,NA,21,7.72841577984104
215,3,1,3,0,7000,417,106,8.92585319042092
190,3,3,3,2800,4500,834,58,9.01103541014182
190,4,3,1,0,6450,117,85,8.80282315974189
220,4,2,1,2000,5000,362,65,8.9130119224726
373,3,2,2,2650,8500,678,110,9.38773313553338
900,5,5,5,0,15000,3334,226,9.8288178841991
100,3,2,2,340,1600,NA,22,7.67136092319064
180,4,2,1,1600,3000,NA,39,8.54616929965275
100,1,2,2,1690,5000,309,64,8.8627667422838
58,2,2,2,756,2100,135,27,8.01268092970684
110,3,3,3,1748,5000,0,64,8.82658783077367
100,2,3,2,860,6028,353,77,8.89822898560123
75,2,1,1,0,2450,0,37,7.81923445385907
78,3,2,1,951,1900,205,25,8.03333401588006
152,3,3,1,1178,5200,213,66,8.80357441813497
42,1,1,1,1022,1200,134,16,7.77191025643576
50,1,1,0,0,1200,0,19,7.1066061377273
150,2,2,2,0,2640,NA,40,7.89394513823596
56,2,2,1,1107,2800,150,37,8.31752199628717
250,3,3,0,0,3200,50,49,8.10167774745457
197,3,4,4,1700,9000,500,115,9.33441468707811
348,4,4,1,2178,7511,215,96,9.21044036697652
300,4,2,6,0,5000,250,76,8.580543506917
300,4,5,4,3150,5500,NA,70,9.17781718027062
60,3,1,1,600,1800,50,23,7.81359155295243
200,3,4,2,1300,7000,459,89,9.08805973726735
900,3,6,8,2000,15000,1834,226,9.85539964172907
50,2,1,1,0,1400,84,22,7.3178761986265
63,2,1,1,130,900,0,12,6.94985645500077
80,1,1,0,0,800,40,15,6.75227037614174
600,5,7,5,0,7000,NA,125,8.98218427883843
456,4,2,0,0,3080,520,51,8.20303024171486
44,1,1,0,350,3200,NA,41,8.18646442942209
35,1,1,1,1280,4000,NA,51,8.61830469278465
399,3,5,4,7000,12000,0,153,9.86011021256656
100,3,1,0,1100,3700,396,48,8.5650305208304
40,1,1,1,402,1500,75,20,7.5999019592085
100,2,1,3,0,1250,NA,19,7.22256601882217
90,3,1,1,1000,960,NA,13,7.62900388965296
150,2,3,3,0,3100,213,47,8.11999382772511
55,1,1,1,660,2600,NA,33,8.12177741916107
135,4,4,1,1300,3200,300,47,8.48632152774915
350,3,2,6,0,3800,173,63,8.30325712085294
88,3,2,1,1025,1700,0,22,7.91862865334224
75,2,2,1,950,2800,138,37,8.27537637483641
128,3,3,0,2500,12000,NA,153,9.62582181535984
30,1,1,0,507,2000,NA,26,7.83755436088108
132,4,2,2,1096,3300,164,42,8.43446354381724
100,2,3,1,0,1500,117,23,7.40306109109009
50,2,3,0,0,1740,84,27,7.52402141520612
121,3,2,2,720,2650,135,39,8.17329343896623
279,5,5,6,900,4420,NA,57,8.73423818426858
37,1,1,0,1600,4700,0,61,8.75809807230909
240,3,3,2,0,2500,NA,38,7.84932381804056
164,3,3,1,2389,6300,117,80,9.09234481373848
65,2,2,2,1000,5000,110,64,8.72826416149618
127,2,2,0,704,2000,158,27,7.96901178110648
78,3,1,2,1300,3200,100,41,8.44290058683438
65,2,1,1,320,900,27,12,7.13886699994552
66,2,1,1,200,1000,NA,14,7.12286665859908
185,3,3,2,0,12000,NA,153,9.40516674990861
420,4,4,5,0,9000,NA,148,9.12139986267954
70,2,1,0,0,3000,0,46,8.02191277898571
37,1,1,0,370,1500,NA,20,7.54486106865846
30,1,1,0,300,750,13,10,6.97914527506881
300,2,3,2,0,3200,0,49,8.08641027532378
72,2,2,1,920,3990,0,51,8.50956416425175
230,4,3,1,2400,3600,464,46,8.78124833323686
52,2,2,1,285,900,59,12,7.13648320859025
26,1,1,0,410,500,NA,7,6.83625927727707
113,2,1,1,1000,3000,NA,39,8.31630024903685
178,3,2,2,350,1660,154,23,7.69074316354187
60,1,1,1,1503,1700,NA,22,8.21202580462344
189,3,3,0,1950,4100,375,52,8.77616709973127
250,4,4,0,750,3825,369,58,8.51779301148821
120,3,2,2,1110,5500,322,70,8.85409390765552
237,4,3,4,3100,5000,1042,64,9.12771934328784
168,3,2,3,3349,13200,NA,171,9.76198159024195
20,1,1,0,602,1800,130,23,7.84619881549743
55,1,1,1,363,700,45,9,7.01929665371504
90,3,2,1,2153,2550,364,33,8.53719187792293
190,2,2,0,1100,1300,200,17,7.87016594646984
44,1,1,0,160,940,NA,14,7.028201432058
210,3,2,0,2200,4000,NA,51,8.80896688177127
230,3,4,4,1410,15000,130,200,9.72561607941578
300,3,3,4,3800,6500,1417,83,9.37593955262575
400,6,4,0,0,15000,375,246,9.65637144183101
273,3,3,1,1880,4250,778,54,8.84836569494255
200,4,4,3,2800,5000,NA,64,9.11338884589973
121,3,3,2,0,3750,255,57,8.30967689598773
40,1,1,0,445,2200,NA,29,7.9168074909376
55,1,1,0,420,1824,NA,24,7.72709448477984
120,1,1,2,1000,2190,NA,28,8.16593213732158
144,3,2,3,890,4000,138,61,8.53503310954457
60,2,1,1,314,1000,0,13,7.19142933003638
60,1,1,2,550,1500,50,20,7.65964295456468
49,1,1,0,630,1235,NA,16,7.54009032014532
107,3,3,2,1200,4270,250,63,8.6628507638386
202,3,2,4,0,3500,608,53,8.33375100695358
60,1,1,1,2357,5440,277,69,9.0050367387903
156,3,4,2,1800,2000,0,26,8.2498364854257
100,3,1,0,1146,2200,199,29,8.18172045512811
70,2,2,0,600,3200,NA,41,8.2537483433285
45,1,1,0,620,3850,0,49,8.41626727282628
100,3,1,1,800,1400,42,19,7.72400465667607
52,1,1,1,730,3000,NA,39,8.25035895147729
120,3,2,2,0,5000,250,76,8.580543506917
80,3,2,2,650,2350,100,35,8.0507033814703
320,4,2,2,0,8000,NA,121,9.07840770071536
90,2,2,1,1000,3000,NA,39,8.31630024903685
139,4,1,2,1600,4200,390,56,8.73985662749357
400,3,3,4,0,3650,0,55,8.21770840684531
320,3,5,8,0,9000,567,136,9.18029345062389
63,3,2,1,532,2273,0,29,7.94979721616185
40,1,1,1,1300,1200,68,18,7.85825418218603
135,3,2,2,935,2600,NA,34,8.2190566610606
100,3,2,1,884,1870,75,25,7.95682712209011
274,4,5,5,2450,13000,NA,174,9.6678285081515
70,1,1,0,500,5000,0,65,8.62443194208584
240,3,1,2,2088,4000,NA,51,8.93445510940391
97,1,1,0,468,720,61,10,7.13886699994552
270,3,3,5,0,7500,NA,113,8.99628043939502
160,3,2,0,1127,6500,258,84,8.98343977178426
20,1,1,1,0,1100,NA,15,7.01750614294126
55,1,1,0,260,716,12,10,6.90675477864855
45,1,1,1,367,1020,21,15,7.26122509197192
85,2,1,0,590,680,NA,9,7.15461535691366
130,3,4,2,1300,5500,0,70,8.83506493503108
95,3,2,0,0,2300,NA,35,7.80832305039106
70,3,2,1,400,1600,84,21,7.65254569269392
65,2,2,2,1500,6000,500,77,8.99689959612336
150,3,2,0,1290,1930,NA,25,8.17301131172497
93,3,3,2,300,1500,NA,20,7.54802896993501
30,1,1,0,0,1000,0,16,6.92461239604856
200,4,4,2,0,8000,NA,121,9.1018638956401
350,4,5,4,5000,15000,0,191,9.91299223955037
140,3,2,2,0,4000,142,72,8.34640487043596
431,3,3,2,6200,15000,NA,191,10.0328038240062
50,1,1,1,432,991,36,13,7.29505641646263
70,3,1,1,542,1340,117,17,7.60936653795421
260,2,5,5,0,8000,NA,121,9.16314393714521
500,8,5,8,0,5000,150,82,8.56274000637221
114,2,2,1,1405,2000,0,26,8.14089846060785
90,3,2,1,250,1000,NA,14,7.20711885620776
350,5,2,7,0,9000,602,148,9.18512512283512
190,4,4,2,2000,3200,134,41,8.58969988220299
90,3,3,2,0,2000,50,31,7.64108424917491
340,5,6,5,4800,8000,NA,102,9.61587214452889
160,3,4,4,0,2500,292,38,7.9483852851119
45,2,1,0,100,1190,NA,16,7.17548971362422
60,2,1,0,175,1840,0,24,7.62070508683826
66,2,1,1,700,3800,84,27,8.43641688138895
60,1,1,0,300,1390,NA,21,7.46508273639955
180,6,4,6,0,5500,NA,91,8.66578559546606
200,4,4,4,2300,4900,1167,63,9.03967066792268
160,3,2,2,0,4320,NA,71,8.41005331585833
55,1,1,0,600,2600,50,34,8.09712193091871
290,3,4,3,3900,8770,NA,112,9.59021413041744
33,1,1,0,500,2500,0,33,8.01763715990848
100,3,2,1,0,1700,30,26,7.4713630881871
340,4,3,0,0,5200,667,79,8.69064216970659
70,1,2,1,1344,3800,125,49,8.57904059474232
80,1,1,4,0,1000,75,16,6.99576615630485
53,1,1,1,550,650,36,9,7.1276936993474
70,2,2,1,942,1710,NA,23,7.90838715929004
411,4,5,4,0,5500,667,83,8.74049672993181
240,3,4,3,2140,5500,750,83,9.0447579311865
300,6,7,5,0,8000,NA,121,9.00233170824624
67,2,2,2,800,1030,NA,14,7.56475701290573
120,3,3,2,0,3500,122,53,8.20958048347558
40,1,1,0,480,1810,NA,24,7.74716496652033
169,3,2,4,0,3200,109,53,8.12058871174027
200,4,4,3,2800,6141,997,78,9.21243817005833
360,1,1,8,0,2190,NA,36,7.78072088611792
400,4,4,2,2000,15000,917,229,9.80648093459398
60,2,1,0,700,1600,59,21,7.77527584648686
250,3,3,3,0,4600,0,70,8.44912846050211
47,1,1,1,400,2200,NA,33,7.87625888230323
48,2,1,0,0,1200,0,16,7.10414409298753
92,3,3,2,780,1700,167,22,7.8898337513943
140,2,2,1,1882,3000,190,39,8.53934599605737
22,1,1,0,30,450,13,6,6.21460809842219
140,2,3,2,1000,3000,113,44,8.33278946841796
83,2,2,2,800,3700,234,47,8.47261414801827
380,3,5,4,0,5500,1200,83,8.82232217747174
200,4,2,1,1500,3800,NA,49,8.64312074801403
18,1,1,0,370,1090,NA,16,7.29776828253138
290,4,4,0,0,15000,750,229,9.67915579558511
115,3,2,2,1900,2900,400,37,8.56369502506766
100,3,2,2,900,2455,125,36,8.16536363247398
250,4,3,3,3600,2430,1167,31,8.8858559930003
84,3,3,2,1300,8700,NA,111,9.25827302573148
120,2,2,2,2200,4000,500,51,8.81759403627579
95,3,2,1,1162,2600,443,34,8.352318548226
27,1,1,0,1405,3500,NA,45,8.50754681436443
58,2,2,1,400,999,99,14,7.32184971378836
40,1,1,0,230,700,NA,11,6.85751406254539
90,2,1,0,0,1450,NA,22,7.32843735289516
65,2,1,1,200,1100,70,15,7.23417717974985
400,4,2,2,2250,6300,500,92,9.12074383816443
300,3,4,1,1983,9100,700,118,9.38437770918244
249,3,3,1,2250,7000,420,89,9.18604767940714
80,2,1,1,240,1200,67,16,7.32909373624659
60,2,1,1,550,1343,0,18,7.55590509361135
190,3,2,1,3040,8000,556,102,9.36742958721896
95,3,2,2,525,3100,219,42,8.26539293085222
125,2,1,1,0,1490,74,23,7.37023064180708
107,2,4,2,1800,11000,NA,140,9.50009529458889
40,1,1,0,742,2090,86,27,7.98820359702258
170,2,3,1,1559,5000,NA,65,8.83200393125627
140,1,2,2,1462,5200,NA,66,8.85552084853691
20,1,1,0,395,850,NA,11,7.14045304310116
39,1,1,1,550,1700,95,22,7.7698009960039
150,3,2,4,0,3500,NA,53,8.22684089040858
52,2,1,1,390,950,NA,13,7.22766249872865
250,1,2,2,0,2200,602,34,7.95050243480885
238,4,3,1,2515,4500,575,58,8.94233019932187
90,3,1,0,785,1600,0,21,7.78613643778307
310,3,2,0,2500,6000,595,78,9.12412867515712
55,2,1,1,200,1600,NA,22,7.54855597916987
60,2,2,0,600,2700,NA,35,8.15765701519647
75,2,1,1,180,1250,NA,17,7.27793857294566
24,1,1,0,0,870,0,14,6.78558764500793
340,4,5,3,3519,12000,NA,153,9.73867186987184
165,3,3,2,1150,2710,84,35,8.28903709827848
84,2,2,1,768,2900,NA,37,8.23456499326713
126,2,1,0,570,2580,0,33,8.06589354696427
220,3,2,2,842,2400,117,36,8.13035354743124
135,4,2,1,0,3300,115,51,8.15104494568502
250,3,2,1,2000,2700,500,35,8.56331312702979
40,1,1,0,330,1200,159,18,7.44307837434852
38,1,1,0,583,1000,NA,13,7.40427911803727
141,3,5,0,909,10140,772,129,9.38857023586688
61,1,2,1,680,4000,140,51,8.49125980938973
156,4,4,3,2000,2200,750,28,8.51298434664218
230,3,5,3,3800,11000,1100,140,9.68290322361684
160,3,2,3,850,3300,220,49,8.39389497507174
280,4,4,2,4200,4000,1042,51,9.13712430964492
98,2,1,0,560,3900,184,51,8.45446636150793
83,3,2,2,888,7521,221,96,9.07417694716331
150,3,3,2,0,13500,NA,172,9.52303207993199
63,2,1,1,402,1478,24,22,7.56371966841437
285,4,4,4,3100,15000,973,191,9.86583760508422
70,3,3,0,980,6000,332,78,8.90801832278489
120,2,2,2,1585,12000,279,155,9.54831148472113
80,2,1,0,0,1400,NA,22,7.37023064180708
